post_id,post_name,water_body,variable,unit,date,value,flag,zero_bs77_m,H_bs77_m,delta_epsg9902_m,H_evrf2019_m,source_file,page
80805,м. Херсон,р. Дніпро,water_level,cm,2023-01-01,519.0,,-5.0,0.1900000000000004,0.20759370228096324,0.39759370228096363,Інв_№230_Щорічні_дані_про_режим_та_ресурси_вод_морів_і_морських.pdf,162
80805,м. Херсон,р. Дніпро,water_level,cm,2023-01-02,519.0,,-5.0,0.1900000000000004,0.20759370228096324,0.39759370228096363,Інв_№230_Щорічні_дані_про_режим_та_ресурси_вод_морів_і_морських.pdf,162
80805,м. Херсон,р. Дніпро,water_level,cm,2023-01-03,522.0,,-5.0,0.21999999999999975,0.20759370228096324,0.427593702280963,Інв_№230_Щорічні_дані_про_режим_та_ресурси_вод_морів_і_морських.pdf,162
80805,м. Херсон,р. Дніпро,water_level,cm,2023-01-04,515.0,,-5.0,0.15000000000000036,0.20759370228096324,0.3575937022809636,Інв_№230_Щорічні_дані_про_режим_та_ресурси_вод_морів_і_морських.pdf,162
80805,м. Херсон,р. Дніпро,water_level,cm,2023-01-05,530.0,,-5.0,0.2999999999999998,0.20759370228096324,0.5075937022809631,Інв_№230_Щорічні_дані_про_режим_та_ресурси_вод_морів_і_морських.pdf,162
80805,м. Херсон,р. Дніпро,water_level,cm,2023-01-06,520.0,,-5.0,0.20000000000000018,0.20759370228096324,0.4075937022809634,Інв_№230_Щорічні_дані_про_режим_та_ресурси_вод_морів_і_морських.pdf,162
80805,м. Херсон,р. Дніпро,water_level,cm,2023-01-07,504.0,,-5.0,0.040000000000000036,0.20759370228096324,0.24759370228096328,Інв_№230_Щорічні_дані_про_режим_та_ресурси_вод_морів_і_морських.pdf,162
80805,м. Херсон,р. Дніпро,water_level,cm,2023-01-08,499.0,,-5.0,-0.009999999999999787,0.20759370228096324,0.19759370228096346,Інв_№230_Щорічні_дані_про_режим_та_ресурси_вод_морів_і_морських.pdf,162
80805,м. Херсон,р. Дніпро,water_level,cm,2023-01-09,501.0,,-5.0,0.009999999999999787,0.20759370228096324,0.21759370228096303,Інв_№230_Щорічні_дані_про_режим_та_ресурси_вод_морів_і_морських.pdf,162
80805,м. Херсон,р. Дніпро,water_level,cm,2023-01-10,493.0,,-5.0,-0.07000000000000028,0.20759370228096324,0.13759370228096296,Інв_№230_Щорічні_дані_про_режим_та_ресурси_вод_морів_і_морських.pdf,162
80805,м. Херсон,р. Дніпро,water_level,cm,2023-01-11,484.0,,-5.0,-0.16000000000000014,0.20759370228096324,0.0475937022809631,Інв_№230_Щорічні_дані_про_режим_та_ресурси_вод_морів_і_морських.pdf,162
80805,м. Херсон,р. Дніпро,water_level,cm,2023-01-12,497.0,,-5.0,-0.03000000000000025,0.20759370228096324,0.177593702280963,Інв_№230_Щорічні_дані_про_режим_та_ресурси_вод_морів_і_морських.pdf,162
80805,м. Херсон,р. Дніпро,water_level,cm,2023-01-13,506.0,,-5.0,0.05999999999999961,0.20759370228096324,0.26759370228096285,Інв_№230_Щорічні_дані_про_режим_та_ресурси_вод_морів_і_морських.pdf,162
80805,м. Херсон,р. Дніпро,water_level,cm,2023-01-14,509.0,,-5.0,0.08999999999999986,0.20759370228096324,0.2975937022809631,Інв_№230_Щорічні_дані_про_режим_та_ресурси_вод_морів_і_морських.pdf,162
80805,м. Херсон,р. Дніпро,water_level,cm,2023-01-15,514.0,,-5.0,0.13999999999999968,0.20759370228096324,0.3475937022809629,Інв_№230_Щорічні_дані_про_режим_та_ресурси_вод_морів_і_морських.pdf,162
80805,м. Херсон,р. Дніпро,water_level,cm,2023-01-16,512.0,,-5.0,0.1200000000000001,0.20759370228096324,0.32759370228096335,Інв_№230_Щорічні_дані_про_режим_та_ресурси_вод_морів_і_морських.pdf,162
80805,м. Херсон,р. Дніпро,water_level,cm,2023-01-17,522.0,,-5.0,0.21999999999999975,0.20759370228096324,0.427593702280963,Інв_№230_Щорічні_дані_про_режим_та_ресурси_вод_морів_і_морських.pdf,162
80805,м. Херсон,р. Дніпро,water_level,cm,2023-01-18,523.0,,-5.0,0.23000000000000043,0.20759370228096324,0.43759370228096367,Інв_№230_Щорічні_дані_про_режим_та_ресурси_вод_морів_і_морських.pdf,162
80805,м. Херсон,р. Дніпро,water_level,cm,2023-01-19,524.0,,-5.0,0.2400000000000002,0.20759370228096324,0.44759370228096346,Інв_№230_Щорічні_дані_про_режим_та_ресурси_вод_морів_і_морських.pdf,162
80805,м. Херсон,р. Дніпро,water_level,cm,2023-01-20,513.0,,-5.0,0.1299999999999999,0.20759370228096324,0.33759370228096314,Інв_№230_Щорічні_дані_про_режим_та_ресурси_вод_морів_і_морських.pdf,162
80805,м. Херсон,р. Дніпро,water_level,cm,2023-01-21,509.0,,-5.0,0.08999999999999986,0.20759370228096324,0.2975937022809631,Інв_№230_Щорічні_дані_про_режим_та_ресурси_вод_морів_і_морських.pdf,162
80805,м. Херсон,р. Дніпро,water_level,cm,2023-01-22,500.0,,-5.0,0.0,0.20759370228096324,0.20759370228096324,Інв_№230_Щорічні_дані_про_режим_та_ресурси_вод_морів_і_морських.pdf,162
80805,м. Херсон,р. Дніпро,water_level,cm,2023-01-23,500.0,,-5.0,0.0,0.20759370228096324,0.20759370228096324,Інв_№230_Щорічні_дані_про_режим_та_ресурси_вод_морів_і_морських.pdf,162
80805,м. Херсон,р. Дніпро,water_level,cm,2023-01-24,503.0,,-5.0,0.03000000000000025,0.20759370228096324,0.2375937022809635,Інв_№230_Щорічні_дані_про_режим_та_ресурси_вод_морів_і_морських.pdf,162
80805,м. Херсон,р. Дніпро,water_level,cm,2023-01-25,504.0,,-5.0,0.040000000000000036,0.20759370228096324,0.24759370228096328,Інв_№230_Щорічні_дані_про_режим_та_ресурси_вод_морів_і_морських.pdf,162
80805,м. Херсон,р. Дніпро,water_level,cm,2023-01-26,506.0,,-5.0,0.05999999999999961,0.20759370228096324,0.26759370228096285,Інв_№230_Щорічні_дані_про_режим_та_ресурси_вод_морів_і_морських.pdf,162
80805,м. Херсон,р. Дніпро,water_level,cm,2023-01-27,500.0,,-5.0,0.0,0.20759370228096324,0.20759370228096324,Інв_№230_Щорічні_дані_про_режим_та_ресурси_вод_морів_і_морських.pdf,162
80805,м. Херсон,р. Дніпро,water_level,cm,2023-01-28,491.0,,-5.0,-0.08999999999999986,0.20759370228096324,0.11759370228096339,Інв_№230_Щорічні_дані_про_режим_та_ресурси_вод_морів_і_морських.pdf,162
80805,м. Херсон,р. Дніпро,water_level,cm,2023-01-29,495.0,,-5.0,-0.04999999999999982,0.20759370228096324,0.15759370228096342,Інв_№230_Щорічні_дані_про_режим_та_ресурси_вод_морів_і_морських.pdf,162
80805,м. Херсон,р. Дніпро,water_level,cm,2023-01-30,499.0,,-5.0,-0.009999999999999787,0.20759370228096324,0.19759370228096346,Інв_№230_Щорічні_дані_про_режим_та_ресурси_вод_морів_і_морських.pdf,162
80805,м. Херсон,р. Дніпро,water_level,cm,2023-01-31,506.0,,-5.0,0.05999999999999961,0.20759370228096324,0.26759370228096285,Інв_№230_Щорічні_дані_про_режим_та_ресурси_вод_морів_і_морських.pdf,162
80805,м. Херсон,р. Дніпро,water_level,cm,2023-02-01,504.0,,-5.0,0.040000000000000036,0.20759370228096324,0.24759370228096328,Інв_№230_Щорічні_дані_про_режим_та_ресурси_вод_морів_і_морських.pdf,162
80805,м. Херсон,р. Дніпро,water_level,cm,2023-02-02,507.0,,-5.0,0.07000000000000028,0.20759370228096324,0.27759370228096353,Інв_№230_Щорічні_дані_про_режим_та_ресурси_вод_морів_і_морських.pdf,162
80805,м. Херсон,р. Дніпро,water_level,cm,2023-02-03,507.0,,-5.0,0.07000000000000028,0.20759370228096324,0.27759370228096353,Інв_№230_Щорічні_дані_про_режим_та_ресурси_вод_морів_і_морських.pdf,162
80805,м. Херсон,р. Дніпро,water_level,cm,2023-02-04,503.0,,-5.0,0.03000000000000025,0.20759370228096324,0.2375937022809635,Інв_№230_Щорічні_дані_про_режим_та_ресурси_вод_морів_і_морських.pdf,162
80805,м. Херсон,р. Дніпро,water_level,cm,2023-02-05,496.0,,-5.0,-0.040000000000000036,0.20759370228096324,0.1675937022809632,Інв_№230_Щорічні_дані_про_режим_та_ресурси_вод_морів_і_морських.pdf,162
80805,м. Херсон,р. Дніпро,water_level,cm,2023-02-06,485.0,,-5.0,-0.15000000000000036,0.20759370228096324,0.05759370228096289,Інв_№230_Щорічні_дані_про_режим_та_ресурси_вод_морів_і_морських.pdf,162
80805,м. Херсон,р. Дніпро,water_level,cm,2023-02-07,488.0,,-5.0,-0.1200000000000001,0.20759370228096324,0.08759370228096314,Інв_№230_Щорічні_дані_про_режим_та_ресурси_вод_морів_і_морських.pdf,162
80805,м. Херсон,р. Дніпро,water_level,cm,2023-02-08,482.0,,-5.0,-0.17999999999999972,0.20759370228096324,0.027593702280963528,Інв_№230_Щорічні_дані_про_режим_та_ресурси_вод_морів_і_морських.pdf,162
80805,м. Херсон,р. Дніпро,water_level,cm,2023-02-09,498.0,,-5.0,-0.019999999999999574,0.20759370228096324,0.18759370228096367,Інв_№230_Щорічні_дані_про_режим_та_ресурси_вод_морів_і_морських.pdf,162
80805,м. Херсон,р. Дніпро,water_level,cm,2023-02-10,511.0,Ш,-5.0,0.11000000000000032,0.20759370228096324,0.31759370228096356,Інв_№230_Щорічні_дані_про_режим_та_ресурси_вод_морів_і_морських.pdf,162
80805,м. Херсон,р. Дніпро,water_level,cm,2023-02-11,509.0,Z,-5.0,0.08999999999999986,0.20759370228096324,0.2975937022809631,Інв_№230_Щорічні_дані_про_режим_та_ресурси_вод_морів_і_морських.pdf,162
80805,м. Херсон,р. Дніпро,water_level,cm,2023-02-12,507.0,Л,-5.0,0.07000000000000028,0.20759370228096324,0.27759370228096353,Інв_№230_Щорічні_дані_про_режим_та_ресурси_вод_морів_і_морських.pdf,162
80805,м. Херсон,р. Дніпро,water_level,cm,2023-02-13,505.0,Х*,-5.0,0.04999999999999982,0.20759370228096324,0.25759370228096307,Інв_№230_Щорічні_дані_про_режим_та_ресурси_вод_морів_і_морських.pdf,162
80805,м. Херсон,р. Дніпро,water_level,cm,2023-02-14,506.0,,-5.0,0.05999999999999961,0.20759370228096324,0.26759370228096285,Інв_№230_Щорічні_дані_про_режим_та_ресурси_вод_морів_і_морських.pdf,162
80805,м. Херсон,р. Дніпро,water_level,cm,2023-02-15,497.0,,-5.0,-0.03000000000000025,0.20759370228096324,0.177593702280963,Інв_№230_Щорічні_дані_про_режим_та_ресурси_вод_морів_і_морських.pdf,162
80805,м. Херсон,р. Дніпро,water_level,cm,2023-02-16,506.0,,-5.0,0.05999999999999961,0.20759370228096324,0.26759370228096285,Інв_№230_Щорічні_дані_про_режим_та_ресурси_вод_морів_і_морських.pdf,162
80805,м. Херсон,р. Дніпро,water_level,cm,2023-02-17,517.0,,-5.0,0.16999999999999993,0.20759370228096324,0.3775937022809632,Інв_№230_Щорічні_дані_про_режим_та_ресурси_вод_морів_і_морських.pdf,162
80805,м. Херсон,р. Дніпро,water_level,cm,2023-02-18,517.0,,-5.0,0.16999999999999993,0.20759370228096324,0.3775937022809632,Інв_№230_Щорічні_дані_про_режим_та_ресурси_вод_морів_і_морських.pdf,162
80805,м. Херсон,р. Дніпро,water_level,cm,2023-02-19,514.0,,-5.0,0.13999999999999968,0.20759370228096324,0.3475937022809629,Інв_№230_Щорічні_дані_про_режим_та_ресурси_вод_морів_і_морських.pdf,162
80805,м. Херсон,р. Дніпро,water_level,cm,2023-02-20,518.0,,-5.0,0.17999999999999972,0.20759370228096324,0.38759370228096296,Інв_№230_Щорічні_дані_про_режим_та_ресурси_вод_морів_і_морських.pdf,162
80805,м. Херсон,р. Дніпро,water_level,cm,2023-02-21,520.0,,-5.0,0.20000000000000018,0.20759370228096324,0.4075937022809634,Інв_№230_Щорічні_дані_про_режим_та_ресурси_вод_морів_і_морських.pdf,162
80805,м. Херсон,р. Дніпро,water_level,cm,2023-02-22,511.0,,-5.0,0.11000000000000032,0.20759370228096324,0.31759370228096356,Інв_№230_Щорічні_дані_про_режим_та_ресурси_вод_морів_і_морських.pdf,162
80805,м. Херсон,р. Дніпро,water_level,cm,2023-02-23,503.0,,-5.0,0.03000000000000025,0.20759370228096324,0.2375937022809635,Інв_№230_Щорічні_дані_про_режим_та_ресурси_вод_морів_і_морських.pdf,162
80805,м. Херсон,р. Дніпро,water_level,cm,2023-02-24,515.0,,-5.0,0.15000000000000036,0.20759370228096324,0.3575937022809636,Інв_№230_Щорічні_дані_про_режим_та_ресурси_вод_морів_і_морських.pdf,162
80805,м. Херсон,р. Дніпро,water_level,cm,2023-02-25,525.0,,-5.0,0.25,0.20759370228096324,0.45759370228096324,Інв_№230_Щорічні_дані_про_режим_та_ресурси_вод_морів_і_морських.pdf,162
80805,м. Херсон,р. Дніпро,water_level,cm,2023-02-26,520.0,,-5.0,0.20000000000000018,0.20759370228096324,0.4075937022809634,Інв_№230_Щорічні_дані_про_режим_та_ресурси_вод_морів_і_морських.pdf,162
80805,м. Херсон,р. Дніпро,water_level,cm,2023-02-27,517.0,,-5.0,0.16999999999999993,0.20759370228096324,0.3775937022809632,Інв_№230_Щорічні_дані_про_режим_та_ресурси_вод_морів_і_морських.pdf,162
80805,м. Херсон,р. Дніпро,water_level,cm,2023-02-28,510.0,,-5.0,0.09999999999999964,0.20759370228096324,0.3075937022809629,Інв_№230_Щорічні_дані_про_режим_та_ресурси_вод_морів_і_морських.pdf,162
80805,м. Херсон,р. Дніпро,water_level,cm,2023-03-01,509.0,,-5.0,0.08999999999999986,0.20759370228096324,0.2975937022809631,Інв_№230_Щорічні_дані_про_режим_та_ресурси_вод_морів_і_морських.pdf,162
80805,м. Херсон,р. Дніпро,water_level,cm,2023-03-02,504.0,,-5.0,0.040000000000000036,0.20759370228096324,0.24759370228096328,Інв_№230_Щорічні_дані_про_режим_та_ресурси_вод_морів_і_морських.pdf,162
80805,м. Херсон,р. Дніпро,water_level,cm,2023-03-03,507.0,,-5.0,0.07000000000000028,0.20759370228096324,0.27759370228096353,Інв_№230_Щорічні_дані_про_режим_та_ресурси_вод_морів_і_морських.pdf,162
80805,м. Херсон,р. Дніпро,water_level,cm,2023-03-04,513.0,,-5.0,0.1299999999999999,0.20759370228096324,0.33759370228096314,Інв_№230_Щорічні_дані_про_режим_та_ресурси_вод_морів_і_морських.pdf,162
80805,м. Херсон,р. Дніпро,water_level,cm,2023-03-05,511.0,,-5.0,0.11000000000000032,0.20759370228096324,0.31759370228096356,Інв_№230_Щорічні_дані_про_режим_та_ресурси_вод_морів_і_морських.pdf,162
80805,м. Херсон,р. Дніпро,water_level,cm,2023-03-06,504.0,,-5.0,0.040000000000000036,0.20759370228096324,0.24759370228096328,Інв_№230_Щорічні_дані_про_режим_та_ресурси_вод_морів_і_морських.pdf,162
80805,м. Херсон,р. Дніпро,water_level,cm,2023-03-07,516.0,,-5.0,0.16000000000000014,0.20759370228096324,0.3675937022809634,Інв_№230_Щорічні_дані_про_режим_та_ресурси_вод_морів_і_морських.pdf,162
80805,м. Херсон,р. Дніпро,water_level,cm,2023-03-08,520.0,,-5.0,0.20000000000000018,0.20759370228096324,0.4075937022809634,Інв_№230_Щорічні_дані_про_режим_та_ресурси_вод_морів_і_морських.pdf,162
80805,м. Херсон,р. Дніпро,water_level,cm,2023-03-09,522.0,,-5.0,0.21999999999999975,0.20759370228096324,0.427593702280963,Інв_№230_Щорічні_дані_про_режим_та_ресурси_вод_морів_і_морських.pdf,162
80805,м. Херсон,р. Дніпро,water_level,cm,2023-03-10,520.0,,-5.0,0.20000000000000018,0.20759370228096324,0.4075937022809634,Інв_№230_Щорічні_дані_про_режим_та_ресурси_вод_морів_і_морських.pdf,162
80805,м. Херсон,р. Дніпро,water_level,cm,2023-03-11,522.0,,-5.0,0.21999999999999975,0.20759370228096324,0.427593702280963,Інв_№230_Щорічні_дані_про_режим_та_ресурси_вод_морів_і_морських.pdf,162
80805,м. Херсон,р. Дніпро,water_level,cm,2023-03-12,532.0,,-5.0,0.3200000000000003,0.20759370228096324,0.5275937022809636,Інв_№230_Щорічні_дані_про_режим_та_ресурси_вод_морів_і_морських.pdf,162
80805,м. Херсон,р. Дніпро,water_level,cm,2023-03-13,515.0,,-5.0,0.15000000000000036,0.20759370228096324,0.3575937022809636,Інв_№230_Щорічні_дані_про_режим_та_ресурси_вод_морів_і_морських.pdf,162
80805,м. Херсон,р. Дніпро,water_level,cm,2023-03-14,514.0,,-5.0,0.13999999999999968,0.20759370228096324,0.3475937022809629,Інв_№230_Щорічні_дані_про_режим_та_ресурси_вод_морів_і_морських.pdf,162
80805,м. Херсон,р. Дніпро,water_level,cm,2023-03-15,517.0,,-5.0,0.16999999999999993,0.20759370228096324,0.3775937022809632,Інв_№230_Щорічні_дані_про_режим_та_ресурси_вод_морів_і_морських.pdf,162
80805,м. Херсон,р. Дніпро,water_level,cm,2023-03-16,513.0,,-5.0,0.1299999999999999,0.20759370228096324,0.33759370228096314,Інв_№230_Щорічні_дані_про_режим_та_ресурси_вод_морів_і_морських.pdf,162
80805,м. Херсон,р. Дніпро,water_level,cm,2023-03-17,505.0,,-5.0,0.04999999999999982,0.20759370228096324,0.25759370228096307,Інв_№230_Щорічні_дані_про_режим_та_ресурси_вод_морів_і_морських.pdf,162
80805,м. Херсон,р. Дніпро,water_level,cm,2023-03-18,501.0,,-5.0,0.009999999999999787,0.20759370228096324,0.21759370228096303,Інв_№230_Щорічні_дані_про_режим_та_ресурси_вод_морів_і_морських.pdf,162
80805,м. Херсон,р. Дніпро,water_level,cm,2023-03-19,504.0,,-5.0,0.040000000000000036,0.20759370228096324,0.24759370228096328,Інв_№230_Щорічні_дані_про_режим_та_ресурси_вод_морів_і_морських.pdf,162
80805,м. Херсон,р. Дніпро,water_level,cm,2023-03-20,513.0,,-5.0,0.1299999999999999,0.20759370228096324,0.33759370228096314,Інв_№230_Щорічні_дані_про_режим_та_ресурси_вод_морів_і_морських.pdf,162
80805,м. Херсон,р. Дніпро,water_level,cm,2023-03-21,517.0,,-5.0,0.16999999999999993,0.20759370228096324,0.3775937022809632,Інв_№230_Щорічні_дані_про_режим_та_ресурси_вод_морів_і_морських.pdf,162
80805,м. Херсон,р. Дніпро,water_level,cm,2023-03-22,514.0,,-5.0,0.13999999999999968,0.20759370228096324,0.3475937022809629,Інв_№230_Щорічні_дані_про_режим_та_ресурси_вод_морів_і_морських.pdf,162
80805,м. Херсон,р. Дніпро,water_level,cm,2023-03-23,512.0,,-5.0,0.1200000000000001,0.20759370228096324,0.32759370228096335,Інв_№230_Щорічні_дані_про_режим_та_ресурси_вод_морів_і_морських.pdf,162
80805,м. Херсон,р. Дніпро,water_level,cm,2023-03-24,517.0,,-5.0,0.16999999999999993,0.20759370228096324,0.3775937022809632,Інв_№230_Щорічні_дані_про_режим_та_ресурси_вод_морів_і_морських.pdf,162
80805,м. Херсон,р. Дніпро,water_level,cm,2023-03-25,522.0,,-5.0,0.21999999999999975,0.20759370228096324,0.427593702280963,Інв_№230_Щорічні_дані_про_режим_та_ресурси_вод_морів_і_морських.pdf,162
80805,м. Херсон,р. Дніпро,water_level,cm,2023-03-26,527.0,,-5.0,0.2699999999999996,0.20759370228096324,0.4775937022809628,Інв_№230_Щорічні_дані_про_режим_та_ресурси_вод_морів_і_морських.pdf,162
80805,м. Херсон,р. Дніпро,water_level,cm,2023-03-27,522.0,,-5.0,0.21999999999999975,0.20759370228096324,0.427593702280963,Інв_№230_Щорічні_дані_про_режим_та_ресурси_вод_морів_і_морських.pdf,162
80805,м. Херсон,р. Дніпро,water_level,cm,2023-03-28,539.0,,-5.0,0.3899999999999997,0.20759370228096324,0.597593702280963,Інв_№230_Щорічні_дані_про_режим_та_ресурси_вод_морів_і_морських.pdf,162
80805,м. Херсон,р. Дніпро,water_level,cm,2023-03-29,529.0,,-5.0,0.29000000000000004,0.20759370228096324,0.4975937022809633,Інв_№230_Щорічні_дані_про_режим_та_ресурси_вод_морів_і_морських.pdf,162
80805,м. Херсон,р. Дніпро,water_level,cm,2023-03-30,524.0,,-5.0,0.2400000000000002,0.20759370228096324,0.44759370228096346,Інв_№230_Щорічні_дані_про_режим_та_ресурси_вод_морів_і_морських.pdf,162
80805,м. Херсон,р. Дніпро,water_level,cm,2023-03-31,529.0,,-5.0,0.29000000000000004,0.20759370228096324,0.4975937022809633,Інв_№230_Щорічні_дані_про_режим_та_ресурси_вод_морів_і_морських.pdf,162
80805,м. Херсон,р. Дніпро,water_level,cm,2023-04-01,527.0,,-5.0,0.2699999999999996,0.20759370228096324,0.4775937022809628,Інв_№230_Щорічні_дані_про_режим_та_ресурси_вод_морів_і_морських.pdf,162
80805,м. Херсон,р. Дніпро,water_level,cm,2023-04-02,525.0,,-5.0,0.25,0.20759370228096324,0.45759370228096324,Інв_№230_Щорічні_дані_про_режим_та_ресурси_вод_морів_і_морських.pdf,162
80805,м. Херсон,р. Дніпро,water_level,cm,2023-04-03,526.0,,-5.0,0.2599999999999998,0.20759370228096324,0.46759370228096303,Інв_№230_Щорічні_дані_про_режим_та_ресурси_вод_морів_і_морських.pdf,162
80805,м. Херсон,р. Дніпро,water_level,cm,2023-04-04,513.0,,-5.0,0.1299999999999999,0.20759370228096324,0.33759370228096314,Інв_№230_Щорічні_дані_про_режим_та_ресурси_вод_морів_і_морських.pdf,162
80805,м. Херсон,р. Дніпро,water_level,cm,2023-04-05,518.0,,-5.0,0.17999999999999972,0.20759370228096324,0.38759370228096296,Інв_№230_Щорічні_дані_про_режим_та_ресурси_вод_морів_і_морських.pdf,162
80805,м. Херсон,р. Дніпро,water_level,cm,2023-04-06,528.0,,-5.0,0.28000000000000025,0.20759370228096324,0.4875937022809635,Інв_№230_Щорічні_дані_про_режим_та_ресурси_вод_морів_і_морських.pdf,162
80805,м. Херсон,р. Дніпро,water_level,cm,2023-04-07,523.0,,-5.0,0.23000000000000043,0.20759370228096324,0.43759370228096367,Інв_№230_Щорічні_дані_про_режим_та_ресурси_вод_морів_і_морських.pdf,162
80805,м. Херсон,р. Дніпро,water_level,cm,2023-04-08,525.0,,-5.0,0.25,0.20759370228096324,0.45759370228096324,Інв_№230_Щорічні_дані_про_режим_та_ресурси_вод_морів_і_морських.pdf,162
80805,м. Херсон,р. Дніпро,water_level,cm,2023-04-09,522.0,,-5.0,0.21999999999999975,0.20759370228096324,0.427593702280963,Інв_№230_Щорічні_дані_про_режим_та_ресурси_вод_морів_і_морських.pdf,162
80805,м. Херсон,р. Дніпро,water_level,cm,2023-04-10,515.0,,-5.0,0.15000000000000036,0.20759370228096324,0.3575937022809636,Інв_№230_Щорічні_дані_про_режим_та_ресурси_вод_морів_і_морських.pdf,162
80805,м. Херсон,р. Дніпро,water_level,cm,2023-04-11,511.0,,-5.0,0.11000000000000032,0.20759370228096324,0.31759370228096356,Інв_№230_Щорічні_дані_про_режим_та_ресурси_вод_морів_і_морських.pdf,162
80805,м. Херсон,р. Дніпро,water_level,cm,2023-04-12,525.0,,-5.0,0.25,0.20759370228096324,0.45759370228096324,Інв_№230_Щорічні_дані_про_режим_та_ресурси_вод_морів_і_морських.pdf,162
80805,м. Херсон,р. Дніпро,water_level,cm,2023-04-13,528.0,,-5.0,0.28000000000000025,0.20759370228096324,0.4875937022809635,Інв_№230_Щорічні_дані_про_режим_та_ресурси_вод_морів_і_морських.pdf,162
80805,м. Херсон,р. Дніпро,water_level,cm,2023-04-14,525.0,,-5.0,0.25,0.20759370228096324,0.45759370228096324,Інв_№230_Щорічні_дані_про_режим_та_ресурси_вод_морів_і_морських.pdf,162
80805,м. Херсон,р. Дніпро,water_level,cm,2023-04-15,518.0,,-5.0,0.17999999999999972,0.20759370228096324,0.38759370228096296,Інв_№230_Щорічні_дані_про_режим_та_ресурси_вод_морів_і_морських.pdf,162
80805,м. Херсон,р. Дніпро,water_level,cm,2023-04-16,516.0,,-5.0,0.16000000000000014,0.20759370228096324,0.3675937022809634,Інв_№230_Щорічні_дані_про_режим_та_ресурси_вод_морів_і_морських.pdf,162
80805,м. Херсон,р. Дніпро,water_level,cm,2023-04-17,520.0,,-5.0,0.20000000000000018,0.20759370228096324,0.4075937022809634,Інв_№230_Щорічні_дані_про_режим_та_ресурси_вод_морів_і_морських.pdf,162
80805,м. Херсон,р. Дніпро,water_level,cm,2023-04-18,525.0,,-5.0,0.25,0.20759370228096324,0.45759370228096324,Інв_№230_Щорічні_дані_про_режим_та_ресурси_вод_морів_і_морських.pdf,162
80805,м. Херсон,р. Дніпро,water_level,cm,2023-04-19,524.0,,-5.0,0.2400000000000002,0.20759370228096324,0.44759370228096346,Інв_№230_Щорічні_дані_про_режим_та_ресурси_вод_морів_і_морських.pdf,162
80805,м. Херсон,р. Дніпро,water_level,cm,2023-04-20,527.0,,-5.0,0.2699999999999996,0.20759370228096324,0.4775937022809628,Інв_№230_Щорічні_дані_про_режим_та_ресурси_вод_морів_і_морських.pdf,162
80805,м. Херсон,р. Дніпро,water_level,cm,2023-04-21,532.0,,-5.0,0.3200000000000003,0.20759370228096324,0.5275937022809636,Інв_№230_Щорічні_дані_про_режим_та_ресурси_вод_морів_і_морських.pdf,162
80805,м. Херсон,р. Дніпро,water_level,cm,2023-04-22,534.0,,-5.0,0.33999999999999986,0.20759370228096324,0.5475937022809632,Інв_№230_Щорічні_дані_про_режим_та_ресурси_вод_морів_і_морських.pdf,162
80805,м. Херсон,р. Дніпро,water_level,cm,2023-04-23,533.0,,-5.0,0.33000000000000007,0.20759370228096324,0.5375937022809634,Інв_№230_Щорічні_дані_про_режим_та_ресурси_вод_морів_і_морських.pdf,162
80805,м. Херсон,р. Дніпро,water_level,cm,2023-04-24,533.0,,-5.0,0.33000000000000007,0.20759370228096324,0.5375937022809634,Інв_№230_Щорічні_дані_про_режим_та_ресурси_вод_морів_і_морських.pdf,162
80805,м. Херсон,р. Дніпро,water_level,cm,2023-04-25,534.0,,-5.0,0.33999999999999986,0.20759370228096324,0.5475937022809632,Інв_№230_Щорічні_дані_про_режим_та_ресурси_вод_морів_і_морських.pdf,162
80805,м. Херсон,р. Дніпро,water_level,cm,2023-04-26,537.0,,-5.0,0.3700000000000001,0.20759370228096324,0.5775937022809634,Інв_№230_Щорічні_дані_про_режим_та_ресурси_вод_морів_і_морських.pdf,162
80805,м. Херсон,р. Дніпро,water_level,cm,2023-04-27,532.0,,-5.0,0.3200000000000003,0.20759370228096324,0.5275937022809636,Інв_№230_Щорічні_дані_про_режим_та_ресурси_вод_морів_і_морських.pdf,162
80805,м. Херсон,р. Дніпро,water_level,cm,2023-04-28,528.0,,-5.0,0.28000000000000025,0.20759370228096324,0.4875937022809635,Інв_№230_Щорічні_дані_про_режим_та_ресурси_вод_морів_і_морських.pdf,162
80805,м. Херсон,р. Дніпро,water_level,cm,2023-04-29,530.0,,-5.0,0.2999999999999998,0.20759370228096324,0.5075937022809631,Інв_№230_Щорічні_дані_про_режим_та_ресурси_вод_морів_і_морських.pdf,162
80805,м. Херсон,р. Дніпро,water_level,cm,2023-04-30,538.0,,-5.0,0.3799999999999999,0.20759370228096324,0.5875937022809632,Інв_№230_Щорічні_дані_про_режим_та_ресурси_вод_морів_і_морських.pdf,162
80805,м. Херсон,р. Дніпро,water_level,cm,2023-05-01,540.0,,-5.0,0.40000000000000036,0.20759370228096324,0.6075937022809637,Інв_№230_Щорічні_дані_про_режим_та_ресурси_вод_морів_і_морських.pdf,162
80805,м. Херсон,р. Дніпро,water_level,cm,2023-05-02,537.0,,-5.0,0.3700000000000001,0.20759370228096324,0.5775937022809634,Інв_№230_Щорічні_дані_про_режим_та_ресурси_вод_морів_і_морських.pdf,162
80805,м. Херсон,р. Дніпро,water_level,cm,2023-05-03,539.0,,-5.0,0.3899999999999997,0.20759370228096324,0.597593702280963,Інв_№230_Щорічні_дані_про_режим_та_ресурси_вод_морів_і_морських.pdf,162
80805,м. Херсон,р. Дніпро,water_level,cm,2023-05-04,540.0,,-5.0,0.40000000000000036,0.20759370228096324,0.6075937022809637,Інв_№230_Щорічні_дані_про_режим_та_ресурси_вод_морів_і_морських.pdf,162
80805,м. Херсон,р. Дніпро,water_level,cm,2023-05-05,542.0,,-5.0,0.41999999999999993,0.20759370228096324,0.6275937022809632,Інв_№230_Щорічні_дані_про_режим_та_ресурси_вод_морів_і_морських.pdf,162
80805,м. Херсон,р. Дніпро,water_level,cm,2023-05-06,534.0,,-5.0,0.33999999999999986,0.20759370228096324,0.5475937022809632,Інв_№230_Щорічні_дані_про_режим_та_ресурси_вод_морів_і_морських.pdf,162
80805,м. Херсон,р. Дніпро,water_level,cm,2023-05-07,531.0,,-5.0,0.3099999999999996,0.20759370228096324,0.5175937022809629,Інв_№230_Щорічні_дані_про_режим_та_ресурси_вод_морів_і_морських.pdf,162
80805,м. Херсон,р. Дніпро,water_level,cm,2023-05-08,534.0,,-5.0,0.33999999999999986,0.20759370228096324,0.5475937022809632,Інв_№230_Щорічні_дані_про_режим_та_ресурси_вод_морів_і_морських.pdf,162
80805,м. Херсон,р. Дніпро,water_level,cm,2023-05-09,534.0,,-5.0,0.33999999999999986,0.20759370228096324,0.5475937022809632,Інв_№230_Щорічні_дані_про_режим_та_ресурси_вод_морів_і_морських.pdf,162
80805,м. Херсон,р. Дніпро,water_level,cm,2023-05-10,538.0,,-5.0,0.3799999999999999,0.20759370228096324,0.5875937022809632,Інв_№230_Щорічні_дані_про_режим_та_ресурси_вод_морів_і_морських.pdf,162
80805,м. Херсон,р. Дніпро,water_level,cm,2023-05-11,537.0,,-5.0,0.3700000000000001,0.20759370228096324,0.5775937022809634,Інв_№230_Щорічні_дані_про_режим_та_ресурси_вод_морів_і_морських.pdf,162
80805,м. Херсон,р. Дніпро,water_level,cm,2023-05-12,536.0,,-5.0,0.3600000000000003,0.20759370228096324,0.5675937022809636,Інв_№230_Щорічні_дані_про_режим_та_ресурси_вод_морів_і_морських.pdf,162
80805,м. Херсон,р. Дніпро,water_level,cm,2023-05-13,533.0,,-5.0,0.33000000000000007,0.20759370228096324,0.5375937022809634,Інв_№230_Щорічні_дані_про_режим_та_ресурси_вод_морів_і_морських.pdf,162
80805,м. Херсон,р. Дніпро,water_level,cm,2023-05-14,536.0,,-5.0,0.3600000000000003,0.20759370228096324,0.5675937022809636,Інв_№230_Щорічні_дані_про_режим_та_ресурси_вод_морів_і_морських.pdf,162
80805,м. Херсон,р. Дніпро,water_level,cm,2023-05-15,539.0,,-5.0,0.3899999999999997,0.20759370228096324,0.597593702280963,Інв_№230_Щорічні_дані_про_режим_та_ресурси_вод_морів_і_морських.pdf,162
80805,м. Херсон,р. Дніпро,water_level,cm,2023-05-16,537.0,,-5.0,0.3700000000000001,0.20759370228096324,0.5775937022809634,Інв_№230_Щорічні_дані_про_режим_та_ресурси_вод_морів_і_морських.pdf,162
80805,м. Херсон,р. Дніпро,water_level,cm,2023-05-17,536.0,,-5.0,0.3600000000000003,0.20759370228096324,0.5675937022809636,Інв_№230_Щорічні_дані_про_режим_та_ресурси_вод_морів_і_морських.pdf,162
80805,м. Херсон,р. Дніпро,water_level,cm,2023-05-18,535.0,,-5.0,0.34999999999999964,0.20759370228096324,0.5575937022809629,Інв_№230_Щорічні_дані_про_режим_та_ресурси_вод_морів_і_морських.pdf,162
80805,м. Херсон,р. Дніпро,water_level,cm,2023-05-19,535.0,,-5.0,0.34999999999999964,0.20759370228096324,0.5575937022809629,Інв_№230_Щорічні_дані_про_режим_та_ресурси_вод_морів_і_морських.pdf,162
80805,м. Херсон,р. Дніпро,water_level,cm,2023-05-20,536.0,,-5.0,0.3600000000000003,0.20759370228096324,0.5675937022809636,Інв_№230_Щорічні_дані_про_режим_та_ресурси_вод_морів_і_морських.pdf,162
80805,м. Херсон,р. Дніпро,water_level,cm,2023-05-21,534.0,,-5.0,0.33999999999999986,0.20759370228096324,0.5475937022809632,Інв_№230_Щорічні_дані_про_режим_та_ресурси_вод_морів_і_морських.pdf,162
80805,м. Херсон,р. Дніпро,water_level,cm,2023-05-22,536.0,,-5.0,0.3600000000000003,0.20759370228096324,0.5675937022809636,Інв_№230_Щорічні_дані_про_режим_та_ресурси_вод_морів_і_морських.pdf,162
80805,м. Херсон,р. Дніпро,water_level,cm,2023-05-23,539.0,,-5.0,0.3899999999999997,0.20759370228096324,0.597593702280963,Інв_№230_Щорічні_дані_про_режим_та_ресурси_вод_морів_і_морських.pdf,162
80805,м. Херсон,р. Дніпро,water_level,cm,2023-05-24,541.0,,-5.0,0.41000000000000014,0.20759370228096324,0.6175937022809634,Інв_№230_Щорічні_дані_про_режим_та_ресурси_вод_морів_і_морських.pdf,162
80805,м. Херсон,р. Дніпро,water_level,cm,2023-05-25,541.0,,-5.0,0.41000000000000014,0.20759370228096324,0.6175937022809634,Інв_№230_Щорічні_дані_про_режим_та_ресурси_вод_морів_і_морських.pdf,162
80805,м. Херсон,р. Дніпро,water_level,cm,2023-05-26,539.0,,-5.0,0.3899999999999997,0.20759370228096324,0.597593702280963,Інв_№230_Щорічні_дані_про_режим_та_ресурси_вод_морів_і_морських.pdf,162
80805,м. Херсон,р. Дніпро,water_level,cm,2023-05-27,538.0,,-5.0,0.3799999999999999,0.20759370228096324,0.5875937022809632,Інв_№230_Щорічні_дані_про_режим_та_ресурси_вод_морів_і_морських.pdf,162
80805,м. Херсон,р. Дніпро,water_level,cm,2023-05-28,537.0,,-5.0,0.3700000000000001,0.20759370228096324,0.5775937022809634,Інв_№230_Щорічні_дані_про_режим_та_ресурси_вод_морів_і_морських.pdf,162
80805,м. Херсон,р. Дніпро,water_level,cm,2023-05-29,537.0,,-5.0,0.3700000000000001,0.20759370228096324,0.5775937022809634,Інв_№230_Щорічні_дані_про_режим_та_ресурси_вод_морів_і_морських.pdf,162
80805,м. Херсон,р. Дніпро,water_level,cm,2023-05-30,539.0,,-5.0,0.3899999999999997,0.20759370228096324,0.597593702280963,Інв_№230_Щорічні_дані_про_режим_та_ресурси_вод_морів_і_морських.pdf,162
80805,м. Херсон,р. Дніпро,water_level,cm,2023-05-31,536.0,,-5.0,0.3600000000000003,0.20759370228096324,0.5675937022809636,Інв_№230_Щорічні_дані_про_режим_та_ресурси_вод_морів_і_морських.pdf,162
80805,м. Херсон,р. Дніпро,water_level,cm,2023-06-01,538.0,,-5.0,0.3799999999999999,0.20759370228096324,0.5875937022809632,Інв_№230_Щорічні_дані_про_режим_та_ресурси_вод_морів_і_морських.pdf,162
80805,м. Херсон,р. Дніпро,water_level,cm,2023-06-02,542.0,,-5.0,0.41999999999999993,0.20759370228096324,0.6275937022809632,Інв_№230_Щорічні_дані_про_режим_та_ресурси_вод_морів_і_морських.pdf,162
80805,м. Херсон,р. Дніпро,water_level,cm,2023-06-03,542.0,,-5.0,0.41999999999999993,0.20759370228096324,0.6275937022809632,Інв_№230_Щорічні_дані_про_режим_та_ресурси_вод_морів_і_морських.pdf,162
80805,м. Херсон,р. Дніпро,water_level,cm,2023-06-04,532.0,,-5.0,0.3200000000000003,0.20759370228096324,0.5275937022809636,Інв_№230_Щорічні_дані_про_режим_та_ресурси_вод_морів_і_морських.pdf,162
80805,м. Херсон,р. Дніпро,water_level,cm,2023-06-05,533.0,,-5.0,0.33000000000000007,0.20759370228096324,0.5375937022809634,Інв_№230_Щорічні_дані_про_режим_та_ресурси_вод_морів_і_морських.pdf,162
80805,м. Херсон,р. Дніпро,water_level,cm,2023-06-06,799.0,?/,-5.0,2.99,0.20759370228096324,3.1975937022809635,Інв_№230_Щорічні_дані_про_режим_та_ресурси_вод_морів_і_морських.pdf,162
80805,м. Херсон,р. Дніпро,water_level,cm,2023-06-07,1041.0,/,-5.0,5.41,0.20759370228096324,5.617593702280963,Інв_№230_Щорічні_дані_про_режим_та_ресурси_вод_морів_і_морських.pdf,162
80805,м. Херсон,р. Дніпро,water_level,cm,2023-06-08,1059.0,/,-5.0,5.59,0.20759370228096324,5.797593702280963,Інв_№230_Щорічні_дані_про_режим_та_ресурси_вод_морів_і_морських.pdf,162
80805,м. Херсон,р. Дніпро,water_level,cm,2023-06-09,1016.0,/,-5.0,5.16,0.20759370228096324,5.367593702280963,Інв_№230_Щорічні_дані_про_режим_та_ресурси_вод_морів_і_морських.pdf,162
80805,м. Херсон,р. Дніпро,water_level,cm,2023-06-10,959.0,/,-5.0,4.59,0.20759370228096324,4.797593702280963,Інв_№230_Щорічні_дані_про_режим_та_ресурси_вод_морів_і_морських.pdf,162
80805,м. Херсон,р. Дніпро,water_level,cm,2023-06-11,901.0,/,-5.0,4.01,0.20759370228096324,4.217593702280963,Інв_№230_Щорічні_дані_про_режим_та_ресурси_вод_морів_і_морських.pdf,162
80805,м. Херсон,р. Дніпро,water_level,cm,2023-06-12,844.0,?/,-5.0,3.4399999999999995,0.20759370228096324,3.647593702280963,Інв_№230_Щорічні_дані_про_режим_та_ресурси_вод_морів_і_морських.pdf,162
80805,м. Херсон,р. Дніпро,water_level,cm,2023-07-09,495.0,?,-5.0,-0.04999999999999982,0.20759370228096324,0.15759370228096342,Інв_№230_Щорічні_дані_про_режим_та_ресурси_вод_морів_і_морських.pdf,162
80805,м. Херсон,р. Дніпро,water_level,cm,2023-07-10,508.0,,-5.0,0.08000000000000007,0.20759370228096324,0.2875937022809633,Інв_№230_Щорічні_дані_про_режим_та_ресурси_вод_морів_і_морських.pdf,162
80805,м. Херсон,р. Дніпро,water_level,cm,2023-07-11,510.0,,-5.0,0.09999999999999964,0.20759370228096324,0.3075937022809629,Інв_№230_Щорічні_дані_про_режим_та_ресурси_вод_морів_і_морських.pdf,162
80805,м. Херсон,р. Дніпро,water_level,cm,2023-07-12,506.0,,-5.0,0.05999999999999961,0.20759370228096324,0.26759370228096285,Інв_№230_Щорічні_дані_про_режим_та_ресурси_вод_морів_і_морських.pdf,162
80805,м. Херсон,р. Дніпро,water_level,cm,2023-07-13,514.0,,-5.0,0.13999999999999968,0.20759370228096324,0.3475937022809629,Інв_№230_Щорічні_дані_про_режим_та_ресурси_вод_морів_і_морських.pdf,162
80805,м. Херсон,р. Дніпро,water_level,cm,2023-07-14,516.0,,-5.0,0.16000000000000014,0.20759370228096324,0.3675937022809634,Інв_№230_Щорічні_дані_про_режим_та_ресурси_вод_морів_і_морських.pdf,162
80805,м. Херсон,р. Дніпро,water_level,cm,2023-07-15,518.0,,-5.0,0.17999999999999972,0.20759370228096324,0.38759370228096296,Інв_№230_Щорічні_дані_про_режим_та_ресурси_вод_морів_і_морських.pdf,162
80805,м. Херсон,р. Дніпро,water_level,cm,2023-07-16,514.0,,-5.0,0.13999999999999968,0.20759370228096324,0.3475937022809629,Інв_№230_Щорічні_дані_про_режим_та_ресурси_вод_морів_і_морських.pdf,162
80805,м. Херсон,р. Дніпро,water_level,cm,2023-07-17,514.0,,-5.0,0.13999999999999968,0.20759370228096324,0.3475937022809629,Інв_№230_Щорічні_дані_про_режим_та_ресурси_вод_морів_і_морських.pdf,162
80805,м. Херсон,р. Дніпро,water_level,cm,2023-07-18,517.0,,-5.0,0.16999999999999993,0.20759370228096324,0.3775937022809632,Інв_№230_Щорічні_дані_про_режим_та_ресурси_вод_морів_і_морських.pdf,162
80805,м. Херсон,р. Дніпро,water_level,cm,2023-07-19,520.0,,-5.0,0.20000000000000018,0.20759370228096324,0.4075937022809634,Інв_№230_Щорічні_дані_про_режим_та_ресурси_вод_морів_і_морських.pdf,162
80805,м. Херсон,р. Дніпро,water_level,cm,2023-07-20,518.0,,-5.0,0.17999999999999972,0.20759370228096324,0.38759370228096296,Інв_№230_Щорічні_дані_про_режим_та_ресурси_вод_морів_і_морських.pdf,162
80805,м. Херсон,р. Дніпро,water_level,cm,2023-07-21,517.0,,-5.0,0.16999999999999993,0.20759370228096324,0.3775937022809632,Інв_№230_Щорічні_дані_про_режим_та_ресурси_вод_морів_і_морських.pdf,162
80805,м. Херсон,р. Дніпро,water_level,cm,2023-07-22,507.0,,-5.0,0.07000000000000028,0.20759370228096324,0.27759370228096353,Інв_№230_Щорічні_дані_про_режим_та_ресурси_вод_морів_і_морських.pdf,162
80805,м. Херсон,р. Дніпро,water_level,cm,2023-07-23,517.0,,-5.0,0.16999999999999993,0.20759370228096324,0.3775937022809632,Інв_№230_Щорічні_дані_про_режим_та_ресурси_вод_морів_і_морських.pdf,162
80805,м. Херсон,р. Дніпро,water_level,cm,2023-07-24,508.0,,-5.0,0.08000000000000007,0.20759370228096324,0.2875937022809633,Інв_№230_Щорічні_дані_про_режим_та_ресурси_вод_морів_і_морських.pdf,162
80805,м. Херсон,р. Дніпро,water_level,cm,2023-07-25,514.0,,-5.0,0.13999999999999968,0.20759370228096324,0.3475937022809629,Інв_№230_Щорічні_дані_про_режим_та_ресурси_вод_морів_і_морських.pdf,162
80805,м. Херсон,р. Дніпро,water_level,cm,2023-07-26,526.0,,-5.0,0.2599999999999998,0.20759370228096324,0.46759370228096303,Інв_№230_Щорічні_дані_про_режим_та_ресурси_вод_морів_і_морських.pdf,162
80805,м. Херсон,р. Дніпро,water_level,cm,2023-07-27,521.0,,-5.0,0.20999999999999996,0.20759370228096324,0.4175937022809632,Інв_№230_Щорічні_дані_про_режим_та_ресурси_вод_морів_і_морських.pdf,162
80805,м. Херсон,р. Дніпро,water_level,cm,2023-07-28,509.0,,-5.0,0.08999999999999986,0.20759370228096324,0.2975937022809631,Інв_№230_Щорічні_дані_про_режим_та_ресурси_вод_морів_і_морських.pdf,162
80805,м. Херсон,р. Дніпро,water_level,cm,2023-07-29,511.0,,-5.0,0.11000000000000032,0.20759370228096324,0.31759370228096356,Інв_№230_Щорічні_дані_про_режим_та_ресурси_вод_морів_і_морських.pdf,162
80805,м. Херсон,р. Дніпро,water_level,cm,2023-07-30,518.0,,-5.0,0.17999999999999972,0.20759370228096324,0.38759370228096296,Інв_№230_Щорічні_дані_про_режим_та_ресурси_вод_морів_і_морських.pdf,162
80805,м. Херсон,р. Дніпро,water_level,cm,2023-07-31,515.0,,-5.0,0.15000000000000036,0.20759370228096324,0.3575937022809636,Інв_№230_Щорічні_дані_про_режим_та_ресурси_вод_морів_і_морських.pdf,162
80805,м. Херсон,р. Дніпро,water_level,cm,2023-08-01,505.0,,-5.0,0.04999999999999982,0.20759370228096324,0.25759370228096307,Інв_№230_Щорічні_дані_про_режим_та_ресурси_вод_морів_і_морських.pdf,162
80805,м. Херсон,р. Дніпро,water_level,cm,2023-08-02,509.0,,-5.0,0.08999999999999986,0.20759370228096324,0.2975937022809631,Інв_№230_Щорічні_дані_про_режим_та_ресурси_вод_морів_і_морських.pdf,162
80805,м. Херсон,р. Дніпро,water_level,cm,2023-08-03,517.0,,-5.0,0.16999999999999993,0.20759370228096324,0.3775937022809632,Інв_№230_Щорічні_дані_про_режим_та_ресурси_вод_морів_і_морських.pdf,162
80805,м. Херсон,р. Дніпро,water_level,cm,2023-08-04,511.0,,-5.0,0.11000000000000032,0.20759370228096324,0.31759370228096356,Інв_№230_Щорічні_дані_про_режим_та_ресурси_вод_морів_і_морських.pdf,162
80805,м. Херсон,р. Дніпро,water_level,cm,2023-08-05,505.0,,-5.0,0.04999999999999982,0.20759370228096324,0.25759370228096307,Інв_№230_Щорічні_дані_про_режим_та_ресурси_вод_морів_і_морських.pdf,162
80805,м. Херсон,р. Дніпро,water_level,cm,2023-08-06,499.0,,-5.0,-0.009999999999999787,0.20759370228096324,0.19759370228096346,Інв_№230_Щорічні_дані_про_режим_та_ресурси_вод_морів_і_морських.pdf,162
80805,м. Херсон,р. Дніпро,water_level,cm,2023-08-07,525.0,,-5.0,0.25,0.20759370228096324,0.45759370228096324,Інв_№230_Щорічні_дані_про_режим_та_ресурси_вод_морів_і_морських.pdf,162
80805,м. Херсон,р. Дніпро,water_level,cm,2023-08-08,518.0,,-5.0,0.17999999999999972,0.20759370228096324,0.38759370228096296,Інв_№230_Щорічні_дані_про_режим_та_ресурси_вод_морів_і_морських.pdf,162
80805,м. Херсон,р. Дніпро,water_level,cm,2023-08-09,507.0,,-5.0,0.07000000000000028,0.20759370228096324,0.27759370228096353,Інв_№230_Щорічні_дані_про_режим_та_ресурси_вод_морів_і_морських.pdf,162
80805,м. Херсон,р. Дніпро,water_level,cm,2023-08-10,494.0,,-5.0,-0.05999999999999961,0.20759370228096324,0.14759370228096363,Інв_№230_Щорічні_дані_про_режим_та_ресурси_вод_морів_і_морських.pdf,162
80805,м. Херсон,р. Дніпро,water_level,cm,2023-08-11,495.0,,-5.0,-0.04999999999999982,0.20759370228096324,0.15759370228096342,Інв_№230_Щорічні_дані_про_режим_та_ресурси_вод_морів_і_морських.pdf,162
80805,м. Херсон,р. Дніпро,water_level,cm,2023-08-12,508.0,,-5.0,0.08000000000000007,0.20759370228096324,0.2875937022809633,Інв_№230_Щорічні_дані_про_режим_та_ресурси_вод_морів_і_морських.pdf,162
80805,м. Херсон,р. Дніпро,water_level,cm,2023-08-13,505.0,,-5.0,0.04999999999999982,0.20759370228096324,0.25759370228096307,Інв_№230_Щорічні_дані_про_режим_та_ресурси_вод_морів_і_морських.pdf,162
80805,м. Херсон,р. Дніпро,water_level,cm,2023-08-14,500.0,,-5.0,0.0,0.20759370228096324,0.20759370228096324,Інв_№230_Щорічні_дані_про_режим_та_ресурси_вод_морів_і_морських.pdf,162
80805,м. Херсон,р. Дніпро,water_level,cm,2023-08-15,492.0,,-5.0,-0.08000000000000007,0.20759370228096324,0.12759370228096317,Інв_№230_Щорічні_дані_про_режим_та_ресурси_вод_морів_і_морських.pdf,162
80805,м. Херсон,р. Дніпро,water_level,cm,2023-08-16,492.0,,-5.0,-0.08000000000000007,0.20759370228096324,0.12759370228096317,Інв_№230_Щорічні_дані_про_режим_та_ресурси_вод_морів_і_морських.pdf,162
80805,м. Херсон,р. Дніпро,water_level,cm,2023-08-17,500.0,,-5.0,0.0,0.20759370228096324,0.20759370228096324,Інв_№230_Щорічні_дані_про_режим_та_ресурси_вод_морів_і_морських.pdf,162
80805,м. Херсон,р. Дніпро,water_level,cm,2023-08-18,499.0,,-5.0,-0.009999999999999787,0.20759370228096324,0.19759370228096346,Інв_№230_Щорічні_дані_про_режим_та_ресурси_вод_морів_і_морських.pdf,162
80805,м. Херсон,р. Дніпро,water_level,cm,2023-08-19,492.0,,-5.0,-0.08000000000000007,0.20759370228096324,0.12759370228096317,Інв_№230_Щорічні_дані_про_режим_та_ресурси_вод_морів_і_морських.pdf,162
80805,м. Херсон,р. Дніпро,water_level,cm,2023-08-20,499.0,,-5.0,-0.009999999999999787,0.20759370228096324,0.19759370228096346,Інв_№230_Щорічні_дані_про_режим_та_ресурси_вод_морів_і_морських.pdf,162
80805,м. Херсон,р. Дніпро,water_level,cm,2023-08-21,505.0,,-5.0,0.04999999999999982,0.20759370228096324,0.25759370228096307,Інв_№230_Щорічні_дані_про_режим_та_ресурси_вод_морів_і_морських.pdf,162
80805,м. Херсон,р. Дніпро,water_level,cm,2023-08-22,504.0,,-5.0,0.040000000000000036,0.20759370228096324,0.24759370228096328,Інв_№230_Щорічні_дані_про_режим_та_ресурси_вод_морів_і_морських.pdf,162
80805,м. Херсон,р. Дніпро,water_level,cm,2023-08-23,505.0,,-5.0,0.04999999999999982,0.20759370228096324,0.25759370228096307,Інв_№230_Щорічні_дані_про_режим_та_ресурси_вод_морів_і_морських.pdf,162
80805,м. Херсон,р. Дніпро,water_level,cm,2023-08-24,506.0,,-5.0,0.05999999999999961,0.20759370228096324,0.26759370228096285,Інв_№230_Щорічні_дані_про_режим_та_ресурси_вод_морів_і_морських.pdf,162
80805,м. Херсон,р. Дніпро,water_level,cm,2023-08-25,504.0,,-5.0,0.040000000000000036,0.20759370228096324,0.24759370228096328,Інв_№230_Щорічні_дані_про_режим_та_ресурси_вод_морів_і_морських.pdf,162
80805,м. Херсон,р. Дніпро,water_level,cm,2023-08-26,505.0,,-5.0,0.04999999999999982,0.20759370228096324,0.25759370228096307,Інв_№230_Щорічні_дані_про_режим_та_ресурси_вод_морів_і_морських.pdf,162
80805,м. Херсон,р. Дніпро,water_level,cm,2023-08-27,509.0,,-5.0,0.08999999999999986,0.20759370228096324,0.2975937022809631,Інв_№230_Щорічні_дані_про_режим_та_ресурси_вод_морів_і_морських.pdf,162
80805,м. Херсон,р. Дніпро,water_level,cm,2023-08-28,512.0,,-5.0,0.1200000000000001,0.20759370228096324,0.32759370228096335,Інв_№230_Щорічні_дані_про_режим_та_ресурси_вод_морів_і_морських.pdf,162
80805,м. Херсон,р. Дніпро,water_level,cm,2023-08-29,504.0,,-5.0,0.040000000000000036,0.20759370228096324,0.24759370228096328,Інв_№230_Щорічні_дані_про_режим_та_ресурси_вод_морів_і_морських.pdf,162
80805,м. Херсон,р. Дніпро,water_level,cm,2023-08-30,506.0,,-5.0,0.05999999999999961,0.20759370228096324,0.26759370228096285,Інв_№230_Щорічні_дані_про_режим_та_ресурси_вод_морів_і_морських.pdf,162
80805,м. Херсон,р. Дніпро,water_level,cm,2023-08-31,513.0,,-5.0,0.1299999999999999,0.20759370228096324,0.33759370228096314,Інв_№230_Щорічні_дані_про_режим_та_ресурси_вод_морів_і_морських.pdf,162
80805,м. Херсон,р. Дніпро,water_level,cm,2023-09-01,513.0,,-5.0,0.1299999999999999,0.20759370228096324,0.33759370228096314,Інв_№230_Щорічні_дані_про_режим_та_ресурси_вод_морів_і_морських.pdf,162
80805,м. Херсон,р. Дніпро,water_level,cm,2023-09-02,503.0,,-5.0,0.03000000000000025,0.20759370228096324,0.2375937022809635,Інв_№230_Щорічні_дані_про_режим_та_ресурси_вод_морів_і_морських.pdf,162
80805,м. Херсон,р. Дніпро,water_level,cm,2023-09-03,500.0,,-5.0,0.0,0.20759370228096324,0.20759370228096324,Інв_№230_Щорічні_дані_про_режим_та_ресурси_вод_морів_і_морських.pdf,162
80805,м. Херсон,р. Дніпро,water_level,cm,2023-09-04,497.0,,-5.0,-0.03000000000000025,0.20759370228096324,0.177593702280963,Інв_№230_Щорічні_дані_про_режим_та_ресурси_вод_морів_і_морських.pdf,162
80805,м. Херсон,р. Дніпро,water_level,cm,2023-09-05,491.0,,-5.0,-0.08999999999999986,0.20759370228096324,0.11759370228096339,Інв_№230_Щорічні_дані_про_режим_та_ресурси_вод_морів_і_морських.pdf,162
80805,м. Херсон,р. Дніпро,water_level,cm,2023-09-06,497.0,,-5.0,-0.03000000000000025,0.20759370228096324,0.177593702280963,Інв_№230_Щорічні_дані_про_режим_та_ресурси_вод_морів_і_морських.pdf,162
80805,м. Херсон,р. Дніпро,water_level,cm,2023-09-07,498.0,,-5.0,-0.019999999999999574,0.20759370228096324,0.18759370228096367,Інв_№230_Щорічні_дані_про_режим_та_ресурси_вод_морів_і_морських.pdf,162
80805,м. Херсон,р. Дніпро,water_level,cm,2023-09-08,489.0,,-5.0,-0.11000000000000032,0.20759370228096324,0.09759370228096292,Інв_№230_Щорічні_дані_про_режим_та_ресурси_вод_морів_і_морських.pdf,162
80805,м. Херсон,р. Дніпро,water_level,cm,2023-09-09,495.0,,-5.0,-0.04999999999999982,0.20759370228096324,0.15759370228096342,Інв_№230_Щорічні_дані_про_режим_та_ресурси_вод_морів_і_морських.pdf,162
80805,м. Херсон,р. Дніпро,water_level,cm,2023-09-10,493.0,,-5.0,-0.07000000000000028,0.20759370228096324,0.13759370228096296,Інв_№230_Щорічні_дані_про_режим_та_ресурси_вод_морів_і_морських.pdf,162
80805,м. Херсон,р. Дніпро,water_level,cm,2023-09-11,494.0,,-5.0,-0.05999999999999961,0.20759370228096324,0.14759370228096363,Інв_№230_Щорічні_дані_про_режим_та_ресурси_вод_морів_і_морських.pdf,162
80805,м. Херсон,р. Дніпро,water_level,cm,2023-09-12,497.0,,-5.0,-0.03000000000000025,0.20759370228096324,0.177593702280963,Інв_№230_Щорічні_дані_про_режим_та_ресурси_вод_морів_і_морських.pdf,162
80805,м. Херсон,р. Дніпро,water_level,cm,2023-09-13,500.0,,-5.0,0.0,0.20759370228096324,0.20759370228096324,Інв_№230_Щорічні_дані_про_режим_та_ресурси_вод_морів_і_морських.pdf,162
80805,м. Херсон,р. Дніпро,water_level,cm,2023-09-14,505.0,,-5.0,0.04999999999999982,0.20759370228096324,0.25759370228096307,Інв_№230_Щорічні_дані_про_режим_та_ресурси_вод_морів_і_морських.pdf,162
80805,м. Херсон,р. Дніпро,water_level,cm,2023-09-15,503.0,,-5.0,0.03000000000000025,0.20759370228096324,0.2375937022809635,Інв_№230_Щорічні_дані_про_режим_та_ресурси_вод_морів_і_морських.pdf,162
80805,м. Херсон,р. Дніпро,water_level,cm,2023-09-16,485.0,,-5.0,-0.15000000000000036,0.20759370228096324,0.05759370228096289,Інв_№230_Щорічні_дані_про_режим_та_ресурси_вод_морів_і_морських.pdf,162
80805,м. Херсон,р. Дніпро,water_level,cm,2023-09-17,486.0,,-5.0,-0.13999999999999968,0.20759370228096324,0.06759370228096356,Інв_№230_Щорічні_дані_про_режим_та_ресурси_вод_морів_і_морських.pdf,162
80805,м. Херсон,р. Дніпро,water_level,cm,2023-09-18,489.0,,-5.0,-0.11000000000000032,0.20759370228096324,0.09759370228096292,Інв_№230_Щорічні_дані_про_режим_та_ресурси_вод_морів_і_морських.pdf,162
80805,м. Херсон,р. Дніпро,water_level,cm,2023-09-19,489.0,,-5.0,-0.11000000000000032,0.20759370228096324,0.09759370228096292,Інв_№230_Щорічні_дані_про_режим_та_ресурси_вод_морів_і_морських.pdf,162
80805,м. Херсон,р. Дніпро,water_level,cm,2023-09-20,494.0,,-5.0,-0.05999999999999961,0.20759370228096324,0.14759370228096363,Інв_№230_Щорічні_дані_про_режим_та_ресурси_вод_морів_і_морських.pdf,162
80805,м. Херсон,р. Дніпро,water_level,cm,2023-09-21,490.0,,-5.0,-0.09999999999999964,0.20759370228096324,0.1075937022809636,Інв_№230_Щорічні_дані_про_режим_та_ресурси_вод_морів_і_морських.pdf,162
80805,м. Херсон,р. Дніпро,water_level,cm,2023-09-22,492.0,,-5.0,-0.08000000000000007,0.20759370228096324,0.12759370228096317,Інв_№230_Щорічні_дані_про_режим_та_ресурси_вод_морів_і_морських.pdf,162
80805,м. Херсон,р. Дніпро,water_level,cm,2023-09-23,491.0,,-5.0,-0.08999999999999986,0.20759370228096324,0.11759370228096339,Інв_№230_Щорічні_дані_про_режим_та_ресурси_вод_морів_і_морських.pdf,162
80805,м. Херсон,р. Дніпро,water_level,cm,2023-09-24,488.0,,-5.0,-0.1200000000000001,0.20759370228096324,0.08759370228096314,Інв_№230_Щорічні_дані_про_режим_та_ресурси_вод_морів_і_морських.pdf,162
80805,м. Херсон,р. Дніпро,water_level,cm,2023-09-25,481.0,,-5.0,-0.1900000000000004,0.20759370228096324,0.017593702280962853,Інв_№230_Щорічні_дані_про_режим_та_ресурси_вод_морів_і_морських.pdf,162
80805,м. Херсон,р. Дніпро,water_level,cm,2023-09-26,479.0,,-5.0,-0.20999999999999996,0.20759370228096324,-0.0024062977190367207,Інв_№230_Щорічні_дані_про_режим_та_ресурси_вод_морів_і_морських.pdf,162
80805,м. Херсон,р. Дніпро,water_level,cm,2023-09-27,482.0,,-5.0,-0.17999999999999972,0.20759370228096324,0.027593702280963528,Інв_№230_Щорічні_дані_про_режим_та_ресурси_вод_морів_і_морських.pdf,162
80805,м. Херсон,р. Дніпро,water_level,cm,2023-09-28,478.0,,-5.0,-0.21999999999999975,0.20759370228096324,-0.012406297719036508,Інв_№230_Щорічні_дані_про_режим_та_ресурси_вод_морів_і_морських.pdf,162
80805,м. Херсон,р. Дніпро,water_level,cm,2023-09-29,477.0,,-5.0,-0.23000000000000043,0.20759370228096324,-0.022406297719037183,Інв_№230_Щорічні_дані_про_режим_та_ресурси_вод_морів_і_морських.pdf,162
80805,м. Херсон,р. Дніпро,water_level,cm,2023-09-30,484.0,,-5.0,-0.16000000000000014,0.20759370228096324,0.0475937022809631,Інв_№230_Щорічні_дані_про_режим_та_ресурси_вод_морів_і_морських.pdf,162
80805,м. Херсон,р. Дніпро,water_level,cm,2023-10-01,490.0,,-5.0,-0.09999999999999964,0.20759370228096324,0.1075937022809636,Інв_№230_Щорічні_дані_про_режим_та_ресурси_вод_морів_і_морських.pdf,162
80805,м. Херсон,р. Дніпро,water_level,cm,2023-10-02,482.0,,-5.0,-0.17999999999999972,0.20759370228096324,0.027593702280963528,Інв_№230_Щорічні_дані_про_режим_та_ресурси_вод_морів_і_морських.pdf,162
80805,м. Херсон,р. Дніпро,water_level,cm,2023-10-03,488.0,,-5.0,-0.1200000000000001,0.20759370228096324,0.08759370228096314,Інв_№230_Щорічні_дані_про_режим_та_ресурси_вод_морів_і_морських.pdf,162
80805,м. Херсон,р. Дніпро,water_level,cm,2023-10-04,495.0,,-5.0,-0.04999999999999982,0.20759370228096324,0.15759370228096342,Інв_№230_Щорічні_дані_про_режим_та_ресурси_вод_морів_і_морських.pdf,162
80805,м. Херсон,р. Дніпро,water_level,cm,2023-10-05,487.0,,-5.0,-0.1299999999999999,0.20759370228096324,0.07759370228096335,Інв_№230_Щорічні_дані_про_режим_та_ресурси_вод_морів_і_морських.pdf,162
80805,м. Херсон,р. Дніпро,water_level,cm,2023-10-06,489.0,,-5.0,-0.11000000000000032,0.20759370228096324,0.09759370228096292,Інв_№230_Щорічні_дані_про_режим_та_ресурси_вод_морів_і_морських.pdf,162
80805,м. Херсон,р. Дніпро,water_level,cm,2023-10-07,498.0,,-5.0,-0.019999999999999574,0.20759370228096324,0.18759370228096367,Інв_№230_Щорічні_дані_про_режим_та_ресурси_вод_морів_і_морських.pdf,162
80805,м. Херсон,р. Дніпро,water_level,cm,2023-10-08,498.0,,-5.0,-0.019999999999999574,0.20759370228096324,0.18759370228096367,Інв_№230_Щорічні_дані_про_режим_та_ресурси_вод_морів_і_морських.pdf,162
80805,м. Херсон,р. Дніпро,water_level,cm,2023-10-09,493.0,,-5.0,-0.07000000000000028,0.20759370228096324,0.13759370228096296,Інв_№230_Щорічні_дані_про_режим_та_ресурси_вод_морів_і_морських.pdf,162
80805,м. Херсон,р. Дніпро,water_level,cm,2023-10-10,487.0,,-5.0,-0.1299999999999999,0.20759370228096324,0.07759370228096335,Інв_№230_Щорічні_дані_про_режим_та_ресурси_вод_морів_і_морських.pdf,162
80805,м. Херсон,р. Дніпро,water_level,cm,2023-10-11,479.0,,-5.0,-0.20999999999999996,0.20759370228096324,-0.0024062977190367207,Інв_№230_Щорічні_дані_про_режим_та_ресурси_вод_морів_і_морських.pdf,162
80805,м. Херсон,р. Дніпро,water_level,cm,2023-10-12,492.0,,-5.0,-0.08000000000000007,0.20759370228096324,0.12759370228096317,Інв_№230_Щорічні_дані_про_режим_та_ресурси_вод_морів_і_морських.pdf,162
80805,м. Херсон,р. Дніпро,water_level,cm,2023-10-13,492.0,,-5.0,-0.08000000000000007,0.20759370228096324,0.12759370228096317,Інв_№230_Щорічні_дані_про_режим_та_ресурси_вод_морів_і_морських.pdf,162
80805,м. Херсон,р. Дніпро,water_level,cm,2023-10-14,484.0,,-5.0,-0.16000000000000014,0.20759370228096324,0.0475937022809631,Інв_№230_Щорічні_дані_про_режим_та_ресурси_вод_морів_і_морських.pdf,162
80805,м. Херсон,р. Дніпро,water_level,cm,2023-10-15,487.0,,-5.0,-0.1299999999999999,0.20759370228096324,0.07759370228096335,Інв_№230_Щорічні_дані_про_режим_та_ресурси_вод_морів_і_морських.pdf,162
80805,м. Херсон,р. Дніпро,water_level,cm,2023-10-16,489.0,,-5.0,-0.11000000000000032,0.20759370228096324,0.09759370228096292,Інв_№230_Щорічні_дані_про_режим_та_ресурси_вод_морів_і_морських.pdf,162
80805,м. Херсон,р. Дніпро,water_level,cm,2023-10-17,484.0,,-5.0,-0.16000000000000014,0.20759370228096324,0.0475937022809631,Інв_№230_Щорічні_дані_про_режим_та_ресурси_вод_морів_і_морських.pdf,162
80805,м. Херсон,р. Дніпро,water_level,cm,2023-10-18,480.0,,-5.0,-0.20000000000000018,0.20759370228096324,0.007593702280963066,Інв_№230_Щорічні_дані_про_режим_та_ресурси_вод_морів_і_морських.pdf,162
80805,м. Херсон,р. Дніпро,water_level,cm,2023-10-19,493.0,,-5.0,-0.07000000000000028,0.20759370228096324,0.13759370228096296,Інв_№230_Щорічні_дані_про_режим_та_ресурси_вод_морів_і_морських.pdf,162
80805,м. Херсон,р. Дніпро,water_level,cm,2023-10-20,508.0,,-5.0,0.08000000000000007,0.20759370228096324,0.2875937022809633,Інв_№230_Щорічні_дані_про_режим_та_ресурси_вод_морів_і_морських.pdf,162
80805,м. Херсон,р. Дніпро,water_level,cm,2023-10-21,493.0,,-5.0,-0.07000000000000028,0.20759370228096324,0.13759370228096296,Інв_№230_Щорічні_дані_про_режим_та_ресурси_вод_морів_і_морських.pdf,162
80805,м. Херсон,р. Дніпро,water_level,cm,2023-10-22,490.0,,-5.0,-0.09999999999999964,0.20759370228096324,0.1075937022809636,Інв_№230_Щорічні_дані_про_режим_та_ресурси_вод_морів_і_морських.pdf,162
80805,м. Херсон,р. Дніпро,water_level,cm,2023-10-23,492.0,,-5.0,-0.08000000000000007,0.20759370228096324,0.12759370228096317,Інв_№230_Щорічні_дані_про_режим_та_ресурси_вод_морів_і_морських.pdf,162
80805,м. Херсон,р. Дніпро,water_level,cm,2023-10-24,487.0,,-5.0,-0.1299999999999999,0.20759370228096324,0.07759370228096335,Інв_№230_Щорічні_дані_про_режим_та_ресурси_вод_морів_і_морських.pdf,162
80805,м. Херсон,р. Дніпро,water_level,cm,2023-10-25,495.0,,-5.0,-0.04999999999999982,0.20759370228096324,0.15759370228096342,Інв_№230_Щорічні_дані_про_режим_та_ресурси_вод_морів_і_морських.pdf,162
80805,м. Херсон,р. Дніпро,water_level,cm,2023-10-26,496.0,,-5.0,-0.040000000000000036,0.20759370228096324,0.1675937022809632,Інв_№230_Щорічні_дані_про_режим_та_ресурси_вод_морів_і_морських.pdf,162
80805,м. Херсон,р. Дніпро,water_level,cm,2023-10-27,492.0,,-5.0,-0.08000000000000007,0.20759370228096324,0.12759370228096317,Інв_№230_Щорічні_дані_про_режим_та_ресурси_вод_морів_і_морських.pdf,162
80805,м. Херсон,р. Дніпро,water_level,cm,2023-10-28,504.0,,-5.0,0.040000000000000036,0.20759370228096324,0.24759370228096328,Інв_№230_Щорічні_дані_про_режим_та_ресурси_вод_морів_і_морських.pdf,162
80805,м. Херсон,р. Дніпро,water_level,cm,2023-10-29,490.0,,-5.0,-0.09999999999999964,0.20759370228096324,0.1075937022809636,Інв_№230_Щорічні_дані_про_режим_та_ресурси_вод_морів_і_морських.pdf,162
80805,м. Херсон,р. Дніпро,water_level,cm,2023-10-30,493.0,,-5.0,-0.07000000000000028,0.20759370228096324,0.13759370228096296,Інв_№230_Щорічні_дані_про_режим_та_ресурси_вод_морів_і_морських.pdf,162
80805,м. Херсон,р. Дніпро,water_level,cm,2023-10-31,494.0,,-5.0,-0.05999999999999961,0.20759370228096324,0.14759370228096363,Інв_№230_Щорічні_дані_про_режим_та_ресурси_вод_морів_і_морських.pdf,162
80805,м. Херсон,р. Дніпро,water_level,cm,2023-11-01,496.0,,-5.0,-0.040000000000000036,0.20759370228096324,0.1675937022809632,Інв_№230_Щорічні_дані_про_режим_та_ресурси_вод_морів_і_морських.pdf,162
80805,м. Херсон,р. Дніпро,water_level,cm,2023-11-02,482.0,,-5.0,-0.17999999999999972,0.20759370228096324,0.027593702280963528,Інв_№230_Щорічні_дані_про_режим_та_ресурси_вод_морів_і_морських.pdf,162
80805,м. Херсон,р. Дніпро,water_level,cm,2023-11-03,481.0,,-5.0,-0.1900000000000004,0.20759370228096324,0.017593702280962853,Інв_№230_Щорічні_дані_про_режим_та_ресурси_вод_морів_і_морських.pdf,162
80805,м. Херсон,р. Дніпро,water_level,cm,2023-11-04,496.0,,-5.0,-0.040000000000000036,0.20759370228096324,0.1675937022809632,Інв_№230_Щорічні_дані_про_режим_та_ресурси_вод_морів_і_морських.pdf,162
80805,м. Херсон,р. Дніпро,water_level,cm,2023-11-05,513.0,,-5.0,0.1299999999999999,0.20759370228096324,0.33759370228096314,Інв_№230_Щорічні_дані_про_режим_та_ресурси_вод_морів_і_морських.pdf,162
80805,м. Херсон,р. Дніпро,water_level,cm,2023-11-06,505.0,,-5.0,0.04999999999999982,0.20759370228096324,0.25759370228096307,Інв_№230_Щорічні_дані_про_режим_та_ресурси_вод_морів_і_морських.pdf,162
80805,м. Херсон,р. Дніпро,water_level,cm,2023-11-07,494.0,,-5.0,-0.05999999999999961,0.20759370228096324,0.14759370228096363,Інв_№230_Щорічні_дані_про_режим_та_ресурси_вод_морів_і_морських.pdf,162
80805,м. Херсон,р. Дніпро,water_level,cm,2023-11-08,500.0,,-5.0,0.0,0.20759370228096324,0.20759370228096324,Інв_№230_Щорічні_дані_про_режим_та_ресурси_вод_морів_і_морських.pdf,162
80805,м. Херсон,р. Дніпро,water_level,cm,2023-11-09,497.0,,-5.0,-0.03000000000000025,0.20759370228096324,0.177593702280963,Інв_№230_Щорічні_дані_про_режим_та_ресурси_вод_морів_і_морських.pdf,162
80805,м. Херсон,р. Дніпро,water_level,cm,2023-11-10,488.0,,-5.0,-0.1200000000000001,0.20759370228096324,0.08759370228096314,Інв_№230_Щорічні_дані_про_режим_та_ресурси_вод_морів_і_морських.pdf,162
80805,м. Херсон,р. Дніпро,water_level,cm,2023-11-11,497.0,,-5.0,-0.03000000000000025,0.20759370228096324,0.177593702280963,Інв_№230_Щорічні_дані_про_режим_та_ресурси_вод_морів_і_морських.pdf,162
80805,м. Херсон,р. Дніпро,water_level,cm,2023-11-12,536.0,,-5.0,0.3600000000000003,0.20759370228096324,0.5675937022809636,Інв_№230_Щорічні_дані_про_режим_та_ресурси_вод_морів_і_морських.pdf,162
80805,м. Херсон,р. Дніпро,water_level,cm,2023-11-13,506.0,,-5.0,0.05999999999999961,0.20759370228096324,0.26759370228096285,Інв_№230_Щорічні_дані_про_режим_та_ресурси_вод_морів_і_морських.pdf,162
80805,м. Херсон,р. Дніпро,water_level,cm,2023-11-14,510.0,,-5.0,0.09999999999999964,0.20759370228096324,0.3075937022809629,Інв_№230_Щорічні_дані_про_режим_та_ресурси_вод_морів_і_морських.pdf,162
80805,м. Херсон,р. Дніпро,water_level,cm,2023-11-15,507.0,,-5.0,0.07000000000000028,0.20759370228096324,0.27759370228096353,Інв_№230_Щорічні_дані_про_режим_та_ресурси_вод_морів_і_морських.pdf,162
80805,м. Херсон,р. Дніпро,water_level,cm,2023-11-16,503.0,,-5.0,0.03000000000000025,0.20759370228096324,0.2375937022809635,Інв_№230_Щорічні_дані_про_режим_та_ресурси_вод_морів_і_морських.pdf,162
80805,м. Херсон,р. Дніпро,water_level,cm,2023-11-17,497.0,,-5.0,-0.03000000000000025,0.20759370228096324,0.177593702280963,Інв_№230_Щорічні_дані_про_режим_та_ресурси_вод_морів_і_морських.pdf,162
80805,м. Херсон,р. Дніпро,water_level,cm,2023-11-18,470.0,,-5.0,-0.2999999999999998,0.20759370228096324,-0.09240629771903658,Інв_№230_Щорічні_дані_про_режим_та_ресурси_вод_морів_і_морських.pdf,162
80805,м. Херсон,р. Дніпро,water_level,cm,2023-11-19,448.0,,-5.0,-0.5199999999999996,0.20759370228096324,-0.31240629771903633,Інв_№230_Щорічні_дані_про_режим_та_ресурси_вод_морів_і_морських.pdf,162
80805,м. Херсон,р. Дніпро,water_level,cm,2023-11-20,498.0,,-5.0,-0.019999999999999574,0.20759370228096324,0.18759370228096367,Інв_№230_Щорічні_дані_про_режим_та_ресурси_вод_морів_і_морських.pdf,162
80805,м. Херсон,р. Дніпро,water_level,cm,2023-11-21,491.0,,-5.0,-0.08999999999999986,0.20759370228096324,0.11759370228096339,Інв_№230_Щорічні_дані_про_режим_та_ресурси_вод_морів_і_морських.pdf,162
80805,м. Херсон,р. Дніпро,water_level,cm,2023-11-22,491.0,,-5.0,-0.08999999999999986,0.20759370228096324,0.11759370228096339,Інв_№230_Щорічні_дані_про_режим_та_ресурси_вод_морів_і_морських.pdf,162
80805,м. Херсон,р. Дніпро,water_level,cm,2023-11-23,508.0,,-5.0,0.08000000000000007,0.20759370228096324,0.2875937022809633,Інв_№230_Щорічні_дані_про_режим_та_ресурси_вод_морів_і_морських.pdf,162
80805,м. Херсон,р. Дніпро,water_level,cm,2023-11-24,521.0,,-5.0,0.20999999999999996,0.20759370228096324,0.4175937022809632,Інв_№230_Щорічні_дані_про_режим_та_ресурси_вод_морів_і_морських.pdf,162
80805,м. Херсон,р. Дніпро,water_level,cm,2023-11-25,499.0,,-5.0,-0.009999999999999787,0.20759370228096324,0.19759370228096346,Інв_№230_Щорічні_дані_про_режим_та_ресурси_вод_морів_і_морських.pdf,162
80805,м. Херсон,р. Дніпро,water_level,cm,2023-11-26,494.0,,-5.0,-0.05999999999999961,0.20759370228096324,0.14759370228096363,Інв_№230_Щорічні_дані_про_режим_та_ресурси_вод_морів_і_морських.pdf,162
80805,м. Херсон,р. Дніпро,water_level,cm,2023-11-27,552.0,,-5.0,0.5199999999999996,0.20759370228096324,0.7275937022809629,Інв_№230_Щорічні_дані_про_режим_та_ресурси_вод_морів_і_морських.pdf,162
80805,м. Херсон,р. Дніпро,water_level,cm,2023-11-28,528.0,,-5.0,0.28000000000000025,0.20759370228096324,0.4875937022809635,Інв_№230_Щорічні_дані_про_режим_та_ресурси_вод_морів_і_морських.pdf,162
80805,м. Херсон,р. Дніпро,water_level,cm,2023-11-29,551.0,,-5.0,0.5099999999999998,0.20759370228096324,0.7175937022809631,Інв_№230_Щорічні_дані_про_режим_та_ресурси_вод_морів_і_морських.pdf,162
80805,м. Херсон,р. Дніпро,water_level,cm,2023-11-30,526.0,,-5.0,0.2599999999999998,0.20759370228096324,0.46759370228096303,Інв_№230_Щорічні_дані_про_режим_та_ресурси_вод_морів_і_морських.pdf,162
80805,м. Херсон,р. Дніпро,water_level,cm,2023-12-01,542.0,,-5.0,0.41999999999999993,0.20759370228096324,0.6275937022809632,Інв_№230_Щорічні_дані_про_режим_та_ресурси_вод_морів_і_морських.pdf,162
80805,м. Херсон,р. Дніпро,water_level,cm,2023-12-02,531.0,,-5.0,0.3099999999999996,0.20759370228096324,0.5175937022809629,Інв_№230_Щорічні_дані_про_режим_та_ресурси_вод_морів_і_морських.pdf,162
80805,м. Херсон,р. Дніпро,water_level,cm,2023-12-03,524.0,,-5.0,0.2400000000000002,0.20759370228096324,0.44759370228096346,Інв_№230_Щорічні_дані_про_режим_та_ресурси_вод_морів_і_морських.pdf,162
80805,м. Херсон,р. Дніпро,water_level,cm,2023-12-04,514.0,,-5.0,0.13999999999999968,0.20759370228096324,0.3475937022809629,Інв_№230_Щорічні_дані_про_режим_та_ресурси_вод_морів_і_морських.pdf,162
80805,м. Херсон,р. Дніпро,water_level,cm,2023-12-05,513.0,,-5.0,0.1299999999999999,0.20759370228096324,0.33759370228096314,Інв_№230_Щорічні_дані_про_режим_та_ресурси_вод_морів_і_морських.pdf,162
80805,м. Херсон,р. Дніпро,water_level,cm,2023-12-06,508.0,,-5.0,0.08000000000000007,0.20759370228096324,0.2875937022809633,Інв_№230_Щорічні_дані_про_режим_та_ресурси_вод_морів_і_морських.pdf,162
80805,м. Херсон,р. Дніпро,water_level,cm,2023-12-07,504.0,,-5.0,0.040000000000000036,0.20759370228096324,0.24759370228096328,Інв_№230_Щорічні_дані_про_режим_та_ресурси_вод_морів_і_морських.pdf,162
80805,м. Херсон,р. Дніпро,water_level,cm,2023-12-08,504.0,,-5.0,0.040000000000000036,0.20759370228096324,0.24759370228096328,Інв_№230_Щорічні_дані_про_режим_та_ресурси_вод_морів_і_морських.pdf,162
80805,м. Херсон,р. Дніпро,water_level,cm,2023-12-09,490.0,,-5.0,-0.09999999999999964,0.20759370228096324,0.1075937022809636,Інв_№230_Щорічні_дані_про_режим_та_ресурси_вод_морів_і_морських.pdf,162
80805,м. Херсон,р. Дніпро,water_level,cm,2023-12-10,501.0,,-5.0,0.009999999999999787,0.20759370228096324,0.21759370228096303,Інв_№230_Щорічні_дані_про_режим_та_ресурси_вод_морів_і_морських.pdf,162
80805,м. Херсон,р. Дніпро,water_level,cm,2023-12-11,501.0,,-5.0,0.009999999999999787,0.20759370228096324,0.21759370228096303,Інв_№230_Щорічні_дані_про_режим_та_ресурси_вод_морів_і_морських.pdf,162
80805,м. Херсон,р. Дніпро,water_level,cm,2023-12-12,508.0,,-5.0,0.08000000000000007,0.20759370228096324,0.2875937022809633,Інв_№230_Щорічні_дані_про_режим_та_ресурси_вод_морів_і_морських.pdf,162
80805,м. Херсон,р. Дніпро,water_level,cm,2023-12-13,516.0,,-5.0,0.16000000000000014,0.20759370228096324,0.3675937022809634,Інв_№230_Щорічні_дані_про_режим_та_ресурси_вод_морів_і_морських.pdf,162
80805,м. Херсон,р. Дніпро,water_level,cm,2023-12-14,528.0,,-5.0,0.28000000000000025,0.20759370228096324,0.4875937022809635,Інв_№230_Щорічні_дані_про_режим_та_ресурси_вод_морів_і_морських.pdf,162
80805,м. Херсон,р. Дніпро,water_level,cm,2023-12-15,518.0,,-5.0,0.17999999999999972,0.20759370228096324,0.38759370228096296,Інв_№230_Щорічні_дані_про_режим_та_ресурси_вод_морів_і_морських.pdf,162
80805,м. Херсон,р. Дніпро,water_level,cm,2023-12-16,513.0,,-5.0,0.1299999999999999,0.20759370228096324,0.33759370228096314,Інв_№230_Щорічні_дані_про_режим_та_ресурси_вод_морів_і_морських.pdf,162
80805,м. Херсон,р. Дніпро,water_level,cm,2023-12-17,521.0,,-5.0,0.20999999999999996,0.20759370228096324,0.4175937022809632,Інв_№230_Щорічні_дані_про_режим_та_ресурси_вод_морів_і_морських.pdf,162
80805,м. Херсон,р. Дніпро,water_level,cm,2023-12-18,527.0,,-5.0,0.2699999999999996,0.20759370228096324,0.4775937022809628,Інв_№230_Щорічні_дані_про_режим_та_ресурси_вод_морів_і_морських.pdf,162
80805,м. Херсон,р. Дніпро,water_level,cm,2023-12-19,519.0,,-5.0,0.1900000000000004,0.20759370228096324,0.39759370228096363,Інв_№230_Щорічні_дані_про_режим_та_ресурси_вод_морів_і_морських.pdf,162
80805,м. Херсон,р. Дніпро,water_level,cm,2023-12-20,527.0,,-5.0,0.2699999999999996,0.20759370228096324,0.4775937022809628,Інв_№230_Щорічні_дані_про_режим_та_ресурси_вод_морів_і_морських.pdf,162
80805,м. Херсон,р. Дніпро,water_level,cm,2023-12-21,526.0,,-5.0,0.2599999999999998,0.20759370228096324,0.46759370228096303,Інв_№230_Щорічні_дані_про_режим_та_ресурси_вод_морів_і_морських.pdf,162
80805,м. Херсон,р. Дніпро,water_level,cm,2023-12-22,523.0,,-5.0,0.23000000000000043,0.20759370228096324,0.43759370228096367,Інв_№230_Щорічні_дані_про_режим_та_ресурси_вод_морів_і_морських.pdf,162
80805,м. Херсон,р. Дніпро,water_level,cm,2023-12-23,519.0,,-5.0,0.1900000000000004,0.20759370228096324,0.39759370228096363,Інв_№230_Щорічні_дані_про_режим_та_ресурси_вод_морів_і_морських.pdf,162
80805,м. Херсон,р. Дніпро,water_level,cm,2023-12-24,523.0,,-5.0,0.23000000000000043,0.20759370228096324,0.43759370228096367,Інв_№230_Щорічні_дані_про_режим_та_ресурси_вод_морів_і_морських.pdf,162
80805,м. Херсон,р. Дніпро,water_level,cm,2023-12-25,517.0,,-5.0,0.16999999999999993,0.20759370228096324,0.3775937022809632,Інв_№230_Щорічні_дані_про_режим_та_ресурси_вод_морів_і_морських.pdf,162
80805,м. Херсон,р. Дніпро,water_level,cm,2023-12-26,510.0,,-5.0,0.09999999999999964,0.20759370228096324,0.3075937022809629,Інв_№230_Щорічні_дані_про_режим_та_ресурси_вод_морів_і_морських.pdf,162
80805,м. Херсон,р. Дніпро,water_level,cm,2023-12-27,512.0,,-5.0,0.1200000000000001,0.20759370228096324,0.32759370228096335,Інв_№230_Щорічні_дані_про_режим_та_ресурси_вод_морів_і_морських.pdf,162
80805,м. Херсон,р. Дніпро,water_level,cm,2023-12-28,513.0,,-5.0,0.1299999999999999,0.20759370228096324,0.33759370228096314,Інв_№230_Щорічні_дані_про_режим_та_ресурси_вод_морів_і_морських.pdf,162
80805,м. Херсон,р. Дніпро,water_level,cm,2023-12-29,522.0,,-5.0,0.21999999999999975,0.20759370228096324,0.427593702280963,Інв_№230_Щорічні_дані_про_режим_та_ресурси_вод_морів_і_морських.pdf,162
80805,м. Херсон,р. Дніпро,water_level,cm,2023-12-30,519.0,,-5.0,0.1900000000000004,0.20759370228096324,0.39759370228096363,Інв_№230_Щорічні_дані_про_режим_та_ресурси_вод_морів_і_морських.pdf,162
80805,м. Херсон,р. Дніпро,water_level,cm,2023-12-31,520.0,,-5.0,0.20000000000000018,0.20759370228096324,0.4075937022809634,Інв_№230_Щорічні_дані_про_режим_та_ресурси_вод_морів_і_морських.pdf,162
80807,"с. Кізомис, МГП-І Касперівка","р. Дніпро, рук. Рвач",water_level,cm,2023-01-01,497.0,,-5.0,-0.03000000000000025,0.2046585449569331,0.17465854495693284,Інв_№230_Щорічні_дані_про_режим_та_ресурси_вод_морів_і_морських.pdf,163
80807,"с. Кізомис, МГП-І Касперівка","р. Дніпро, рук. Рвач",water_level,cm,2023-01-02,497.0,,-5.0,-0.03000000000000025,0.2046585449569331,0.17465854495693284,Інв_№230_Щорічні_дані_про_режим_та_ресурси_вод_морів_і_морських.pdf,163
80807,"с. Кізомис, МГП-І Касперівка","р. Дніпро, рук. Рвач",water_level,cm,2023-01-03,499.0,,-5.0,-0.009999999999999787,0.2046585449569331,0.1946585449569333,Інв_№230_Щорічні_дані_про_режим_та_ресурси_вод_морів_і_морських.pdf,163
80807,"с. Кізомис, МГП-І Касперівка","р. Дніпро, рук. Рвач",water_level,cm,2023-01-04,490.0,,-5.0,-0.09999999999999964,0.2046585449569331,0.10465854495693344,Інв_№230_Щорічні_дані_про_режим_та_ресурси_вод_морів_і_морських.pdf,163
80807,"с. Кізомис, МГП-І Касперівка","р. Дніпро, рук. Рвач",water_level,cm,2023-01-05,510.0,,-5.0,0.09999999999999964,0.2046585449569331,0.30465854495693273,Інв_№230_Щорічні_дані_про_режим_та_ресурси_вод_морів_і_морських.pdf,163
80807,"с. Кізомис, МГП-І Касперівка","р. Дніпро, рук. Рвач",water_level,cm,2023-01-06,491.0,,-5.0,-0.08999999999999986,0.2046585449569331,0.11465854495693323,Інв_№230_Щорічні_дані_про_режим_та_ресурси_вод_морів_і_морських.pdf,163
80807,"с. Кізомис, МГП-І Касперівка","р. Дніпро, рук. Рвач",water_level,cm,2023-01-07,480.0,,-5.0,-0.20000000000000018,0.2046585449569331,0.0046585449569329085,Інв_№230_Щорічні_дані_про_режим_та_ресурси_вод_морів_і_морських.pdf,163
80807,"с. Кізомис, МГП-І Касперівка","р. Дніпро, рук. Рвач",water_level,cm,2023-01-08,480.0,,-5.0,-0.20000000000000018,0.2046585449569331,0.0046585449569329085,Інв_№230_Щорічні_дані_про_режим_та_ресурси_вод_морів_і_морських.pdf,163
80807,"с. Кізомис, МГП-І Касперівка","р. Дніпро, рук. Рвач",water_level,cm,2023-01-09,483.0,,-5.0,-0.16999999999999993,0.2046585449569331,0.03465854495693316,Інв_№230_Щорічні_дані_про_режим_та_ресурси_вод_морів_і_морських.pdf,163
80807,"с. Кізомис, МГП-І Касперівка","р. Дніпро, рук. Рвач",water_level,cm,2023-01-10,471.0,,-5.0,-0.29000000000000004,0.2046585449569331,-0.08534145504306695,Інв_№230_Щорічні_дані_про_режим_та_ресурси_вод_морів_і_морських.pdf,163
80807,"с. Кізомис, МГП-І Касперівка","р. Дніпро, рук. Рвач",water_level,cm,2023-01-11,463.0,,-5.0,-0.3700000000000001,0.2046585449569331,-0.16534145504306702,Інв_№230_Щорічні_дані_про_режим_та_ресурси_вод_морів_і_морських.pdf,163
80807,"с. Кізомис, МГП-І Касперівка","р. Дніпро, рук. Рвач",water_level,cm,2023-01-12,481.0,,-5.0,-0.1900000000000004,0.2046585449569331,0.014658544956932695,Інв_№230_Щорічні_дані_про_режим_та_ресурси_вод_морів_і_морських.pdf,163
80807,"с. Кізомис, МГП-І Касперівка","р. Дніпро, рук. Рвач",water_level,cm,2023-01-13,489.0,,-5.0,-0.11000000000000032,0.2046585449569331,0.09465854495693277,Інв_№230_Щорічні_дані_про_режим_та_ресурси_вод_морів_і_морських.pdf,163
80807,"с. Кізомис, МГП-І Касперівка","р. Дніпро, рук. Рвач",water_level,cm,2023-01-14,491.0,,-5.0,-0.08999999999999986,0.2046585449569331,0.11465854495693323,Інв_№230_Щорічні_дані_про_режим_та_ресурси_вод_морів_і_морських.pdf,163
80807,"с. Кізомис, МГП-І Касперівка","р. Дніпро, рук. Рвач",water_level,cm,2023-01-15,492.0,,-5.0,-0.08000000000000007,0.2046585449569331,0.12465854495693302,Інв_№230_Щорічні_дані_про_режим_та_ресурси_вод_морів_і_морських.pdf,163
80807,"с. Кізомис, МГП-І Касперівка","р. Дніпро, рук. Рвач",water_level,cm,2023-01-16,494.0,,-5.0,-0.05999999999999961,0.2046585449569331,0.14465854495693348,Інв_№230_Щорічні_дані_про_режим_та_ресурси_вод_морів_і_морських.pdf,163
80807,"с. Кізомис, МГП-І Касперівка","р. Дніпро, рук. Рвач",water_level,cm,2023-01-17,507.0,,-5.0,0.07000000000000028,0.2046585449569331,0.27465854495693337,Інв_№230_Щорічні_дані_про_режим_та_ресурси_вод_морів_і_морських.pdf,163
80807,"с. Кізомис, МГП-І Касперівка","р. Дніпро, рук. Рвач",water_level,cm,2023-01-18,508.0,,-5.0,0.08000000000000007,0.2046585449569331,0.28465854495693316,Інв_№230_Щорічні_дані_про_режим_та_ресурси_вод_морів_і_морських.pdf,163
80807,"с. Кізомис, МГП-І Касперівка","р. Дніпро, рук. Рвач",water_level,cm,2023-01-19,506.0,,-5.0,0.05999999999999961,0.2046585449569331,0.2646585449569327,Інв_№230_Щорічні_дані_про_режим_та_ресурси_вод_морів_і_морських.pdf,163
80807,"с. Кізомис, МГП-І Касперівка","р. Дніпро, рук. Рвач",water_level,cm,2023-01-20,492.0,,-5.0,-0.08000000000000007,0.2046585449569331,0.12465854495693302,Інв_№230_Щорічні_дані_про_режим_та_ресурси_вод_морів_і_морських.pdf,163
80807,"с. Кізомис, МГП-І Касперівка","р. Дніпро, рук. Рвач",water_level,cm,2023-01-21,493.0,,-5.0,-0.07000000000000028,0.2046585449569331,0.1346585449569328,Інв_№230_Щорічні_дані_про_режим_та_ресурси_вод_морів_і_морських.pdf,163
80807,"с. Кізомис, МГП-І Касперівка","р. Дніпро, рук. Рвач",water_level,cm,2023-01-22,482.0,,-5.0,-0.17999999999999972,0.2046585449569331,0.02465854495693337,Інв_№230_Щорічні_дані_про_режим_та_ресурси_вод_морів_і_морських.pdf,163
80807,"с. Кізомис, МГП-І Касперівка","р. Дніпро, рук. Рвач",water_level,cm,2023-01-23,483.0,,-5.0,-0.16999999999999993,0.2046585449569331,0.03465854495693316,Інв_№230_Щорічні_дані_про_режим_та_ресурси_вод_морів_і_морських.pdf,163
80807,"с. Кізомис, МГП-І Касперівка","р. Дніпро, рук. Рвач",water_level,cm,2023-01-24,485.0,,-5.0,-0.15000000000000036,0.2046585449569331,0.05465854495693273,Інв_№230_Щорічні_дані_про_режим_та_ресурси_вод_морів_і_морських.pdf,163
80807,"с. Кізомис, МГП-І Касперівка","р. Дніпро, рук. Рвач",water_level,cm,2023-01-25,488.0,,-5.0,-0.1200000000000001,0.2046585449569331,0.08465854495693298,Інв_№230_Щорічні_дані_про_режим_та_ресурси_вод_морів_і_морських.pdf,163
80807,"с. Кізомис, МГП-І Касперівка","р. Дніпро, рук. Рвач",water_level,cm,2023-01-26,489.0,,-5.0,-0.11000000000000032,0.2046585449569331,0.09465854495693277,Інв_№230_Щорічні_дані_про_режим_та_ресурси_вод_морів_і_морських.pdf,163
80807,"с. Кізомис, МГП-І Касперівка","р. Дніпро, рук. Рвач",water_level,cm,2023-01-27,481.0,,-5.0,-0.1900000000000004,0.2046585449569331,0.014658544956932695,Інв_№230_Щорічні_дані_про_режим_та_ресурси_вод_морів_і_морських.pdf,163
80807,"с. Кізомис, МГП-І Касперівка","р. Дніпро, рук. Рвач",water_level,cm,2023-01-28,479.0,,-5.0,-0.20999999999999996,0.2046585449569331,-0.005341455043066878,Інв_№230_Щорічні_дані_про_режим_та_ресурси_вод_морів_і_морських.pdf,163
80807,"с. Кізомис, МГП-І Касперівка","р. Дніпро, рук. Рвач",water_level,cm,2023-01-29,482.0,,-5.0,-0.17999999999999972,0.2046585449569331,0.02465854495693337,Інв_№230_Щорічні_дані_про_режим_та_ресурси_вод_морів_і_морських.pdf,163
80807,"с. Кізомис, МГП-І Касперівка","р. Дніпро, рук. Рвач",water_level,cm,2023-01-30,491.0,,-5.0,-0.08999999999999986,0.2046585449569331,0.11465854495693323,Інв_№230_Щорічні_дані_про_режим_та_ресурси_вод_морів_і_морських.pdf,163
80807,"с. Кізомис, МГП-І Касперівка","р. Дніпро, рук. Рвач",water_level,cm,2023-01-31,496.0,,-5.0,-0.040000000000000036,0.2046585449569331,0.16465854495693305,Інв_№230_Щорічні_дані_про_режим_та_ресурси_вод_морів_і_морських.pdf,163
80807,"с. Кізомис, МГП-І Касперівка","р. Дніпро, рук. Рвач",water_level,cm,2023-02-01,489.0,,-5.0,-0.11000000000000032,0.2046585449569331,0.09465854495693277,Інв_№230_Щорічні_дані_про_режим_та_ресурси_вод_морів_і_морських.pdf,163
80807,"с. Кізомис, МГП-І Касперівка","р. Дніпро, рук. Рвач",water_level,cm,2023-02-02,491.0,,-5.0,-0.08999999999999986,0.2046585449569331,0.11465854495693323,Інв_№230_Щорічні_дані_про_режим_та_ресурси_вод_морів_і_морських.pdf,163
80807,"с. Кізомис, МГП-І Касперівка","р. Дніпро, рук. Рвач",water_level,cm,2023-02-03,493.0,,-5.0,-0.07000000000000028,0.2046585449569331,0.1346585449569328,Інв_№230_Щорічні_дані_про_режим_та_ресурси_вод_морів_і_морських.pdf,163
80807,"с. Кізомис, МГП-І Касперівка","р. Дніпро, рук. Рвач",water_level,cm,2023-02-04,488.0,,-5.0,-0.1200000000000001,0.2046585449569331,0.08465854495693298,Інв_№230_Щорічні_дані_про_режим_та_ресурси_вод_морів_і_морських.pdf,163
80807,"с. Кізомис, МГП-І Касперівка","р. Дніпро, рук. Рвач",water_level,cm,2023-02-05,477.0,,-5.0,-0.23000000000000043,0.2046585449569331,-0.02534145504306734,Інв_№230_Щорічні_дані_про_режим_та_ресурси_вод_морів_і_морських.pdf,163
80807,"с. Кізомис, МГП-І Касперівка","р. Дніпро, рук. Рвач",water_level,cm,2023-02-06,465.0,,-5.0,-0.34999999999999964,0.2046585449569331,-0.14534145504306656,Інв_№230_Щорічні_дані_про_режим_та_ресурси_вод_морів_і_морських.pdf,163
80807,"с. Кізомис, МГП-І Касперівка","р. Дніпро, рук. Рвач",water_level,cm,2023-02-07,470.0,Z,-5.0,-0.2999999999999998,0.2046585449569331,-0.09534145504306674,Інв_№230_Щорічні_дані_про_режим_та_ресурси_вод_морів_і_морських.pdf,163
80807,"с. Кізомис, МГП-І Касперівка","р. Дніпро, рук. Рвач",water_level,cm,2023-02-08,464.0,Z,-5.0,-0.3600000000000003,0.2046585449569331,-0.15534145504306723,Інв_№230_Щорічні_дані_про_режим_та_ресурси_вод_морів_і_морських.pdf,163
80807,"с. Кізомис, МГП-І Касперівка","р. Дніпро, рук. Рвач",water_level,cm,2023-02-09,488.0,Z,-5.0,-0.1200000000000001,0.2046585449569331,0.08465854495693298,Інв_№230_Щорічні_дані_про_режим_та_ресурси_вод_морів_і_морських.pdf,163
80807,"с. Кізомис, МГП-І Касперівка","р. Дніпро, рук. Рвач",water_level,cm,2023-02-10,497.0,Z,-5.0,-0.03000000000000025,0.2046585449569331,0.17465854495693284,Інв_№230_Щорічні_дані_про_режим_та_ресурси_вод_морів_і_морських.pdf,163
80807,"с. Кізомис, МГП-І Касперівка","р. Дніпро, рук. Рвач",water_level,cm,2023-02-11,494.0,Z,-5.0,-0.05999999999999961,0.2046585449569331,0.14465854495693348,Інв_№230_Щорічні_дані_про_режим_та_ресурси_вод_морів_і_морських.pdf,163
80807,"с. Кізомис, МГП-І Касперівка","р. Дніпро, рук. Рвач",water_level,cm,2023-02-12,492.0,Z,-5.0,-0.08000000000000007,0.2046585449569331,0.12465854495693302,Інв_№230_Щорічні_дані_про_режим_та_ресурси_вод_морів_і_морських.pdf,163
80807,"с. Кізомис, МГП-І Касперівка","р. Дніпро, рук. Рвач",water_level,cm,2023-02-13,488.0,Z,-5.0,-0.1200000000000001,0.2046585449569331,0.08465854495693298,Інв_№230_Щорічні_дані_про_режим_та_ресурси_вод_морів_і_морських.pdf,163
80807,"с. Кізомис, МГП-І Касперівка","р. Дніпро, рук. Рвач",water_level,cm,2023-02-14,484.0,Z,-5.0,-0.16000000000000014,0.2046585449569331,0.044658544956932944,Інв_№230_Щорічні_дані_про_режим_та_ресурси_вод_морів_і_морських.pdf,163
80807,"с. Кізомис, МГП-І Касперівка","р. Дніпро, рук. Рвач",water_level,cm,2023-02-15,476.0,Z,-5.0,-0.2400000000000002,0.2046585449569331,-0.03534145504306713,Інв_№230_Щорічні_дані_про_режим_та_ресурси_вод_морів_і_морських.pdf,163
80807,"с. Кізомис, МГП-І Касперівка","р. Дніпро, рук. Рвач",water_level,cm,2023-02-16,486.0,Z,-5.0,-0.13999999999999968,0.2046585449569331,0.0646585449569334,Інв_№230_Щорічні_дані_про_режим_та_ресурси_вод_морів_і_морських.pdf,163
80807,"с. Кізомис, МГП-І Касперівка","р. Дніпро, рук. Рвач",water_level,cm,2023-02-17,501.0,Z,-5.0,0.009999999999999787,0.2046585449569331,0.21465854495693287,Інв_№230_Щорічні_дані_про_режим_та_ресурси_вод_морів_і_морських.pdf,163
80807,"с. Кізомис, МГП-І Касперівка","р. Дніпро, рук. Рвач",water_level,cm,2023-02-18,505.0,Z,-5.0,0.04999999999999982,0.2046585449569331,0.2546585449569329,Інв_№230_Щорічні_дані_про_режим_та_ресурси_вод_морів_і_морських.pdf,163
80807,"с. Кізомис, МГП-І Касперівка","р. Дніпро, рук. Рвач",water_level,cm,2023-02-19,500.0,Z,-5.0,0.0,0.2046585449569331,0.2046585449569331,Інв_№230_Щорічні_дані_про_режим_та_ресурси_вод_морів_і_морських.pdf,163
80807,"с. Кізомис, МГП-І Касперівка","р. Дніпро, рук. Рвач",water_level,cm,2023-02-20,500.0,Z,-5.0,0.0,0.2046585449569331,0.2046585449569331,Інв_№230_Щорічні_дані_про_режим_та_ресурси_вод_морів_і_морських.pdf,163
80807,"с. Кізомис, МГП-І Касперівка","р. Дніпро, рук. Рвач",water_level,cm,2023-02-21,511.0,,-5.0,0.11000000000000032,0.2046585449569331,0.3146585449569334,Інв_№230_Щорічні_дані_про_режим_та_ресурси_вод_морів_і_морських.pdf,163
80807,"с. Кізомис, МГП-І Касперівка","р. Дніпро, рук. Рвач",water_level,cm,2023-02-22,487.0,,-5.0,-0.1299999999999999,0.2046585449569331,0.07465854495693319,Інв_№230_Щорічні_дані_про_режим_та_ресурси_вод_морів_і_морських.pdf,163
80807,"с. Кізомис, МГП-І Касперівка","р. Дніпро, рук. Рвач",water_level,cm,2023-02-23,485.0,,-5.0,-0.15000000000000036,0.2046585449569331,0.05465854495693273,Інв_№230_Щорічні_дані_про_режим_та_ресурси_вод_морів_і_морських.pdf,163
80807,"с. Кізомис, МГП-І Касперівка","р. Дніпро, рук. Рвач",water_level,cm,2023-02-24,502.0,,-5.0,0.019999999999999574,0.2046585449569331,0.22465854495693266,Інв_№230_Щорічні_дані_про_режим_та_ресурси_вод_морів_і_морських.pdf,163
80807,"с. Кізомис, МГП-І Касперівка","р. Дніпро, рук. Рвач",water_level,cm,2023-02-25,511.0,,-5.0,0.11000000000000032,0.2046585449569331,0.3146585449569334,Інв_№230_Щорічні_дані_про_режим_та_ресурси_вод_морів_і_морських.pdf,163
80807,"с. Кізомис, МГП-І Касперівка","р. Дніпро, рук. Рвач",water_level,cm,2023-02-26,500.0,,-5.0,0.0,0.2046585449569331,0.2046585449569331,Інв_№230_Щорічні_дані_про_режим_та_ресурси_вод_морів_і_морських.pdf,163
80807,"с. Кізомис, МГП-І Касперівка","р. Дніпро, рук. Рвач",water_level,cm,2023-02-27,500.0,,-5.0,0.0,0.2046585449569331,0.2046585449569331,Інв_№230_Щорічні_дані_про_режим_та_ресурси_вод_морів_і_морських.pdf,163
80807,"с. Кізомис, МГП-І Касперівка","р. Дніпро, рук. Рвач",water_level,cm,2023-02-28,489.0,,-5.0,-0.11000000000000032,0.2046585449569331,0.09465854495693277,Інв_№230_Щорічні_дані_про_режим_та_ресурси_вод_морів_і_морських.pdf,163
80807,"с. Кізомис, МГП-І Касперівка","р. Дніпро, рук. Рвач",water_level,cm,2023-03-01,492.0,,-5.0,-0.08000000000000007,0.2046585449569331,0.12465854495693302,Інв_№230_Щорічні_дані_про_режим_та_ресурси_вод_морів_і_морських.pdf,163
80807,"с. Кізомис, МГП-І Касперівка","р. Дніпро, рук. Рвач",water_level,cm,2023-03-02,485.0,,-5.0,-0.15000000000000036,0.2046585449569331,0.05465854495693273,Інв_№230_Щорічні_дані_про_режим_та_ресурси_вод_морів_і_морських.pdf,163
80807,"с. Кізомис, МГП-І Касперівка","р. Дніпро, рук. Рвач",water_level,cm,2023-03-03,489.0,,-5.0,-0.11000000000000032,0.2046585449569331,0.09465854495693277,Інв_№230_Щорічні_дані_про_режим_та_ресурси_вод_морів_і_морських.pdf,163
80807,"с. Кізомис, МГП-І Касперівка","р. Дніпро, рук. Рвач",water_level,cm,2023-03-04,498.0,,-5.0,-0.019999999999999574,0.2046585449569331,0.1846585449569335,Інв_№230_Щорічні_дані_про_режим_та_ресурси_вод_морів_і_морських.pdf,163
80807,"с. Кізомис, МГП-І Касперівка","р. Дніпро, рук. Рвач",water_level,cm,2023-03-05,489.0,,-5.0,-0.11000000000000032,0.2046585449569331,0.09465854495693277,Інв_№230_Щорічні_дані_про_режим_та_ресурси_вод_морів_і_морських.pdf,163
80807,"с. Кізомис, МГП-І Касперівка","р. Дніпро, рук. Рвач",water_level,cm,2023-03-06,486.0,,-5.0,-0.13999999999999968,0.2046585449569331,0.0646585449569334,Інв_№230_Щорічні_дані_про_режим_та_ресурси_вод_морів_і_морських.pdf,163
80807,"с. Кізомис, МГП-І Касперівка","р. Дніпро, рук. Рвач",water_level,cm,2023-03-07,502.0,,-5.0,0.019999999999999574,0.2046585449569331,0.22465854495693266,Інв_№230_Щорічні_дані_про_режим_та_ресурси_вод_морів_і_морських.pdf,163
80807,"с. Кізомис, МГП-І Касперівка","р. Дніпро, рук. Рвач",water_level,cm,2023-03-08,505.0,,-5.0,0.04999999999999982,0.2046585449569331,0.2546585449569329,Інв_№230_Щорічні_дані_про_режим_та_ресурси_вод_морів_і_морських.pdf,163
80807,"с. Кізомис, МГП-І Касперівка","р. Дніпро, рук. Рвач",water_level,cm,2023-03-09,505.0,,-5.0,0.04999999999999982,0.2046585449569331,0.2546585449569329,Інв_№230_Щорічні_дані_про_режим_та_ресурси_вод_морів_і_морських.pdf,163
80807,"с. Кізомис, МГП-І Касперівка","р. Дніпро, рук. Рвач",water_level,cm,2023-03-10,499.0,,-5.0,-0.009999999999999787,0.2046585449569331,0.1946585449569333,Інв_№230_Щорічні_дані_про_режим_та_ресурси_вод_морів_і_морських.pdf,163
80807,"с. Кізомис, МГП-І Касперівка","р. Дніпро, рук. Рвач",water_level,cm,2023-03-11,506.0,,-5.0,0.05999999999999961,0.2046585449569331,0.2646585449569327,Інв_№230_Щорічні_дані_про_режим_та_ресурси_вод_морів_і_морських.pdf,163
80807,"с. Кізомис, МГП-І Касперівка","р. Дніпро, рук. Рвач",water_level,cm,2023-03-12,508.0,,-5.0,0.08000000000000007,0.2046585449569331,0.28465854495693316,Інв_№230_Щорічні_дані_про_режим_та_ресурси_вод_морів_і_морських.pdf,163
80807,"с. Кізомис, МГП-І Касперівка","р. Дніпро, рук. Рвач",water_level,cm,2023-03-13,494.0,,-5.0,-0.05999999999999961,0.2046585449569331,0.14465854495693348,Інв_№230_Щорічні_дані_про_режим_та_ресурси_вод_морів_і_морських.pdf,163
80807,"с. Кізомис, МГП-І Касперівка","р. Дніпро, рук. Рвач",water_level,cm,2023-03-14,497.0,,-5.0,-0.03000000000000025,0.2046585449569331,0.17465854495693284,Інв_№230_Щорічні_дані_про_режим_та_ресурси_вод_морів_і_морських.pdf,163
80807,"с. Кізомис, МГП-І Касперівка","р. Дніпро, рук. Рвач",water_level,cm,2023-03-15,502.0,,-5.0,0.019999999999999574,0.2046585449569331,0.22465854495693266,Інв_№230_Щорічні_дані_про_режим_та_ресурси_вод_морів_і_морських.pdf,163
80807,"с. Кізомис, МГП-І Касперівка","р. Дніпро, рук. Рвач",water_level,cm,2023-03-16,494.0,,-5.0,-0.05999999999999961,0.2046585449569331,0.14465854495693348,Інв_№230_Щорічні_дані_про_режим_та_ресурси_вод_морів_і_морських.pdf,163
80807,"с. Кізомис, МГП-І Касперівка","р. Дніпро, рук. Рвач",water_level,cm,2023-03-17,486.0,,-5.0,-0.13999999999999968,0.2046585449569331,0.0646585449569334,Інв_№230_Щорічні_дані_про_режим_та_ресурси_вод_морів_і_морських.pdf,163
80807,"с. Кізомис, МГП-І Касперівка","р. Дніпро, рук. Рвач",water_level,cm,2023-03-18,483.0,,-5.0,-0.16999999999999993,0.2046585449569331,0.03465854495693316,Інв_№230_Щорічні_дані_про_режим_та_ресурси_вод_морів_і_морських.pdf,163
80807,"с. Кізомис, МГП-І Касперівка","р. Дніпро, рук. Рвач",water_level,cm,2023-03-19,487.0,,-5.0,-0.1299999999999999,0.2046585449569331,0.07465854495693319,Інв_№230_Щорічні_дані_про_режим_та_ресурси_вод_морів_і_морських.pdf,163
80807,"с. Кізомис, МГП-І Касперівка","р. Дніпро, рук. Рвач",water_level,cm,2023-03-20,496.0,,-5.0,-0.040000000000000036,0.2046585449569331,0.16465854495693305,Інв_№230_Щорічні_дані_про_режим_та_ресурси_вод_морів_і_морських.pdf,163
80807,"с. Кізомис, МГП-І Касперівка","р. Дніпро, рук. Рвач",water_level,cm,2023-03-21,497.0,,-5.0,-0.03000000000000025,0.2046585449569331,0.17465854495693284,Інв_№230_Щорічні_дані_про_режим_та_ресурси_вод_морів_і_морських.pdf,163
80807,"с. Кізомис, МГП-І Касперівка","р. Дніпро, рук. Рвач",water_level,cm,2023-03-22,492.0,,-5.0,-0.08000000000000007,0.2046585449569331,0.12465854495693302,Інв_№230_Щорічні_дані_про_режим_та_ресурси_вод_морів_і_морських.pdf,163
80807,"с. Кізомис, МГП-І Касперівка","р. Дніпро, рук. Рвач",water_level,cm,2023-03-23,491.0,,-5.0,-0.08999999999999986,0.2046585449569331,0.11465854495693323,Інв_№230_Щорічні_дані_про_режим_та_ресурси_вод_морів_і_морських.pdf,163
80807,"с. Кізомис, МГП-І Касперівка","р. Дніпро, рук. Рвач",water_level,cm,2023-03-24,496.0,,-5.0,-0.040000000000000036,0.2046585449569331,0.16465854495693305,Інв_№230_Щорічні_дані_про_режим_та_ресурси_вод_морів_і_морських.pdf,163
80807,"с. Кізомис, МГП-І Касперівка","р. Дніпро, рук. Рвач",water_level,cm,2023-03-25,505.0,,-5.0,0.04999999999999982,0.2046585449569331,0.2546585449569329,Інв_№230_Щорічні_дані_про_режим_та_ресурси_вод_морів_і_морських.pdf,163
80807,"с. Кізомис, МГП-І Касперівка","р. Дніпро, рук. Рвач",water_level,cm,2023-03-26,500.0,,-5.0,0.0,0.2046585449569331,0.2046585449569331,Інв_№230_Щорічні_дані_про_режим_та_ресурси_вод_морів_і_морських.pdf,163
80807,"с. Кізомис, МГП-І Касперівка","р. Дніпро, рук. Рвач",water_level,cm,2023-03-27,503.0,,-5.0,0.03000000000000025,0.2046585449569331,0.23465854495693333,Інв_№230_Щорічні_дані_про_режим_та_ресурси_вод_морів_і_морських.pdf,163
80807,"с. Кізомис, МГП-І Касперівка","р. Дніпро, рук. Рвач",water_level,cm,2023-03-28,519.0,?,-5.0,0.1900000000000004,0.2046585449569331,0.3946585449569335,Інв_№230_Щорічні_дані_про_режим_та_ресурси_вод_морів_і_морських.pdf,163
80807,"с. Кізомис, МГП-І Касперівка","р. Дніпро, рук. Рвач",water_level,cm,2023-03-29,501.0,,-5.0,0.009999999999999787,0.2046585449569331,0.21465854495693287,Інв_№230_Щорічні_дані_про_режим_та_ресурси_вод_морів_і_морських.pdf,163
80807,"с. Кізомис, МГП-І Касперівка","р. Дніпро, рук. Рвач",water_level,cm,2023-03-30,503.0,,-5.0,0.03000000000000025,0.2046585449569331,0.23465854495693333,Інв_№230_Щорічні_дані_про_режим_та_ресурси_вод_морів_і_морських.pdf,163
80807,"с. Кізомис, МГП-І Касперівка","р. Дніпро, рук. Рвач",water_level,cm,2023-03-31,507.0,,-5.0,0.07000000000000028,0.2046585449569331,0.27465854495693337,Інв_№230_Щорічні_дані_про_режим_та_ресурси_вод_морів_і_морських.pdf,163
80807,"с. Кізомис, МГП-І Касперівка","р. Дніпро, рук. Рвач",water_level,cm,2023-04-01,506.0,,-5.0,0.05999999999999961,0.2046585449569331,0.2646585449569327,Інв_№230_Щорічні_дані_про_режим_та_ресурси_вод_морів_і_морських.pdf,163
80807,"с. Кізомис, МГП-І Касперівка","р. Дніпро, рук. Рвач",water_level,cm,2023-04-02,507.0,,-5.0,0.07000000000000028,0.2046585449569331,0.27465854495693337,Інв_№230_Щорічні_дані_про_режим_та_ресурси_вод_морів_і_морських.pdf,163
80807,"с. Кізомис, МГП-І Касперівка","р. Дніпро, рук. Рвач",water_level,cm,2023-04-03,506.0,,-5.0,0.05999999999999961,0.2046585449569331,0.2646585449569327,Інв_№230_Щорічні_дані_про_режим_та_ресурси_вод_морів_і_морських.pdf,163
80807,"с. Кізомис, МГП-І Касперівка","р. Дніпро, рук. Рвач",water_level,cm,2023-04-04,492.0,,-5.0,-0.08000000000000007,0.2046585449569331,0.12465854495693302,Інв_№230_Щорічні_дані_про_режим_та_ресурси_вод_морів_і_морських.pdf,163
80807,"с. Кізомис, МГП-І Касперівка","р. Дніпро, рук. Рвач",water_level,cm,2023-04-05,500.0,,-5.0,0.0,0.2046585449569331,0.2046585449569331,Інв_№230_Щорічні_дані_про_режим_та_ресурси_вод_морів_і_морських.pdf,163
80807,"с. Кізомис, МГП-І Касперівка","р. Дніпро, рук. Рвач",water_level,cm,2023-04-06,513.0,,-5.0,0.1299999999999999,0.2046585449569331,0.334658544956933,Інв_№230_Щорічні_дані_про_режим_та_ресурси_вод_морів_і_морських.pdf,163
80807,"с. Кізомис, МГП-І Касперівка","р. Дніпро, рук. Рвач",water_level,cm,2023-04-07,503.0,,-5.0,0.03000000000000025,0.2046585449569331,0.23465854495693333,Інв_№230_Щорічні_дані_про_режим_та_ресурси_вод_морів_і_морських.pdf,163
80807,"с. Кізомис, МГП-І Касперівка","р. Дніпро, рук. Рвач",water_level,cm,2023-04-08,504.0,,-5.0,0.040000000000000036,0.2046585449569331,0.24465854495693312,Інв_№230_Щорічні_дані_про_режим_та_ресурси_вод_морів_і_морських.pdf,163
80807,"с. Кізомис, МГП-І Касперівка","р. Дніпро, рук. Рвач",water_level,cm,2023-04-09,502.0,,-5.0,0.019999999999999574,0.2046585449569331,0.22465854495693266,Інв_№230_Щорічні_дані_про_режим_та_ресурси_вод_морів_і_морських.pdf,163
80807,"с. Кізомис, МГП-І Касперівка","р. Дніпро, рук. Рвач",water_level,cm,2023-04-10,494.0,,-5.0,-0.05999999999999961,0.2046585449569331,0.14465854495693348,Інв_№230_Щорічні_дані_про_режим_та_ресурси_вод_морів_і_морських.pdf,163
80807,"с. Кізомис, МГП-І Касперівка","р. Дніпро, рук. Рвач",water_level,cm,2023-04-11,493.0,,-5.0,-0.07000000000000028,0.2046585449569331,0.1346585449569328,Інв_№230_Щорічні_дані_про_режим_та_ресурси_вод_морів_і_морських.pdf,163
80807,"с. Кізомис, МГП-І Касперівка","р. Дніпро, рук. Рвач",water_level,cm,2023-04-12,503.0,,-5.0,0.03000000000000025,0.2046585449569331,0.23465854495693333,Інв_№230_Щорічні_дані_про_режим_та_ресурси_вод_морів_і_морських.pdf,163
80807,"с. Кізомис, МГП-І Касперівка","р. Дніпро, рук. Рвач",water_level,cm,2023-04-13,507.0,,-5.0,0.07000000000000028,0.2046585449569331,0.27465854495693337,Інв_№230_Щорічні_дані_про_режим_та_ресурси_вод_морів_і_морських.pdf,163
80807,"с. Кізомис, МГП-І Касперівка","р. Дніпро, рук. Рвач",water_level,cm,2023-04-14,503.0,,-5.0,0.03000000000000025,0.2046585449569331,0.23465854495693333,Інв_№230_Щорічні_дані_про_режим_та_ресурси_вод_морів_і_морських.pdf,163
80807,"с. Кізомис, МГП-І Касперівка","р. Дніпро, рук. Рвач",water_level,cm,2023-04-15,496.0,,-5.0,-0.040000000000000036,0.2046585449569331,0.16465854495693305,Інв_№230_Щорічні_дані_про_режим_та_ресурси_вод_морів_і_морських.pdf,163
80807,"с. Кізомис, МГП-І Касперівка","р. Дніпро, рук. Рвач",water_level,cm,2023-04-16,494.0,?,-5.0,-0.05999999999999961,0.2046585449569331,0.14465854495693348,Інв_№230_Щорічні_дані_про_режим_та_ресурси_вод_морів_і_морських.pdf,163
80807,"с. Кізомис, МГП-І Касперівка","р. Дніпро, рук. Рвач",water_level,cm,2023-04-17,508.0,?,-5.0,0.08000000000000007,0.2046585449569331,0.28465854495693316,Інв_№230_Щорічні_дані_про_режим_та_ресурси_вод_морів_і_морських.pdf,163
80807,"с. Кізомис, МГП-І Касперівка","р. Дніпро, рук. Рвач",water_level,cm,2023-04-18,505.0,,-5.0,0.04999999999999982,0.2046585449569331,0.2546585449569329,Інв_№230_Щорічні_дані_про_режим_та_ресурси_вод_морів_і_морських.pdf,163
80807,"с. Кізомис, МГП-І Касперівка","р. Дніпро, рук. Рвач",water_level,cm,2023-04-19,501.0,,-5.0,0.009999999999999787,0.2046585449569331,0.21465854495693287,Інв_№230_Щорічні_дані_про_режим_та_ресурси_вод_морів_і_морських.pdf,163
80807,"с. Кізомис, МГП-І Касперівка","р. Дніпро, рук. Рвач",water_level,cm,2023-04-21,508.0,?,-5.0,0.08000000000000007,0.2046585449569331,0.28465854495693316,Інв_№230_Щорічні_дані_про_режим_та_ресурси_вод_морів_і_морських.pdf,163
80807,"с. Кізомис, МГП-І Касперівка","р. Дніпро, рук. Рвач",water_level,cm,2023-04-22,507.0,,-5.0,0.07000000000000028,0.2046585449569331,0.27465854495693337,Інв_№230_Щорічні_дані_про_режим_та_ресурси_вод_морів_і_морських.pdf,163
80807,"с. Кізомис, МГП-І Касперівка","р. Дніпро, рук. Рвач",water_level,cm,2023-04-23,506.0,,-5.0,0.05999999999999961,0.2046585449569331,0.2646585449569327,Інв_№230_Щорічні_дані_про_режим_та_ресурси_вод_морів_і_морських.pdf,163
80807,"с. Кізомис, МГП-І Касперівка","р. Дніпро, рук. Рвач",water_level,cm,2023-04-24,506.0,,-5.0,0.05999999999999961,0.2046585449569331,0.2646585449569327,Інв_№230_Щорічні_дані_про_режим_та_ресурси_вод_морів_і_морських.pdf,163
80807,"с. Кізомис, МГП-І Касперівка","р. Дніпро, рук. Рвач",water_level,cm,2023-04-25,507.0,,-5.0,0.07000000000000028,0.2046585449569331,0.27465854495693337,Інв_№230_Щорічні_дані_про_режим_та_ресурси_вод_морів_і_морських.pdf,163
80807,"с. Кізомис, МГП-І Касперівка","р. Дніпро, рук. Рвач",water_level,cm,2023-04-26,511.0,,-5.0,0.11000000000000032,0.2046585449569331,0.3146585449569334,Інв_№230_Щорічні_дані_про_режим_та_ресурси_вод_морів_і_морських.pdf,163
80807,"с. Кізомис, МГП-І Касперівка","р. Дніпро, рук. Рвач",water_level,cm,2023-04-27,501.0,,-5.0,0.009999999999999787,0.2046585449569331,0.21465854495693287,Інв_№230_Щорічні_дані_про_режим_та_ресурси_вод_морів_і_морських.pdf,163
80807,"с. Кізомис, МГП-І Касперівка","р. Дніпро, рук. Рвач",water_level,cm,2023-04-28,497.0,,-5.0,-0.03000000000000025,0.2046585449569331,0.17465854495693284,Інв_№230_Щорічні_дані_про_режим_та_ресурси_вод_морів_і_морських.pdf,163
80807,"с. Кізомис, МГП-І Касперівка","р. Дніпро, рук. Рвач",water_level,cm,2023-04-29,498.0,,-5.0,-0.019999999999999574,0.2046585449569331,0.1846585449569335,Інв_№230_Щорічні_дані_про_режим_та_ресурси_вод_морів_і_морських.pdf,163
80807,"с. Кізомис, МГП-І Касперівка","р. Дніпро, рук. Рвач",water_level,cm,2023-04-30,509.0,,-5.0,0.08999999999999986,0.2046585449569331,0.29465854495693294,Інв_№230_Щорічні_дані_про_режим_та_ресурси_вод_морів_і_морських.pdf,163
80807,"с. Кізомис, МГП-І Касперівка","р. Дніпро, рук. Рвач",water_level,cm,2023-05-01,506.0,,-5.0,0.05999999999999961,0.2046585449569331,0.2646585449569327,Інв_№230_Щорічні_дані_про_режим_та_ресурси_вод_морів_і_морських.pdf,163
80807,"с. Кізомис, МГП-І Касперівка","р. Дніпро, рук. Рвач",water_level,cm,2023-05-02,505.0,,-5.0,0.04999999999999982,0.2046585449569331,0.2546585449569329,Інв_№230_Щорічні_дані_про_режим_та_ресурси_вод_морів_і_морських.pdf,163
80807,"с. Кізомис, МГП-І Касперівка","р. Дніпро, рук. Рвач",water_level,cm,2023-05-03,506.0,,-5.0,0.05999999999999961,0.2046585449569331,0.2646585449569327,Інв_№230_Щорічні_дані_про_режим_та_ресурси_вод_морів_і_морських.pdf,163
80807,"с. Кізомис, МГП-І Касперівка","р. Дніпро, рук. Рвач",water_level,cm,2023-05-04,508.0,,-5.0,0.08000000000000007,0.2046585449569331,0.28465854495693316,Інв_№230_Щорічні_дані_про_режим_та_ресурси_вод_морів_і_морських.pdf,163
80807,"с. Кізомис, МГП-І Касперівка","р. Дніпро, рук. Рвач",water_level,cm,2023-05-05,512.0,,-5.0,0.1200000000000001,0.2046585449569331,0.3246585449569332,Інв_№230_Щорічні_дані_про_режим_та_ресурси_вод_морів_і_морських.pdf,163
80807,"с. Кізомис, МГП-І Касперівка","р. Дніпро, рук. Рвач",water_level,cm,2023-05-06,509.0,,-5.0,0.08999999999999986,0.2046585449569331,0.29465854495693294,Інв_№230_Щорічні_дані_про_режим_та_ресурси_вод_морів_і_морських.pdf,163
80807,"с. Кізомис, МГП-І Касперівка","р. Дніпро, рук. Рвач",water_level,cm,2023-05-07,504.0,,-5.0,0.040000000000000036,0.2046585449569331,0.24465854495693312,Інв_№230_Щорічні_дані_про_режим_та_ресурси_вод_морів_і_морських.pdf,163
80807,"с. Кізомис, МГП-І Касперівка","р. Дніпро, рук. Рвач",water_level,cm,2023-05-08,509.0,,-5.0,0.08999999999999986,0.2046585449569331,0.29465854495693294,Інв_№230_Щорічні_дані_про_режим_та_ресурси_вод_морів_і_морських.pdf,163
80807,"с. Кізомис, МГП-І Касперівка","р. Дніпро, рук. Рвач",water_level,cm,2023-05-09,507.0,,-5.0,0.07000000000000028,0.2046585449569331,0.27465854495693337,Інв_№230_Щорічні_дані_про_режим_та_ресурси_вод_морів_і_морських.pdf,163
80807,"с. Кізомис, МГП-І Касперівка","р. Дніпро, рук. Рвач",water_level,cm,2023-05-10,504.0,,-5.0,0.040000000000000036,0.2046585449569331,0.24465854495693312,Інв_№230_Щорічні_дані_про_режим_та_ресурси_вод_морів_і_морських.pdf,163
80807,"с. Кізомис, МГП-І Касперівка","р. Дніпро, рук. Рвач",water_level,cm,2023-05-11,504.0,,-5.0,0.040000000000000036,0.2046585449569331,0.24465854495693312,Інв_№230_Щорічні_дані_про_режим_та_ресурси_вод_морів_і_морських.pdf,163
80807,"с. Кізомис, МГП-І Касперівка","р. Дніпро, рук. Рвач",water_level,cm,2023-05-12,505.0,,-5.0,0.04999999999999982,0.2046585449569331,0.2546585449569329,Інв_№230_Щорічні_дані_про_режим_та_ресурси_вод_морів_і_морських.pdf,163
80807,"с. Кізомис, МГП-І Касперівка","р. Дніпро, рук. Рвач",water_level,cm,2023-05-13,505.0,,-5.0,0.04999999999999982,0.2046585449569331,0.2546585449569329,Інв_№230_Щорічні_дані_про_режим_та_ресурси_вод_морів_і_морських.pdf,163
80807,"с. Кізомис, МГП-І Касперівка","р. Дніпро, рук. Рвач",water_level,cm,2023-05-14,503.0,,-5.0,0.03000000000000025,0.2046585449569331,0.23465854495693333,Інв_№230_Щорічні_дані_про_режим_та_ресурси_вод_морів_і_морських.pdf,163
80807,"с. Кізомис, МГП-І Касперівка","р. Дніпро, рук. Рвач",water_level,cm,2023-05-15,505.0,,-5.0,0.04999999999999982,0.2046585449569331,0.2546585449569329,Інв_№230_Щорічні_дані_про_режим_та_ресурси_вод_морів_і_морських.pdf,163
80807,"с. Кізомис, МГП-І Касперівка","р. Дніпро, рук. Рвач",water_level,cm,2023-05-16,511.0,,-5.0,0.11000000000000032,0.2046585449569331,0.3146585449569334,Інв_№230_Щорічні_дані_про_режим_та_ресурси_вод_морів_і_морських.pdf,163
80807,"с. Кізомис, МГП-І Касперівка","р. Дніпро, рук. Рвач",water_level,cm,2023-05-17,507.0,,-5.0,0.07000000000000028,0.2046585449569331,0.27465854495693337,Інв_№230_Щорічні_дані_про_режим_та_ресурси_вод_морів_і_морських.pdf,163
80807,"с. Кізомис, МГП-І Касперівка","р. Дніпро, рук. Рвач",water_level,cm,2023-05-18,508.0,,-5.0,0.08000000000000007,0.2046585449569331,0.28465854495693316,Інв_№230_Щорічні_дані_про_режим_та_ресурси_вод_морів_і_морських.pdf,163
80807,"с. Кізомис, МГП-І Касперівка","р. Дніпро, рук. Рвач",water_level,cm,2023-05-19,507.0,,-5.0,0.07000000000000028,0.2046585449569331,0.27465854495693337,Інв_№230_Щорічні_дані_про_режим_та_ресурси_вод_морів_і_морських.pdf,163
80807,"с. Кізомис, МГП-І Касперівка","р. Дніпро, рук. Рвач",water_level,cm,2023-05-20,505.0,,-5.0,0.04999999999999982,0.2046585449569331,0.2546585449569329,Інв_№230_Щорічні_дані_про_режим_та_ресурси_вод_морів_і_морських.pdf,163
80807,"с. Кізомис, МГП-І Касперівка","р. Дніпро, рук. Рвач",water_level,cm,2023-05-21,504.0,,-5.0,0.040000000000000036,0.2046585449569331,0.24465854495693312,Інв_№230_Щорічні_дані_про_режим_та_ресурси_вод_морів_і_морських.pdf,163
80807,"с. Кізомис, МГП-І Касперівка","р. Дніпро, рук. Рвач",water_level,cm,2023-05-22,499.0,,-5.0,-0.009999999999999787,0.2046585449569331,0.1946585449569333,Інв_№230_Щорічні_дані_про_режим_та_ресурси_вод_морів_і_морських.pdf,163
80807,"с. Кізомис, МГП-І Касперівка","р. Дніпро, рук. Рвач",water_level,cm,2023-05-23,507.0,,-5.0,0.07000000000000028,0.2046585449569331,0.27465854495693337,Інв_№230_Щорічні_дані_про_режим_та_ресурси_вод_морів_і_морських.pdf,163
80807,"с. Кізомис, МГП-І Касперівка","р. Дніпро, рук. Рвач",water_level,cm,2023-05-24,508.0,,-5.0,0.08000000000000007,0.2046585449569331,0.28465854495693316,Інв_№230_Щорічні_дані_про_режим_та_ресурси_вод_морів_і_морських.pdf,163
80807,"с. Кізомис, МГП-І Касперівка","р. Дніпро, рук. Рвач",water_level,cm,2023-05-25,508.0,,-5.0,0.08000000000000007,0.2046585449569331,0.28465854495693316,Інв_№230_Щорічні_дані_про_режим_та_ресурси_вод_морів_і_морських.pdf,163
80807,"с. Кізомис, МГП-І Касперівка","р. Дніпро, рук. Рвач",water_level,cm,2023-05-26,505.0,,-5.0,0.04999999999999982,0.2046585449569331,0.2546585449569329,Інв_№230_Щорічні_дані_про_режим_та_ресурси_вод_морів_і_морських.pdf,163
80807,"с. Кізомис, МГП-І Касперівка","р. Дніпро, рук. Рвач",water_level,cm,2023-05-27,503.0,,-5.0,0.03000000000000025,0.2046585449569331,0.23465854495693333,Інв_№230_Щорічні_дані_про_режим_та_ресурси_вод_морів_і_морських.pdf,163
80807,"с. Кізомис, МГП-І Касперівка","р. Дніпро, рук. Рвач",water_level,cm,2023-05-28,506.0,,-5.0,0.05999999999999961,0.2046585449569331,0.2646585449569327,Інв_№230_Щорічні_дані_про_режим_та_ресурси_вод_морів_і_морських.pdf,163
80807,"с. Кізомис, МГП-І Касперівка","р. Дніпро, рук. Рвач",water_level,cm,2023-05-29,508.0,,-5.0,0.08000000000000007,0.2046585449569331,0.28465854495693316,Інв_№230_Щорічні_дані_про_режим_та_ресурси_вод_морів_і_морських.pdf,163
80807,"с. Кізомис, МГП-І Касперівка","р. Дніпро, рук. Рвач",water_level,cm,2023-05-30,511.0,,-5.0,0.11000000000000032,0.2046585449569331,0.3146585449569334,Інв_№230_Щорічні_дані_про_режим_та_ресурси_вод_морів_і_морських.pdf,163
80807,"с. Кізомис, МГП-І Касперівка","р. Дніпро, рук. Рвач",water_level,cm,2023-05-31,512.0,,-5.0,0.1200000000000001,0.2046585449569331,0.3246585449569332,Інв_№230_Щорічні_дані_про_режим_та_ресурси_вод_морів_і_морських.pdf,163
80807,"с. Кізомис, МГП-І Касперівка","р. Дніпро, рук. Рвач",water_level,cm,2023-06-01,512.0,,-5.0,0.1200000000000001,0.2046585449569331,0.3246585449569332,Інв_№230_Щорічні_дані_про_режим_та_ресурси_вод_морів_і_морських.pdf,163
80807,"с. Кізомис, МГП-І Касперівка","р. Дніпро, рук. Рвач",water_level,cm,2023-06-02,516.0,,-5.0,0.16000000000000014,0.2046585449569331,0.36465854495693323,Інв_№230_Щорічні_дані_про_режим_та_ресурси_вод_морів_і_морських.pdf,163
80807,"с. Кізомис, МГП-І Касперівка","р. Дніпро, рук. Рвач",water_level,cm,2023-06-03,510.0,,-5.0,0.09999999999999964,0.2046585449569331,0.30465854495693273,Інв_№230_Щорічні_дані_про_режим_та_ресурси_вод_морів_і_морських.pdf,163
80807,"с. Кізомис, МГП-І Касперівка","р. Дніпро, рук. Рвач",water_level,cm,2023-06-04,502.0,,-5.0,0.019999999999999574,0.2046585449569331,0.22465854495693266,Інв_№230_Щорічні_дані_про_режим_та_ресурси_вод_морів_і_морських.pdf,163
80807,"с. Кізомис, МГП-І Касперівка","р. Дніпро, рук. Рвач",water_level,cm,2023-06-05,505.0,,-5.0,0.04999999999999982,0.2046585449569331,0.2546585449569329,Інв_№230_Щорічні_дані_про_режим_та_ресурси_вод_морів_і_морських.pdf,163
80807,"с. Кізомис, МГП-І Касперівка","р. Дніпро, рук. Рвач",water_level,cm,2023-06-06,545.0,/,-5.0,0.4500000000000002,0.2046585449569331,0.6546585449569333,Інв_№230_Щорічні_дані_про_режим_та_ресурси_вод_морів_і_морських.pdf,163
80807,"с. Кізомис, МГП-І Касперівка","р. Дніпро, рук. Рвач",water_level,cm,2023-06-07,625.0,?/,-5.0,1.25,0.2046585449569331,1.4546585449569331,Інв_№230_Щорічні_дані_про_режим_та_ресурси_вод_морів_і_морських.pdf,163
80807,"с. Кізомис, МГП-І Касперівка","р. Дніпро, рук. Рвач",water_level,cm,2023-06-16,533.0,?/,-5.0,0.33000000000000007,0.2046585449569331,0.5346585449569332,Інв_№230_Щорічні_дані_про_режим_та_ресурси_вод_морів_і_морських.pdf,163
80807,"с. Кізомис, МГП-І Касперівка","р. Дніпро, рук. Рвач",water_level,cm,2023-06-17,524.0,,-5.0,0.2400000000000002,0.2046585449569331,0.4446585449569333,Інв_№230_Щорічні_дані_про_режим_та_ресурси_вод_морів_і_морських.pdf,163
80807,"с. Кізомис, МГП-І Касперівка","р. Дніпро, рук. Рвач",water_level,cm,2023-06-18,517.0,,-5.0,0.16999999999999993,0.2046585449569331,0.374658544956933,Інв_№230_Щорічні_дані_про_режим_та_ресурси_вод_морів_і_морських.pdf,163
80807,"с. Кізомис, МГП-І Касперівка","р. Дніпро, рук. Рвач",water_level,cm,2023-06-19,516.0,,-5.0,0.16000000000000014,0.2046585449569331,0.36465854495693323,Інв_№230_Щорічні_дані_про_режим_та_ресурси_вод_морів_і_морських.pdf,163
80807,"с. Кізомис, МГП-І Касперівка","р. Дніпро, рук. Рвач",water_level,cm,2023-06-20,519.0,,-5.0,0.1900000000000004,0.2046585449569331,0.3946585449569335,Інв_№230_Щорічні_дані_про_режим_та_ресурси_вод_морів_і_морських.pdf,163
80807,"с. Кізомис, МГП-І Касперівка","р. Дніпро, рук. Рвач",water_level,cm,2023-06-21,520.0,,-5.0,0.20000000000000018,0.2046585449569331,0.40465854495693326,Інв_№230_Щорічні_дані_про_режим_та_ресурси_вод_морів_і_морських.pdf,163
80807,"с. Кізомис, МГП-І Касперівка","р. Дніпро, рук. Рвач",water_level,cm,2023-06-22,516.0,,-5.0,0.16000000000000014,0.2046585449569331,0.36465854495693323,Інв_№230_Щорічні_дані_про_режим_та_ресурси_вод_морів_і_морських.pdf,163
80807,"с. Кізомис, МГП-І Касперівка","р. Дніпро, рук. Рвач",water_level,cm,2023-06-23,525.0,,-5.0,0.25,0.2046585449569331,0.4546585449569331,Інв_№230_Щорічні_дані_про_режим_та_ресурси_вод_морів_і_морських.pdf,163
80807,"с. Кізомис, МГП-І Касперівка","р. Дніпро, рук. Рвач",water_level,cm,2023-06-24,527.0,,-5.0,0.2699999999999996,0.2046585449569331,0.47465854495693266,Інв_№230_Щорічні_дані_про_режим_та_ресурси_вод_морів_і_морських.pdf,163
80807,"с. Кізомис, МГП-І Касперівка","р. Дніпро, рук. Рвач",water_level,cm,2023-06-25,520.0,,-5.0,0.20000000000000018,0.2046585449569331,0.40465854495693326,Інв_№230_Щорічні_дані_про_режим_та_ресурси_вод_морів_і_морських.pdf,163
80807,"с. Кізомис, МГП-І Касперівка","р. Дніпро, рук. Рвач",water_level,cm,2023-06-26,510.0,,-5.0,0.09999999999999964,0.2046585449569331,0.30465854495693273,Інв_№230_Щорічні_дані_про_режим_та_ресурси_вод_морів_і_морських.pdf,163
80807,"с. Кізомис, МГП-І Касперівка","р. Дніпро, рук. Рвач",water_level,cm,2023-06-27,520.0,,-5.0,0.20000000000000018,0.2046585449569331,0.40465854495693326,Інв_№230_Щорічні_дані_про_режим_та_ресурси_вод_морів_і_морських.pdf,163
80807,"с. Кізомис, МГП-І Касперівка","р. Дніпро, рук. Рвач",water_level,cm,2023-06-28,520.0,,-5.0,0.20000000000000018,0.2046585449569331,0.40465854495693326,Інв_№230_Щорічні_дані_про_режим_та_ресурси_вод_морів_і_морських.pdf,163
80807,"с. Кізомис, МГП-І Касперівка","р. Дніпро, рук. Рвач",water_level,cm,2023-06-29,519.0,,-5.0,0.1900000000000004,0.2046585449569331,0.3946585449569335,Інв_№230_Щорічні_дані_про_режим_та_ресурси_вод_морів_і_морських.pdf,163
80807,"с. Кізомис, МГП-І Касперівка","р. Дніпро, рук. Рвач",water_level,cm,2023-06-30,521.0,,-5.0,0.20999999999999996,0.2046585449569331,0.41465854495693305,Інв_№230_Щорічні_дані_про_режим_та_ресурси_вод_морів_і_морських.pdf,163
80807,"с. Кізомис, МГП-І Касперівка","р. Дніпро, рук. Рвач",water_level,cm,2023-07-01,519.0,,-5.0,0.1900000000000004,0.2046585449569331,0.3946585449569335,Інв_№230_Щорічні_дані_про_режим_та_ресурси_вод_морів_і_морських.pdf,163
80807,"с. Кізомис, МГП-І Касперівка","р. Дніпро, рук. Рвач",water_level,cm,2023-07-02,521.0,,-5.0,0.20999999999999996,0.2046585449569331,0.41465854495693305,Інв_№230_Щорічні_дані_про_режим_та_ресурси_вод_морів_і_морських.pdf,163
80807,"с. Кізомис, МГП-І Касперівка","р. Дніпро, рук. Рвач",water_level,cm,2023-07-03,514.0,,-5.0,0.13999999999999968,0.2046585449569331,0.34465854495693277,Інв_№230_Щорічні_дані_про_режим_та_ресурси_вод_морів_і_морських.pdf,163
80807,"с. Кізомис, МГП-І Касперівка","р. Дніпро, рук. Рвач",water_level,cm,2023-07-04,510.0,,-5.0,0.09999999999999964,0.2046585449569331,0.30465854495693273,Інв_№230_Щорічні_дані_про_режим_та_ресурси_вод_морів_і_морських.pdf,163
80807,"с. Кізомис, МГП-І Касперівка","р. Дніпро, рук. Рвач",water_level,cm,2023-07-05,508.0,,-5.0,0.08000000000000007,0.2046585449569331,0.28465854495693316,Інв_№230_Щорічні_дані_про_режим_та_ресурси_вод_морів_і_морських.pdf,163
80807,"с. Кізомис, МГП-І Касперівка","р. Дніпро, рук. Рвач",water_level,cm,2023-07-06,505.0,,-5.0,0.04999999999999982,0.2046585449569331,0.2546585449569329,Інв_№230_Щорічні_дані_про_режим_та_ресурси_вод_морів_і_морських.pdf,163
80807,"с. Кізомис, МГП-І Касперівка","р. Дніпро, рук. Рвач",water_level,cm,2023-07-07,511.0,,-5.0,0.11000000000000032,0.2046585449569331,0.3146585449569334,Інв_№230_Щорічні_дані_про_режим_та_ресурси_вод_морів_і_морських.pdf,163
80807,"с. Кізомис, МГП-І Касперівка","р. Дніпро, рук. Рвач",water_level,cm,2023-07-08,498.0,,-5.0,-0.019999999999999574,0.2046585449569331,0.1846585449569335,Інв_№230_Щорічні_дані_про_режим_та_ресурси_вод_морів_і_морських.pdf,163
80807,"с. Кізомис, МГП-І Касперівка","р. Дніпро, рук. Рвач",water_level,cm,2023-07-09,497.0,,-5.0,-0.03000000000000025,0.2046585449569331,0.17465854495693284,Інв_№230_Щорічні_дані_про_режим_та_ресурси_вод_морів_і_морських.pdf,163
80807,"с. Кізомис, МГП-І Касперівка","р. Дніпро, рук. Рвач",water_level,cm,2023-07-10,507.0,,-5.0,0.07000000000000028,0.2046585449569331,0.27465854495693337,Інв_№230_Щорічні_дані_про_режим_та_ресурси_вод_морів_і_морських.pdf,163
80807,"с. Кізомис, МГП-І Касперівка","р. Дніпро, рук. Рвач",water_level,cm,2023-07-11,512.0,,-5.0,0.1200000000000001,0.2046585449569331,0.3246585449569332,Інв_№230_Щорічні_дані_про_режим_та_ресурси_вод_морів_і_морських.pdf,163
80807,"с. Кізомис, МГП-І Касперівка","р. Дніпро, рук. Рвач",water_level,cm,2023-07-12,511.0,,-5.0,0.11000000000000032,0.2046585449569331,0.3146585449569334,Інв_№230_Щорічні_дані_про_режим_та_ресурси_вод_морів_і_морських.pdf,163
80807,"с. Кізомис, МГП-І Касперівка","р. Дніпро, рук. Рвач",water_level,cm,2023-07-13,510.0,,-5.0,0.09999999999999964,0.2046585449569331,0.30465854495693273,Інв_№230_Щорічні_дані_про_режим_та_ресурси_вод_морів_і_морських.pdf,163
80807,"с. Кізомис, МГП-І Касперівка","р. Дніпро, рук. Рвач",water_level,cm,2023-07-14,523.0,,-5.0,0.23000000000000043,0.2046585449569331,0.4346585449569335,Інв_№230_Щорічні_дані_про_режим_та_ресурси_вод_морів_і_морських.pdf,163
80807,"с. Кізомис, МГП-І Касперівка","р. Дніпро, рук. Рвач",water_level,cm,2023-07-15,511.0,,-5.0,0.11000000000000032,0.2046585449569331,0.3146585449569334,Інв_№230_Щорічні_дані_про_режим_та_ресурси_вод_морів_і_морських.pdf,163
80807,"с. Кізомис, МГП-І Касперівка","р. Дніпро, рук. Рвач",water_level,cm,2023-07-16,506.0,,-5.0,0.05999999999999961,0.2046585449569331,0.2646585449569327,Інв_№230_Щорічні_дані_про_режим_та_ресурси_вод_морів_і_морських.pdf,163
80807,"с. Кізомис, МГП-І Касперівка","р. Дніпро, рук. Рвач",water_level,cm,2023-07-17,512.0,,-5.0,0.1200000000000001,0.2046585449569331,0.3246585449569332,Інв_№230_Щорічні_дані_про_режим_та_ресурси_вод_морів_і_морських.pdf,163
80807,"с. Кізомис, МГП-І Касперівка","р. Дніпро, рук. Рвач",water_level,cm,2023-07-18,519.0,,-5.0,0.1900000000000004,0.2046585449569331,0.3946585449569335,Інв_№230_Щорічні_дані_про_режим_та_ресурси_вод_морів_і_морських.pdf,163
80807,"с. Кізомис, МГП-І Касперівка","р. Дніпро, рук. Рвач",water_level,cm,2023-07-19,506.0,,-5.0,0.05999999999999961,0.2046585449569331,0.2646585449569327,Інв_№230_Щорічні_дані_про_режим_та_ресурси_вод_морів_і_морських.pdf,163
80807,"с. Кізомис, МГП-І Касперівка","р. Дніпро, рук. Рвач",water_level,cm,2023-07-20,509.0,,-5.0,0.08999999999999986,0.2046585449569331,0.29465854495693294,Інв_№230_Щорічні_дані_про_режим_та_ресурси_вод_морів_і_морських.pdf,163
80807,"с. Кізомис, МГП-І Касперівка","р. Дніпро, рук. Рвач",water_level,cm,2023-07-21,506.0,,-5.0,0.05999999999999961,0.2046585449569331,0.2646585449569327,Інв_№230_Щорічні_дані_про_режим_та_ресурси_вод_морів_і_морських.pdf,163
80807,"с. Кізомис, МГП-І Касперівка","р. Дніпро, рук. Рвач",water_level,cm,2023-07-22,515.0,,-5.0,0.15000000000000036,0.2046585449569331,0.35465854495693344,Інв_№230_Щорічні_дані_про_режим_та_ресурси_вод_морів_і_морських.pdf,163
80807,"с. Кізомис, МГП-І Касперівка","р. Дніпро, рук. Рвач",water_level,cm,2023-07-23,510.0,,-5.0,0.09999999999999964,0.2046585449569331,0.30465854495693273,Інв_№230_Щорічні_дані_про_режим_та_ресурси_вод_морів_і_морських.pdf,163
80807,"с. Кізомис, МГП-І Касперівка","р. Дніпро, рук. Рвач",water_level,cm,2023-07-24,504.0,,-5.0,0.040000000000000036,0.2046585449569331,0.24465854495693312,Інв_№230_Щорічні_дані_про_режим_та_ресурси_вод_морів_і_морських.pdf,163
80807,"с. Кізомис, МГП-І Касперівка","р. Дніпро, рук. Рвач",water_level,cm,2023-07-25,505.0,,-5.0,0.04999999999999982,0.2046585449569331,0.2546585449569329,Інв_№230_Щорічні_дані_про_режим_та_ресурси_вод_морів_і_морських.pdf,163
80807,"с. Кізомис, МГП-І Касперівка","р. Дніпро, рук. Рвач",water_level,cm,2023-07-26,513.0,,-5.0,0.1299999999999999,0.2046585449569331,0.334658544956933,Інв_№230_Щорічні_дані_про_режим_та_ресурси_вод_морів_і_морських.pdf,163
80807,"с. Кізомис, МГП-І Касперівка","р. Дніпро, рук. Рвач",water_level,cm,2023-07-27,508.0,,-5.0,0.08000000000000007,0.2046585449569331,0.28465854495693316,Інв_№230_Щорічні_дані_про_режим_та_ресурси_вод_морів_і_морських.pdf,163
80807,"с. Кізомис, МГП-І Касперівка","р. Дніпро, рук. Рвач",water_level,cm,2023-07-28,511.0,,-5.0,0.11000000000000032,0.2046585449569331,0.3146585449569334,Інв_№230_Щорічні_дані_про_режим_та_ресурси_вод_морів_і_морських.pdf,163
80807,"с. Кізомис, МГП-І Касперівка","р. Дніпро, рук. Рвач",water_level,cm,2023-07-29,512.0,,-5.0,0.1200000000000001,0.2046585449569331,0.3246585449569332,Інв_№230_Щорічні_дані_про_режим_та_ресурси_вод_морів_і_морських.pdf,163
80807,"с. Кізомис, МГП-І Касперівка","р. Дніпро, рук. Рвач",water_level,cm,2023-07-30,508.0,,-5.0,0.08000000000000007,0.2046585449569331,0.28465854495693316,Інв_№230_Щорічні_дані_про_режим_та_ресурси_вод_морів_і_морських.pdf,163
80807,"с. Кізомис, МГП-І Касперівка","р. Дніпро, рук. Рвач",water_level,cm,2023-07-31,509.0,,-5.0,0.08999999999999986,0.2046585449569331,0.29465854495693294,Інв_№230_Щорічні_дані_про_режим_та_ресурси_вод_морів_і_морських.pdf,163
80807,"с. Кізомис, МГП-І Касперівка","р. Дніпро, рук. Рвач",water_level,cm,2023-08-01,504.0,,-5.0,0.040000000000000036,0.2046585449569331,0.24465854495693312,Інв_№230_Щорічні_дані_про_режим_та_ресурси_вод_морів_і_морських.pdf,163
80807,"с. Кізомис, МГП-І Касперівка","р. Дніпро, рук. Рвач",water_level,cm,2023-08-02,508.0,,-5.0,0.08000000000000007,0.2046585449569331,0.28465854495693316,Інв_№230_Щорічні_дані_про_режим_та_ресурси_вод_морів_і_морських.pdf,163
81801,с. Олександрівка,р. Південний Буг,water_level,cm,2023-01-01,371.0,,-3.02,0.69,0.18648230896028622,0.8764823089602862,Інв_№230_Щорічні_дані_про_режим_та_ресурси_вод_морів_і_морських.pdf,164
81801,с. Олександрівка,р. Південний Буг,water_level,cm,2023-01-02,375.0,,-3.02,0.73,0.18648230896028622,0.9164823089602863,Інв_№230_Щорічні_дані_про_режим_та_ресурси_вод_морів_і_морських.pdf,164
81801,с. Олександрівка,р. Південний Буг,water_level,cm,2023-01-03,378.0,,-3.02,0.7599999999999998,0.18648230896028622,0.9464823089602861,Інв_№230_Щорічні_дані_про_режим_та_ресурси_вод_морів_і_морських.pdf,164
81801,с. Олександрівка,р. Південний Буг,water_level,cm,2023-01-04,368.0,,-3.02,0.6600000000000001,0.18648230896028622,0.8464823089602864,Інв_№230_Щорічні_дані_про_режим_та_ресурси_вод_морів_і_морських.pdf,164
81801,с. Олександрівка,р. Південний Буг,water_level,cm,2023-01-05,385.0,,-3.02,0.8300000000000001,0.18648230896028622,1.0164823089602864,Інв_№230_Щорічні_дані_про_режим_та_ресурси_вод_морів_і_морських.pdf,164
81801,с. Олександрівка,р. Південний Буг,water_level,cm,2023-01-06,379.0,,-3.02,0.77,0.18648230896028622,0.9564823089602863,Інв_№230_Щорічні_дані_про_режим_та_ресурси_вод_морів_і_морських.pdf,164
81801,с. Олександрівка,р. Південний Буг,water_level,cm,2023-01-07,368.0,,-3.02,0.6600000000000001,0.18648230896028622,0.8464823089602864,Інв_№230_Щорічні_дані_про_режим_та_ресурси_вод_морів_і_морських.pdf,164
81801,с. Олександрівка,р. Південний Буг,water_level,cm,2023-01-08,363.0,,-3.02,0.6099999999999999,0.18648230896028622,0.7964823089602862,Інв_№230_Щорічні_дані_про_режим_та_ресурси_вод_морів_і_морських.pdf,164
81801,с. Олександрівка,р. Південний Буг,water_level,cm,2023-01-09,385.0,,-3.02,0.8300000000000001,0.18648230896028622,1.0164823089602864,Інв_№230_Щорічні_дані_про_режим_та_ресурси_вод_морів_і_морських.pdf,164
81801,с. Олександрівка,р. Південний Буг,water_level,cm,2023-01-10,370.0,,-3.02,0.6800000000000002,0.18648230896028622,0.8664823089602864,Інв_№230_Щорічні_дані_про_режим_та_ресурси_вод_морів_і_морських.pdf,164
81801,с. Олександрівка,р. Південний Буг,water_level,cm,2023-01-11,350.0,,-3.02,0.48,0.18648230896028622,0.6664823089602863,Інв_№230_Щорічні_дані_про_режим_та_ресурси_вод_морів_і_морських.pdf,164
81801,с. Олександрівка,р. Південний Буг,water_level,cm,2023-01-12,350.0,,-3.02,0.48,0.18648230896028622,0.6664823089602863,Інв_№230_Щорічні_дані_про_режим_та_ресурси_вод_морів_і_морських.pdf,164
81801,с. Олександрівка,р. Південний Буг,water_level,cm,2023-01-13,358.0,,-3.02,0.56,0.18648230896028622,0.7464823089602863,Інв_№230_Щорічні_дані_про_режим_та_ресурси_вод_морів_і_морських.pdf,164
81801,с. Олександрівка,р. Південний Буг,water_level,cm,2023-01-14,373.0,,-3.02,0.71,0.18648230896028622,0.8964823089602862,Інв_№230_Щорічні_дані_про_режим_та_ресурси_вод_морів_і_морських.pdf,164
81801,с. Олександрівка,р. Південний Буг,water_level,cm,2023-01-15,368.0,,-3.02,0.6600000000000001,0.18648230896028622,0.8464823089602864,Інв_№230_Щорічні_дані_про_режим_та_ресурси_вод_морів_і_морських.pdf,164
81801,с. Олександрівка,р. Південний Буг,water_level,cm,2023-01-16,358.0,,-3.02,0.56,0.18648230896028622,0.7464823089602863,Інв_№230_Щорічні_дані_про_режим_та_ресурси_вод_морів_і_морських.pdf,164
81801,с. Олександрівка,р. Південний Буг,water_level,cm,2023-01-17,368.0,,-3.02,0.6600000000000001,0.18648230896028622,0.8464823089602864,Інв_№230_Щорічні_дані_про_режим_та_ресурси_вод_морів_і_морських.pdf,164
81801,с. Олександрівка,р. Південний Буг,water_level,cm,2023-01-18,380.0,,-3.02,0.7799999999999998,0.18648230896028622,0.9664823089602861,Інв_№230_Щорічні_дані_про_режим_та_ресурси_вод_морів_і_морських.pdf,164
81801,с. Олександрівка,р. Південний Буг,water_level,cm,2023-01-19,373.0,,-3.02,0.71,0.18648230896028622,0.8964823089602862,Інв_№230_Щорічні_дані_про_режим_та_ресурси_вод_морів_і_морських.pdf,164
81801,с. Олександрівка,р. Південний Буг,water_level,cm,2023-01-20,388.0,,-3.02,0.8599999999999999,0.18648230896028622,1.0464823089602862,Інв_№230_Щорічні_дані_про_режим_та_ресурси_вод_морів_і_морських.pdf,164
81801,с. Олександрівка,р. Південний Буг,water_level,cm,2023-01-21,370.0,,-3.02,0.6800000000000002,0.18648230896028622,0.8664823089602864,Інв_№230_Щорічні_дані_про_режим_та_ресурси_вод_морів_і_морських.pdf,164
81801,с. Олександрівка,р. Південний Буг,water_level,cm,2023-01-22,358.0,,-3.02,0.56,0.18648230896028622,0.7464823089602863,Інв_№230_Щорічні_дані_про_режим_та_ресурси_вод_морів_і_морських.pdf,164
81801,с. Олександрівка,р. Південний Буг,water_level,cm,2023-01-23,355.0,,-3.02,0.5299999999999998,0.18648230896028622,0.7164823089602861,Інв_№230_Щорічні_дані_про_режим_та_ресурси_вод_морів_і_морських.pdf,164
81801,с. Олександрівка,р. Південний Буг,water_level,cm,2023-01-24,368.0,,-3.02,0.6600000000000001,0.18648230896028622,0.8464823089602864,Інв_№230_Щорічні_дані_про_режим_та_ресурси_вод_морів_і_морських.pdf,164
81801,с. Олександрівка,р. Південний Буг,water_level,cm,2023-01-25,355.0,,-3.02,0.5299999999999998,0.18648230896028622,0.7164823089602861,Інв_№230_Щорічні_дані_про_режим_та_ресурси_вод_морів_і_морських.pdf,164
81801,с. Олександрівка,р. Південний Буг,water_level,cm,2023-01-26,355.0,,-3.02,0.5299999999999998,0.18648230896028622,0.7164823089602861,Інв_№230_Щорічні_дані_про_режим_та_ресурси_вод_морів_і_морських.pdf,164
81801,с. Олександрівка,р. Південний Буг,water_level,cm,2023-01-27,355.0,,-3.02,0.5299999999999998,0.18648230896028622,0.7164823089602861,Інв_№230_Щорічні_дані_про_режим_та_ресурси_вод_морів_і_морських.pdf,164
81801,с. Олександрівка,р. Південний Буг,water_level,cm,2023-01-28,353.0,,-3.02,0.5099999999999998,0.18648230896028622,0.6964823089602861,Інв_№230_Щорічні_дані_про_режим_та_ресурси_вод_морів_і_морських.pdf,164
81801,с. Олександрівка,р. Південний Буг,water_level,cm,2023-01-29,353.0,,-3.02,0.5099999999999998,0.18648230896028622,0.6964823089602861,Інв_№230_Щорічні_дані_про_режим_та_ресурси_вод_морів_і_морських.pdf,164
81801,с. Олександрівка,р. Південний Буг,water_level,cm,2023-01-30,355.0,,-3.02,0.5299999999999998,0.18648230896028622,0.7164823089602861,Інв_№230_Щорічні_дані_про_режим_та_ресурси_вод_морів_і_морських.pdf,164
81801,с. Олександрівка,р. Південний Буг,water_level,cm,2023-01-31,358.0,,-3.02,0.56,0.18648230896028622,0.7464823089602863,Інв_№230_Щорічні_дані_про_режим_та_ресурси_вод_морів_і_морських.pdf,164
81801,с. Олександрівка,р. Південний Буг,water_level,cm,2023-02-01,355.0,,-3.02,0.5299999999999998,0.18648230896028622,0.7164823089602861,Інв_№230_Щорічні_дані_про_режим_та_ресурси_вод_морів_і_морських.pdf,164
81801,с. Олександрівка,р. Південний Буг,water_level,cm,2023-02-02,355.0,,-3.02,0.5299999999999998,0.18648230896028622,0.7164823089602861,Інв_№230_Щорічні_дані_про_режим_та_ресурси_вод_морів_і_морських.pdf,164
81801,с. Олександрівка,р. Південний Буг,water_level,cm,2023-02-03,369.0,,-3.02,0.6699999999999999,0.18648230896028622,0.8564823089602862,Інв_№230_Щорічні_дані_про_режим_та_ресурси_вод_морів_і_морських.pdf,164
81801,с. Олександрівка,р. Південний Буг,water_level,cm,2023-02-04,360.0,,-3.02,0.5800000000000001,0.18648230896028622,0.7664823089602864,Інв_№230_Щорічні_дані_про_режим_та_ресурси_вод_морів_і_морських.pdf,164
81801,с. Олександрівка,р. Південний Буг,water_level,cm,2023-02-05,350.0,,-3.02,0.48,0.18648230896028622,0.6664823089602863,Інв_№230_Щорічні_дані_про_режим_та_ресурси_вод_морів_і_морських.pdf,164
81801,с. Олександрівка,р. Південний Буг,water_level,cm,2023-02-06,366.0,,-3.02,0.6400000000000001,0.18648230896028622,0.8264823089602864,Інв_№230_Щорічні_дані_про_режим_та_ресурси_вод_морів_і_морських.pdf,164
81801,с. Олександрівка,р. Південний Буг,water_level,cm,2023-02-07,356.0,,-3.02,0.54,0.18648230896028622,0.7264823089602863,Інв_№230_Щорічні_дані_про_режим_та_ресурси_вод_морів_і_морських.pdf,164
81801,с. Олександрівка,р. Південний Буг,water_level,cm,2023-02-08,350.0,),-3.02,0.48,0.18648230896028622,0.6664823089602863,Інв_№230_Щорічні_дані_про_режим_та_ресурси_вод_морів_і_морських.pdf,164
81801,с. Олександрівка,р. Південний Буг,water_level,cm,2023-02-09,350.0,),-3.02,0.48,0.18648230896028622,0.6664823089602863,Інв_№230_Щорічні_дані_про_режим_та_ресурси_вод_морів_і_морських.pdf,164
81801,с. Олександрівка,р. Південний Буг,water_level,cm,2023-02-10,355.0,),-3.02,0.5299999999999998,0.18648230896028622,0.7164823089602861,Інв_№230_Щорічні_дані_про_режим_та_ресурси_вод_морів_і_морських.pdf,164
81801,с. Олександрівка,р. Південний Буг,water_level,cm,2023-02-11,358.0,),-3.02,0.56,0.18648230896028622,0.7464823089602863,Інв_№230_Щорічні_дані_про_режим_та_ресурси_вод_морів_і_морських.pdf,164
81801,с. Олександрівка,р. Південний Буг,water_level,cm,2023-02-12,355.0,,-3.02,0.5299999999999998,0.18648230896028622,0.7164823089602861,Інв_№230_Щорічні_дані_про_режим_та_ресурси_вод_морів_і_морських.pdf,164
81801,с. Олександрівка,р. Південний Буг,water_level,cm,2023-02-13,353.0,,-3.02,0.5099999999999998,0.18648230896028622,0.6964823089602861,Інв_№230_Щорічні_дані_про_режим_та_ресурси_вод_морів_і_морських.pdf,164
81801,с. Олександрівка,р. Південний Буг,water_level,cm,2023-02-14,355.0,,-3.02,0.5299999999999998,0.18648230896028622,0.7164823089602861,Інв_№230_Щорічні_дані_про_режим_та_ресурси_вод_морів_і_морських.pdf,164
81801,с. Олександрівка,р. Південний Буг,water_level,cm,2023-02-15,355.0,,-3.02,0.5299999999999998,0.18648230896028622,0.7164823089602861,Інв_№230_Щорічні_дані_про_режим_та_ресурси_вод_морів_і_морських.pdf,164
81801,с. Олександрівка,р. Південний Буг,water_level,cm,2023-02-16,353.0,,-3.02,0.5099999999999998,0.18648230896028622,0.6964823089602861,Інв_№230_Щорічні_дані_про_режим_та_ресурси_вод_морів_і_морських.pdf,164
81801,с. Олександрівка,р. Південний Буг,water_level,cm,2023-02-17,355.0,,-3.02,0.5299999999999998,0.18648230896028622,0.7164823089602861,Інв_№230_Щорічні_дані_про_режим_та_ресурси_вод_морів_і_морських.pdf,164
81801,с. Олександрівка,р. Південний Буг,water_level,cm,2023-02-18,355.0,,-3.02,0.5299999999999998,0.18648230896028622,0.7164823089602861,Інв_№230_Щорічні_дані_про_режим_та_ресурси_вод_морів_і_морських.pdf,164
81801,с. Олександрівка,р. Південний Буг,water_level,cm,2023-02-19,356.0,,-3.02,0.54,0.18648230896028622,0.7264823089602863,Інв_№230_Щорічні_дані_про_режим_та_ресурси_вод_морів_і_морських.pdf,164
81801,с. Олександрівка,р. Південний Буг,water_level,cm,2023-02-20,357.0,,-3.02,0.5499999999999998,0.18648230896028622,0.7364823089602861,Інв_№230_Щорічні_дані_про_режим_та_ресурси_вод_морів_і_морських.pdf,164
81801,с. Олександрівка,р. Південний Буг,water_level,cm,2023-02-21,357.0,,-3.02,0.5499999999999998,0.18648230896028622,0.7364823089602861,Інв_№230_Щорічні_дані_про_режим_та_ресурси_вод_морів_і_морських.pdf,164
81801,с. Олександрівка,р. Південний Буг,water_level,cm,2023-02-22,357.0,,-3.02,0.5499999999999998,0.18648230896028622,0.7364823089602861,Інв_№230_Щорічні_дані_про_режим_та_ресурси_вод_морів_і_морських.pdf,164
81801,с. Олександрівка,р. Південний Буг,water_level,cm,2023-02-23,357.0,,-3.02,0.5499999999999998,0.18648230896028622,0.7364823089602861,Інв_№230_Щорічні_дані_про_режим_та_ресурси_вод_морів_і_морських.pdf,164
81801,с. Олександрівка,р. Південний Буг,water_level,cm,2023-02-24,357.0,,-3.02,0.5499999999999998,0.18648230896028622,0.7364823089602861,Інв_№230_Щорічні_дані_про_режим_та_ресурси_вод_морів_і_морських.pdf,164
81801,с. Олександрівка,р. Південний Буг,water_level,cm,2023-02-25,359.0,,-3.02,0.5699999999999998,0.18648230896028622,0.7564823089602861,Інв_№230_Щорічні_дані_про_режим_та_ресурси_вод_морів_і_морських.pdf,164
81801,с. Олександрівка,р. Південний Буг,water_level,cm,2023-02-26,365.0,,-3.02,0.6299999999999999,0.18648230896028622,0.8164823089602862,Інв_№230_Щорічні_дані_про_режим_та_ресурси_вод_морів_і_морських.pdf,164
81801,с. Олександрівка,р. Південний Буг,water_level,cm,2023-02-27,360.0,,-3.02,0.5800000000000001,0.18648230896028622,0.7664823089602864,Інв_№230_Щорічні_дані_про_режим_та_ресурси_вод_морів_і_морських.pdf,164
81801,с. Олександрівка,р. Південний Буг,water_level,cm,2023-02-28,356.0,,-3.02,0.54,0.18648230896028622,0.7264823089602863,Інв_№230_Щорічні_дані_про_режим_та_ресурси_вод_морів_і_морських.pdf,164
81801,с. Олександрівка,р. Південний Буг,water_level,cm,2023-03-01,363.0,,-3.02,0.6099999999999999,0.18648230896028622,0.7964823089602862,Інв_№230_Щорічні_дані_про_режим_та_ресурси_вод_морів_і_морських.pdf,164
81801,с. Олександрівка,р. Південний Буг,water_level,cm,2023-03-02,368.0,,-3.02,0.6600000000000001,0.18648230896028622,0.8464823089602864,Інв_№230_Щорічні_дані_про_режим_та_ресурси_вод_морів_і_морських.pdf,164
81801,с. Олександрівка,р. Південний Буг,water_level,cm,2023-03-03,368.0,,-3.02,0.6600000000000001,0.18648230896028622,0.8464823089602864,Інв_№230_Щорічні_дані_про_режим_та_ресурси_вод_морів_і_морських.pdf,164
81801,с. Олександрівка,р. Південний Буг,water_level,cm,2023-03-04,385.0,,-3.02,0.8300000000000001,0.18648230896028622,1.0164823089602864,Інв_№230_Щорічні_дані_про_режим_та_ресурси_вод_морів_і_морських.pdf,164
81801,с. Олександрівка,р. Південний Буг,water_level,cm,2023-03-05,385.0,,-3.02,0.8300000000000001,0.18648230896028622,1.0164823089602864,Інв_№230_Щорічні_дані_про_режим_та_ресурси_вод_морів_і_морських.pdf,164
81801,с. Олександрівка,р. Південний Буг,water_level,cm,2023-03-06,368.0,,-3.02,0.6600000000000001,0.18648230896028622,0.8464823089602864,Інв_№230_Щорічні_дані_про_режим_та_ресурси_вод_морів_і_морських.pdf,164
81801,с. Олександрівка,р. Південний Буг,water_level,cm,2023-03-07,370.0,,-3.02,0.6800000000000002,0.18648230896028622,0.8664823089602864,Інв_№230_Щорічні_дані_про_режим_та_ресурси_вод_морів_і_морських.pdf,164
81801,с. Олександрівка,р. Південний Буг,water_level,cm,2023-03-08,373.0,,-3.02,0.71,0.18648230896028622,0.8964823089602862,Інв_№230_Щорічні_дані_про_режим_та_ресурси_вод_морів_і_морських.pdf,164
81801,с. Олександрівка,р. Південний Буг,water_level,cm,2023-03-09,361.0,,-3.02,0.5899999999999999,0.18648230896028622,0.7764823089602861,Інв_№230_Щорічні_дані_про_режим_та_ресурси_вод_морів_і_морських.pdf,164
81801,с. Олександрівка,р. Південний Буг,water_level,cm,2023-03-10,362.0,,-3.02,0.6000000000000001,0.18648230896028622,0.7864823089602864,Інв_№230_Щорічні_дані_про_режим_та_ресурси_вод_морів_і_морських.pdf,164
81801,с. Олександрівка,р. Південний Буг,water_level,cm,2023-03-11,366.0,,-3.02,0.6400000000000001,0.18648230896028622,0.8264823089602864,Інв_№230_Щорічні_дані_про_режим_та_ресурси_вод_морів_і_морських.pdf,164
81801,с. Олександрівка,р. Південний Буг,water_level,cm,2023-03-12,359.0,,-3.02,0.5699999999999998,0.18648230896028622,0.7564823089602861,Інв_№230_Щорічні_дані_про_режим_та_ресурси_вод_морів_і_морських.pdf,164
81801,с. Олександрівка,р. Південний Буг,water_level,cm,2023-03-13,366.0,,-3.02,0.6400000000000001,0.18648230896028622,0.8264823089602864,Інв_№230_Щорічні_дані_про_режим_та_ресурси_вод_морів_і_морських.pdf,164
81801,с. Олександрівка,р. Південний Буг,water_level,cm,2023-03-14,380.0,,-3.02,0.7799999999999998,0.18648230896028622,0.9664823089602861,Інв_№230_Щорічні_дані_про_режим_та_ресурси_вод_морів_і_морських.pdf,164
81801,с. Олександрівка,р. Південний Буг,water_level,cm,2023-03-15,368.0,,-3.02,0.6600000000000001,0.18648230896028622,0.8464823089602864,Інв_№230_Щорічні_дані_про_режим_та_ресурси_вод_морів_і_морських.pdf,164
81801,с. Олександрівка,р. Південний Буг,water_level,cm,2023-03-16,400.0,,-3.02,0.98,0.18648230896028622,1.1664823089602863,Інв_№230_Щорічні_дані_про_режим_та_ресурси_вод_морів_і_морських.pdf,164
81801,с. Олександрівка,р. Південний Буг,water_level,cm,2023-03-17,359.0,,-3.02,0.5699999999999998,0.18648230896028622,0.7564823089602861,Інв_№230_Щорічні_дані_про_режим_та_ресурси_вод_морів_і_морських.pdf,164
81801,с. Олександрівка,р. Південний Буг,water_level,cm,2023-03-18,355.0,,-3.02,0.5299999999999998,0.18648230896028622,0.7164823089602861,Інв_№230_Щорічні_дані_про_режим_та_ресурси_вод_морів_і_морських.pdf,164
81801,с. Олександрівка,р. Південний Буг,water_level,cm,2023-03-19,355.0,,-3.02,0.5299999999999998,0.18648230896028622,0.7164823089602861,Інв_№230_Щорічні_дані_про_режим_та_ресурси_вод_морів_і_морських.pdf,164
81801,с. Олександрівка,р. Південний Буг,water_level,cm,2023-03-20,368.0,,-3.02,0.6600000000000001,0.18648230896028622,0.8464823089602864,Інв_№230_Щорічні_дані_про_режим_та_ресурси_вод_морів_і_морських.pdf,164
81801,с. Олександрівка,р. Південний Буг,water_level,cm,2023-03-21,355.0,,-3.02,0.5299999999999998,0.18648230896028622,0.7164823089602861,Інв_№230_Щорічні_дані_про_режим_та_ресурси_вод_морів_і_морських.pdf,164
81801,с. Олександрівка,р. Південний Буг,water_level,cm,2023-03-22,371.0,,-3.02,0.69,0.18648230896028622,0.8764823089602862,Інв_№230_Щорічні_дані_про_режим_та_ресурси_вод_морів_і_морських.pdf,164
81801,с. Олександрівка,р. Південний Буг,water_level,cm,2023-03-23,399.0,,-3.02,0.9700000000000002,0.18648230896028622,1.1564823089602865,Інв_№230_Щорічні_дані_про_режим_та_ресурси_вод_морів_і_морських.pdf,164
81801,с. Олександрівка,р. Південний Буг,water_level,cm,2023-03-24,375.0,,-3.02,0.73,0.18648230896028622,0.9164823089602863,Інв_№230_Щорічні_дані_про_режим_та_ресурси_вод_морів_і_морських.pdf,164
81801,с. Олександрівка,р. Південний Буг,water_level,cm,2023-03-25,376.0,,-3.02,0.7399999999999998,0.18648230896028622,0.926482308960286,Інв_№230_Щорічні_дані_про_режим_та_ресурси_вод_морів_і_морських.pdf,164
81801,с. Олександрівка,р. Південний Буг,water_level,cm,2023-03-26,380.0,,-3.02,0.7799999999999998,0.18648230896028622,0.9664823089602861,Інв_№230_Щорічні_дані_про_режим_та_ресурси_вод_морів_і_морських.pdf,164
81801,с. Олександрівка,р. Південний Буг,water_level,cm,2023-03-27,376.0,,-3.02,0.7399999999999998,0.18648230896028622,0.926482308960286,Інв_№230_Щорічні_дані_про_режим_та_ресурси_вод_морів_і_морських.pdf,164
81801,с. Олександрівка,р. Південний Буг,water_level,cm,2023-03-28,414.0,,-3.02,1.1199999999999997,0.18648230896028622,1.306482308960286,Інв_№230_Щорічні_дані_про_режим_та_ресурси_вод_морів_і_морських.pdf,164
81801,с. Олександрівка,р. Південний Буг,water_level,cm,2023-03-29,379.0,,-3.02,0.77,0.18648230896028622,0.9564823089602863,Інв_№230_Щорічні_дані_про_режим_та_ресурси_вод_морів_і_морських.pdf,164
81801,с. Олександрівка,р. Південний Буг,water_level,cm,2023-03-30,356.0,,-3.02,0.54,0.18648230896028622,0.7264823089602863,Інв_№230_Щорічні_дані_про_режим_та_ресурси_вод_морів_і_морських.pdf,164
81801,с. Олександрівка,р. Південний Буг,water_level,cm,2023-03-31,350.0,,-3.02,0.48,0.18648230896028622,0.6664823089602863,Інв_№230_Щорічні_дані_про_режим_та_ресурси_вод_морів_і_морських.pdf,164
81801,с. Олександрівка,р. Південний Буг,water_level,cm,2023-04-01,350.0,,-3.02,0.48,0.18648230896028622,0.6664823089602863,Інв_№230_Щорічні_дані_про_режим_та_ресурси_вод_морів_і_морських.pdf,164
81801,с. Олександрівка,р. Південний Буг,water_level,cm,2023-04-02,399.0,,-3.02,0.9700000000000002,0.18648230896028622,1.1564823089602865,Інв_№230_Щорічні_дані_про_режим_та_ресурси_вод_морів_і_морських.pdf,164
81801,с. Олександрівка,р. Південний Буг,water_level,cm,2023-04-03,349.0,,-3.02,0.4700000000000002,0.18648230896028622,0.6564823089602865,Інв_№230_Щорічні_дані_про_режим_та_ресурси_вод_морів_і_морських.pdf,164
81801,с. Олександрівка,р. Південний Буг,water_level,cm,2023-04-04,350.0,,-3.02,0.48,0.18648230896028622,0.6664823089602863,Інв_№230_Щорічні_дані_про_режим_та_ресурси_вод_морів_і_морських.pdf,164
81801,с. Олександрівка,р. Південний Буг,water_level,cm,2023-04-05,360.0,,-3.02,0.5800000000000001,0.18648230896028622,0.7664823089602864,Інв_№230_Щорічні_дані_про_режим_та_ресурси_вод_морів_і_морських.pdf,164
81801,с. Олександрівка,р. Південний Буг,water_level,cm,2023-04-06,399.0,,-3.02,0.9700000000000002,0.18648230896028622,1.1564823089602865,Інв_№230_Щорічні_дані_про_режим_та_ресурси_вод_морів_і_морських.pdf,164
81801,с. Олександрівка,р. Південний Буг,water_level,cm,2023-04-07,366.0,,-3.02,0.6400000000000001,0.18648230896028622,0.8264823089602864,Інв_№230_Щорічні_дані_про_режим_та_ресурси_вод_морів_і_морських.pdf,164
81801,с. Олександрівка,р. Південний Буг,water_level,cm,2023-04-08,360.0,,-3.02,0.5800000000000001,0.18648230896028622,0.7664823089602864,Інв_№230_Щорічні_дані_про_режим_та_ресурси_вод_морів_і_морських.pdf,164
81801,с. Олександрівка,р. Південний Буг,water_level,cm,2023-04-09,403.0,,-3.02,1.0100000000000002,0.18648230896028622,1.1964823089602865,Інв_№230_Щорічні_дані_про_режим_та_ресурси_вод_морів_і_морських.pdf,164
81801,с. Олександрівка,р. Південний Буг,water_level,cm,2023-04-10,412.0,,-3.02,1.1,0.18648230896028622,1.2864823089602864,Інв_№230_Щорічні_дані_про_режим_та_ресурси_вод_морів_і_морських.pdf,164
81801,с. Олександрівка,р. Південний Буг,water_level,cm,2023-04-11,444.0,,-3.02,1.4200000000000004,0.18648230896028622,1.6064823089602867,Інв_№230_Щорічні_дані_про_режим_та_ресурси_вод_морів_і_морських.pdf,164
81801,с. Олександрівка,р. Південний Буг,water_level,cm,2023-04-12,415.0,,-3.02,1.1300000000000003,0.18648230896028622,1.3164823089602866,Інв_№230_Щорічні_дані_про_режим_та_ресурси_вод_морів_і_морських.pdf,164
81801,с. Олександрівка,р. Південний Буг,water_level,cm,2023-04-13,400.0,,-3.02,0.98,0.18648230896028622,1.1664823089602863,Інв_№230_Щорічні_дані_про_режим_та_ресурси_вод_морів_і_морських.pdf,164
81801,с. Олександрівка,р. Південний Буг,water_level,cm,2023-04-14,408.0,,-3.02,1.06,0.18648230896028622,1.2464823089602863,Інв_№230_Щорічні_дані_про_режим_та_ресурси_вод_морів_і_морських.pdf,164
81801,с. Олександрівка,р. Південний Буг,water_level,cm,2023-04-15,411.0,,-3.02,1.0900000000000003,0.18648230896028622,1.2764823089602866,Інв_№230_Щорічні_дані_про_режим_та_ресурси_вод_морів_і_морських.pdf,164
81801,с. Олександрівка,р. Південний Буг,water_level,cm,2023-04-16,418.0,,-3.02,1.1599999999999997,0.18648230896028622,1.346482308960286,Інв_№230_Щорічні_дані_про_режим_та_ресурси_вод_морів_і_морських.pdf,164
81801,с. Олександрівка,р. Південний Буг,water_level,cm,2023-04-17,418.0,,-3.02,1.1599999999999997,0.18648230896028622,1.346482308960286,Інв_№230_Щорічні_дані_про_режим_та_ресурси_вод_морів_і_морських.pdf,164
81801,с. Олександрівка,р. Південний Буг,water_level,cm,2023-04-18,419.0,,-3.02,1.1700000000000004,0.18648230896028622,1.3564823089602867,Інв_№230_Щорічні_дані_про_режим_та_ресурси_вод_морів_і_морських.pdf,164
81801,с. Олександрівка,р. Південний Буг,water_level,cm,2023-04-19,418.0,,-3.02,1.1599999999999997,0.18648230896028622,1.346482308960286,Інв_№230_Щорічні_дані_про_режим_та_ресурси_вод_морів_і_морських.pdf,164
81801,с. Олександрівка,р. Південний Буг,water_level,cm,2023-04-20,420.0,,-3.02,1.1800000000000002,0.18648230896028622,1.3664823089602864,Інв_№230_Щорічні_дані_про_режим_та_ресурси_вод_морів_і_морських.pdf,164
81801,с. Олександрівка,р. Південний Буг,water_level,cm,2023-04-21,418.0,,-3.02,1.1599999999999997,0.18648230896028622,1.346482308960286,Інв_№230_Щорічні_дані_про_режим_та_ресурси_вод_морів_і_морських.pdf,164
81801,с. Олександрівка,р. Південний Буг,water_level,cm,2023-04-22,419.0,,-3.02,1.1700000000000004,0.18648230896028622,1.3564823089602867,Інв_№230_Щорічні_дані_про_режим_та_ресурси_вод_морів_і_морських.pdf,164
81801,с. Олександрівка,р. Південний Буг,water_level,cm,2023-04-23,417.0,,-3.02,1.15,0.18648230896028622,1.3364823089602862,Інв_№230_Щорічні_дані_про_режим_та_ресурси_вод_морів_і_морських.pdf,164
81801,с. Олександрівка,р. Південний Буг,water_level,cm,2023-04-24,417.0,,-3.02,1.15,0.18648230896028622,1.3364823089602862,Інв_№230_Щорічні_дані_про_режим_та_ресурси_вод_морів_і_морських.pdf,164
81801,с. Олександрівка,р. Південний Буг,water_level,cm,2023-04-25,424.0,,-3.02,1.2200000000000002,0.18648230896028622,1.4064823089602865,Інв_№230_Щорічні_дані_про_режим_та_ресурси_вод_морів_і_морських.pdf,164
81801,с. Олександрівка,р. Південний Буг,water_level,cm,2023-04-26,420.0,,-3.02,1.1800000000000002,0.18648230896028622,1.3664823089602864,Інв_№230_Щорічні_дані_про_режим_та_ресурси_вод_морів_і_морських.pdf,164
81801,с. Олександрівка,р. Південний Буг,water_level,cm,2023-04-27,423.0,,-3.02,1.2100000000000004,0.18648230896028622,1.3964823089602867,Інв_№230_Щорічні_дані_про_режим_та_ресурси_вод_морів_і_морських.pdf,164
81801,с. Олександрівка,р. Південний Буг,water_level,cm,2023-04-28,421.0,,-3.02,1.19,0.18648230896028622,1.3764823089602862,Інв_№230_Щорічні_дані_про_режим_та_ресурси_вод_морів_і_морських.pdf,164
81801,с. Олександрівка,р. Південний Буг,water_level,cm,2023-04-29,426.0,А,-3.02,1.2399999999999998,0.18648230896028622,1.426482308960286,Інв_№230_Щорічні_дані_про_режим_та_ресурси_вод_морів_і_морських.pdf,164
81801,с. Олександрівка,р. Південний Буг,water_level,cm,2023-04-30,424.0,А,-3.02,1.2200000000000002,0.18648230896028622,1.4064823089602865,Інв_№230_Щорічні_дані_про_режим_та_ресурси_вод_морів_і_морських.pdf,164
81801,с. Олександрівка,р. Південний Буг,water_level,cm,2023-05-01,403.0,А,-3.02,1.0100000000000002,0.18648230896028622,1.1964823089602865,Інв_№230_Щорічні_дані_про_режим_та_ресурси_вод_морів_і_морських.pdf,164
81801,с. Олександрівка,р. Південний Буг,water_level,cm,2023-05-02,405.0,А,-3.02,1.0299999999999998,0.18648230896028622,1.216482308960286,Інв_№230_Щорічні_дані_про_режим_та_ресурси_вод_морів_і_морських.pdf,164
81801,с. Олександрівка,р. Південний Буг,water_level,cm,2023-05-03,410.0,А,-3.02,1.0799999999999996,0.18648230896028622,1.266482308960286,Інв_№230_Щорічні_дані_про_режим_та_ресурси_вод_морів_і_морських.pdf,164
81801,с. Олександрівка,р. Південний Буг,water_level,cm,2023-05-04,403.0,А,-3.02,1.0100000000000002,0.18648230896028622,1.1964823089602865,Інв_№230_Щорічні_дані_про_режим_та_ресурси_вод_морів_і_морських.pdf,164
81801,с. Олександрівка,р. Південний Буг,water_level,cm,2023-05-05,405.0,А,-3.02,1.0299999999999998,0.18648230896028622,1.216482308960286,Інв_№230_Щорічні_дані_про_режим_та_ресурси_вод_морів_і_морських.pdf,164
81801,с. Олександрівка,р. Південний Буг,water_level,cm,2023-05-06,403.0,А,-3.02,1.0100000000000002,0.18648230896028622,1.1964823089602865,Інв_№230_Щорічні_дані_про_режим_та_ресурси_вод_морів_і_морських.pdf,164
81801,с. Олександрівка,р. Південний Буг,water_level,cm,2023-05-07,403.0,А,-3.02,1.0100000000000002,0.18648230896028622,1.1964823089602865,Інв_№230_Щорічні_дані_про_режим_та_ресурси_вод_морів_і_морських.pdf,164
81801,с. Олександрівка,р. Південний Буг,water_level,cm,2023-05-08,393.0,А,-3.02,0.9100000000000001,0.18648230896028622,1.0964823089602864,Інв_№230_Щорічні_дані_про_режим_та_ресурси_вод_морів_і_морських.pdf,164
81801,с. Олександрівка,р. Південний Буг,water_level,cm,2023-05-09,398.0,А,-3.02,0.96,0.18648230896028622,1.1464823089602862,Інв_№230_Щорічні_дані_про_режим_та_ресурси_вод_морів_і_морських.pdf,164
81801,с. Олександрівка,р. Південний Буг,water_level,cm,2023-05-10,379.0,А,-3.02,0.77,0.18648230896028622,0.9564823089602863,Інв_№230_Щорічні_дані_про_режим_та_ресурси_вод_морів_і_морських.pdf,164
81801,с. Олександрівка,р. Південний Буг,water_level,cm,2023-05-11,369.0,А,-3.02,0.6699999999999999,0.18648230896028622,0.8564823089602862,Інв_№230_Щорічні_дані_про_режим_та_ресурси_вод_морів_і_морських.pdf,164
81801,с. Олександрівка,р. Південний Буг,water_level,cm,2023-05-12,375.0,А,-3.02,0.73,0.18648230896028622,0.9164823089602863,Інв_№230_Щорічні_дані_про_режим_та_ресурси_вод_морів_і_морських.pdf,164
81801,с. Олександрівка,р. Південний Буг,water_level,cm,2023-05-13,379.0,А,-3.02,0.77,0.18648230896028622,0.9564823089602863,Інв_№230_Щорічні_дані_про_режим_та_ресурси_вод_морів_і_морських.pdf,164
81801,с. Олександрівка,р. Південний Буг,water_level,cm,2023-05-14,376.0,А,-3.02,0.7399999999999998,0.18648230896028622,0.926482308960286,Інв_№230_Щорічні_дані_про_режим_та_ресурси_вод_морів_і_морських.pdf,164
81801,с. Олександрівка,р. Південний Буг,water_level,cm,2023-05-15,373.0,А,-3.02,0.71,0.18648230896028622,0.8964823089602862,Інв_№230_Щорічні_дані_про_режим_та_ресурси_вод_морів_і_морських.pdf,164
81801,с. Олександрівка,р. Південний Буг,water_level,cm,2023-05-16,413.0,А,-3.02,1.1099999999999999,0.18648230896028622,1.2964823089602862,Інв_№230_Щорічні_дані_про_режим_та_ресурси_вод_морів_і_морських.pdf,164
81801,с. Олександрівка,р. Південний Буг,water_level,cm,2023-05-17,396.0,А,-3.02,0.94,0.18648230896028622,1.1264823089602862,Інв_№230_Щорічні_дані_про_режим_та_ресурси_вод_морів_і_морських.pdf,164
81801,с. Олександрівка,р. Південний Буг,water_level,cm,2023-05-18,378.0,А,-3.02,0.7599999999999998,0.18648230896028622,0.9464823089602861,Інв_№230_Щорічні_дані_про_режим_та_ресурси_вод_морів_і_морських.pdf,164
81801,с. Олександрівка,р. Південний Буг,water_level,cm,2023-05-19,378.0,А,-3.02,0.7599999999999998,0.18648230896028622,0.9464823089602861,Інв_№230_Щорічні_дані_про_режим_та_ресурси_вод_морів_і_морських.pdf,164
81801,с. Олександрівка,р. Південний Буг,water_level,cm,2023-05-20,373.0,А,-3.02,0.71,0.18648230896028622,0.8964823089602862,Інв_№230_Щорічні_дані_про_режим_та_ресурси_вод_морів_і_морських.pdf,164
81801,с. Олександрівка,р. Південний Буг,water_level,cm,2023-05-21,370.0,А,-3.02,0.6800000000000002,0.18648230896028622,0.8664823089602864,Інв_№230_Щорічні_дані_про_режим_та_ресурси_вод_морів_і_морських.pdf,164
81801,с. Олександрівка,р. Південний Буг,water_level,cm,2023-05-22,370.0,А,-3.02,0.6800000000000002,0.18648230896028622,0.8664823089602864,Інв_№230_Щорічні_дані_про_режим_та_ресурси_вод_морів_і_морських.pdf,164
81801,с. Олександрівка,р. Південний Буг,water_level,cm,2023-05-23,411.0,А,-3.02,1.0900000000000003,0.18648230896028622,1.2764823089602866,Інв_№230_Щорічні_дані_про_режим_та_ресурси_вод_морів_і_морських.pdf,164
81801,с. Олександрівка,р. Південний Буг,water_level,cm,2023-05-24,413.0,А,-3.02,1.1099999999999999,0.18648230896028622,1.2964823089602862,Інв_№230_Щорічні_дані_про_режим_та_ресурси_вод_морів_і_морських.pdf,164
81801,с. Олександрівка,р. Південний Буг,water_level,cm,2023-05-25,375.0,А,-3.02,0.73,0.18648230896028622,0.9164823089602863,Інв_№230_Щорічні_дані_про_режим_та_ресурси_вод_морів_і_морських.pdf,164
81801,с. Олександрівка,р. Південний Буг,water_level,cm,2023-05-26,368.0,А,-3.02,0.6600000000000001,0.18648230896028622,0.8464823089602864,Інв_№230_Щорічні_дані_про_режим_та_ресурси_вод_морів_і_морських.pdf,164
81801,с. Олександрівка,р. Південний Буг,water_level,cm,2023-05-27,378.0,А,-3.02,0.7599999999999998,0.18648230896028622,0.9464823089602861,Інв_№230_Щорічні_дані_про_режим_та_ресурси_вод_морів_і_морських.pdf,164
81801,с. Олександрівка,р. Південний Буг,water_level,cm,2023-05-28,383.0,А,-3.02,0.81,0.18648230896028622,0.9964823089602863,Інв_№230_Щорічні_дані_про_режим_та_ресурси_вод_морів_і_морських.pdf,164
81801,с. Олександрівка,р. Південний Буг,water_level,cm,2023-05-29,385.0,А,-3.02,0.8300000000000001,0.18648230896028622,1.0164823089602864,Інв_№230_Щорічні_дані_про_режим_та_ресурси_вод_морів_і_морських.pdf,164
81801,с. Олександрівка,р. Південний Буг,water_level,cm,2023-05-30,383.0,А,-3.02,0.81,0.18648230896028622,0.9964823089602863,Інв_№230_Щорічні_дані_про_режим_та_ресурси_вод_морів_і_морських.pdf,164
81801,с. Олександрівка,р. Південний Буг,water_level,cm,2023-05-31,383.0,А,-3.02,0.81,0.18648230896028622,0.9964823089602863,Інв_№230_Щорічні_дані_про_режим_та_ресурси_вод_морів_і_морських.pdf,164
81801,с. Олександрівка,р. Південний Буг,water_level,cm,2023-06-01,398.0,А,-3.02,0.96,0.18648230896028622,1.1464823089602862,Інв_№230_Щорічні_дані_про_режим_та_ресурси_вод_морів_і_морських.pdf,164
81801,с. Олександрівка,р. Південний Буг,water_level,cm,2023-06-02,410.0,Т,-3.02,1.0799999999999996,0.18648230896028622,1.266482308960286,Інв_№230_Щорічні_дані_про_режим_та_ресурси_вод_морів_і_морських.pdf,164
81801,с. Олександрівка,р. Південний Буг,water_level,cm,2023-06-03,421.0,Т,-3.02,1.19,0.18648230896028622,1.3764823089602862,Інв_№230_Щорічні_дані_про_режим_та_ресурси_вод_морів_і_морських.pdf,164
81801,с. Олександрівка,р. Південний Буг,water_level,cm,2023-06-04,395.0,Т,-3.02,0.9300000000000002,0.18648230896028622,1.1164823089602864,Інв_№230_Щорічні_дані_про_режим_та_ресурси_вод_морів_і_морських.pdf,164
81801,с. Олександрівка,р. Південний Буг,water_level,cm,2023-06-05,400.0,Т,-3.02,0.98,0.18648230896028622,1.1664823089602863,Інв_№230_Щорічні_дані_про_режим_та_ресурси_вод_морів_і_морських.pdf,164
81801,с. Олександрівка,р. Південний Буг,water_level,cm,2023-06-06,400.0,Т,-3.02,0.98,0.18648230896028622,1.1664823089602863,Інв_№230_Щорічні_дані_про_режим_та_ресурси_вод_морів_і_морських.pdf,164
81801,с. Олександрівка,р. Південний Буг,water_level,cm,2023-06-07,413.0,/Т,-3.02,1.1099999999999999,0.18648230896028622,1.2964823089602862,Інв_№230_Щорічні_дані_про_режим_та_ресурси_вод_морів_і_морських.pdf,164
81801,с. Олександрівка,р. Південний Буг,water_level,cm,2023-06-08,469.0,/Т,-3.02,1.6700000000000004,0.18648230896028622,1.8564823089602867,Інв_№230_Щорічні_дані_про_режим_та_ресурси_вод_морів_і_морських.pdf,164
81801,с. Олександрівка,р. Південний Буг,water_level,cm,2023-06-09,465.0,/Т,-3.02,1.6300000000000003,0.18648230896028622,1.8164823089602866,Інв_№230_Щорічні_дані_про_режим_та_ресурси_вод_морів_і_морських.pdf,164
81801,с. Олександрівка,р. Південний Буг,water_level,cm,2023-06-10,437.0,/Т,-3.02,1.35,0.18648230896028622,1.5364823089602864,Інв_№230_Щорічні_дані_про_режим_та_ресурси_вод_морів_і_морських.pdf,164
81801,с. Олександрівка,р. Південний Буг,water_level,cm,2023-06-11,433.0,/Т,-3.02,1.31,0.18648230896028622,1.4964823089602863,Інв_№230_Щорічні_дані_про_режим_та_ресурси_вод_морів_і_морських.pdf,164
81801,с. Олександрівка,р. Південний Буг,water_level,cm,2023-06-12,428.0,/Т,-3.02,1.2600000000000002,0.18648230896028622,1.4464823089602865,Інв_№230_Щорічні_дані_про_режим_та_ресурси_вод_морів_і_морських.pdf,164
81801,с. Олександрівка,р. Південний Буг,water_level,cm,2023-06-13,424.0,/Т,-3.02,1.2200000000000002,0.18648230896028622,1.4064823089602865,Інв_№230_Щорічні_дані_про_режим_та_ресурси_вод_морів_і_морських.pdf,164
81801,с. Олександрівка,р. Південний Буг,water_level,cm,2023-06-14,419.0,Т,-3.02,1.1700000000000004,0.18648230896028622,1.3564823089602867,Інв_№230_Щорічні_дані_про_режим_та_ресурси_вод_морів_і_морських.pdf,164
81801,с. Олександрівка,р. Південний Буг,water_level,cm,2023-06-15,420.0,Т,-3.02,1.1800000000000002,0.18648230896028622,1.3664823089602864,Інв_№230_Щорічні_дані_про_режим_та_ресурси_вод_морів_і_морських.pdf,164
81801,с. Олександрівка,р. Південний Буг,water_level,cm,2023-06-16,419.0,Т,-3.02,1.1700000000000004,0.18648230896028622,1.3564823089602867,Інв_№230_Щорічні_дані_про_режим_та_ресурси_вод_морів_і_морських.pdf,164
81801,с. Олександрівка,р. Південний Буг,water_level,cm,2023-06-17,419.0,Т,-3.02,1.1700000000000004,0.18648230896028622,1.3564823089602867,Інв_№230_Щорічні_дані_про_режим_та_ресурси_вод_морів_і_морських.pdf,164
81801,с. Олександрівка,р. Південний Буг,water_level,cm,2023-06-18,418.0,Т,-3.02,1.1599999999999997,0.18648230896028622,1.346482308960286,Інв_№230_Щорічні_дані_про_режим_та_ресурси_вод_морів_і_морських.pdf,164
81801,с. Олександрівка,р. Південний Буг,water_level,cm,2023-06-19,420.0,Т,-3.02,1.1800000000000002,0.18648230896028622,1.3664823089602864,Інв_№230_Щорічні_дані_про_режим_та_ресурси_вод_морів_і_морських.pdf,164
81801,с. Олександрівка,р. Південний Буг,water_level,cm,2023-06-20,423.0,Т,-3.02,1.2100000000000004,0.18648230896028622,1.3964823089602867,Інв_№230_Щорічні_дані_про_режим_та_ресурси_вод_морів_і_морських.pdf,164
81801,с. Олександрівка,р. Південний Буг,water_level,cm,2023-06-21,422.0,Т,-3.02,1.1999999999999997,0.18648230896028622,1.386482308960286,Інв_№230_Щорічні_дані_про_режим_та_ресурси_вод_морів_і_морських.pdf,164
81801,с. Олександрівка,р. Південний Буг,water_level,cm,2023-06-22,422.0,Т,-3.02,1.1999999999999997,0.18648230896028622,1.386482308960286,Інв_№230_Щорічні_дані_про_режим_та_ресурси_вод_морів_і_морських.pdf,164
81801,с. Олександрівка,р. Південний Буг,water_level,cm,2023-06-23,422.0,Т,-3.02,1.1999999999999997,0.18648230896028622,1.386482308960286,Інв_№230_Щорічні_дані_про_режим_та_ресурси_вод_морів_і_морських.pdf,164
81801,с. Олександрівка,р. Південний Буг,water_level,cm,2023-06-24,423.0,Т,-3.02,1.2100000000000004,0.18648230896028622,1.3964823089602867,Інв_№230_Щорічні_дані_про_режим_та_ресурси_вод_морів_і_морських.pdf,164
81801,с. Олександрівка,р. Південний Буг,water_level,cm,2023-06-25,425.0,Т,-3.02,1.23,0.18648230896028622,1.4164823089602863,Інв_№230_Щорічні_дані_про_режим_та_ресурси_вод_морів_і_морських.pdf,164
81801,с. Олександрівка,р. Південний Буг,water_level,cm,2023-06-26,424.0,Т,-3.02,1.2200000000000002,0.18648230896028622,1.4064823089602865,Інв_№230_Щорічні_дані_про_режим_та_ресурси_вод_морів_і_морських.pdf,164
81801,с. Олександрівка,р. Південний Буг,water_level,cm,2023-06-27,420.0,Т,-3.02,1.1800000000000002,0.18648230896028622,1.3664823089602864,Інв_№230_Щорічні_дані_про_режим_та_ресурси_вод_морів_і_морських.pdf,164
81801,с. Олександрівка,р. Південний Буг,water_level,cm,2023-06-28,423.0,Т,-3.02,1.2100000000000004,0.18648230896028622,1.3964823089602867,Інв_№230_Щорічні_дані_про_режим_та_ресурси_вод_морів_і_морських.pdf,164
81801,с. Олександрівка,р. Південний Буг,water_level,cm,2023-06-29,373.0,Т,-3.02,0.71,0.18648230896028622,0.8964823089602862,Інв_№230_Щорічні_дані_про_режим_та_ресурси_вод_морів_і_морських.pdf,164
81801,с. Олександрівка,р. Південний Буг,water_level,cm,2023-06-30,360.0,Т,-3.02,0.5800000000000001,0.18648230896028622,0.7664823089602864,Інв_№230_Щорічні_дані_про_режим_та_ресурси_вод_морів_і_морських.pdf,164
81801,с. Олександрівка,р. Південний Буг,water_level,cm,2023-07-01,355.0,Т,-3.02,0.5299999999999998,0.18648230896028622,0.7164823089602861,Інв_№230_Щорічні_дані_про_режим_та_ресурси_вод_морів_і_морських.pdf,164
81801,с. Олександрівка,р. Південний Буг,water_level,cm,2023-07-02,355.0,Т,-3.02,0.5299999999999998,0.18648230896028622,0.7164823089602861,Інв_№230_Щорічні_дані_про_режим_та_ресурси_вод_морів_і_морських.pdf,164
81801,с. Олександрівка,р. Південний Буг,water_level,cm,2023-07-03,370.0,Т,-3.02,0.6800000000000002,0.18648230896028622,0.8664823089602864,Інв_№230_Щорічні_дані_про_режим_та_ресурси_вод_морів_і_морських.pdf,164
81801,с. Олександрівка,р. Південний Буг,water_level,cm,2023-07-04,403.0,Т,-3.02,1.0100000000000002,0.18648230896028622,1.1964823089602865,Інв_№230_Щорічні_дані_про_режим_та_ресурси_вод_морів_і_морських.pdf,164
81801,с. Олександрівка,р. Південний Буг,water_level,cm,2023-07-05,423.0,Т,-3.02,1.2100000000000004,0.18648230896028622,1.3964823089602867,Інв_№230_Щорічні_дані_про_режим_та_ресурси_вод_морів_і_морських.pdf,164
81801,с. Олександрівка,р. Південний Буг,water_level,cm,2023-07-06,425.0,Т,-3.02,1.23,0.18648230896028622,1.4164823089602863,Інв_№230_Щорічні_дані_про_режим_та_ресурси_вод_морів_і_морських.pdf,164
81801,с. Олександрівка,р. Південний Буг,water_level,cm,2023-07-07,420.0,Т,-3.02,1.1800000000000002,0.18648230896028622,1.3664823089602864,Інв_№230_Щорічні_дані_про_режим_та_ресурси_вод_морів_і_морських.pdf,164
81801,с. Олександрівка,р. Південний Буг,water_level,cm,2023-07-08,398.0,Т,-3.02,0.96,0.18648230896028622,1.1464823089602862,Інв_№230_Щорічні_дані_про_режим_та_ресурси_вод_морів_і_морських.pdf,164
81801,с. Олександрівка,р. Південний Буг,water_level,cm,2023-07-09,413.0,Т,-3.02,1.1099999999999999,0.18648230896028622,1.2964823089602862,Інв_№230_Щорічні_дані_про_режим_та_ресурси_вод_морів_і_морських.pdf,164
81801,с. Олександрівка,р. Південний Буг,water_level,cm,2023-07-10,415.0,Т,-3.02,1.1300000000000003,0.18648230896028622,1.3164823089602866,Інв_№230_Щорічні_дані_про_режим_та_ресурси_вод_морів_і_морських.pdf,164
81801,с. Олександрівка,р. Південний Буг,water_level,cm,2023-07-11,420.0,Т,-3.02,1.1800000000000002,0.18648230896028622,1.3664823089602864,Інв_№230_Щорічні_дані_про_режим_та_ресурси_вод_морів_і_морських.pdf,164
81801,с. Олександрівка,р. Південний Буг,water_level,cm,2023-07-12,408.0,Т,-3.02,1.06,0.18648230896028622,1.2464823089602863,Інв_№230_Щорічні_дані_про_режим_та_ресурси_вод_морів_і_морських.pdf,164
81801,с. Олександрівка,р. Південний Буг,water_level,cm,2023-07-13,403.0,Т,-3.02,1.0100000000000002,0.18648230896028622,1.1964823089602865,Інв_№230_Щорічні_дані_про_режим_та_ресурси_вод_морів_і_морських.pdf,164
81801,с. Олександрівка,р. Південний Буг,water_level,cm,2023-07-14,403.0,Т,-3.02,1.0100000000000002,0.18648230896028622,1.1964823089602865,Інв_№230_Щорічні_дані_про_режим_та_ресурси_вод_морів_і_морських.pdf,164
81801,с. Олександрівка,р. Південний Буг,water_level,cm,2023-07-15,400.0,Т,-3.02,0.98,0.18648230896028622,1.1664823089602863,Інв_№230_Щорічні_дані_про_режим_та_ресурси_вод_морів_і_морських.pdf,164
81801,с. Олександрівка,р. Південний Буг,water_level,cm,2023-07-16,402.0,Т,-3.02,0.9999999999999996,0.18648230896028622,1.1864823089602858,Інв_№230_Щорічні_дані_про_режим_та_ресурси_вод_морів_і_морських.pdf,164
81801,с. Олександрівка,р. Південний Буг,water_level,cm,2023-07-17,379.0,Т,-3.02,0.77,0.18648230896028622,0.9564823089602863,Інв_№230_Щорічні_дані_про_режим_та_ресурси_вод_морів_і_морських.pdf,164
81801,с. Олександрівка,р. Південний Буг,water_level,cm,2023-07-18,378.0,Т,-3.02,0.7599999999999998,0.18648230896028622,0.9464823089602861,Інв_№230_Щорічні_дані_про_режим_та_ресурси_вод_морів_і_морських.pdf,164
81801,с. Олександрівка,р. Південний Буг,water_level,cm,2023-07-19,373.0,Т,-3.02,0.71,0.18648230896028622,0.8964823089602862,Інв_№230_Щорічні_дані_про_режим_та_ресурси_вод_морів_і_морських.pdf,164
81801,с. Олександрівка,р. Південний Буг,water_level,cm,2023-07-20,365.0,Т,-3.02,0.6299999999999999,0.18648230896028622,0.8164823089602862,Інв_№230_Щорічні_дані_про_режим_та_ресурси_вод_морів_і_морських.pdf,164
81801,с. Олександрівка,р. Південний Буг,water_level,cm,2023-07-21,358.0,Т,-3.02,0.56,0.18648230896028622,0.7464823089602863,Інв_№230_Щорічні_дані_про_режим_та_ресурси_вод_морів_і_морських.pdf,164
81801,с. Олександрівка,р. Південний Буг,water_level,cm,2023-07-22,355.0,Т,-3.02,0.5299999999999998,0.18648230896028622,0.7164823089602861,Інв_№230_Щорічні_дані_про_режим_та_ресурси_вод_морів_і_морських.pdf,164
81801,с. Олександрівка,р. Південний Буг,water_level,cm,2023-07-23,355.0,Т,-3.02,0.5299999999999998,0.18648230896028622,0.7164823089602861,Інв_№230_Щорічні_дані_про_режим_та_ресурси_вод_морів_і_морських.pdf,164
81801,с. Олександрівка,р. Південний Буг,water_level,cm,2023-07-24,355.0,Т,-3.02,0.5299999999999998,0.18648230896028622,0.7164823089602861,Інв_№230_Щорічні_дані_про_режим_та_ресурси_вод_морів_і_морських.pdf,164
81801,с. Олександрівка,р. Південний Буг,water_level,cm,2023-07-25,355.0,Т,-3.02,0.5299999999999998,0.18648230896028622,0.7164823089602861,Інв_№230_Щорічні_дані_про_режим_та_ресурси_вод_морів_і_морських.pdf,164
81801,с. Олександрівка,р. Південний Буг,water_level,cm,2023-07-26,365.0,Т,-3.02,0.6299999999999999,0.18648230896028622,0.8164823089602862,Інв_№230_Щорічні_дані_про_режим_та_ресурси_вод_морів_і_морських.pdf,164
81801,с. Олександрівка,р. Південний Буг,water_level,cm,2023-07-27,370.0,Т,-3.02,0.6800000000000002,0.18648230896028622,0.8664823089602864,Інв_№230_Щорічні_дані_про_режим_та_ресурси_вод_морів_і_морських.pdf,164
81801,с. Олександрівка,р. Південний Буг,water_level,cm,2023-07-28,355.0,Т,-3.02,0.5299999999999998,0.18648230896028622,0.7164823089602861,Інв_№230_Щорічні_дані_про_режим_та_ресурси_вод_морів_і_морських.pdf,164
81801,с. Олександрівка,р. Південний Буг,water_level,cm,2023-07-29,345.0,Т,-3.02,0.43000000000000016,0.18648230896028622,0.6164823089602864,Інв_№230_Щорічні_дані_про_режим_та_ресурси_вод_морів_і_морських.pdf,164
81801,с. Олександрівка,р. Південний Буг,water_level,cm,2023-07-30,348.0,Т,-3.02,0.45999999999999996,0.18648230896028622,0.6464823089602862,Інв_№230_Щорічні_дані_про_режим_та_ресурси_вод_морів_і_морських.pdf,164
81801,с. Олександрівка,р. Південний Буг,water_level,cm,2023-07-31,348.0,Т,-3.02,0.45999999999999996,0.18648230896028622,0.6464823089602862,Інв_№230_Щорічні_дані_про_режим_та_ресурси_вод_морів_і_морських.pdf,164
81801,с. Олександрівка,р. Південний Буг,water_level,cm,2023-08-01,358.0,Т,-3.02,0.56,0.18648230896028622,0.7464823089602863,Інв_№230_Щорічні_дані_про_режим_та_ресурси_вод_морів_і_морських.pdf,164
81801,с. Олександрівка,р. Південний Буг,water_level,cm,2023-08-02,364.0,Т,-3.02,0.6200000000000001,0.18648230896028622,0.8064823089602864,Інв_№230_Щорічні_дані_про_режим_та_ресурси_вод_морів_і_морських.pdf,164
81801,с. Олександрівка,р. Південний Буг,water_level,cm,2023-08-03,365.0,Т,-3.02,0.6299999999999999,0.18648230896028622,0.8164823089602862,Інв_№230_Щорічні_дані_про_режим_та_ресурси_вод_морів_і_морських.pdf,164
81801,с. Олександрівка,р. Південний Буг,water_level,cm,2023-08-04,365.0,Т,-3.02,0.6299999999999999,0.18648230896028622,0.8164823089602862,Інв_№230_Щорічні_дані_про_режим_та_ресурси_вод_морів_і_морських.pdf,164
81801,с. Олександрівка,р. Південний Буг,water_level,cm,2023-08-05,365.0,Т,-3.02,0.6299999999999999,0.18648230896028622,0.8164823089602862,Інв_№230_Щорічні_дані_про_режим_та_ресурси_вод_морів_і_морських.pdf,164
81801,с. Олександрівка,р. Південний Буг,water_level,cm,2023-08-06,365.0,Т,-3.02,0.6299999999999999,0.18648230896028622,0.8164823089602862,Інв_№230_Щорічні_дані_про_режим_та_ресурси_вод_морів_і_морських.pdf,164
81801,с. Олександрівка,р. Південний Буг,water_level,cm,2023-08-07,365.0,Т,-3.02,0.6299999999999999,0.18648230896028622,0.8164823089602862,Інв_№230_Щорічні_дані_про_режим_та_ресурси_вод_морів_і_морських.pdf,164
81801,с. Олександрівка,р. Південний Буг,water_level,cm,2023-08-08,365.0,Т,-3.02,0.6299999999999999,0.18648230896028622,0.8164823089602862,Інв_№230_Щорічні_дані_про_режим_та_ресурси_вод_морів_і_морських.pdf,164
81801,с. Олександрівка,р. Південний Буг,water_level,cm,2023-08-09,403.0,Т,-3.02,1.0100000000000002,0.18648230896028622,1.1964823089602865,Інв_№230_Щорічні_дані_про_режим_та_ресурси_вод_морів_і_морських.pdf,164
81801,с. Олександрівка,р. Південний Буг,water_level,cm,2023-08-10,403.0,Т,-3.02,1.0100000000000002,0.18648230896028622,1.1964823089602865,Інв_№230_Щорічні_дані_про_режим_та_ресурси_вод_морів_і_морських.pdf,164
81801,с. Олександрівка,р. Південний Буг,water_level,cm,2023-08-11,400.0,Т,-3.02,0.98,0.18648230896028622,1.1664823089602863,Інв_№230_Щорічні_дані_про_режим_та_ресурси_вод_морів_і_морських.pdf,164
81801,с. Олександрівка,р. Південний Буг,water_level,cm,2023-08-12,395.0,Т,-3.02,0.9300000000000002,0.18648230896028622,1.1164823089602864,Інв_№230_Щорічні_дані_про_режим_та_ресурси_вод_морів_і_морських.pdf,164
81801,с. Олександрівка,р. Південний Буг,water_level,cm,2023-08-13,395.0,Т,-3.02,0.9300000000000002,0.18648230896028622,1.1164823089602864,Інв_№230_Щорічні_дані_про_режим_та_ресурси_вод_морів_і_морських.pdf,164
81801,с. Олександрівка,р. Південний Буг,water_level,cm,2023-08-14,378.0,Т,-3.02,0.7599999999999998,0.18648230896028622,0.9464823089602861,Інв_№230_Щорічні_дані_про_режим_та_ресурси_вод_морів_і_морських.pdf,164
81801,с. Олександрівка,р. Південний Буг,water_level,cm,2023-08-15,355.0,Т,-3.02,0.5299999999999998,0.18648230896028622,0.7164823089602861,Інв_№230_Щорічні_дані_про_режим_та_ресурси_вод_морів_і_морських.pdf,164
81801,с. Олександрівка,р. Південний Буг,water_level,cm,2023-08-16,355.0,Т,-3.02,0.5299999999999998,0.18648230896028622,0.7164823089602861,Інв_№230_Щорічні_дані_про_режим_та_ресурси_вод_морів_і_морських.pdf,164
81801,с. Олександрівка,р. Південний Буг,water_level,cm,2023-08-17,355.0,Т,-3.02,0.5299999999999998,0.18648230896028622,0.7164823089602861,Інв_№230_Щорічні_дані_про_режим_та_ресурси_вод_морів_і_морських.pdf,164
81801,с. Олександрівка,р. Південний Буг,water_level,cm,2023-08-18,355.0,Т,-3.02,0.5299999999999998,0.18648230896028622,0.7164823089602861,Інв_№230_Щорічні_дані_про_режим_та_ресурси_вод_морів_і_морських.pdf,164
81801,с. Олександрівка,р. Південний Буг,water_level,cm,2023-08-19,355.0,Т,-3.02,0.5299999999999998,0.18648230896028622,0.7164823089602861,Інв_№230_Щорічні_дані_про_режим_та_ресурси_вод_морів_і_морських.pdf,164
81801,с. Олександрівка,р. Південний Буг,water_level,cm,2023-08-20,355.0,Т,-3.02,0.5299999999999998,0.18648230896028622,0.7164823089602861,Інв_№230_Щорічні_дані_про_режим_та_ресурси_вод_морів_і_морських.pdf,164
81801,с. Олександрівка,р. Південний Буг,water_level,cm,2023-08-21,353.0,Т,-3.02,0.5099999999999998,0.18648230896028622,0.6964823089602861,Інв_№230_Щорічні_дані_про_режим_та_ресурси_вод_морів_і_морських.pdf,164
81801,с. Олександрівка,р. Південний Буг,water_level,cm,2023-08-22,349.0,Т,-3.02,0.4700000000000002,0.18648230896028622,0.6564823089602865,Інв_№230_Щорічні_дані_про_режим_та_ресурси_вод_морів_і_морських.pdf,164
81801,с. Олександрівка,р. Південний Буг,water_level,cm,2023-08-23,349.0,Т,-3.02,0.4700000000000002,0.18648230896028622,0.6564823089602865,Інв_№230_Щорічні_дані_про_режим_та_ресурси_вод_морів_і_морських.pdf,164
81801,с. Олександрівка,р. Південний Буг,water_level,cm,2023-08-24,350.0,Т,-3.02,0.48,0.18648230896028622,0.6664823089602863,Інв_№230_Щорічні_дані_про_режим_та_ресурси_вод_морів_і_морських.pdf,164
81801,с. Олександрівка,р. Південний Буг,water_level,cm,2023-08-25,349.0,Т,-3.02,0.4700000000000002,0.18648230896028622,0.6564823089602865,Інв_№230_Щорічні_дані_про_режим_та_ресурси_вод_морів_і_морських.pdf,164
81801,с. Олександрівка,р. Південний Буг,water_level,cm,2023-08-26,349.0,Т,-3.02,0.4700000000000002,0.18648230896028622,0.6564823089602865,Інв_№230_Щорічні_дані_про_режим_та_ресурси_вод_морів_і_морських.pdf,164
81801,с. Олександрівка,р. Південний Буг,water_level,cm,2023-08-27,351.0,Т,-3.02,0.48999999999999977,0.18648230896028622,0.676482308960286,Інв_№230_Щорічні_дані_про_режим_та_ресурси_вод_морів_і_морських.pdf,164
81801,с. Олександрівка,р. Південний Буг,water_level,cm,2023-08-28,347.0,Т,-3.02,0.4500000000000002,0.18648230896028622,0.6364823089602865,Інв_№230_Щорічні_дані_про_режим_та_ресурси_вод_морів_і_морських.pdf,164
81801,с. Олександрівка,р. Південний Буг,water_level,cm,2023-08-29,347.0,Т,-3.02,0.4500000000000002,0.18648230896028622,0.6364823089602865,Інв_№230_Щорічні_дані_про_режим_та_ресурси_вод_морів_і_морських.pdf,164
81801,с. Олександрівка,р. Південний Буг,water_level,cm,2023-08-30,347.0,Т,-3.02,0.4500000000000002,0.18648230896028622,0.6364823089602865,Інв_№230_Щорічні_дані_про_режим_та_ресурси_вод_морів_і_морських.pdf,164
81801,с. Олександрівка,р. Південний Буг,water_level,cm,2023-08-31,347.0,Т,-3.02,0.4500000000000002,0.18648230896028622,0.6364823089602865,Інв_№230_Щорічні_дані_про_режим_та_ресурси_вод_морів_і_морських.pdf,164
81801,с. Олександрівка,р. Південний Буг,water_level,cm,2023-09-01,351.0,Т,-3.02,0.48999999999999977,0.18648230896028622,0.676482308960286,Інв_№230_Щорічні_дані_про_режим_та_ресурси_вод_морів_і_морських.pdf,164
81801,с. Олександрівка,р. Південний Буг,water_level,cm,2023-09-02,349.0,Т,-3.02,0.4700000000000002,0.18648230896028622,0.6564823089602865,Інв_№230_Щорічні_дані_про_режим_та_ресурси_вод_морів_і_морських.pdf,164
81801,с. Олександрівка,р. Південний Буг,water_level,cm,2023-09-03,341.0,Т,-3.02,0.3900000000000001,0.18648230896028622,0.5764823089602864,Інв_№230_Щорічні_дані_про_режим_та_ресурси_вод_морів_і_морських.pdf,164
81801,с. Олександрівка,р. Південний Буг,water_level,cm,2023-09-04,341.0,Т,-3.02,0.3900000000000001,0.18648230896028622,0.5764823089602864,Інв_№230_Щорічні_дані_про_режим_та_ресурси_вод_морів_і_морських.pdf,164
81801,с. Олександрівка,р. Південний Буг,water_level,cm,2023-09-05,353.0,Т,-3.02,0.5099999999999998,0.18648230896028622,0.6964823089602861,Інв_№230_Щорічні_дані_про_режим_та_ресурси_вод_морів_і_морських.pdf,164
81801,с. Олександрівка,р. Південний Буг,water_level,cm,2023-09-06,352.0,Т,-3.02,0.5,0.18648230896028622,0.6864823089602863,Інв_№230_Щорічні_дані_про_режим_та_ресурси_вод_морів_і_морських.pdf,164
81801,с. Олександрівка,р. Південний Буг,water_level,cm,2023-09-07,352.0,Т,-3.02,0.5,0.18648230896028622,0.6864823089602863,Інв_№230_Щорічні_дані_про_режим_та_ресурси_вод_морів_і_морських.pdf,164
81801,с. Олександрівка,р. Південний Буг,water_level,cm,2023-09-08,352.0,Т,-3.02,0.5,0.18648230896028622,0.6864823089602863,Інв_№230_Щорічні_дані_про_режим_та_ресурси_вод_морів_і_морських.pdf,164
81801,с. Олександрівка,р. Південний Буг,water_level,cm,2023-09-09,351.0,Т,-3.02,0.48999999999999977,0.18648230896028622,0.676482308960286,Інв_№230_Щорічні_дані_про_режим_та_ресурси_вод_морів_і_морських.pdf,164
81801,с. Олександрівка,р. Південний Буг,water_level,cm,2023-09-10,350.0,Т,-3.02,0.48,0.18648230896028622,0.6664823089602863,Інв_№230_Щорічні_дані_про_режим_та_ресурси_вод_морів_і_морських.pdf,164
81801,с. Олександрівка,р. Південний Буг,water_level,cm,2023-09-11,346.0,Т,-3.02,0.43999999999999995,0.18648230896028622,0.6264823089602862,Інв_№230_Щорічні_дані_про_режим_та_ресурси_вод_морів_і_морських.pdf,164
81801,с. Олександрівка,р. Південний Буг,water_level,cm,2023-09-12,339.0,Т,-3.02,0.3700000000000001,0.18648230896028622,0.5564823089602864,Інв_№230_Щорічні_дані_про_режим_та_ресурси_вод_морів_і_морських.pdf,164
81801,с. Олександрівка,р. Південний Буг,water_level,cm,2023-09-13,353.0,Т,-3.02,0.5099999999999998,0.18648230896028622,0.6964823089602861,Інв_№230_Щорічні_дані_про_режим_та_ресурси_вод_морів_і_морських.pdf,164
81801,с. Олександрівка,р. Південний Буг,water_level,cm,2023-09-14,355.0,Т,-3.02,0.5299999999999998,0.18648230896028622,0.7164823089602861,Інв_№230_Щорічні_дані_про_режим_та_ресурси_вод_морів_і_морських.pdf,164
81801,с. Олександрівка,р. Південний Буг,water_level,cm,2023-09-15,353.0,Т,-3.02,0.5099999999999998,0.18648230896028622,0.6964823089602861,Інв_№230_Щорічні_дані_про_режим_та_ресурси_вод_морів_і_морських.pdf,164
81801,с. Олександрівка,р. Південний Буг,water_level,cm,2023-09-16,347.0,Т,-3.02,0.4500000000000002,0.18648230896028622,0.6364823089602865,Інв_№230_Щорічні_дані_про_режим_та_ресурси_вод_морів_і_морських.pdf,164
81801,с. Олександрівка,р. Південний Буг,water_level,cm,2023-09-17,348.0,Т,-3.02,0.45999999999999996,0.18648230896028622,0.6464823089602862,Інв_№230_Щорічні_дані_про_режим_та_ресурси_вод_морів_і_морських.pdf,164
81801,с. Олександрівка,р. Південний Буг,water_level,cm,2023-09-18,351.0,Т,-3.02,0.48999999999999977,0.18648230896028622,0.676482308960286,Інв_№230_Щорічні_дані_про_режим_та_ресурси_вод_морів_і_морських.pdf,164
81801,с. Олександрівка,р. Південний Буг,water_level,cm,2023-09-19,351.0,Т,-3.02,0.48999999999999977,0.18648230896028622,0.676482308960286,Інв_№230_Щорічні_дані_про_режим_та_ресурси_вод_морів_і_морських.pdf,164
81801,с. Олександрівка,р. Південний Буг,water_level,cm,2023-09-20,351.0,Т,-3.02,0.48999999999999977,0.18648230896028622,0.676482308960286,Інв_№230_Щорічні_дані_про_режим_та_ресурси_вод_морів_і_морських.pdf,164
81801,с. Олександрівка,р. Південний Буг,water_level,cm,2023-09-21,350.0,Т,-3.02,0.48,0.18648230896028622,0.6664823089602863,Інв_№230_Щорічні_дані_про_режим_та_ресурси_вод_морів_і_морських.pdf,164
81801,с. Олександрівка,р. Південний Буг,water_level,cm,2023-09-22,348.0,Т,-3.02,0.45999999999999996,0.18648230896028622,0.6464823089602862,Інв_№230_Щорічні_дані_про_режим_та_ресурси_вод_морів_і_морських.pdf,164
81801,с. Олександрівка,р. Південний Буг,water_level,cm,2023-09-23,346.0,Т,-3.02,0.43999999999999995,0.18648230896028622,0.6264823089602862,Інв_№230_Щорічні_дані_про_режим_та_ресурси_вод_морів_і_морських.pdf,164
81801,с. Олександрівка,р. Південний Буг,water_level,cm,2023-09-24,348.0,Т,-3.02,0.45999999999999996,0.18648230896028622,0.6464823089602862,Інв_№230_Щорічні_дані_про_режим_та_ресурси_вод_морів_і_морських.pdf,164
81801,с. Олександрівка,р. Південний Буг,water_level,cm,2023-09-25,343.0,Т,-3.02,0.41000000000000014,0.18648230896028622,0.5964823089602864,Інв_№230_Щорічні_дані_про_режим_та_ресурси_вод_морів_і_морських.pdf,164
81801,с. Олександрівка,р. Південний Буг,water_level,cm,2023-09-26,343.0,Т,-3.02,0.41000000000000014,0.18648230896028622,0.5964823089602864,Інв_№230_Щорічні_дані_про_режим_та_ресурси_вод_морів_і_морських.pdf,164
81801,с. Олександрівка,р. Південний Буг,water_level,cm,2023-09-27,342.0,Т,-3.02,0.3999999999999999,0.18648230896028622,0.5864823089602862,Інв_№230_Щорічні_дані_про_режим_та_ресурси_вод_морів_і_морських.pdf,164
81801,с. Олександрівка,р. Південний Буг,water_level,cm,2023-09-28,343.0,Т,-3.02,0.41000000000000014,0.18648230896028622,0.5964823089602864,Інв_№230_Щорічні_дані_про_режим_та_ресурси_вод_морів_і_морських.pdf,164
81801,с. Олександрівка,р. Південний Буг,water_level,cm,2023-09-29,341.0,Т,-3.02,0.3900000000000001,0.18648230896028622,0.5764823089602864,Інв_№230_Щорічні_дані_про_режим_та_ресурси_вод_морів_і_морських.pdf,164
81801,с. Олександрівка,р. Південний Буг,water_level,cm,2023-09-30,339.0,Т,-3.02,0.3700000000000001,0.18648230896028622,0.5564823089602864,Інв_№230_Щорічні_дані_про_режим_та_ресурси_вод_морів_і_морських.pdf,164
81801,с. Олександрівка,р. Південний Буг,water_level,cm,2023-10-01,348.0,Т,-3.02,0.45999999999999996,0.18648230896028622,0.6464823089602862,Інв_№230_Щорічні_дані_про_режим_та_ресурси_вод_морів_і_морських.pdf,164
81801,с. Олександрівка,р. Південний Буг,water_level,cm,2023-10-02,339.0,Т,-3.02,0.3700000000000001,0.18648230896028622,0.5564823089602864,Інв_№230_Щорічні_дані_про_режим_та_ресурси_вод_морів_і_морських.pdf,164
81801,с. Олександрівка,р. Південний Буг,water_level,cm,2023-10-03,342.0,Т,-3.02,0.3999999999999999,0.18648230896028622,0.5864823089602862,Інв_№230_Щорічні_дані_про_режим_та_ресурси_вод_морів_і_морських.pdf,164
81801,с. Олександрівка,р. Південний Буг,water_level,cm,2023-10-04,339.0,Т,-3.02,0.3700000000000001,0.18648230896028622,0.5564823089602864,Інв_№230_Щорічні_дані_про_режим_та_ресурси_вод_морів_і_морських.pdf,164
81801,с. Олександрівка,р. Південний Буг,water_level,cm,2023-10-05,338.0,Т,-3.02,0.3599999999999999,0.18648230896028622,0.5464823089602862,Інв_№230_Щорічні_дані_про_режим_та_ресурси_вод_морів_і_морських.pdf,164
81801,с. Олександрівка,р. Південний Буг,water_level,cm,2023-10-06,335.0,Т,-3.02,0.33000000000000007,0.18648230896028622,0.5164823089602864,Інв_№230_Щорічні_дані_про_режим_та_ресурси_вод_морів_і_морських.pdf,164
81801,с. Олександрівка,р. Південний Буг,water_level,cm,2023-10-07,333.0,Т,-3.02,0.31000000000000005,0.18648230896028622,0.4964823089602863,Інв_№230_Щорічні_дані_про_режим_та_ресурси_вод_морів_і_морських.pdf,164
81801,с. Олександрівка,р. Південний Буг,water_level,cm,2023-10-08,339.0,Т,-3.02,0.3700000000000001,0.18648230896028622,0.5564823089602864,Інв_№230_Щорічні_дані_про_режим_та_ресурси_вод_морів_і_морських.pdf,164
81801,с. Олександрівка,р. Південний Буг,water_level,cm,2023-10-09,338.0,Т,-3.02,0.3599999999999999,0.18648230896028622,0.5464823089602862,Інв_№230_Щорічні_дані_про_режим_та_ресурси_вод_морів_і_морських.pdf,164
81801,с. Олександрівка,р. Південний Буг,water_level,cm,2023-10-10,338.0,Т,-3.02,0.3599999999999999,0.18648230896028622,0.5464823089602862,Інв_№230_Щорічні_дані_про_режим_та_ресурси_вод_морів_і_морських.pdf,164
81801,с. Олександрівка,р. Південний Буг,water_level,cm,2023-10-11,338.0,Т,-3.02,0.3599999999999999,0.18648230896028622,0.5464823089602862,Інв_№230_Щорічні_дані_про_режим_та_ресурси_вод_морів_і_морських.pdf,164
81801,с. Олександрівка,р. Південний Буг,water_level,cm,2023-10-12,335.0,Т,-3.02,0.33000000000000007,0.18648230896028622,0.5164823089602864,Інв_№230_Щорічні_дані_про_режим_та_ресурси_вод_морів_і_морських.pdf,164
81801,с. Олександрівка,р. Південний Буг,water_level,cm,2023-10-13,333.0,Т,-3.02,0.31000000000000005,0.18648230896028622,0.4964823089602863,Інв_№230_Щорічні_дані_про_режим_та_ресурси_вод_морів_і_морських.pdf,164
81801,с. Олександрівка,р. Південний Буг,water_level,cm,2023-10-14,330.0,Т,-3.02,0.2799999999999998,0.18648230896028622,0.46648230896028603,Інв_№230_Щорічні_дані_про_режим_та_ресурси_вод_морів_і_морських.pdf,164
81801,с. Олександрівка,р. Південний Буг,water_level,cm,2023-10-15,330.0,Т,-3.02,0.2799999999999998,0.18648230896028622,0.46648230896028603,Інв_№230_Щорічні_дані_про_режим_та_ресурси_вод_морів_і_морських.pdf,164
81801,с. Олександрівка,р. Південний Буг,water_level,cm,2023-10-16,328.0,Т,-3.02,0.2599999999999998,0.18648230896028622,0.446482308960286,Інв_№230_Щорічні_дані_про_режим_та_ресурси_вод_морів_і_морських.pdf,164
81801,с. Олександрівка,р. Південний Буг,water_level,cm,2023-10-17,326.0,Т,-3.02,0.23999999999999977,0.18648230896028622,0.426482308960286,Інв_№230_Щорічні_дані_про_режим_та_ресурси_вод_морів_і_морських.pdf,164
81801,с. Олександрівка,р. Південний Буг,water_level,cm,2023-10-18,326.0,Т,-3.02,0.23999999999999977,0.18648230896028622,0.426482308960286,Інв_№230_Щорічні_дані_про_режим_та_ресурси_вод_морів_і_морських.pdf,164
81801,с. Олександрівка,р. Південний Буг,water_level,cm,2023-10-19,330.0,Т,-3.02,0.2799999999999998,0.18648230896028622,0.46648230896028603,Інв_№230_Щорічні_дані_про_режим_та_ресурси_вод_морів_і_морських.pdf,164
81801,с. Олександрівка,р. Південний Буг,water_level,cm,2023-10-20,359.0,Т,-3.02,0.5699999999999998,0.18648230896028622,0.7564823089602861,Інв_№230_Щорічні_дані_про_режим_та_ресурси_вод_морів_і_морських.pdf,164
81801,с. Олександрівка,р. Південний Буг,water_level,cm,2023-10-21,338.0,Т,-3.02,0.3599999999999999,0.18648230896028622,0.5464823089602862,Інв_№230_Щорічні_дані_про_режим_та_ресурси_вод_морів_і_морських.pdf,164
81801,с. Олександрівка,р. Південний Буг,water_level,cm,2023-10-22,330.0,Т,-3.02,0.2799999999999998,0.18648230896028622,0.46648230896028603,Інв_№230_Щорічні_дані_про_режим_та_ресурси_вод_морів_і_морських.pdf,164
81801,с. Олександрівка,р. Південний Буг,water_level,cm,2023-10-23,328.0,Т,-3.02,0.2599999999999998,0.18648230896028622,0.446482308960286,Інв_№230_Щорічні_дані_про_режим_та_ресурси_вод_морів_і_морських.pdf,164
81801,с. Олександрівка,р. Південний Буг,water_level,cm,2023-10-24,325.0,Т,-3.02,0.22999999999999998,0.18648230896028622,0.4164823089602862,Інв_№230_Щорічні_дані_про_режим_та_ресурси_вод_морів_і_морських.pdf,164
81801,с. Олександрівка,р. Південний Буг,water_level,cm,2023-10-25,358.0,Т,-3.02,0.56,0.18648230896028622,0.7464823089602863,Інв_№230_Щорічні_дані_про_режим_та_ресурси_вод_морів_і_морських.pdf,164
81801,с. Олександрівка,р. Південний Буг,water_level,cm,2023-10-26,396.0,Т,-3.02,0.94,0.18648230896028622,1.1264823089602862,Інв_№230_Щорічні_дані_про_режим_та_ресурси_вод_морів_і_морських.pdf,164
81801,с. Олександрівка,р. Південний Буг,water_level,cm,2023-10-27,381.0,Т,-3.02,0.79,0.18648230896028622,0.9764823089602863,Інв_№230_Щорічні_дані_про_режим_та_ресурси_вод_морів_і_морських.pdf,164
81801,с. Олександрівка,р. Південний Буг,water_level,cm,2023-10-28,375.0,Т,-3.02,0.73,0.18648230896028622,0.9164823089602863,Інв_№230_Щорічні_дані_про_режим_та_ресурси_вод_морів_і_морських.pdf,164
81801,с. Олександрівка,р. Південний Буг,water_level,cm,2023-10-29,373.0,Т,-3.02,0.71,0.18648230896028622,0.8964823089602862,Інв_№230_Щорічні_дані_про_режим_та_ресурси_вод_морів_і_морських.pdf,164
81801,с. Олександрівка,р. Південний Буг,water_level,cm,2023-10-30,350.0,Т,-3.02,0.48,0.18648230896028622,0.6664823089602863,Інв_№230_Щорічні_дані_про_режим_та_ресурси_вод_морів_і_морських.pdf,164
81801,с. Олександрівка,р. Південний Буг,water_level,cm,2023-10-31,350.0,Т,-3.02,0.48,0.18648230896028622,0.6664823089602863,Інв_№230_Щорічні_дані_про_режим_та_ресурси_вод_морів_і_морських.pdf,164
81801,с. Олександрівка,р. Південний Буг,water_level,cm,2023-11-01,353.0,А,-3.02,0.5099999999999998,0.18648230896028622,0.6964823089602861,Інв_№230_Щорічні_дані_про_режим_та_ресурси_вод_морів_і_морських.pdf,164
81801,с. Олександрівка,р. Південний Буг,water_level,cm,2023-11-02,338.0,А,-3.02,0.3599999999999999,0.18648230896028622,0.5464823089602862,Інв_№230_Щорічні_дані_про_режим_та_ресурси_вод_морів_і_морських.pdf,164
81801,с. Олександрівка,р. Південний Буг,water_level,cm,2023-11-03,335.0,А,-3.02,0.33000000000000007,0.18648230896028622,0.5164823089602864,Інв_№230_Щорічні_дані_про_режим_та_ресурси_вод_морів_і_морських.pdf,164
81801,с. Олександрівка,р. Південний Буг,water_level,cm,2023-11-04,340.0,А,-3.02,0.3799999999999999,0.18648230896028622,0.5664823089602862,Інв_№230_Щорічні_дані_про_режим_та_ресурси_вод_морів_і_морських.pdf,164
81801,с. Олександрівка,р. Південний Буг,water_level,cm,2023-11-05,355.0,А,-3.02,0.5299999999999998,0.18648230896028622,0.7164823089602861,Інв_№230_Щорічні_дані_про_режим_та_ресурси_вод_морів_і_морських.pdf,164
81801,с. Олександрівка,р. Південний Буг,water_level,cm,2023-11-06,355.0,А,-3.02,0.5299999999999998,0.18648230896028622,0.7164823089602861,Інв_№230_Щорічні_дані_про_режим_та_ресурси_вод_морів_і_морських.pdf,164
81801,с. Олександрівка,р. Південний Буг,water_level,cm,2023-11-07,355.0,А,-3.02,0.5299999999999998,0.18648230896028622,0.7164823089602861,Інв_№230_Щорічні_дані_про_режим_та_ресурси_вод_морів_і_морських.pdf,164
81801,с. Олександрівка,р. Південний Буг,water_level,cm,2023-11-08,355.0,А,-3.02,0.5299999999999998,0.18648230896028622,0.7164823089602861,Інв_№230_Щорічні_дані_про_режим_та_ресурси_вод_морів_і_морських.pdf,164
81801,с. Олександрівка,р. Південний Буг,water_level,cm,2023-11-09,355.0,А,-3.02,0.5299999999999998,0.18648230896028622,0.7164823089602861,Інв_№230_Щорічні_дані_про_режим_та_ресурси_вод_морів_і_морських.pdf,164
81801,с. Олександрівка,р. Південний Буг,water_level,cm,2023-11-10,335.0,А,-3.02,0.33000000000000007,0.18648230896028622,0.5164823089602864,Інв_№230_Щорічні_дані_про_режим_та_ресурси_вод_морів_і_морських.pdf,164
81801,с. Олександрівка,р. Південний Буг,water_level,cm,2023-11-11,353.0,А,-3.02,0.5099999999999998,0.18648230896028622,0.6964823089602861,Інв_№230_Щорічні_дані_про_режим_та_ресурси_вод_морів_і_морських.pdf,164
81801,с. Олександрівка,р. Південний Буг,water_level,cm,2023-11-12,365.0,А,-3.02,0.6299999999999999,0.18648230896028622,0.8164823089602862,Інв_№230_Щорічні_дані_про_режим_та_ресурси_вод_морів_і_морських.pdf,164
81801,с. Олександрівка,р. Південний Буг,water_level,cm,2023-11-13,370.0,А,-3.02,0.6800000000000002,0.18648230896028622,0.8664823089602864,Інв_№230_Щорічні_дані_про_режим_та_ресурси_вод_морів_і_морських.pdf,164
81801,с. Олександрівка,р. Південний Буг,water_level,cm,2023-11-14,328.0,А,-3.02,0.2599999999999998,0.18648230896028622,0.446482308960286,Інв_№230_Щорічні_дані_про_режим_та_ресурси_вод_морів_і_морських.pdf,164
81801,с. Олександрівка,р. Південний Буг,water_level,cm,2023-11-15,376.0,А,-3.02,0.7399999999999998,0.18648230896028622,0.926482308960286,Інв_№230_Щорічні_дані_про_режим_та_ресурси_вод_морів_і_морських.pdf,164
81801,с. Олександрівка,р. Південний Буг,water_level,cm,2023-11-16,340.0,А,-3.02,0.3799999999999999,0.18648230896028622,0.5664823089602862,Інв_№230_Щорічні_дані_про_режим_та_ресурси_вод_морів_і_морських.pdf,164
81801,с. Олександрівка,р. Південний Буг,water_level,cm,2023-11-17,330.0,А,-3.02,0.2799999999999998,0.18648230896028622,0.46648230896028603,Інв_№230_Щорічні_дані_про_режим_та_ресурси_вод_морів_і_морських.pdf,164
81801,с. Олександрівка,р. Південний Буг,water_level,cm,2023-11-18,330.0,А,-3.02,0.2799999999999998,0.18648230896028622,0.46648230896028603,Інв_№230_Щорічні_дані_про_режим_та_ресурси_вод_морів_і_морських.pdf,164
81801,с. Олександрівка,р. Південний Буг,water_level,cm,2023-11-19,322.0,А,-3.02,0.20000000000000018,0.18648230896028622,0.3864823089602864,Інв_№230_Щорічні_дані_про_режим_та_ресурси_вод_морів_і_морських.pdf,164
81801,с. Олександрівка,р. Південний Буг,water_level,cm,2023-11-20,322.0,А,-3.02,0.20000000000000018,0.18648230896028622,0.3864823089602864,Інв_№230_Щорічні_дані_про_режим_та_ресурси_вод_морів_і_морських.pdf,164
81801,с. Олександрівка,р. Південний Буг,water_level,cm,2023-11-21,339.0,А,-3.02,0.3700000000000001,0.18648230896028622,0.5564823089602864,Інв_№230_Щорічні_дані_про_режим_та_ресурси_вод_морів_і_морських.pdf,164
81801,с. Олександрівка,р. Південний Буг,water_level,cm,2023-11-22,356.0,А,-3.02,0.54,0.18648230896028622,0.7264823089602863,Інв_№230_Щорічні_дані_про_режим_та_ресурси_вод_морів_і_морських.pdf,164
81801,с. Олександрівка,р. Південний Буг,water_level,cm,2023-11-23,351.0,А,-3.02,0.48999999999999977,0.18648230896028622,0.676482308960286,Інв_№230_Щорічні_дані_про_режим_та_ресурси_вод_морів_і_морських.pdf,164
81801,с. Олександрівка,р. Південний Буг,water_level,cm,2023-11-24,380.0,А,-3.02,0.7799999999999998,0.18648230896028622,0.9664823089602861,Інв_№230_Щорічні_дані_про_режим_та_ресурси_вод_морів_і_морських.pdf,164
81801,с. Олександрівка,р. Південний Буг,water_level,cm,2023-11-25,350.0,А,-3.02,0.48,0.18648230896028622,0.6664823089602863,Інв_№230_Щорічні_дані_про_режим_та_ресурси_вод_морів_і_морських.pdf,164
81801,с. Олександрівка,р. Південний Буг,water_level,cm,2023-11-26,335.0,,-3.02,0.33000000000000007,0.18648230896028622,0.5164823089602864,Інв_№230_Щорічні_дані_про_режим_та_ресурси_вод_морів_і_морських.pdf,164
81801,с. Олександрівка,р. Південний Буг,water_level,cm,2023-11-27,335.0,,-3.02,0.33000000000000007,0.18648230896028622,0.5164823089602864,Інв_№230_Щорічні_дані_про_режим_та_ресурси_вод_морів_і_морських.pdf,164
81801,с. Олександрівка,р. Південний Буг,water_level,cm,2023-11-28,348.0,,-3.02,0.45999999999999996,0.18648230896028622,0.6464823089602862,Інв_№230_Щорічні_дані_про_режим_та_ресурси_вод_морів_і_морських.pdf,164
81801,с. Олександрівка,р. Південний Буг,water_level,cm,2023-11-29,380.0,,-3.02,0.7799999999999998,0.18648230896028622,0.9664823089602861,Інв_№230_Щорічні_дані_про_режим_та_ресурси_вод_морів_і_морських.pdf,164
81801,с. Олександрівка,р. Південний Буг,water_level,cm,2023-11-30,345.0,,-3.02,0.43000000000000016,0.18648230896028622,0.6164823089602864,Інв_№230_Щорічні_дані_про_режим_та_ресурси_вод_морів_і_морських.pdf,164
81801,с. Олександрівка,р. Південний Буг,water_level,cm,2023-12-01,375.0,,-3.02,0.73,0.18648230896028622,0.9164823089602863,Інв_№230_Щорічні_дані_про_режим_та_ресурси_вод_морів_і_морських.pdf,164
81801,с. Олександрівка,р. Південний Буг,water_level,cm,2023-12-02,380.0,,-3.02,0.7799999999999998,0.18648230896028622,0.9664823089602861,Інв_№230_Щорічні_дані_про_режим_та_ресурси_вод_морів_і_морських.pdf,164
81801,с. Олександрівка,р. Південний Буг,water_level,cm,2023-12-03,354.0,,-3.02,0.52,0.18648230896028622,0.7064823089602863,Інв_№230_Щорічні_дані_про_режим_та_ресурси_вод_морів_і_морських.pdf,164
81801,с. Олександрівка,р. Південний Буг,water_level,cm,2023-12-04,354.0,,-3.02,0.52,0.18648230896028622,0.7064823089602863,Інв_№230_Щорічні_дані_про_режим_та_ресурси_вод_морів_і_морських.pdf,164
81801,с. Олександрівка,р. Південний Буг,water_level,cm,2023-12-05,346.0,,-3.02,0.43999999999999995,0.18648230896028622,0.6264823089602862,Інв_№230_Щорічні_дані_про_режим_та_ресурси_вод_морів_і_морських.pdf,164
81801,с. Олександрівка,р. Південний Буг,water_level,cm,2023-12-06,367.0,,-3.02,0.6499999999999999,0.18648230896028622,0.8364823089602862,Інв_№230_Щорічні_дані_про_режим_та_ресурси_вод_морів_і_морських.pdf,164
81801,с. Олександрівка,р. Південний Буг,water_level,cm,2023-12-07,358.0,,-3.02,0.56,0.18648230896028622,0.7464823089602863,Інв_№230_Щорічні_дані_про_режим_та_ресурси_вод_морів_і_морських.pdf,164
81801,с. Олександрівка,р. Південний Буг,water_level,cm,2023-12-08,334.0,,-3.02,0.31999999999999984,0.18648230896028622,0.5064823089602861,Інв_№230_Щорічні_дані_про_режим_та_ресурси_вод_морів_і_морських.pdf,164
81801,с. Олександрівка,р. Південний Буг,water_level,cm,2023-12-09,343.0,,-3.02,0.41000000000000014,0.18648230896028622,0.5964823089602864,Інв_№230_Щорічні_дані_про_режим_та_ресурси_вод_морів_і_морських.pdf,164
81801,с. Олександрівка,р. Південний Буг,water_level,cm,2023-12-10,363.0,,-3.02,0.6099999999999999,0.18648230896028622,0.7964823089602862,Інв_№230_Щорічні_дані_про_режим_та_ресурси_вод_морів_і_морських.pdf,164
81801,с. Олександрівка,р. Південний Буг,water_level,cm,2023-12-11,375.0,,-3.02,0.73,0.18648230896028622,0.9164823089602863,Інв_№230_Щорічні_дані_про_режим_та_ресурси_вод_морів_і_морських.pdf,164
81801,с. Олександрівка,р. Південний Буг,water_level,cm,2023-12-12,371.0,,-3.02,0.69,0.18648230896028622,0.8764823089602862,Інв_№230_Щорічні_дані_про_режим_та_ресурси_вод_морів_і_морських.pdf,164
81801,с. Олександрівка,р. Південний Буг,water_level,cm,2023-12-13,369.0,,-3.02,0.6699999999999999,0.18648230896028622,0.8564823089602862,Інв_№230_Щорічні_дані_про_режим_та_ресурси_вод_морів_і_морських.pdf,164
81801,с. Олександрівка,р. Південний Буг,water_level,cm,2023-12-14,393.0,,-3.02,0.9100000000000001,0.18648230896028622,1.0964823089602864,Інв_№230_Щорічні_дані_про_режим_та_ресурси_вод_морів_і_морських.pdf,164
81801,с. Олександрівка,р. Південний Буг,water_level,cm,2023-12-15,348.0,,-3.02,0.45999999999999996,0.18648230896028622,0.6464823089602862,Інв_№230_Щорічні_дані_про_режим_та_ресурси_вод_морів_і_морських.pdf,164
81801,с. Олександрівка,р. Південний Буг,water_level,cm,2023-12-16,350.0,,-3.02,0.48,0.18648230896028622,0.6664823089602863,Інв_№230_Щорічні_дані_про_режим_та_ресурси_вод_морів_і_морських.pdf,164
81801,с. Олександрівка,р. Південний Буг,water_level,cm,2023-12-17,350.0,,-3.02,0.48,0.18648230896028622,0.6664823089602863,Інв_№230_Щорічні_дані_про_режим_та_ресурси_вод_морів_і_морських.pdf,164
81801,с. Олександрівка,р. Південний Буг,water_level,cm,2023-12-18,374.0,,-3.02,0.7200000000000002,0.18648230896028622,0.9064823089602865,Інв_№230_Щорічні_дані_про_режим_та_ресурси_вод_морів_і_морських.pdf,164
81801,с. Олександрівка,р. Південний Буг,water_level,cm,2023-12-19,374.0,,-3.02,0.7200000000000002,0.18648230896028622,0.9064823089602865,Інв_№230_Щорічні_дані_про_режим_та_ресурси_вод_морів_і_морських.pdf,164
81801,с. Олександрівка,р. Південний Буг,water_level,cm,2023-12-20,375.0,,-3.02,0.73,0.18648230896028622,0.9164823089602863,Інв_№230_Щорічні_дані_про_режим_та_ресурси_вод_морів_і_морських.pdf,164
81801,с. Олександрівка,р. Південний Буг,water_level,cm,2023-12-21,369.0,,-3.02,0.6699999999999999,0.18648230896028622,0.8564823089602862,Інв_№230_Щорічні_дані_про_режим_та_ресурси_вод_морів_і_морських.pdf,164
81801,с. Олександрівка,р. Південний Буг,water_level,cm,2023-12-22,383.0,,-3.02,0.81,0.18648230896028622,0.9964823089602863,Інв_№230_Щорічні_дані_про_режим_та_ресурси_вод_морів_і_морських.pdf,164
81801,с. Олександрівка,р. Південний Буг,water_level,cm,2023-12-23,370.0,,-3.02,0.6800000000000002,0.18648230896028622,0.8664823089602864,Інв_№230_Щорічні_дані_про_режим_та_ресурси_вод_морів_і_морських.pdf,164
81801,с. Олександрівка,р. Південний Буг,water_level,cm,2023-12-24,359.0,,-3.02,0.5699999999999998,0.18648230896028622,0.7564823089602861,Інв_№230_Щорічні_дані_про_режим_та_ресурси_вод_морів_і_морських.pdf,164
81801,с. Олександрівка,р. Південний Буг,water_level,cm,2023-12-25,368.0,,-3.02,0.6600000000000001,0.18648230896028622,0.8464823089602864,Інв_№230_Щорічні_дані_про_режим_та_ресурси_вод_морів_і_морських.pdf,164
81801,с. Олександрівка,р. Південний Буг,water_level,cm,2023-12-26,365.0,,-3.02,0.6299999999999999,0.18648230896028622,0.8164823089602862,Інв_№230_Щорічні_дані_про_режим_та_ресурси_вод_морів_і_морських.pdf,164
81801,с. Олександрівка,р. Південний Буг,water_level,cm,2023-12-27,368.0,,-3.02,0.6600000000000001,0.18648230896028622,0.8464823089602864,Інв_№230_Щорічні_дані_про_режим_та_ресурси_вод_морів_і_морських.pdf,164
81801,с. Олександрівка,р. Південний Буг,water_level,cm,2023-12-28,350.0,,-3.02,0.48,0.18648230896028622,0.6664823089602863,Інв_№230_Щорічні_дані_про_режим_та_ресурси_вод_морів_і_морських.pdf,164
81801,с. Олександрівка,р. Південний Буг,water_level,cm,2023-12-29,373.0,,-3.02,0.71,0.18648230896028622,0.8964823089602862,Інв_№230_Щорічні_дані_про_режим_та_ресурси_вод_морів_і_морських.pdf,164
81801,с. Олександрівка,р. Південний Буг,water_level,cm,2023-12-30,348.0,,-3.02,0.45999999999999996,0.18648230896028622,0.6464823089602862,Інв_№230_Щорічні_дані_про_режим_та_ресурси_вод_морів_і_морських.pdf,164
81801,с. Олександрівка,р. Південний Буг,water_level,cm,2023-12-31,354.0,,-3.02,0.52,0.18648230896028622,0.7064823089602863,Інв_№230_Щорічні_дані_про_режим_та_ресурси_вод_морів_і_морських.pdf,164
98022,м. Очаків,лим. Дніпро-Бузький,sea_level,cm,2023-01-01,474.0,,-5.0,-0.2599999999999998,0.1932867115284359,-0.06671328847156388,Інв_№229_Щорічні_дані_про_режим_та_ресурси_вод_морів_і_морських.pdf,34
98022,м. Очаків,лим. Дніпро-Бузький,sea_level,cm,2023-01-02,479.0,,-5.0,-0.20999999999999996,0.1932867115284359,-0.01671328847156406,Інв_№229_Щорічні_дані_про_режим_та_ресурси_вод_морів_і_морських.pdf,34
98022,м. Очаків,лим. Дніпро-Бузький,sea_level,cm,2023-01-03,482.0,,-5.0,-0.17999999999999972,0.1932867115284359,0.01328671152843619,Інв_№229_Щорічні_дані_про_режим_та_ресурси_вод_морів_і_морських.pdf,34
98022,м. Очаків,лим. Дніпро-Бузький,sea_level,cm,2023-01-04,481.0,,-5.0,-0.1900000000000004,0.1932867115284359,0.0032867115284355153,Інв_№229_Щорічні_дані_про_режим_та_ресурси_вод_морів_і_морських.pdf,34
98022,м. Очаків,лим. Дніпро-Бузький,sea_level,cm,2023-01-05,485.0,,-5.0,-0.15000000000000036,0.1932867115284359,0.04328671152843555,Інв_№229_Щорічні_дані_про_режим_та_ресурси_вод_морів_і_морських.pdf,34
98022,м. Очаків,лим. Дніпро-Бузький,sea_level,cm,2023-01-06,486.0,,-5.0,-0.13999999999999968,0.1932867115284359,0.053286711528436226,Інв_№229_Щорічні_дані_про_режим_та_ресурси_вод_морів_і_морських.pdf,34
98022,м. Очаків,лим. Дніпро-Бузький,sea_level,cm,2023-01-07,483.0,,-5.0,-0.16999999999999993,0.1932867115284359,0.023286711528435977,Інв_№229_Щорічні_дані_про_режим_та_ресурси_вод_морів_і_морських.pdf,34
98022,м. Очаків,лим. Дніпро-Бузький,sea_level,cm,2023-01-08,484.0,,-5.0,-0.16000000000000014,0.1932867115284359,0.033286711528435764,Інв_№229_Щорічні_дані_про_режим_та_ресурси_вод_морів_і_морських.pdf,34
98022,м. Очаків,лим. Дніпро-Бузький,sea_level,cm,2023-01-09,494.0,,-5.0,-0.05999999999999961,0.1932867115284359,0.1332867115284363,Інв_№229_Щорічні_дані_про_режим_та_ресурси_вод_морів_і_морських.pdf,34
98022,м. Очаків,лим. Дніпро-Бузький,sea_level,cm,2023-01-10,495.0,,-5.0,-0.04999999999999982,0.1932867115284359,0.14328671152843608,Інв_№229_Щорічні_дані_про_режим_та_ресурси_вод_морів_і_морських.pdf,34
98022,м. Очаків,лим. Дніпро-Бузький,sea_level,cm,2023-01-11,492.0,,-5.0,-0.08000000000000007,0.1932867115284359,0.11328671152843584,Інв_№229_Щорічні_дані_про_режим_та_ресурси_вод_морів_і_морських.pdf,34
98022,м. Очаків,лим. Дніпро-Бузький,sea_level,cm,2023-01-12,484.0,,-5.0,-0.16000000000000014,0.1932867115284359,0.033286711528435764,Інв_№229_Щорічні_дані_про_режим_та_ресурси_вод_морів_і_морських.pdf,34
98022,м. Очаків,лим. Дніпро-Бузький,sea_level,cm,2023-01-13,481.0,,-5.0,-0.1900000000000004,0.1932867115284359,0.0032867115284355153,Інв_№229_Щорічні_дані_про_режим_та_ресурси_вод_морів_і_морських.pdf,34
98022,м. Очаків,лим. Дніпро-Бузький,sea_level,cm,2023-01-14,478.0,,-5.0,-0.21999999999999975,0.1932867115284359,-0.026713288471563845,Інв_№229_Щорічні_дані_про_режим_та_ресурси_вод_морів_і_морських.pdf,34
98022,м. Очаків,лим. Дніпро-Бузький,sea_level,cm,2023-01-15,473.0,,-5.0,-0.2699999999999996,0.1932867115284359,-0.07671328847156367,Інв_№229_Щорічні_дані_про_режим_та_ресурси_вод_морів_і_морських.pdf,34
98022,м. Очаків,лим. Дніпро-Бузький,sea_level,cm,2023-01-16,476.0,,-5.0,-0.2400000000000002,0.1932867115284359,-0.04671328847156431,Інв_№229_Щорічні_дані_про_режим_та_ресурси_вод_морів_і_морських.pdf,34
98022,м. Очаків,лим. Дніпро-Бузький,sea_level,cm,2023-01-17,488.0,,-5.0,-0.1200000000000001,0.1932867115284359,0.0732867115284358,Інв_№229_Щорічні_дані_про_режим_та_ресурси_вод_морів_і_морських.pdf,34
98022,м. Очаків,лим. Дніпро-Бузький,sea_level,cm,2023-01-18,501.0,,-5.0,0.009999999999999787,0.1932867115284359,0.2032867115284357,Інв_№229_Щорічні_дані_про_режим_та_ресурси_вод_морів_і_морських.pdf,34
98022,м. Очаків,лим. Дніпро-Бузький,sea_level,cm,2023-01-19,500.0,,-5.0,0.0,0.1932867115284359,0.1932867115284359,Інв_№229_Щорічні_дані_про_режим_та_ресурси_вод_морів_і_морських.pdf,34
98022,м. Очаків,лим. Дніпро-Бузький,sea_level,cm,2023-01-20,496.0,,-5.0,-0.040000000000000036,0.1932867115284359,0.15328671152843587,Інв_№229_Щорічні_дані_про_режим_та_ресурси_вод_морів_і_морських.pdf,34
98022,м. Очаків,лим. Дніпро-Бузький,sea_level,cm,2023-01-21,493.0,,-5.0,-0.07000000000000028,0.1932867115284359,0.12328671152843562,Інв_№229_Щорічні_дані_про_режим_та_ресурси_вод_морів_і_морських.pdf,34
98022,м. Очаків,лим. Дніпро-Бузький,sea_level,cm,2023-01-22,487.0,,-5.0,-0.1299999999999999,0.1932867115284359,0.06328671152843601,Інв_№229_Щорічні_дані_про_режим_та_ресурси_вод_морів_і_морських.pdf,34
98022,м. Очаків,лим. Дніпро-Бузький,sea_level,cm,2023-01-23,482.0,,-5.0,-0.17999999999999972,0.1932867115284359,0.01328671152843619,Інв_№229_Щорічні_дані_про_режим_та_ресурси_вод_морів_і_морських.pdf,34
98022,м. Очаків,лим. Дніпро-Бузький,sea_level,cm,2023-01-24,479.0,,-5.0,-0.20999999999999996,0.1932867115284359,-0.01671328847156406,Інв_№229_Щорічні_дані_про_режим_та_ресурси_вод_морів_і_морських.pdf,34
98022,м. Очаків,лим. Дніпро-Бузький,sea_level,cm,2023-01-25,476.0,,-5.0,-0.2400000000000002,0.1932867115284359,-0.04671328847156431,Інв_№229_Щорічні_дані_про_режим_та_ресурси_вод_морів_і_морських.pdf,34
98022,м. Очаків,лим. Дніпро-Бузький,sea_level,cm,2023-01-26,475.0,,-5.0,-0.25,0.1932867115284359,-0.056713288471564094,Інв_№229_Щорічні_дані_про_режим_та_ресурси_вод_морів_і_морських.pdf,34
98022,м. Очаків,лим. Дніпро-Бузький,sea_level,cm,2023-01-27,477.0,,-5.0,-0.23000000000000043,0.1932867115284359,-0.03671328847156452,Інв_№229_Щорічні_дані_про_режим_та_ресурси_вод_морів_і_морських.pdf,34
98022,м. Очаків,лим. Дніпро-Бузький,sea_level,cm,2023-01-28,468.0,,-5.0,-0.3200000000000003,0.1932867115284359,-0.12671328847156438,Інв_№229_Щорічні_дані_про_режим_та_ресурси_вод_морів_і_морських.pdf,34
98022,м. Очаків,лим. Дніпро-Бузький,sea_level,cm,2023-01-29,456.0,,-5.0,-0.4400000000000004,0.1932867115284359,-0.24671328847156448,Інв_№229_Щорічні_дані_про_режим_та_ресурси_вод_морів_і_морських.pdf,34
98022,м. Очаків,лим. Дніпро-Бузький,sea_level,cm,2023-01-30,465.0,,-5.0,-0.34999999999999964,0.1932867115284359,-0.15671328847156374,Інв_№229_Щорічні_дані_про_режим_та_ресурси_вод_морів_і_морських.pdf,34
98022,м. Очаків,лим. Дніпро-Бузький,sea_level,cm,2023-01-31,475.0,,-5.0,-0.25,0.1932867115284359,-0.056713288471564094,Інв_№229_Щорічні_дані_про_режим_та_ресурси_вод_морів_і_морських.pdf,34
98022,м. Очаків,лим. Дніпро-Бузький,sea_level,cm,2023-02-01,472.0,,-5.0,-0.28000000000000025,0.1932867115284359,-0.08671328847156434,Інв_№229_Щорічні_дані_про_режим_та_ресурси_вод_морів_і_морських.pdf,34
98022,м. Очаків,лим. Дніпро-Бузький,sea_level,cm,2023-02-02,478.0,,-5.0,-0.21999999999999975,0.1932867115284359,-0.026713288471563845,Інв_№229_Щорічні_дані_про_режим_та_ресурси_вод_морів_і_морських.pdf,34
98022,м. Очаків,лим. Дніпро-Бузький,sea_level,cm,2023-02-03,480.0,,-5.0,-0.20000000000000018,0.1932867115284359,-0.0067132884715642716,Інв_№229_Щорічні_дані_про_режим_та_ресурси_вод_морів_і_морських.pdf,34
98022,м. Очаків,лим. Дніпро-Бузький,sea_level,cm,2023-02-04,480.0,,-5.0,-0.20000000000000018,0.1932867115284359,-0.0067132884715642716,Інв_№229_Щорічні_дані_про_режим_та_ресурси_вод_морів_і_морських.pdf,34
98022,м. Очаків,лим. Дніпро-Бузький,sea_level,cm,2023-02-05,474.0,,-5.0,-0.2599999999999998,0.1932867115284359,-0.06671328847156388,Інв_№229_Щорічні_дані_про_режим_та_ресурси_вод_морів_і_морських.pdf,34
98022,м. Очаків,лим. Дніпро-Бузький,sea_level,cm,2023-02-06,461.0,,-5.0,-0.3899999999999997,0.1932867115284359,-0.19671328847156377,Інв_№229_Щорічні_дані_про_режим_та_ресурси_вод_морів_і_морських.pdf,34
98022,м. Очаків,лим. Дніпро-Бузький,sea_level,cm,2023-02-07,458.0,,-5.0,-0.41999999999999993,0.1932867115284359,-0.22671328847156402,Інв_№229_Щорічні_дані_про_режим_та_ресурси_вод_морів_і_морських.pdf,34
98022,м. Очаків,лим. Дніпро-Бузький,sea_level,cm,2023-02-08,458.0,,-5.0,-0.41999999999999993,0.1932867115284359,-0.22671328847156402,Інв_№229_Щорічні_дані_про_режим_та_ресурси_вод_морів_і_морських.pdf,34
98022,м. Очаків,лим. Дніпро-Бузький,sea_level,cm,2023-02-09,456.0,,-5.0,-0.4400000000000004,0.1932867115284359,-0.24671328847156448,Інв_№229_Щорічні_дані_про_режим_та_ресурси_вод_морів_і_морських.pdf,34
98022,м. Очаків,лим. Дніпро-Бузький,sea_level,cm,2023-02-10,461.0,,-5.0,-0.3899999999999997,0.1932867115284359,-0.19671328847156377,Інв_№229_Щорічні_дані_про_режим_та_ресурси_вод_морів_і_морських.pdf,34
98022,м. Очаків,лим. Дніпро-Бузький,sea_level,cm,2023-02-11,458.0,,-5.0,-0.41999999999999993,0.1932867115284359,-0.22671328847156402,Інв_№229_Щорічні_дані_про_режим_та_ресурси_вод_морів_і_морських.pdf,34
98022,м. Очаків,лим. Дніпро-Бузький,sea_level,cm,2023-02-12,468.0,,-5.0,-0.3200000000000003,0.1932867115284359,-0.12671328847156438,Інв_№229_Щорічні_дані_про_режим_та_ресурси_вод_морів_і_морських.pdf,34
98022,м. Очаків,лим. Дніпро-Бузький,sea_level,cm,2023-02-13,478.0,,-5.0,-0.21999999999999975,0.1932867115284359,-0.026713288471563845,Інв_№229_Щорічні_дані_про_режим_та_ресурси_вод_морів_і_морських.pdf,34
98022,м. Очаків,лим. Дніпро-Бузький,sea_level,cm,2023-02-14,480.0,,-5.0,-0.20000000000000018,0.1932867115284359,-0.0067132884715642716,Інв_№229_Щорічні_дані_про_режим_та_ресурси_вод_морів_і_морських.pdf,34
98022,м. Очаків,лим. Дніпро-Бузький,sea_level,cm,2023-02-15,477.0,,-5.0,-0.23000000000000043,0.1932867115284359,-0.03671328847156452,Інв_№229_Щорічні_дані_про_режим_та_ресурси_вод_морів_і_морських.pdf,34
98022,м. Очаків,лим. Дніпро-Бузький,sea_level,cm,2023-02-16,472.0,,-5.0,-0.28000000000000025,0.1932867115284359,-0.08671328847156434,Інв_№229_Щорічні_дані_про_режим_та_ресурси_вод_морів_і_морських.pdf,34
98022,м. Очаків,лим. Дніпро-Бузький,sea_level,cm,2023-02-17,477.0,,-5.0,-0.23000000000000043,0.1932867115284359,-0.03671328847156452,Інв_№229_Щорічні_дані_про_режим_та_ресурси_вод_морів_і_морських.pdf,34
98022,м. Очаків,лим. Дніпро-Бузький,sea_level,cm,2023-02-18,485.0,,-5.0,-0.15000000000000036,0.1932867115284359,0.04328671152843555,Інв_№229_Щорічні_дані_про_режим_та_ресурси_вод_морів_і_морських.pdf,34
98022,м. Очаків,лим. Дніпро-Бузький,sea_level,cm,2023-02-19,484.0,,-5.0,-0.16000000000000014,0.1932867115284359,0.033286711528435764,Інв_№229_Щорічні_дані_про_режим_та_ресурси_вод_морів_і_морських.pdf,34
98022,м. Очаків,лим. Дніпро-Бузький,sea_level,cm,2023-02-20,480.0,,-5.0,-0.20000000000000018,0.1932867115284359,-0.0067132884715642716,Інв_№229_Щорічні_дані_про_режим_та_ресурси_вод_морів_і_морських.pdf,34
98022,м. Очаків,лим. Дніпро-Бузький,sea_level,cm,2023-02-21,478.0,,-5.0,-0.21999999999999975,0.1932867115284359,-0.026713288471563845,Інв_№229_Щорічні_дані_про_режим_та_ресурси_вод_морів_і_морських.pdf,34
98022,м. Очаків,лим. Дніпро-Бузький,sea_level,cm,2023-02-22,468.0,,-5.0,-0.3200000000000003,0.1932867115284359,-0.12671328847156438,Інв_№229_Щорічні_дані_про_режим_та_ресурси_вод_морів_і_морських.pdf,34
98022,м. Очаків,лим. Дніпро-Бузький,sea_level,cm,2023-02-23,458.0,,-5.0,-0.41999999999999993,0.1932867115284359,-0.22671328847156402,Інв_№229_Щорічні_дані_про_режим_та_ресурси_вод_морів_і_морських.pdf,34
98022,м. Очаків,лим. Дніпро-Бузький,sea_level,cm,2023-02-24,473.0,,-5.0,-0.2699999999999996,0.1932867115284359,-0.07671328847156367,Інв_№229_Щорічні_дані_про_режим_та_ресурси_вод_морів_і_морських.pdf,34
98022,м. Очаків,лим. Дніпро-Бузький,sea_level,cm,2023-02-25,496.0,,-5.0,-0.040000000000000036,0.1932867115284359,0.15328671152843587,Інв_№229_Щорічні_дані_про_режим_та_ресурси_вод_морів_і_морських.pdf,34
98022,м. Очаків,лим. Дніпро-Бузький,sea_level,cm,2023-02-26,494.0,,-5.0,-0.05999999999999961,0.1932867115284359,0.1332867115284363,Інв_№229_Щорічні_дані_про_режим_та_ресурси_вод_морів_і_морських.pdf,34
98022,м. Очаків,лим. Дніпро-Бузький,sea_level,cm,2023-02-27,488.0,,-5.0,-0.1200000000000001,0.1932867115284359,0.0732867115284358,Інв_№229_Щорічні_дані_про_режим_та_ресурси_вод_морів_і_морських.pdf,34
98022,м. Очаків,лим. Дніпро-Бузький,sea_level,cm,2023-02-28,480.0,,-5.0,-0.20000000000000018,0.1932867115284359,-0.0067132884715642716,Інв_№229_Щорічні_дані_про_режим_та_ресурси_вод_морів_і_морських.pdf,34
98022,м. Очаків,лим. Дніпро-Бузький,sea_level,cm,2023-03-01,474.0,,-5.0,-0.2599999999999998,0.1932867115284359,-0.06671328847156388,Інв_№229_Щорічні_дані_про_режим_та_ресурси_вод_морів_і_морських.pdf,34
98022,м. Очаків,лим. Дніпро-Бузький,sea_level,cm,2023-03-02,468.0,,-5.0,-0.3200000000000003,0.1932867115284359,-0.12671328847156438,Інв_№229_Щорічні_дані_про_режим_та_ресурси_вод_морів_і_морських.pdf,34
98022,м. Очаків,лим. Дніпро-Бузький,sea_level,cm,2023-03-03,476.0,,-5.0,-0.2400000000000002,0.1932867115284359,-0.04671328847156431,Інв_№229_Щорічні_дані_про_режим_та_ресурси_вод_морів_і_морських.pdf,34
98022,м. Очаків,лим. Дніпро-Бузький,sea_level,cm,2023-03-04,483.0,,-5.0,-0.16999999999999993,0.1932867115284359,0.023286711528435977,Інв_№229_Щорічні_дані_про_режим_та_ресурси_вод_морів_і_морських.pdf,34
98022,м. Очаків,лим. Дніпро-Бузький,sea_level,cm,2023-03-05,477.0,,-5.0,-0.23000000000000043,0.1932867115284359,-0.03671328847156452,Інв_№229_Щорічні_дані_про_режим_та_ресурси_вод_морів_і_морських.pdf,34
98022,м. Очаків,лим. Дніпро-Бузький,sea_level,cm,2023-03-06,475.0,,-5.0,-0.25,0.1932867115284359,-0.056713288471564094,Інв_№229_Щорічні_дані_про_режим_та_ресурси_вод_морів_і_морських.pdf,34
98022,м. Очаків,лим. Дніпро-Бузький,sea_level,cm,2023-03-07,478.0,,-5.0,-0.21999999999999975,0.1932867115284359,-0.026713288471563845,Інв_№229_Щорічні_дані_про_режим_та_ресурси_вод_морів_і_морських.pdf,34
98022,м. Очаків,лим. Дніпро-Бузький,sea_level,cm,2023-03-08,480.0,,-5.0,-0.20000000000000018,0.1932867115284359,-0.0067132884715642716,Інв_№229_Щорічні_дані_про_режим_та_ресурси_вод_морів_і_морських.pdf,34
98022,м. Очаків,лим. Дніпро-Бузький,sea_level,cm,2023-03-09,490.0,,-5.0,-0.09999999999999964,0.1932867115284359,0.09328671152843626,Інв_№229_Щорічні_дані_про_режим_та_ресурси_вод_морів_і_морських.pdf,34
98022,м. Очаків,лим. Дніпро-Бузький,sea_level,cm,2023-03-10,491.0,,-5.0,-0.08999999999999986,0.1932867115284359,0.10328671152843605,Інв_№229_Щорічні_дані_про_режим_та_ресурси_вод_морів_і_морських.pdf,34
98022,м. Очаків,лим. Дніпро-Бузький,sea_level,cm,2023-03-11,491.0,,-5.0,-0.08999999999999986,0.1932867115284359,0.10328671152843605,Інв_№229_Щорічні_дані_про_режим_та_ресурси_вод_морів_і_морських.pdf,34
98022,м. Очаків,лим. Дніпро-Бузький,sea_level,cm,2023-03-12,487.0,,-5.0,-0.1299999999999999,0.1932867115284359,0.06328671152843601,Інв_№229_Щорічні_дані_про_режим_та_ресурси_вод_морів_і_морських.pdf,34
98022,м. Очаків,лим. Дніпро-Бузький,sea_level,cm,2023-03-13,479.0,,-5.0,-0.20999999999999996,0.1932867115284359,-0.01671328847156406,Інв_№229_Щорічні_дані_про_режим_та_ресурси_вод_морів_і_морських.pdf,34
98022,м. Очаків,лим. Дніпро-Бузький,sea_level,cm,2023-03-14,490.0,,-5.0,-0.09999999999999964,0.1932867115284359,0.09328671152843626,Інв_№229_Щорічні_дані_про_режим_та_ресурси_вод_морів_і_морських.pdf,34
98022,м. Очаків,лим. Дніпро-Бузький,sea_level,cm,2023-03-15,490.0,,-5.0,-0.09999999999999964,0.1932867115284359,0.09328671152843626,Інв_№229_Щорічні_дані_про_режим_та_ресурси_вод_морів_і_морських.pdf,34
98022,м. Очаків,лим. Дніпро-Бузький,sea_level,cm,2023-03-16,491.0,,-5.0,-0.08999999999999986,0.1932867115284359,0.10328671152843605,Інв_№229_Щорічні_дані_про_режим_та_ресурси_вод_морів_і_морських.pdf,34
98022,м. Очаків,лим. Дніпро-Бузький,sea_level,cm,2023-03-17,483.0,,-5.0,-0.16999999999999993,0.1932867115284359,0.023286711528435977,Інв_№229_Щорічні_дані_про_режим_та_ресурси_вод_морів_і_морських.pdf,34
98022,м. Очаків,лим. Дніпро-Бузький,sea_level,cm,2023-03-18,475.0,,-5.0,-0.25,0.1932867115284359,-0.056713288471564094,Інв_№229_Щорічні_дані_про_режим_та_ресурси_вод_морів_і_морських.pdf,34
98022,м. Очаків,лим. Дніпро-Бузький,sea_level,cm,2023-03-19,471.0,,-5.0,-0.29000000000000004,0.1932867115284359,-0.09671328847156413,Інв_№229_Щорічні_дані_про_режим_та_ресурси_вод_морів_і_морських.pdf,34
98022,м. Очаків,лим. Дніпро-Бузький,sea_level,cm,2023-03-20,471.0,,-5.0,-0.29000000000000004,0.1932867115284359,-0.09671328847156413,Інв_№229_Щорічні_дані_про_режим_та_ресурси_вод_морів_і_морських.pdf,34
98022,м. Очаків,лим. Дніпро-Бузький,sea_level,cm,2023-03-21,479.0,,-5.0,-0.20999999999999996,0.1932867115284359,-0.01671328847156406,Інв_№229_Щорічні_дані_про_режим_та_ресурси_вод_морів_і_морських.pdf,34
98022,м. Очаків,лим. Дніпро-Бузький,sea_level,cm,2023-03-22,488.0,,-5.0,-0.1200000000000001,0.1932867115284359,0.0732867115284358,Інв_№229_Щорічні_дані_про_режим_та_ресурси_вод_морів_і_морських.pdf,34
98022,м. Очаків,лим. Дніпро-Бузький,sea_level,cm,2023-03-23,482.0,,-5.0,-0.17999999999999972,0.1932867115284359,0.01328671152843619,Інв_№229_Щорічні_дані_про_режим_та_ресурси_вод_морів_і_морських.pdf,34
98022,м. Очаків,лим. Дніпро-Бузький,sea_level,cm,2023-03-24,482.0,,-5.0,-0.17999999999999972,0.1932867115284359,0.01328671152843619,Інв_№229_Щорічні_дані_про_режим_та_ресурси_вод_морів_і_морських.pdf,34
98022,м. Очаків,лим. Дніпро-Бузький,sea_level,cm,2023-03-25,490.0,,-5.0,-0.09999999999999964,0.1932867115284359,0.09328671152843626,Інв_№229_Щорічні_дані_про_режим_та_ресурси_вод_морів_і_морських.pdf,34
98022,м. Очаків,лим. Дніпро-Бузький,sea_level,cm,2023-03-26,494.0,,-5.0,-0.05999999999999961,0.1932867115284359,0.1332867115284363,Інв_№229_Щорічні_дані_про_режим_та_ресурси_вод_морів_і_морських.pdf,34
98022,м. Очаків,лим. Дніпро-Бузький,sea_level,cm,2023-03-27,496.0,,-5.0,-0.040000000000000036,0.1932867115284359,0.15328671152843587,Інв_№229_Щорічні_дані_про_режим_та_ресурси_вод_морів_і_морських.pdf,34
98022,м. Очаків,лим. Дніпро-Бузький,sea_level,cm,2023-03-28,496.0,,-5.0,-0.040000000000000036,0.1932867115284359,0.15328671152843587,Інв_№229_Щорічні_дані_про_режим_та_ресурси_вод_морів_і_морських.pdf,34
98022,м. Очаків,лим. Дніпро-Бузький,sea_level,cm,2023-03-29,488.0,,-5.0,-0.1200000000000001,0.1932867115284359,0.0732867115284358,Інв_№229_Щорічні_дані_про_режим_та_ресурси_вод_морів_і_морських.pdf,34
98022,м. Очаків,лим. Дніпро-Бузький,sea_level,cm,2023-03-30,476.0,,-5.0,-0.2400000000000002,0.1932867115284359,-0.04671328847156431,Інв_№229_Щорічні_дані_про_режим_та_ресурси_вод_морів_і_морських.pdf,34
98022,м. Очаків,лим. Дніпро-Бузький,sea_level,cm,2023-03-31,478.0,,-5.0,-0.21999999999999975,0.1932867115284359,-0.026713288471563845,Інв_№229_Щорічні_дані_про_режим_та_ресурси_вод_морів_і_морських.pdf,34
98022,м. Очаків,лим. Дніпро-Бузький,sea_level,cm,2023-04-01,495.0,,-5.0,-0.04999999999999982,0.1932867115284359,0.14328671152843608,Інв_№229_Щорічні_дані_про_режим_та_ресурси_вод_морів_і_морських.pdf,34
98022,м. Очаків,лим. Дніпро-Бузький,sea_level,cm,2023-04-02,501.0,,-5.0,0.009999999999999787,0.1932867115284359,0.2032867115284357,Інв_№229_Щорічні_дані_про_режим_та_ресурси_вод_морів_і_морських.pdf,34
98022,м. Очаків,лим. Дніпро-Бузький,sea_level,cm,2023-04-03,492.0,,-5.0,-0.08000000000000007,0.1932867115284359,0.11328671152843584,Інв_№229_Щорічні_дані_про_режим_та_ресурси_вод_морів_і_морських.pdf,34
98022,м. Очаків,лим. Дніпро-Бузький,sea_level,cm,2023-04-04,482.0,,-5.0,-0.17999999999999972,0.1932867115284359,0.01328671152843619,Інв_№229_Щорічні_дані_про_режим_та_ресурси_вод_морів_і_морських.pdf,34
98022,м. Очаків,лим. Дніпро-Бузький,sea_level,cm,2023-04-05,471.0,,-5.0,-0.29000000000000004,0.1932867115284359,-0.09671328847156413,Інв_№229_Щорічні_дані_про_режим_та_ресурси_вод_морів_і_морських.pdf,34
98022,м. Очаків,лим. Дніпро-Бузький,sea_level,cm,2023-04-06,485.0,,-5.0,-0.15000000000000036,0.1932867115284359,0.04328671152843555,Інв_№229_Щорічні_дані_про_режим_та_ресурси_вод_морів_і_морських.pdf,34
98022,м. Очаків,лим. Дніпро-Бузький,sea_level,cm,2023-04-07,489.0,,-5.0,-0.11000000000000032,0.1932867115284359,0.08328671152843559,Інв_№229_Щорічні_дані_про_режим_та_ресурси_вод_морів_і_морських.pdf,34
98022,м. Очаків,лим. Дніпро-Бузький,sea_level,cm,2023-04-08,484.0,,-5.0,-0.16000000000000014,0.1932867115284359,0.033286711528435764,Інв_№229_Щорічні_дані_про_режим_та_ресурси_вод_морів_і_морських.pdf,34
98022,м. Очаків,лим. Дніпро-Бузький,sea_level,cm,2023-04-09,479.0,,-5.0,-0.20999999999999996,0.1932867115284359,-0.01671328847156406,Інв_№229_Щорічні_дані_про_режим_та_ресурси_вод_морів_і_морських.pdf,34
98022,м. Очаків,лим. Дніпро-Бузький,sea_level,cm,2023-04-10,473.0,,-5.0,-0.2699999999999996,0.1932867115284359,-0.07671328847156367,Інв_№229_Щорічні_дані_про_режим_та_ресурси_вод_морів_і_морських.pdf,34
98022,м. Очаків,лим. Дніпро-Бузький,sea_level,cm,2023-04-11,466.0,,-5.0,-0.33999999999999986,0.1932867115284359,-0.14671328847156395,Інв_№229_Щорічні_дані_про_режим_та_ресурси_вод_морів_і_морських.pdf,34
98022,м. Очаків,лим. Дніпро-Бузький,sea_level,cm,2023-04-12,480.0,,-5.0,-0.20000000000000018,0.1932867115284359,-0.0067132884715642716,Інв_№229_Щорічні_дані_про_режим_та_ресурси_вод_морів_і_морських.pdf,34
98022,м. Очаків,лим. Дніпро-Бузький,sea_level,cm,2023-04-13,485.0,,-5.0,-0.15000000000000036,0.1932867115284359,0.04328671152843555,Інв_№229_Щорічні_дані_про_режим_та_ресурси_вод_морів_і_морських.pdf,34
98022,м. Очаків,лим. Дніпро-Бузький,sea_level,cm,2023-04-14,492.0,,-5.0,-0.08000000000000007,0.1932867115284359,0.11328671152843584,Інв_№229_Щорічні_дані_про_режим_та_ресурси_вод_морів_і_морських.pdf,34
98022,м. Очаків,лим. Дніпро-Бузький,sea_level,cm,2023-04-15,493.0,,-5.0,-0.07000000000000028,0.1932867115284359,0.12328671152843562,Інв_№229_Щорічні_дані_про_режим_та_ресурси_вод_морів_і_морських.pdf,34
98022,м. Очаків,лим. Дніпро-Бузький,sea_level,cm,2023-04-16,478.0,,-5.0,-0.21999999999999975,0.1932867115284359,-0.026713288471563845,Інв_№229_Щорічні_дані_про_режим_та_ресурси_вод_морів_і_морських.pdf,34
98022,м. Очаків,лим. Дніпро-Бузький,sea_level,cm,2023-04-17,476.0,,-5.0,-0.2400000000000002,0.1932867115284359,-0.04671328847156431,Інв_№229_Щорічні_дані_про_режим_та_ресурси_вод_морів_і_морських.pdf,34
98022,м. Очаків,лим. Дніпро-Бузький,sea_level,cm,2023-04-18,492.0,,-5.0,-0.08000000000000007,0.1932867115284359,0.11328671152843584,Інв_№229_Щорічні_дані_про_режим_та_ресурси_вод_морів_і_морських.pdf,34
98022,м. Очаків,лим. Дніпро-Бузький,sea_level,cm,2023-04-19,491.0,,-5.0,-0.08999999999999986,0.1932867115284359,0.10328671152843605,Інв_№229_Щорічні_дані_про_режим_та_ресурси_вод_морів_і_морських.pdf,34
98022,м. Очаків,лим. Дніпро-Бузький,sea_level,cm,2023-04-20,490.0,,-5.0,-0.09999999999999964,0.1932867115284359,0.09328671152843626,Інв_№229_Щорічні_дані_про_режим_та_ресурси_вод_морів_і_морських.pdf,34
98022,м. Очаків,лим. Дніпро-Бузький,sea_level,cm,2023-04-21,484.0,,-5.0,-0.16000000000000014,0.1932867115284359,0.033286711528435764,Інв_№229_Щорічні_дані_про_режим_та_ресурси_вод_морів_і_морських.pdf,34
98022,м. Очаків,лим. Дніпро-Бузький,sea_level,cm,2023-04-22,484.0,,-5.0,-0.16000000000000014,0.1932867115284359,0.033286711528435764,Інв_№229_Щорічні_дані_про_режим_та_ресурси_вод_морів_і_морських.pdf,34
98022,м. Очаків,лим. Дніпро-Бузький,sea_level,cm,2023-04-23,493.0,,-5.0,-0.07000000000000028,0.1932867115284359,0.12328671152843562,Інв_№229_Щорічні_дані_про_режим_та_ресурси_вод_морів_і_морських.pdf,34
98022,м. Очаків,лим. Дніпро-Бузький,sea_level,cm,2023-04-24,489.0,,-5.0,-0.11000000000000032,0.1932867115284359,0.08328671152843559,Інв_№229_Щорічні_дані_про_режим_та_ресурси_вод_морів_і_морських.pdf,34
98022,м. Очаків,лим. Дніпро-Бузький,sea_level,cm,2023-04-25,485.0,,-5.0,-0.15000000000000036,0.1932867115284359,0.04328671152843555,Інв_№229_Щорічні_дані_про_режим_та_ресурси_вод_морів_і_морських.pdf,34
98022,м. Очаків,лим. Дніпро-Бузький,sea_level,cm,2023-04-26,492.0,,-5.0,-0.08000000000000007,0.1932867115284359,0.11328671152843584,Інв_№229_Щорічні_дані_про_режим_та_ресурси_вод_морів_і_морських.pdf,34
98022,м. Очаків,лим. Дніпро-Бузький,sea_level,cm,2023-04-27,485.0,,-5.0,-0.15000000000000036,0.1932867115284359,0.04328671152843555,Інв_№229_Щорічні_дані_про_режим_та_ресурси_вод_морів_і_морських.pdf,34
98022,м. Очаків,лим. Дніпро-Бузький,sea_level,cm,2023-04-28,477.0,,-5.0,-0.23000000000000043,0.1932867115284359,-0.03671328847156452,Інв_№229_Щорічні_дані_про_режим_та_ресурси_вод_морів_і_морських.pdf,34
98022,м. Очаків,лим. Дніпро-Бузький,sea_level,cm,2023-04-29,478.0,,-5.0,-0.21999999999999975,0.1932867115284359,-0.026713288471563845,Інв_№229_Щорічні_дані_про_режим_та_ресурси_вод_морів_і_морських.pdf,34
98022,м. Очаків,лим. Дніпро-Бузький,sea_level,cm,2023-04-30,480.0,,-5.0,-0.20000000000000018,0.1932867115284359,-0.0067132884715642716,Інв_№229_Щорічні_дані_про_режим_та_ресурси_вод_морів_і_морських.pdf,34
98022,м. Очаків,лим. Дніпро-Бузький,sea_level,cm,2023-05-01,487.0,,-5.0,-0.1299999999999999,0.1932867115284359,0.06328671152843601,Інв_№229_Щорічні_дані_про_режим_та_ресурси_вод_морів_і_морських.pdf,34
98022,м. Очаків,лим. Дніпро-Бузький,sea_level,cm,2023-05-02,493.0,,-5.0,-0.07000000000000028,0.1932867115284359,0.12328671152843562,Інв_№229_Щорічні_дані_про_режим_та_ресурси_вод_морів_і_морських.pdf,34
98022,м. Очаків,лим. Дніпро-Бузький,sea_level,cm,2023-05-03,497.0,,-5.0,-0.03000000000000025,0.1932867115284359,0.16328671152843566,Інв_№229_Щорічні_дані_про_режим_та_ресурси_вод_морів_і_морських.pdf,34
98022,м. Очаків,лим. Дніпро-Бузький,sea_level,cm,2023-05-04,502.0,,-5.0,0.019999999999999574,0.1932867115284359,0.21328671152843548,Інв_№229_Щорічні_дані_про_режим_та_ресурси_вод_морів_і_морських.pdf,34
98022,м. Очаків,лим. Дніпро-Бузький,sea_level,cm,2023-05-05,500.0,,-5.0,0.0,0.1932867115284359,0.1932867115284359,Інв_№229_Щорічні_дані_про_режим_та_ресурси_вод_морів_і_морських.pdf,34
98022,м. Очаків,лим. Дніпро-Бузький,sea_level,cm,2023-05-06,491.0,,-5.0,-0.08999999999999986,0.1932867115284359,0.10328671152843605,Інв_№229_Щорічні_дані_про_режим_та_ресурси_вод_морів_і_морських.pdf,34
98022,м. Очаків,лим. Дніпро-Бузький,sea_level,cm,2023-05-07,484.0,,-5.0,-0.16000000000000014,0.1932867115284359,0.033286711528435764,Інв_№229_Щорічні_дані_про_режим_та_ресурси_вод_морів_і_морських.pdf,34
98022,м. Очаків,лим. Дніпро-Бузький,sea_level,cm,2023-05-08,481.0,,-5.0,-0.1900000000000004,0.1932867115284359,0.0032867115284355153,Інв_№229_Щорічні_дані_про_режим_та_ресурси_вод_морів_і_морських.pdf,34
98022,м. Очаків,лим. Дніпро-Бузький,sea_level,cm,2023-05-09,481.0,,-5.0,-0.1900000000000004,0.1932867115284359,0.0032867115284355153,Інв_№229_Щорічні_дані_про_режим_та_ресурси_вод_морів_і_морських.pdf,34
98022,м. Очаків,лим. Дніпро-Бузький,sea_level,cm,2023-05-10,492.0,,-5.0,-0.08000000000000007,0.1932867115284359,0.11328671152843584,Інв_№229_Щорічні_дані_про_режим_та_ресурси_вод_морів_і_морських.pdf,34
98022,м. Очаків,лим. Дніпро-Бузький,sea_level,cm,2023-05-11,502.0,,-5.0,0.019999999999999574,0.1932867115284359,0.21328671152843548,Інв_№229_Щорічні_дані_про_режим_та_ресурси_вод_морів_і_морських.pdf,34
98022,м. Очаків,лим. Дніпро-Бузький,sea_level,cm,2023-05-12,503.0,,-5.0,0.03000000000000025,0.1932867115284359,0.22328671152843615,Інв_№229_Щорічні_дані_про_режим_та_ресурси_вод_морів_і_морських.pdf,34
98022,м. Очаків,лим. Дніпро-Бузький,sea_level,cm,2023-05-13,497.0,,-5.0,-0.03000000000000025,0.1932867115284359,0.16328671152843566,Інв_№229_Щорічні_дані_про_режим_та_ресурси_вод_морів_і_морських.pdf,34
98022,м. Очаків,лим. Дніпро-Бузький,sea_level,cm,2023-05-14,500.0,,-5.0,0.0,0.1932867115284359,0.1932867115284359,Інв_№229_Щорічні_дані_про_режим_та_ресурси_вод_морів_і_морських.pdf,34
98022,м. Очаків,лим. Дніпро-Бузький,sea_level,cm,2023-05-15,503.0,,-5.0,0.03000000000000025,0.1932867115284359,0.22328671152843615,Інв_№229_Щорічні_дані_про_режим_та_ресурси_вод_морів_і_морських.pdf,34
98022,м. Очаків,лим. Дніпро-Бузький,sea_level,cm,2023-05-16,503.0,,-5.0,0.03000000000000025,0.1932867115284359,0.22328671152843615,Інв_№229_Щорічні_дані_про_режим_та_ресурси_вод_морів_і_морських.pdf,34
98022,м. Очаків,лим. Дніпро-Бузький,sea_level,cm,2023-05-17,497.0,,-5.0,-0.03000000000000025,0.1932867115284359,0.16328671152843566,Інв_№229_Щорічні_дані_про_режим_та_ресурси_вод_морів_і_морських.pdf,34
98022,м. Очаків,лим. Дніпро-Бузький,sea_level,cm,2023-05-18,495.0,,-5.0,-0.04999999999999982,0.1932867115284359,0.14328671152843608,Інв_№229_Щорічні_дані_про_режим_та_ресурси_вод_морів_і_морських.pdf,34
98022,м. Очаків,лим. Дніпро-Бузький,sea_level,cm,2023-05-19,491.0,,-5.0,-0.08999999999999986,0.1932867115284359,0.10328671152843605,Інв_№229_Щорічні_дані_про_режим_та_ресурси_вод_морів_і_морських.pdf,34
98022,м. Очаків,лим. Дніпро-Бузький,sea_level,cm,2023-05-20,493.0,,-5.0,-0.07000000000000028,0.1932867115284359,0.12328671152843562,Інв_№229_Щорічні_дані_про_режим_та_ресурси_вод_морів_і_морських.pdf,34
98022,м. Очаків,лим. Дніпро-Бузький,sea_level,cm,2023-05-21,495.0,,-5.0,-0.04999999999999982,0.1932867115284359,0.14328671152843608,Інв_№229_Щорічні_дані_про_режим_та_ресурси_вод_морів_і_морських.pdf,34
98022,м. Очаків,лим. Дніпро-Бузький,sea_level,cm,2023-05-22,493.0,,-5.0,-0.07000000000000028,0.1932867115284359,0.12328671152843562,Інв_№229_Щорічні_дані_про_режим_та_ресурси_вод_морів_і_морських.pdf,34
98022,м. Очаків,лим. Дніпро-Бузький,sea_level,cm,2023-05-23,491.0,,-5.0,-0.08999999999999986,0.1932867115284359,0.10328671152843605,Інв_№229_Щорічні_дані_про_режим_та_ресурси_вод_морів_і_морських.pdf,34
98022,м. Очаків,лим. Дніпро-Бузький,sea_level,cm,2023-05-24,496.0,,-5.0,-0.040000000000000036,0.1932867115284359,0.15328671152843587,Інв_№229_Щорічні_дані_про_режим_та_ресурси_вод_морів_і_морських.pdf,34
98022,м. Очаків,лим. Дніпро-Бузький,sea_level,cm,2023-05-25,497.0,,-5.0,-0.03000000000000025,0.1932867115284359,0.16328671152843566,Інв_№229_Щорічні_дані_про_режим_та_ресурси_вод_морів_і_морських.pdf,34
98022,м. Очаків,лим. Дніпро-Бузький,sea_level,cm,2023-05-26,502.0,,-5.0,0.019999999999999574,0.1932867115284359,0.21328671152843548,Інв_№229_Щорічні_дані_про_режим_та_ресурси_вод_морів_і_морських.pdf,34
98022,м. Очаків,лим. Дніпро-Бузький,sea_level,cm,2023-05-27,503.0,,-5.0,0.03000000000000025,0.1932867115284359,0.22328671152843615,Інв_№229_Щорічні_дані_про_режим_та_ресурси_вод_морів_і_морських.pdf,34
98022,м. Очаків,лим. Дніпро-Бузький,sea_level,cm,2023-05-28,501.0,,-5.0,0.009999999999999787,0.1932867115284359,0.2032867115284357,Інв_№229_Щорічні_дані_про_режим_та_ресурси_вод_морів_і_морських.pdf,34
98022,м. Очаків,лим. Дніпро-Бузький,sea_level,cm,2023-05-29,495.0,,-5.0,-0.04999999999999982,0.1932867115284359,0.14328671152843608,Інв_№229_Щорічні_дані_про_режим_та_ресурси_вод_морів_і_морських.pdf,34
98022,м. Очаків,лим. Дніпро-Бузький,sea_level,cm,2023-05-30,489.0,,-5.0,-0.11000000000000032,0.1932867115284359,0.08328671152843559,Інв_№229_Щорічні_дані_про_режим_та_ресурси_вод_морів_і_морських.pdf,34
98022,м. Очаків,лим. Дніпро-Бузький,sea_level,cm,2023-05-31,481.0,,-5.0,-0.1900000000000004,0.1932867115284359,0.0032867115284355153,Інв_№229_Щорічні_дані_про_режим_та_ресурси_вод_морів_і_морських.pdf,34
98022,м. Очаків,лим. Дніпро-Бузький,sea_level,cm,2023-06-01,488.0,,-5.0,-0.1200000000000001,0.1932867115284359,0.0732867115284358,Інв_№229_Щорічні_дані_про_режим_та_ресурси_вод_морів_і_морських.pdf,34
98022,м. Очаків,лим. Дніпро-Бузький,sea_level,cm,2023-06-02,501.0,,-5.0,0.009999999999999787,0.1932867115284359,0.2032867115284357,Інв_№229_Щорічні_дані_про_режим_та_ресурси_вод_морів_і_морських.pdf,34
98022,м. Очаків,лим. Дніпро-Бузький,sea_level,cm,2023-06-03,504.0,,-5.0,0.040000000000000036,0.1932867115284359,0.23328671152843594,Інв_№229_Щорічні_дані_про_режим_та_ресурси_вод_морів_і_морських.pdf,34
98022,м. Очаків,лим. Дніпро-Бузький,sea_level,cm,2023-06-04,498.0,,-5.0,-0.019999999999999574,0.1932867115284359,0.17328671152843633,Інв_№229_Щорічні_дані_про_режим_та_ресурси_вод_морів_і_морських.pdf,34
98022,м. Очаків,лим. Дніпро-Бузький,sea_level,cm,2023-06-05,496.0,,-5.0,-0.040000000000000036,0.1932867115284359,0.15328671152843587,Інв_№229_Щорічні_дані_про_режим_та_ресурси_вод_морів_і_морських.pdf,34
98022,м. Очаків,лим. Дніпро-Бузький,sea_level,cm,2023-06-06,509.0,,-5.0,0.08999999999999986,0.1932867115284359,0.28328671152843576,Інв_№229_Щорічні_дані_про_режим_та_ресурси_вод_морів_і_морських.pdf,34
98022,м. Очаків,лим. Дніпро-Бузький,sea_level,cm,2023-06-07,545.0,,-5.0,0.4500000000000002,0.1932867115284359,0.6432867115284361,Інв_№229_Щорічні_дані_про_режим_та_ресурси_вод_морів_і_морських.pdf,34
98022,м. Очаків,лим. Дніпро-Бузький,sea_level,cm,2023-06-08,568.0,,-5.0,0.6799999999999997,0.1932867115284359,0.8732867115284356,Інв_№229_Щорічні_дані_про_режим_та_ресурси_вод_морів_і_морських.pdf,34
98022,м. Очаків,лим. Дніпро-Бузький,sea_level,cm,2023-06-09,569.0,,-5.0,0.6900000000000004,0.1932867115284359,0.8832867115284363,Інв_№229_Щорічні_дані_про_режим_та_ресурси_вод_морів_і_морських.pdf,34
98022,м. Очаків,лим. Дніпро-Бузький,sea_level,cm,2023-06-10,559.0,,-5.0,0.5899999999999999,0.1932867115284359,0.7832867115284358,Інв_№229_Щорічні_дані_про_режим_та_ресурси_вод_морів_і_морських.pdf,34
98022,м. Очаків,лим. Дніпро-Бузький,sea_level,cm,2023-06-11,544.0,,-5.0,0.4400000000000004,0.1932867115284359,0.6332867115284363,Інв_№229_Щорічні_дані_про_режим_та_ресурси_вод_морів_і_морських.pdf,34
98022,м. Очаків,лим. Дніпро-Бузький,sea_level,cm,2023-06-12,529.0,,-5.0,0.29000000000000004,0.1932867115284359,0.48328671152843594,Інв_№229_Щорічні_дані_про_режим_та_ресурси_вод_морів_і_морських.pdf,34
98022,м. Очаків,лим. Дніпро-Бузький,sea_level,cm,2023-06-13,526.0,,-5.0,0.2599999999999998,0.1932867115284359,0.4532867115284357,Інв_№229_Щорічні_дані_про_режим_та_ресурси_вод_морів_і_морських.pdf,34
98022,м. Очаків,лим. Дніпро-Бузький,sea_level,cm,2023-06-14,522.0,,-5.0,0.21999999999999975,0.1932867115284359,0.41328671152843566,Інв_№229_Щорічні_дані_про_режим_та_ресурси_вод_морів_і_морських.pdf,34
98022,м. Очаків,лим. Дніпро-Бузький,sea_level,cm,2023-06-15,518.0,,-5.0,0.17999999999999972,0.1932867115284359,0.3732867115284356,Інв_№229_Щорічні_дані_про_режим_та_ресурси_вод_морів_і_морських.pdf,34
98022,м. Очаків,лим. Дніпро-Бузький,sea_level,cm,2023-06-16,514.0,,-5.0,0.13999999999999968,0.1932867115284359,0.3332867115284356,Інв_№229_Щорічні_дані_про_режим_та_ресурси_вод_морів_і_морських.pdf,34
98022,м. Очаків,лим. Дніпро-Бузький,sea_level,cm,2023-06-17,511.0,,-5.0,0.11000000000000032,0.1932867115284359,0.3032867115284362,Інв_№229_Щорічні_дані_про_режим_та_ресурси_вод_морів_і_морських.pdf,34
98022,м. Очаків,лим. Дніпро-Бузький,sea_level,cm,2023-06-18,510.0,,-5.0,0.09999999999999964,0.1932867115284359,0.29328671152843555,Інв_№229_Щорічні_дані_про_режим_та_ресурси_вод_морів_і_морських.pdf,34
98022,м. Очаків,лим. Дніпро-Бузький,sea_level,cm,2023-06-19,509.0,,-5.0,0.08999999999999986,0.1932867115284359,0.28328671152843576,Інв_№229_Щорічні_дані_про_режим_та_ресурси_вод_морів_і_морських.pdf,34
98022,м. Очаків,лим. Дніпро-Бузький,sea_level,cm,2023-06-20,509.0,,-5.0,0.08999999999999986,0.1932867115284359,0.28328671152843576,Інв_№229_Щорічні_дані_про_режим_та_ресурси_вод_морів_і_морських.pdf,34
98022,м. Очаків,лим. Дніпро-Бузький,sea_level,cm,2023-06-21,509.0,,-5.0,0.08999999999999986,0.1932867115284359,0.28328671152843576,Інв_№229_Щорічні_дані_про_режим_та_ресурси_вод_морів_і_морських.pdf,34
98022,м. Очаків,лим. Дніпро-Бузький,sea_level,cm,2023-06-22,507.0,,-5.0,0.07000000000000028,0.1932867115284359,0.2632867115284362,Інв_№229_Щорічні_дані_про_режим_та_ресурси_вод_морів_і_морських.pdf,34
98022,м. Очаків,лим. Дніпро-Бузький,sea_level,cm,2023-06-23,509.0,,-5.0,0.08999999999999986,0.1932867115284359,0.28328671152843576,Інв_№229_Щорічні_дані_про_режим_та_ресурси_вод_морів_і_морських.pdf,34
98022,м. Очаків,лим. Дніпро-Бузький,sea_level,cm,2023-06-24,510.0,,-5.0,0.09999999999999964,0.1932867115284359,0.29328671152843555,Інв_№229_Щорічні_дані_про_режим_та_ресурси_вод_морів_і_морських.pdf,34
98022,м. Очаків,лим. Дніпро-Бузький,sea_level,cm,2023-06-25,506.0,,-5.0,0.05999999999999961,0.1932867115284359,0.2532867115284355,Інв_№229_Щорічні_дані_про_режим_та_ресурси_вод_морів_і_морських.pdf,34
98022,м. Очаків,лим. Дніпро-Бузький,sea_level,cm,2023-06-26,505.0,,-5.0,0.04999999999999982,0.1932867115284359,0.24328671152843573,Інв_№229_Щорічні_дані_про_режим_та_ресурси_вод_морів_і_морських.pdf,34
98022,м. Очаків,лим. Дніпро-Бузький,sea_level,cm,2023-06-27,503.0,,-5.0,0.03000000000000025,0.1932867115284359,0.22328671152843615,Інв_№229_Щорічні_дані_про_режим_та_ресурси_вод_морів_і_морських.pdf,34
98022,м. Очаків,лим. Дніпро-Бузький,sea_level,cm,2023-06-28,504.0,,-5.0,0.040000000000000036,0.1932867115284359,0.23328671152843594,Інв_№229_Щорічні_дані_про_режим_та_ресурси_вод_морів_і_морських.pdf,34
98022,м. Очаків,лим. Дніпро-Бузький,sea_level,cm,2023-06-29,503.0,,-5.0,0.03000000000000025,0.1932867115284359,0.22328671152843615,Інв_№229_Щорічні_дані_про_режим_та_ресурси_вод_морів_і_морських.pdf,34
98022,м. Очаків,лим. Дніпро-Бузький,sea_level,cm,2023-06-30,504.0,,-5.0,0.040000000000000036,0.1932867115284359,0.23328671152843594,Інв_№229_Щорічні_дані_про_режим_та_ресурси_вод_морів_і_морських.pdf,34
98022,м. Очаків,лим. Дніпро-Бузький,sea_level,cm,2023-07-01,500.0,,-5.0,0.0,0.1932867115284359,0.1932867115284359,Інв_№229_Щорічні_дані_про_режим_та_ресурси_вод_морів_і_морських.pdf,34
98022,м. Очаків,лим. Дніпро-Бузький,sea_level,cm,2023-07-02,509.0,,-5.0,0.08999999999999986,0.1932867115284359,0.28328671152843576,Інв_№229_Щорічні_дані_про_режим_та_ресурси_вод_морів_і_морських.pdf,34
98022,м. Очаків,лим. Дніпро-Бузький,sea_level,cm,2023-07-03,504.0,,-5.0,0.040000000000000036,0.1932867115284359,0.23328671152843594,Інв_№229_Щорічні_дані_про_режим_та_ресурси_вод_морів_і_морських.pdf,34
98022,м. Очаків,лим. Дніпро-Бузький,sea_level,cm,2023-07-04,502.0,,-5.0,0.019999999999999574,0.1932867115284359,0.21328671152843548,Інв_№229_Щорічні_дані_про_режим_та_ресурси_вод_морів_і_морських.pdf,34
98022,м. Очаків,лим. Дніпро-Бузький,sea_level,cm,2023-07-05,502.0,,-5.0,0.019999999999999574,0.1932867115284359,0.21328671152843548,Інв_№229_Щорічні_дані_про_режим_та_ресурси_вод_морів_і_морських.pdf,34
98022,м. Очаків,лим. Дніпро-Бузький,sea_level,cm,2023-07-06,496.0,,-5.0,-0.040000000000000036,0.1932867115284359,0.15328671152843587,Інв_№229_Щорічні_дані_про_режим_та_ресурси_вод_морів_і_морських.pdf,34
98022,м. Очаків,лим. Дніпро-Бузький,sea_level,cm,2023-07-07,493.0,,-5.0,-0.07000000000000028,0.1932867115284359,0.12328671152843562,Інв_№229_Щорічні_дані_про_режим_та_ресурси_вод_морів_і_морських.pdf,34
98022,м. Очаків,лим. Дніпро-Бузький,sea_level,cm,2023-07-08,478.0,,-5.0,-0.21999999999999975,0.1932867115284359,-0.026713288471563845,Інв_№229_Щорічні_дані_про_режим_та_ресурси_вод_морів_і_морських.pdf,34
98022,м. Очаків,лим. Дніпро-Бузький,sea_level,cm,2023-07-09,469.0,,-5.0,-0.3099999999999996,0.1932867115284359,-0.1167132884715637,Інв_№229_Щорічні_дані_про_режим_та_ресурси_вод_морів_і_морських.pdf,34
98022,м. Очаків,лим. Дніпро-Бузький,sea_level,cm,2023-07-10,480.0,,-5.0,-0.20000000000000018,0.1932867115284359,-0.0067132884715642716,Інв_№229_Щорічні_дані_про_режим_та_ресурси_вод_морів_і_морських.pdf,34
98022,м. Очаків,лим. Дніпро-Бузький,sea_level,cm,2023-07-11,491.0,,-5.0,-0.08999999999999986,0.1932867115284359,0.10328671152843605,Інв_№229_Щорічні_дані_про_режим_та_ресурси_вод_морів_і_морських.pdf,34
98022,м. Очаків,лим. Дніпро-Бузький,sea_level,cm,2023-07-12,492.0,,-5.0,-0.08000000000000007,0.1932867115284359,0.11328671152843584,Інв_№229_Щорічні_дані_про_режим_та_ресурси_вод_морів_і_морських.pdf,34
98022,м. Очаків,лим. Дніпро-Бузький,sea_level,cm,2023-07-13,494.0,,-5.0,-0.05999999999999961,0.1932867115284359,0.1332867115284363,Інв_№229_Щорічні_дані_про_режим_та_ресурси_вод_морів_і_морських.pdf,34
98022,м. Очаків,лим. Дніпро-Бузький,sea_level,cm,2023-07-14,496.0,,-5.0,-0.040000000000000036,0.1932867115284359,0.15328671152843587,Інв_№229_Щорічні_дані_про_режим_та_ресурси_вод_морів_і_морських.pdf,34
98022,м. Очаків,лим. Дніпро-Бузький,sea_level,cm,2023-07-15,492.0,,-5.0,-0.08000000000000007,0.1932867115284359,0.11328671152843584,Інв_№229_Щорічні_дані_про_режим_та_ресурси_вод_морів_і_морських.pdf,34
98022,м. Очаків,лим. Дніпро-Бузький,sea_level,cm,2023-07-16,490.0,,-5.0,-0.09999999999999964,0.1932867115284359,0.09328671152843626,Інв_№229_Щорічні_дані_про_режим_та_ресурси_вод_морів_і_морських.pdf,34
98022,м. Очаків,лим. Дніпро-Бузький,sea_level,cm,2023-07-17,489.0,,-5.0,-0.11000000000000032,0.1932867115284359,0.08328671152843559,Інв_№229_Щорічні_дані_про_режим_та_ресурси_вод_морів_і_морських.pdf,34
98022,м. Очаків,лим. Дніпро-Бузький,sea_level,cm,2023-07-18,495.0,,-5.0,-0.04999999999999982,0.1932867115284359,0.14328671152843608,Інв_№229_Щорічні_дані_про_режим_та_ресурси_вод_морів_і_морських.pdf,34
98022,м. Очаків,лим. Дніпро-Бузький,sea_level,cm,2023-07-19,501.0,,-5.0,0.009999999999999787,0.1932867115284359,0.2032867115284357,Інв_№229_Щорічні_дані_про_режим_та_ресурси_вод_морів_і_морських.pdf,34
98022,м. Очаків,лим. Дніпро-Бузький,sea_level,cm,2023-07-20,503.0,,-5.0,0.03000000000000025,0.1932867115284359,0.22328671152843615,Інв_№229_Щорічні_дані_про_режим_та_ресурси_вод_морів_і_морських.pdf,34
98022,м. Очаків,лим. Дніпро-Бузький,sea_level,cm,2023-07-21,501.0,,-5.0,0.009999999999999787,0.1932867115284359,0.2032867115284357,Інв_№229_Щорічні_дані_про_режим_та_ресурси_вод_морів_і_морських.pdf,34
98022,м. Очаків,лим. Дніпро-Бузький,sea_level,cm,2023-07-22,505.0,,-5.0,0.04999999999999982,0.1932867115284359,0.24328671152843573,Інв_№229_Щорічні_дані_про_режим_та_ресурси_вод_морів_і_морських.pdf,34
98022,м. Очаків,лим. Дніпро-Бузький,sea_level,cm,2023-07-23,502.0,,-5.0,0.019999999999999574,0.1932867115284359,0.21328671152843548,Інв_№229_Щорічні_дані_про_режим_та_ресурси_вод_морів_і_морських.pdf,34
98022,м. Очаків,лим. Дніпро-Бузький,sea_level,cm,2023-07-24,501.0,,-5.0,0.009999999999999787,0.1932867115284359,0.2032867115284357,Інв_№229_Щорічні_дані_про_режим_та_ресурси_вод_морів_і_морських.pdf,34
98022,м. Очаків,лим. Дніпро-Бузький,sea_level,cm,2023-07-25,504.0,,-5.0,0.040000000000000036,0.1932867115284359,0.23328671152843594,Інв_№229_Щорічні_дані_про_режим_та_ресурси_вод_морів_і_морських.pdf,34
98022,м. Очаків,лим. Дніпро-Бузький,sea_level,cm,2023-07-26,510.0,,-5.0,0.09999999999999964,0.1932867115284359,0.29328671152843555,Інв_№229_Щорічні_дані_про_режим_та_ресурси_вод_морів_і_морських.pdf,34
98022,м. Очаків,лим. Дніпро-Бузький,sea_level,cm,2023-07-27,504.0,,-5.0,0.040000000000000036,0.1932867115284359,0.23328671152843594,Інв_№229_Щорічні_дані_про_режим_та_ресурси_вод_морів_і_морських.pdf,34
98022,м. Очаків,лим. Дніпро-Бузький,sea_level,cm,2023-07-28,488.0,,-5.0,-0.1200000000000001,0.1932867115284359,0.0732867115284358,Інв_№229_Щорічні_дані_про_режим_та_ресурси_вод_морів_і_морських.pdf,34
98022,м. Очаків,лим. Дніпро-Бузький,sea_level,cm,2023-07-29,484.0,,-5.0,-0.16000000000000014,0.1932867115284359,0.033286711528435764,Інв_№229_Щорічні_дані_про_режим_та_ресурси_вод_морів_і_морських.pdf,34
98022,м. Очаків,лим. Дніпро-Бузький,sea_level,cm,2023-07-30,491.0,,-5.0,-0.08999999999999986,0.1932867115284359,0.10328671152843605,Інв_№229_Щорічні_дані_про_режим_та_ресурси_вод_морів_і_морських.pdf,34
98022,м. Очаків,лим. Дніпро-Бузький,sea_level,cm,2023-07-31,493.0,,-5.0,-0.07000000000000028,0.1932867115284359,0.12328671152843562,Інв_№229_Щорічні_дані_про_режим_та_ресурси_вод_морів_і_морських.pdf,34
98022,м. Очаків,лим. Дніпро-Бузький,sea_level,cm,2023-08-01,492.0,,-5.0,-0.08000000000000007,0.1932867115284359,0.11328671152843584,Інв_№229_Щорічні_дані_про_режим_та_ресурси_вод_морів_і_морських.pdf,34
98022,м. Очаків,лим. Дніпро-Бузький,sea_level,cm,2023-08-02,493.0,,-5.0,-0.07000000000000028,0.1932867115284359,0.12328671152843562,Інв_№229_Щорічні_дані_про_режим_та_ресурси_вод_морів_і_морських.pdf,34
98022,м. Очаків,лим. Дніпро-Бузький,sea_level,cm,2023-08-03,494.0,,-5.0,-0.05999999999999961,0.1932867115284359,0.1332867115284363,Інв_№229_Щорічні_дані_про_режим_та_ресурси_вод_морів_і_морських.pdf,34
98022,м. Очаків,лим. Дніпро-Бузький,sea_level,cm,2023-08-04,497.0,,-5.0,-0.03000000000000025,0.1932867115284359,0.16328671152843566,Інв_№229_Щорічні_дані_про_режим_та_ресурси_вод_морів_і_морських.pdf,34
98022,м. Очаків,лим. Дніпро-Бузький,sea_level,cm,2023-08-05,500.0,,-5.0,0.0,0.1932867115284359,0.1932867115284359,Інв_№229_Щорічні_дані_про_режим_та_ресурси_вод_морів_і_морських.pdf,34
98022,м. Очаків,лим. Дніпро-Бузький,sea_level,cm,2023-08-06,490.0,,-5.0,-0.09999999999999964,0.1932867115284359,0.09328671152843626,Інв_№229_Щорічні_дані_про_режим_та_ресурси_вод_морів_і_морських.pdf,34
98022,м. Очаків,лим. Дніпро-Бузький,sea_level,cm,2023-08-07,495.0,,-5.0,-0.04999999999999982,0.1932867115284359,0.14328671152843608,Інв_№229_Щорічні_дані_про_режим_та_ресурси_вод_морів_і_морських.pdf,34
98022,м. Очаків,лим. Дніпро-Бузький,sea_level,cm,2023-08-08,494.0,,-5.0,-0.05999999999999961,0.1932867115284359,0.1332867115284363,Інв_№229_Щорічні_дані_про_режим_та_ресурси_вод_морів_і_морських.pdf,34
98022,м. Очаків,лим. Дніпро-Бузький,sea_level,cm,2023-08-09,481.0,,-5.0,-0.1900000000000004,0.1932867115284359,0.0032867115284355153,Інв_№229_Щорічні_дані_про_режим_та_ресурси_вод_морів_і_морських.pdf,34
98022,м. Очаків,лим. Дніпро-Бузький,sea_level,cm,2023-08-10,468.0,,-5.0,-0.3200000000000003,0.1932867115284359,-0.12671328847156438,Інв_№229_Щорічні_дані_про_режим_та_ресурси_вод_морів_і_морських.pdf,34
98022,м. Очаків,лим. Дніпро-Бузький,sea_level,cm,2023-08-11,474.0,,-5.0,-0.2599999999999998,0.1932867115284359,-0.06671328847156388,Інв_№229_Щорічні_дані_про_режим_та_ресурси_вод_морів_і_морських.pdf,34
98022,м. Очаків,лим. Дніпро-Бузький,sea_level,cm,2023-08-12,472.0,,-5.0,-0.28000000000000025,0.1932867115284359,-0.08671328847156434,Інв_№229_Щорічні_дані_про_режим_та_ресурси_вод_морів_і_морських.pdf,34
98022,м. Очаків,лим. Дніпро-Бузький,sea_level,cm,2023-08-13,479.0,,-5.0,-0.20999999999999996,0.1932867115284359,-0.01671328847156406,Інв_№229_Щорічні_дані_про_режим_та_ресурси_вод_морів_і_морських.pdf,34
98022,м. Очаків,лим. Дніпро-Бузький,sea_level,cm,2023-08-14,483.0,,-5.0,-0.16999999999999993,0.1932867115284359,0.023286711528435977,Інв_№229_Щорічні_дані_про_режим_та_ресурси_вод_морів_і_морських.pdf,34
98022,м. Очаків,лим. Дніпро-Бузький,sea_level,cm,2023-08-15,482.0,,-5.0,-0.17999999999999972,0.1932867115284359,0.01328671152843619,Інв_№229_Щорічні_дані_про_режим_та_ресурси_вод_морів_і_морських.pdf,34
98022,м. Очаків,лим. Дніпро-Бузький,sea_level,cm,2023-08-16,488.0,,-5.0,-0.1200000000000001,0.1932867115284359,0.0732867115284358,Інв_№229_Щорічні_дані_про_режим_та_ресурси_вод_морів_і_морських.pdf,34
98022,м. Очаків,лим. Дніпро-Бузький,sea_level,cm,2023-08-17,482.0,,-5.0,-0.17999999999999972,0.1932867115284359,0.01328671152843619,Інв_№229_Щорічні_дані_про_режим_та_ресурси_вод_морів_і_морських.pdf,34
98022,м. Очаків,лим. Дніпро-Бузький,sea_level,cm,2023-08-18,484.0,,-5.0,-0.16000000000000014,0.1932867115284359,0.033286711528435764,Інв_№229_Щорічні_дані_про_режим_та_ресурси_вод_морів_і_морських.pdf,34
98022,м. Очаків,лим. Дніпро-Бузький,sea_level,cm,2023-08-19,485.0,,-5.0,-0.15000000000000036,0.1932867115284359,0.04328671152843555,Інв_№229_Щорічні_дані_про_режим_та_ресурси_вод_морів_і_морських.pdf,34
98022,м. Очаків,лим. Дніпро-Бузький,sea_level,cm,2023-08-20,483.0,,-5.0,-0.16999999999999993,0.1932867115284359,0.023286711528435977,Інв_№229_Щорічні_дані_про_режим_та_ресурси_вод_морів_і_морських.pdf,34
98022,м. Очаків,лим. Дніпро-Бузький,sea_level,cm,2023-08-21,481.0,,-5.0,-0.1900000000000004,0.1932867115284359,0.0032867115284355153,Інв_№229_Щорічні_дані_про_режим_та_ресурси_вод_морів_і_морських.pdf,34
98022,м. Очаків,лим. Дніпро-Бузький,sea_level,cm,2023-08-22,489.0,,-5.0,-0.11000000000000032,0.1932867115284359,0.08328671152843559,Інв_№229_Щорічні_дані_про_режим_та_ресурси_вод_морів_і_морських.pdf,34
98022,м. Очаків,лим. Дніпро-Бузький,sea_level,cm,2023-08-23,492.0,,-5.0,-0.08000000000000007,0.1932867115284359,0.11328671152843584,Інв_№229_Щорічні_дані_про_режим_та_ресурси_вод_морів_і_морських.pdf,34
98022,м. Очаків,лим. Дніпро-Бузький,sea_level,cm,2023-08-24,491.0,,-5.0,-0.08999999999999986,0.1932867115284359,0.10328671152843605,Інв_№229_Щорічні_дані_про_режим_та_ресурси_вод_морів_і_морських.pdf,34
98022,м. Очаків,лим. Дніпро-Бузький,sea_level,cm,2023-08-25,491.0,,-5.0,-0.08999999999999986,0.1932867115284359,0.10328671152843605,Інв_№229_Щорічні_дані_про_режим_та_ресурси_вод_морів_і_морських.pdf,34
98022,м. Очаків,лим. Дніпро-Бузький,sea_level,cm,2023-08-26,493.0,,-5.0,-0.07000000000000028,0.1932867115284359,0.12328671152843562,Інв_№229_Щорічні_дані_про_режим_та_ресурси_вод_морів_і_морських.pdf,34
98022,м. Очаків,лим. Дніпро-Бузький,sea_level,cm,2023-08-27,493.0,,-5.0,-0.07000000000000028,0.1932867115284359,0.12328671152843562,Інв_№229_Щорічні_дані_про_режим_та_ресурси_вод_морів_і_морських.pdf,34
98022,м. Очаків,лим. Дніпро-Бузький,sea_level,cm,2023-08-28,492.0,,-5.0,-0.08000000000000007,0.1932867115284359,0.11328671152843584,Інв_№229_Щорічні_дані_про_режим_та_ресурси_вод_морів_і_морських.pdf,34
98022,м. Очаків,лим. Дніпро-Бузький,sea_level,cm,2023-08-29,487.0,,-5.0,-0.1299999999999999,0.1932867115284359,0.06328671152843601,Інв_№229_Щорічні_дані_про_режим_та_ресурси_вод_морів_і_морських.pdf,34
98022,м. Очаків,лим. Дніпро-Бузький,sea_level,cm,2023-08-30,486.0,,-5.0,-0.13999999999999968,0.1932867115284359,0.053286711528436226,Інв_№229_Щорічні_дані_про_режим_та_ресурси_вод_морів_і_морських.pdf,34
98022,м. Очаків,лим. Дніпро-Бузький,sea_level,cm,2023-08-31,490.0,,-5.0,-0.09999999999999964,0.1932867115284359,0.09328671152843626,Інв_№229_Щорічні_дані_про_режим_та_ресурси_вод_морів_і_морських.pdf,34
98022,м. Очаків,лим. Дніпро-Бузький,sea_level,cm,2023-09-01,488.0,,-5.0,-0.1200000000000001,0.1932867115284359,0.0732867115284358,Інв_№229_Щорічні_дані_про_режим_та_ресурси_вод_морів_і_морських.pdf,34
98022,м. Очаків,лим. Дніпро-Бузький,sea_level,cm,2023-09-02,478.0,,-5.0,-0.21999999999999975,0.1932867115284359,-0.026713288471563845,Інв_№229_Щорічні_дані_про_режим_та_ресурси_вод_морів_і_морських.pdf,34
98022,м. Очаків,лим. Дніпро-Бузький,sea_level,cm,2023-09-03,478.0,,-5.0,-0.21999999999999975,0.1932867115284359,-0.026713288471563845,Інв_№229_Щорічні_дані_про_режим_та_ресурси_вод_морів_і_морських.pdf,34
98022,м. Очаків,лим. Дніпро-Бузький,sea_level,cm,2023-09-04,480.0,,-5.0,-0.20000000000000018,0.1932867115284359,-0.0067132884715642716,Інв_№229_Щорічні_дані_про_режим_та_ресурси_вод_морів_і_морських.pdf,34
98022,м. Очаків,лим. Дніпро-Бузький,sea_level,cm,2023-09-05,477.0,,-5.0,-0.23000000000000043,0.1932867115284359,-0.03671328847156452,Інв_№229_Щорічні_дані_про_режим_та_ресурси_вод_морів_і_морських.pdf,34
98022,м. Очаків,лим. Дніпро-Бузький,sea_level,cm,2023-09-06,471.0,,-5.0,-0.29000000000000004,0.1932867115284359,-0.09671328847156413,Інв_№229_Щорічні_дані_про_режим_та_ресурси_вод_морів_і_морських.pdf,34
98022,м. Очаків,лим. Дніпро-Бузький,sea_level,cm,2023-09-07,481.0,,-5.0,-0.1900000000000004,0.1932867115284359,0.0032867115284355153,Інв_№229_Щорічні_дані_про_режим_та_ресурси_вод_морів_і_морських.pdf,34
98022,м. Очаків,лим. Дніпро-Бузький,sea_level,cm,2023-09-08,471.0,,-5.0,-0.29000000000000004,0.1932867115284359,-0.09671328847156413,Інв_№229_Щорічні_дані_про_режим_та_ресурси_вод_морів_і_морських.pdf,34
98022,м. Очаків,лим. Дніпро-Бузький,sea_level,cm,2023-09-09,471.0,,-5.0,-0.29000000000000004,0.1932867115284359,-0.09671328847156413,Інв_№229_Щорічні_дані_про_режим_та_ресурси_вод_морів_і_морських.pdf,34
98022,м. Очаків,лим. Дніпро-Бузький,sea_level,cm,2023-09-10,485.0,,-5.0,-0.15000000000000036,0.1932867115284359,0.04328671152843555,Інв_№229_Щорічні_дані_про_режим_та_ресурси_вод_морів_і_морських.pdf,34
98022,м. Очаків,лим. Дніпро-Бузький,sea_level,cm,2023-09-11,485.0,,-5.0,-0.15000000000000036,0.1932867115284359,0.04328671152843555,Інв_№229_Щорічні_дані_про_режим_та_ресурси_вод_морів_і_морських.pdf,34
98022,м. Очаків,лим. Дніпро-Бузький,sea_level,cm,2023-09-12,484.0,,-5.0,-0.16000000000000014,0.1932867115284359,0.033286711528435764,Інв_№229_Щорічні_дані_про_режим_та_ресурси_вод_морів_і_морських.pdf,34
98022,м. Очаків,лим. Дніпро-Бузький,sea_level,cm,2023-09-13,490.0,,-5.0,-0.09999999999999964,0.1932867115284359,0.09328671152843626,Інв_№229_Щорічні_дані_про_режим_та_ресурси_вод_морів_і_морських.pdf,34
98022,м. Очаків,лим. Дніпро-Бузький,sea_level,cm,2023-09-14,491.0,,-5.0,-0.08999999999999986,0.1932867115284359,0.10328671152843605,Інв_№229_Щорічні_дані_про_режим_та_ресурси_вод_морів_і_морських.pdf,34
98022,м. Очаків,лим. Дніпро-Бузький,sea_level,cm,2023-09-15,495.0,,-5.0,-0.04999999999999982,0.1932867115284359,0.14328671152843608,Інв_№229_Щорічні_дані_про_режим_та_ресурси_вод_морів_і_морських.pdf,34
98022,м. Очаків,лим. Дніпро-Бузький,sea_level,cm,2023-09-16,479.0,,-5.0,-0.20999999999999996,0.1932867115284359,-0.01671328847156406,Інв_№229_Щорічні_дані_про_режим_та_ресурси_вод_морів_і_морських.pdf,34
98022,м. Очаків,лим. Дніпро-Бузький,sea_level,cm,2023-09-17,474.0,,-5.0,-0.2599999999999998,0.1932867115284359,-0.06671328847156388,Інв_№229_Щорічні_дані_про_режим_та_ресурси_вод_морів_і_морських.pdf,34
98022,м. Очаків,лим. Дніпро-Бузький,sea_level,cm,2023-09-18,479.0,,-5.0,-0.20999999999999996,0.1932867115284359,-0.01671328847156406,Інв_№229_Щорічні_дані_про_режим_та_ресурси_вод_морів_і_морських.pdf,34
98022,м. Очаків,лим. Дніпро-Бузький,sea_level,cm,2023-09-19,481.0,,-5.0,-0.1900000000000004,0.1932867115284359,0.0032867115284355153,Інв_№229_Щорічні_дані_про_режим_та_ресурси_вод_морів_і_морських.pdf,34
98022,м. Очаків,лим. Дніпро-Бузький,sea_level,cm,2023-09-20,485.0,,-5.0,-0.15000000000000036,0.1932867115284359,0.04328671152843555,Інв_№229_Щорічні_дані_про_режим_та_ресурси_вод_морів_і_морських.pdf,34
98022,м. Очаків,лим. Дніпро-Бузький,sea_level,cm,2023-09-21,490.0,,-5.0,-0.09999999999999964,0.1932867115284359,0.09328671152843626,Інв_№229_Щорічні_дані_про_режим_та_ресурси_вод_морів_і_морських.pdf,34
98022,м. Очаків,лим. Дніпро-Бузький,sea_level,cm,2023-09-22,483.0,,-5.0,-0.16999999999999993,0.1932867115284359,0.023286711528435977,Інв_№229_Щорічні_дані_про_режим_та_ресурси_вод_морів_і_морських.pdf,34
98022,м. Очаків,лим. Дніпро-Бузький,sea_level,cm,2023-09-23,479.0,,-5.0,-0.20999999999999996,0.1932867115284359,-0.01671328847156406,Інв_№229_Щорічні_дані_про_режим_та_ресурси_вод_морів_і_морських.pdf,34
98022,м. Очаків,лим. Дніпро-Бузький,sea_level,cm,2023-09-24,482.0,,-5.0,-0.17999999999999972,0.1932867115284359,0.01328671152843619,Інв_№229_Щорічні_дані_про_режим_та_ресурси_вод_морів_і_морських.pdf,34
98022,м. Очаків,лим. Дніпро-Бузький,sea_level,cm,2023-09-25,479.0,,-5.0,-0.20999999999999996,0.1932867115284359,-0.01671328847156406,Інв_№229_Щорічні_дані_про_режим_та_ресурси_вод_морів_і_морських.pdf,34
98022,м. Очаків,лим. Дніпро-Бузький,sea_level,cm,2023-09-26,466.0,,-5.0,-0.33999999999999986,0.1932867115284359,-0.14671328847156395,Інв_№229_Щорічні_дані_про_режим_та_ресурси_вод_морів_і_морських.pdf,34
98022,м. Очаків,лим. Дніпро-Бузький,sea_level,cm,2023-09-27,466.0,,-5.0,-0.33999999999999986,0.1932867115284359,-0.14671328847156395,Інв_№229_Щорічні_дані_про_режим_та_ресурси_вод_морів_і_морських.pdf,34
98022,м. Очаків,лим. Дніпро-Бузький,sea_level,cm,2023-09-28,470.0,,-5.0,-0.2999999999999998,0.1932867115284359,-0.10671328847156392,Інв_№229_Щорічні_дані_про_режим_та_ресурси_вод_морів_і_морських.pdf,34
98022,м. Очаків,лим. Дніпро-Бузький,sea_level,cm,2023-09-29,468.0,,-5.0,-0.3200000000000003,0.1932867115284359,-0.12671328847156438,Інв_№229_Щорічні_дані_про_режим_та_ресурси_вод_морів_і_морських.pdf,34
98022,м. Очаків,лим. Дніпро-Бузький,sea_level,cm,2023-09-30,469.0,,-5.0,-0.3099999999999996,0.1932867115284359,-0.1167132884715637,Інв_№229_Щорічні_дані_про_режим_та_ресурси_вод_морів_і_морських.pdf,34
98022,м. Очаків,лим. Дніпро-Бузький,sea_level,cm,2023-10-01,477.0,,-5.0,-0.23000000000000043,0.1932867115284359,-0.03671328847156452,Інв_№229_Щорічні_дані_про_режим_та_ресурси_вод_морів_і_морських.pdf,34
98022,м. Очаків,лим. Дніпро-Бузький,sea_level,cm,2023-10-02,471.0,,-5.0,-0.29000000000000004,0.1932867115284359,-0.09671328847156413,Інв_№229_Щорічні_дані_про_режим_та_ресурси_вод_морів_і_морських.pdf,34
98022,м. Очаків,лим. Дніпро-Бузький,sea_level,cm,2023-10-03,476.0,,-5.0,-0.2400000000000002,0.1932867115284359,-0.04671328847156431,Інв_№229_Щорічні_дані_про_режим_та_ресурси_вод_морів_і_морських.pdf,34
98022,м. Очаків,лим. Дніпро-Бузький,sea_level,cm,2023-10-04,486.0,,-5.0,-0.13999999999999968,0.1932867115284359,0.053286711528436226,Інв_№229_Щорічні_дані_про_режим_та_ресурси_вод_морів_і_морських.pdf,34
98022,м. Очаків,лим. Дніпро-Бузький,sea_level,cm,2023-10-05,483.0,,-5.0,-0.16999999999999993,0.1932867115284359,0.023286711528435977,Інв_№229_Щорічні_дані_про_режим_та_ресурси_вод_морів_і_морських.pdf,34
98022,м. Очаків,лим. Дніпро-Бузький,sea_level,cm,2023-10-06,482.0,,-5.0,-0.17999999999999972,0.1932867115284359,0.01328671152843619,Інв_№229_Щорічні_дані_про_режим_та_ресурси_вод_морів_і_морських.pdf,34
98022,м. Очаків,лим. Дніпро-Бузький,sea_level,cm,2023-10-07,477.0,,-5.0,-0.23000000000000043,0.1932867115284359,-0.03671328847156452,Інв_№229_Щорічні_дані_про_режим_та_ресурси_вод_морів_і_морських.pdf,34
98022,м. Очаків,лим. Дніпро-Бузький,sea_level,cm,2023-10-08,475.0,,-5.0,-0.25,0.1932867115284359,-0.056713288471564094,Інв_№229_Щорічні_дані_про_режим_та_ресурси_вод_морів_і_морських.pdf,34
98022,м. Очаків,лим. Дніпро-Бузький,sea_level,cm,2023-10-09,467.0,,-5.0,-0.33000000000000007,0.1932867115284359,-0.13671328847156416,Інв_№229_Щорічні_дані_про_режим_та_ресурси_вод_морів_і_морських.pdf,34
98022,м. Очаків,лим. Дніпро-Бузький,sea_level,cm,2023-10-10,466.0,,-5.0,-0.33999999999999986,0.1932867115284359,-0.14671328847156395,Інв_№229_Щорічні_дані_про_режим_та_ресурси_вод_морів_і_морських.pdf,34
98022,м. Очаків,лим. Дніпро-Бузький,sea_level,cm,2023-10-11,474.0,,-5.0,-0.2599999999999998,0.1932867115284359,-0.06671328847156388,Інв_№229_Щорічні_дані_про_режим_та_ресурси_вод_морів_і_морських.pdf,34
98022,м. Очаків,лим. Дніпро-Бузький,sea_level,cm,2023-10-12,482.0,,-5.0,-0.17999999999999972,0.1932867115284359,0.01328671152843619,Інв_№229_Щорічні_дані_про_режим_та_ресурси_вод_морів_і_морських.pdf,34
98022,м. Очаків,лим. Дніпро-Бузький,sea_level,cm,2023-10-13,487.0,,-5.0,-0.1299999999999999,0.1932867115284359,0.06328671152843601,Інв_№229_Щорічні_дані_про_режим_та_ресурси_вод_морів_і_морських.pdf,34
98022,м. Очаків,лим. Дніпро-Бузький,sea_level,cm,2023-10-14,481.0,,-5.0,-0.1900000000000004,0.1932867115284359,0.0032867115284355153,Інв_№229_Щорічні_дані_про_режим_та_ресурси_вод_морів_і_морських.pdf,34
98022,м. Очаків,лим. Дніпро-Бузький,sea_level,cm,2023-10-15,482.0,,-5.0,-0.17999999999999972,0.1932867115284359,0.01328671152843619,Інв_№229_Щорічні_дані_про_режим_та_ресурси_вод_морів_і_морських.pdf,34
98022,м. Очаків,лим. Дніпро-Бузький,sea_level,cm,2023-10-16,473.0,,-5.0,-0.2699999999999996,0.1932867115284359,-0.07671328847156367,Інв_№229_Щорічні_дані_про_режим_та_ресурси_вод_морів_і_морських.pdf,34
98022,м. Очаків,лим. Дніпро-Бузький,sea_level,cm,2023-10-17,459.0,,-5.0,-0.41000000000000014,0.1932867115284359,-0.21671328847156424,Інв_№229_Щорічні_дані_про_режим_та_ресурси_вод_морів_і_морських.pdf,34
98022,м. Очаків,лим. Дніпро-Бузький,sea_level,cm,2023-10-18,471.0,,-5.0,-0.29000000000000004,0.1932867115284359,-0.09671328847156413,Інв_№229_Щорічні_дані_про_режим_та_ресурси_вод_морів_і_морських.pdf,34
98022,м. Очаків,лим. Дніпро-Бузький,sea_level,cm,2023-10-19,471.0,,-5.0,-0.29000000000000004,0.1932867115284359,-0.09671328847156413,Інв_№229_Щорічні_дані_про_режим_та_ресурси_вод_морів_і_морських.pdf,34
98022,м. Очаків,лим. Дніпро-Бузький,sea_level,cm,2023-10-20,496.0,,-5.0,-0.040000000000000036,0.1932867115284359,0.15328671152843587,Інв_№229_Щорічні_дані_про_режим_та_ресурси_вод_морів_і_морських.pdf,34
98022,м. Очаків,лим. Дніпро-Бузький,sea_level,cm,2023-10-21,499.0,,-5.0,-0.009999999999999787,0.1932867115284359,0.18328671152843612,Інв_№229_Щорічні_дані_про_режим_та_ресурси_вод_морів_і_морських.pdf,34
98022,м. Очаків,лим. Дніпро-Бузький,sea_level,cm,2023-10-22,489.0,,-5.0,-0.11000000000000032,0.1932867115284359,0.08328671152843559,Інв_№229_Щорічні_дані_про_режим_та_ресурси_вод_морів_і_морських.pdf,34
98022,м. Очаків,лим. Дніпро-Бузький,sea_level,cm,2023-10-23,488.0,,-5.0,-0.1200000000000001,0.1932867115284359,0.0732867115284358,Інв_№229_Щорічні_дані_про_режим_та_ресурси_вод_морів_і_морських.pdf,34
98022,м. Очаків,лим. Дніпро-Бузький,sea_level,cm,2023-10-24,480.0,,-5.0,-0.20000000000000018,0.1932867115284359,-0.0067132884715642716,Інв_№229_Щорічні_дані_про_режим_та_ресурси_вод_морів_і_морських.pdf,34
98022,м. Очаків,лим. Дніпро-Бузький,sea_level,cm,2023-10-25,486.0,,-5.0,-0.13999999999999968,0.1932867115284359,0.053286711528436226,Інв_№229_Щорічні_дані_про_режим_та_ресурси_вод_морів_і_морських.pdf,34
98022,м. Очаків,лим. Дніпро-Бузький,sea_level,cm,2023-10-26,487.0,,-5.0,-0.1299999999999999,0.1932867115284359,0.06328671152843601,Інв_№229_Щорічні_дані_про_режим_та_ресурси_вод_морів_і_морських.pdf,34
98022,м. Очаків,лим. Дніпро-Бузький,sea_level,cm,2023-10-27,485.0,,-5.0,-0.15000000000000036,0.1932867115284359,0.04328671152843555,Інв_№229_Щорічні_дані_про_режим_та_ресурси_вод_морів_і_морських.pdf,34
98022,м. Очаків,лим. Дніпро-Бузький,sea_level,cm,2023-10-28,481.0,,-5.0,-0.1900000000000004,0.1932867115284359,0.0032867115284355153,Інв_№229_Щорічні_дані_про_режим_та_ресурси_вод_морів_і_морських.pdf,34
98022,м. Очаків,лим. Дніпро-Бузький,sea_level,cm,2023-10-29,484.0,,-5.0,-0.16000000000000014,0.1932867115284359,0.033286711528435764,Інв_№229_Щорічні_дані_про_режим_та_ресурси_вод_морів_і_морських.pdf,34
98022,м. Очаків,лим. Дніпро-Бузький,sea_level,cm,2023-10-30,490.0,,-5.0,-0.09999999999999964,0.1932867115284359,0.09328671152843626,Інв_№229_Щорічні_дані_про_режим_та_ресурси_вод_морів_і_морських.pdf,34
98022,м. Очаків,лим. Дніпро-Бузький,sea_level,cm,2023-10-31,495.0,,-5.0,-0.04999999999999982,0.1932867115284359,0.14328671152843608,Інв_№229_Щорічні_дані_про_режим_та_ресурси_вод_морів_і_морських.pdf,34
98022,м. Очаків,лим. Дніпро-Бузький,sea_level,cm,2023-11-01,497.0,,-5.0,-0.03000000000000025,0.1932867115284359,0.16328671152843566,Інв_№229_Щорічні_дані_про_режим_та_ресурси_вод_морів_і_морських.pdf,34
98022,м. Очаків,лим. Дніпро-Бузький,sea_level,cm,2023-11-02,480.0,,-5.0,-0.20000000000000018,0.1932867115284359,-0.0067132884715642716,Інв_№229_Щорічні_дані_про_режим_та_ресурси_вод_морів_і_морських.pdf,34
98022,м. Очаків,лим. Дніпро-Бузький,sea_level,cm,2023-11-03,478.0,,-5.0,-0.21999999999999975,0.1932867115284359,-0.026713288471563845,Інв_№229_Щорічні_дані_про_режим_та_ресурси_вод_морів_і_морських.pdf,34
98022,м. Очаків,лим. Дніпро-Бузький,sea_level,cm,2023-11-04,475.0,,-5.0,-0.25,0.1932867115284359,-0.056713288471564094,Інв_№229_Щорічні_дані_про_режим_та_ресурси_вод_морів_і_морських.pdf,34
98022,м. Очаків,лим. Дніпро-Бузький,sea_level,cm,2023-11-05,485.0,,-5.0,-0.15000000000000036,0.1932867115284359,0.04328671152843555,Інв_№229_Щорічні_дані_про_режим_та_ресурси_вод_морів_і_морських.pdf,34
98022,м. Очаків,лим. Дніпро-Бузький,sea_level,cm,2023-11-06,482.0,,-5.0,-0.17999999999999972,0.1932867115284359,0.01328671152843619,Інв_№229_Щорічні_дані_про_режим_та_ресурси_вод_морів_і_морських.pdf,34
98022,м. Очаків,лим. Дніпро-Бузький,sea_level,cm,2023-11-07,486.0,,-5.0,-0.13999999999999968,0.1932867115284359,0.053286711528436226,Інв_№229_Щорічні_дані_про_режим_та_ресурси_вод_морів_і_морських.pdf,34
98022,м. Очаків,лим. Дніпро-Бузький,sea_level,cm,2023-11-08,488.0,,-5.0,-0.1200000000000001,0.1932867115284359,0.0732867115284358,Інв_№229_Щорічні_дані_про_режим_та_ресурси_вод_морів_і_морських.pdf,34
98022,м. Очаків,лим. Дніпро-Бузький,sea_level,cm,2023-11-09,473.0,,-5.0,-0.2699999999999996,0.1932867115284359,-0.07671328847156367,Інв_№229_Щорічні_дані_про_режим_та_ресурси_вод_морів_і_морських.pdf,34
98022,м. Очаків,лим. Дніпро-Бузький,sea_level,cm,2023-11-10,472.0,,-5.0,-0.28000000000000025,0.1932867115284359,-0.08671328847156434,Інв_№229_Щорічні_дані_про_режим_та_ресурси_вод_морів_і_морських.pdf,34
98022,м. Очаків,лим. Дніпро-Бузький,sea_level,cm,2023-11-11,487.0,,-5.0,-0.1299999999999999,0.1932867115284359,0.06328671152843601,Інв_№229_Щорічні_дані_про_режим_та_ресурси_вод_морів_і_морських.pdf,34
98022,м. Очаків,лим. Дніпро-Бузький,sea_level,cm,2023-11-12,492.0,,-5.0,-0.08000000000000007,0.1932867115284359,0.11328671152843584,Інв_№229_Щорічні_дані_про_режим_та_ресурси_вод_морів_і_морських.pdf,34
98022,м. Очаків,лим. Дніпро-Бузький,sea_level,cm,2023-11-13,482.0,,-5.0,-0.17999999999999972,0.1932867115284359,0.01328671152843619,Інв_№229_Щорічні_дані_про_режим_та_ресурси_вод_морів_і_морських.pdf,34
98022,м. Очаків,лим. Дніпро-Бузький,sea_level,cm,2023-11-14,488.0,,-5.0,-0.1200000000000001,0.1932867115284359,0.0732867115284358,Інв_№229_Щорічні_дані_про_режим_та_ресурси_вод_морів_і_морських.pdf,34
98022,м. Очаків,лим. Дніпро-Бузький,sea_level,cm,2023-11-15,480.0,,-5.0,-0.20000000000000018,0.1932867115284359,-0.0067132884715642716,Інв_№229_Щорічні_дані_про_режим_та_ресурси_вод_морів_і_морських.pdf,34
98022,м. Очаків,лим. Дніпро-Бузький,sea_level,cm,2023-11-16,482.0,,-5.0,-0.17999999999999972,0.1932867115284359,0.01328671152843619,Інв_№229_Щорічні_дані_про_режим_та_ресурси_вод_морів_і_морських.pdf,34
98022,м. Очаків,лим. Дніпро-Бузький,sea_level,cm,2023-11-17,478.0,,-5.0,-0.21999999999999975,0.1932867115284359,-0.026713288471563845,Інв_№229_Щорічні_дані_про_режим_та_ресурси_вод_морів_і_морських.pdf,34
98022,м. Очаків,лим. Дніпро-Бузький,sea_level,cm,2023-11-18,477.0,,-5.0,-0.23000000000000043,0.1932867115284359,-0.03671328847156452,Інв_№229_Щорічні_дані_про_режим_та_ресурси_вод_морів_і_морських.pdf,34
98022,м. Очаків,лим. Дніпро-Бузький,sea_level,cm,2023-11-19,456.0,,-5.0,-0.4400000000000004,0.1932867115284359,-0.24671328847156448,Інв_№229_Щорічні_дані_про_режим_та_ресурси_вод_морів_і_морських.pdf,34
98022,м. Очаків,лим. Дніпро-Бузький,sea_level,cm,2023-11-20,465.0,,-5.0,-0.34999999999999964,0.1932867115284359,-0.15671328847156374,Інв_№229_Щорічні_дані_про_режим_та_ресурси_вод_морів_і_морських.pdf,34
98022,м. Очаків,лим. Дніпро-Бузький,sea_level,cm,2023-11-21,474.0,,-5.0,-0.2599999999999998,0.1932867115284359,-0.06671328847156388,Інв_№229_Щорічні_дані_про_режим_та_ресурси_вод_морів_і_морських.pdf,34
98022,м. Очаків,лим. Дніпро-Бузький,sea_level,cm,2023-11-22,473.0,,-5.0,-0.2699999999999996,0.1932867115284359,-0.07671328847156367,Інв_№229_Щорічні_дані_про_режим_та_ресурси_вод_морів_і_морських.pdf,34
98022,м. Очаків,лим. Дніпро-Бузький,sea_level,cm,2023-11-23,466.0,,-5.0,-0.33999999999999986,0.1932867115284359,-0.14671328847156395,Інв_№229_Щорічні_дані_про_режим_та_ресурси_вод_морів_і_морських.pdf,34
98022,м. Очаків,лим. Дніпро-Бузький,sea_level,cm,2023-11-24,485.0,,-5.0,-0.15000000000000036,0.1932867115284359,0.04328671152843555,Інв_№229_Щорічні_дані_про_режим_та_ресурси_вод_морів_і_морських.pdf,34
98022,м. Очаків,лим. Дніпро-Бузький,sea_level,cm,2023-11-25,491.0,,-5.0,-0.08999999999999986,0.1932867115284359,0.10328671152843605,Інв_№229_Щорічні_дані_про_режим_та_ресурси_вод_морів_і_морських.pdf,34
98022,м. Очаків,лим. Дніпро-Бузький,sea_level,cm,2023-11-26,468.0,,-5.0,-0.3200000000000003,0.1932867115284359,-0.12671328847156438,Інв_№229_Щорічні_дані_про_режим_та_ресурси_вод_морів_і_морських.pdf,34
98022,м. Очаків,лим. Дніпро-Бузький,sea_level,cm,2023-11-27,452.0,,-5.0,-0.4800000000000004,0.1932867115284359,-0.2867132884715645,Інв_№229_Щорічні_дані_про_режим_та_ресурси_вод_морів_і_морських.pdf,34
98022,м. Очаків,лим. Дніпро-Бузький,sea_level,cm,2023-11-28,478.0,,-5.0,-0.21999999999999975,0.1932867115284359,-0.026713288471563845,Інв_№229_Щорічні_дані_про_режим_та_ресурси_вод_морів_і_морських.pdf,34
98022,м. Очаків,лим. Дніпро-Бузький,sea_level,cm,2023-11-29,513.0,,-5.0,0.1299999999999999,0.1932867115284359,0.3232867115284358,Інв_№229_Щорічні_дані_про_режим_та_ресурси_вод_морів_і_морських.pdf,34
98022,м. Очаків,лим. Дніпро-Бузький,sea_level,cm,2023-11-30,507.0,,-5.0,0.07000000000000028,0.1932867115284359,0.2632867115284362,Інв_№229_Щорічні_дані_про_режим_та_ресурси_вод_морів_і_морських.pdf,34
98022,м. Очаків,лим. Дніпро-Бузький,sea_level,cm,2023-12-01,510.0,,-5.0,0.09999999999999964,0.1932867115284359,0.29328671152843555,Інв_№229_Щорічні_дані_про_режим_та_ресурси_вод_морів_і_морських.pdf,34
98022,м. Очаків,лим. Дніпро-Бузький,sea_level,cm,2023-12-02,511.0,,-5.0,0.11000000000000032,0.1932867115284359,0.3032867115284362,Інв_№229_Щорічні_дані_про_режим_та_ресурси_вод_морів_і_морських.pdf,34
98022,м. Очаків,лим. Дніпро-Бузький,sea_level,cm,2023-12-03,502.0,,-5.0,0.019999999999999574,0.1932867115284359,0.21328671152843548,Інв_№229_Щорічні_дані_про_режим_та_ресурси_вод_морів_і_морських.pdf,34
98022,м. Очаків,лим. Дніпро-Бузький,sea_level,cm,2023-12-04,494.0,,-5.0,-0.05999999999999961,0.1932867115284359,0.1332867115284363,Інв_№229_Щорічні_дані_про_режим_та_ресурси_вод_морів_і_морських.pdf,34
98022,м. Очаків,лим. Дніпро-Бузький,sea_level,cm,2023-12-05,482.0,,-5.0,-0.17999999999999972,0.1932867115284359,0.01328671152843619,Інв_№229_Щорічні_дані_про_режим_та_ресурси_вод_морів_і_морських.pdf,34
98022,м. Очаків,лим. Дніпро-Бузький,sea_level,cm,2023-12-06,483.0,,-5.0,-0.16999999999999993,0.1932867115284359,0.023286711528435977,Інв_№229_Щорічні_дані_про_режим_та_ресурси_вод_морів_і_морських.pdf,34
98022,м. Очаків,лим. Дніпро-Бузький,sea_level,cm,2023-12-07,489.0,,-5.0,-0.11000000000000032,0.1932867115284359,0.08328671152843559,Інв_№229_Щорічні_дані_про_режим_та_ресурси_вод_морів_і_морських.pdf,34
98022,м. Очаків,лим. Дніпро-Бузький,sea_level,cm,2023-12-08,481.0,,-5.0,-0.1900000000000004,0.1932867115284359,0.0032867115284355153,Інв_№229_Щорічні_дані_про_режим_та_ресурси_вод_морів_і_морських.pdf,34
98022,м. Очаків,лим. Дніпро-Бузький,sea_level,cm,2023-12-09,489.0,,-5.0,-0.11000000000000032,0.1932867115284359,0.08328671152843559,Інв_№229_Щорічні_дані_про_режим_та_ресурси_вод_морів_і_морських.pdf,34
98022,м. Очаків,лим. Дніпро-Бузький,sea_level,cm,2023-12-10,488.0,,-5.0,-0.1200000000000001,0.1932867115284359,0.0732867115284358,Інв_№229_Щорічні_дані_про_режим_та_ресурси_вод_морів_і_морських.pdf,34
98022,м. Очаків,лим. Дніпро-Бузький,sea_level,cm,2023-12-11,487.0,,-5.0,-0.1299999999999999,0.1932867115284359,0.06328671152843601,Інв_№229_Щорічні_дані_про_режим_та_ресурси_вод_морів_і_морських.pdf,34
98022,м. Очаків,лим. Дніпро-Бузький,sea_level,cm,2023-12-12,493.0,,-5.0,-0.07000000000000028,0.1932867115284359,0.12328671152843562,Інв_№229_Щорічні_дані_про_режим_та_ресурси_вод_морів_і_морських.pdf,34
98022,м. Очаків,лим. Дніпро-Бузький,sea_level,cm,2023-12-13,493.0,,-5.0,-0.07000000000000028,0.1932867115284359,0.12328671152843562,Інв_№229_Щорічні_дані_про_режим_та_ресурси_вод_морів_і_морських.pdf,34
98022,м. Очаків,лим. Дніпро-Бузький,sea_level,cm,2023-12-14,499.0,,-5.0,-0.009999999999999787,0.1932867115284359,0.18328671152843612,Інв_№229_Щорічні_дані_про_режим_та_ресурси_вод_морів_і_морських.pdf,34
98022,м. Очаків,лим. Дніпро-Бузький,sea_level,cm,2023-12-15,498.0,,-5.0,-0.019999999999999574,0.1932867115284359,0.17328671152843633,Інв_№229_Щорічні_дані_про_режим_та_ресурси_вод_морів_і_морських.pdf,34
98022,м. Очаків,лим. Дніпро-Бузький,sea_level,cm,2023-12-16,491.0,,-5.0,-0.08999999999999986,0.1932867115284359,0.10328671152843605,Інв_№229_Щорічні_дані_про_режим_та_ресурси_вод_морів_і_морських.pdf,34
98022,м. Очаків,лим. Дніпро-Бузький,sea_level,cm,2023-12-17,491.0,,-5.0,-0.08999999999999986,0.1932867115284359,0.10328671152843605,Інв_№229_Щорічні_дані_про_режим_та_ресурси_вод_морів_і_морських.pdf,34
98022,м. Очаків,лим. Дніпро-Бузький,sea_level,cm,2023-12-18,492.0,,-5.0,-0.08000000000000007,0.1932867115284359,0.11328671152843584,Інв_№229_Щорічні_дані_про_режим_та_ресурси_вод_морів_і_морських.pdf,34
98022,м. Очаків,лим. Дніпро-Бузький,sea_level,cm,2023-12-19,483.0,,-5.0,-0.16999999999999993,0.1932867115284359,0.023286711528435977,Інв_№229_Щорічні_дані_про_режим_та_ресурси_вод_морів_і_морських.pdf,34
98022,м. Очаків,лим. Дніпро-Бузький,sea_level,cm,2023-12-20,491.0,,-5.0,-0.08999999999999986,0.1932867115284359,0.10328671152843605,Інв_№229_Щорічні_дані_про_режим_та_ресурси_вод_морів_і_морських.pdf,34
98022,м. Очаків,лим. Дніпро-Бузький,sea_level,cm,2023-12-21,496.0,,-5.0,-0.040000000000000036,0.1932867115284359,0.15328671152843587,Інв_№229_Щорічні_дані_про_режим_та_ресурси_вод_морів_і_морських.pdf,34
98022,м. Очаків,лим. Дніпро-Бузький,sea_level,cm,2023-12-22,495.0,,-5.0,-0.04999999999999982,0.1932867115284359,0.14328671152843608,Інв_№229_Щорічні_дані_про_режим_та_ресурси_вод_морів_і_морських.pdf,34
98022,м. Очаків,лим. Дніпро-Бузький,sea_level,cm,2023-12-23,489.0,,-5.0,-0.11000000000000032,0.1932867115284359,0.08328671152843559,Інв_№229_Щорічні_дані_про_режим_та_ресурси_вод_морів_і_морських.pdf,34
98022,м. Очаків,лим. Дніпро-Бузький,sea_level,cm,2023-12-24,488.0,,-5.0,-0.1200000000000001,0.1932867115284359,0.0732867115284358,Інв_№229_Щорічні_дані_про_режим_та_ресурси_вод_морів_і_морських.pdf,34
98022,м. Очаків,лим. Дніпро-Бузький,sea_level,cm,2023-12-25,481.0,,-5.0,-0.1900000000000004,0.1932867115284359,0.0032867115284355153,Інв_№229_Щорічні_дані_про_режим_та_ресурси_вод_морів_і_морських.pdf,34
98022,м. Очаків,лим. Дніпро-Бузький,sea_level,cm,2023-12-26,483.0,,-5.0,-0.16999999999999993,0.1932867115284359,0.023286711528435977,Інв_№229_Щорічні_дані_про_режим_та_ресурси_вод_морів_і_морських.pdf,34
98022,м. Очаків,лим. Дніпро-Бузький,sea_level,cm,2023-12-27,488.0,,-5.0,-0.1200000000000001,0.1932867115284359,0.0732867115284358,Інв_№229_Щорічні_дані_про_режим_та_ресурси_вод_морів_і_морських.pdf,34
98022,м. Очаків,лим. Дніпро-Бузький,sea_level,cm,2023-12-28,484.0,,-5.0,-0.16000000000000014,0.1932867115284359,0.033286711528435764,Інв_№229_Щорічні_дані_про_режим_та_ресурси_вод_морів_і_морських.pdf,34
98022,м. Очаків,лим. Дніпро-Бузький,sea_level,cm,2023-12-29,487.0,,-5.0,-0.1299999999999999,0.1932867115284359,0.06328671152843601,Інв_№229_Щорічні_дані_про_режим_та_ресурси_вод_морів_і_морських.pdf,34
98022,м. Очаків,лим. Дніпро-Бузький,sea_level,cm,2023-12-30,485.0,,-5.0,-0.15000000000000036,0.1932867115284359,0.04328671152843555,Інв_№229_Щорічні_дані_про_режим_та_ресурси_вод_морів_і_морських.pdf,34
98022,м. Очаків,лим. Дніпро-Бузький,sea_level,cm,2023-12-31,489.0,,-5.0,-0.11000000000000032,0.1932867115284359,0.08328671152843559,Інв_№229_Щорічні_дані_про_режим_та_ресурси_вод_морів_і_морських.pdf,34
98022,м. Очаків,лим. Дніпро-Бузький,water_level,cm,2023-01-01,474.0,,-5.0,-0.2599999999999998,0.1932867115284359,-0.06671328847156388,Інв_№230_Щорічні_дані_про_режим_та_ресурси_вод_морів_і_морських.pdf,166
98022,м. Очаків,лим. Дніпро-Бузький,water_level,cm,2023-01-02,479.0,,-5.0,-0.20999999999999996,0.1932867115284359,-0.01671328847156406,Інв_№230_Щорічні_дані_про_режим_та_ресурси_вод_морів_і_морських.pdf,166
98022,м. Очаків,лим. Дніпро-Бузький,water_level,cm,2023-01-03,482.0,,-5.0,-0.17999999999999972,0.1932867115284359,0.01328671152843619,Інв_№230_Щорічні_дані_про_режим_та_ресурси_вод_морів_і_морських.pdf,166
98022,м. Очаків,лим. Дніпро-Бузький,water_level,cm,2023-01-04,481.0,,-5.0,-0.1900000000000004,0.1932867115284359,0.0032867115284355153,Інв_№230_Щорічні_дані_про_режим_та_ресурси_вод_морів_і_морських.pdf,166
98022,м. Очаків,лим. Дніпро-Бузький,water_level,cm,2023-01-05,485.0,,-5.0,-0.15000000000000036,0.1932867115284359,0.04328671152843555,Інв_№230_Щорічні_дані_про_режим_та_ресурси_вод_морів_і_морських.pdf,166
98022,м. Очаків,лим. Дніпро-Бузький,water_level,cm,2023-01-06,486.0,,-5.0,-0.13999999999999968,0.1932867115284359,0.053286711528436226,Інв_№230_Щорічні_дані_про_режим_та_ресурси_вод_морів_і_морських.pdf,166
98022,м. Очаків,лим. Дніпро-Бузький,water_level,cm,2023-01-07,483.0,,-5.0,-0.16999999999999993,0.1932867115284359,0.023286711528435977,Інв_№230_Щорічні_дані_про_режим_та_ресурси_вод_морів_і_морських.pdf,166
98022,м. Очаків,лим. Дніпро-Бузький,water_level,cm,2023-01-08,484.0,,-5.0,-0.16000000000000014,0.1932867115284359,0.033286711528435764,Інв_№230_Щорічні_дані_про_режим_та_ресурси_вод_морів_і_морських.pdf,166
98022,м. Очаків,лим. Дніпро-Бузький,water_level,cm,2023-01-09,494.0,,-5.0,-0.05999999999999961,0.1932867115284359,0.1332867115284363,Інв_№230_Щорічні_дані_про_режим_та_ресурси_вод_морів_і_морських.pdf,166
98022,м. Очаків,лим. Дніпро-Бузький,water_level,cm,2023-01-10,495.0,,-5.0,-0.04999999999999982,0.1932867115284359,0.14328671152843608,Інв_№230_Щорічні_дані_про_режим_та_ресурси_вод_морів_і_морських.pdf,166
98022,м. Очаків,лим. Дніпро-Бузький,water_level,cm,2023-01-11,492.0,,-5.0,-0.08000000000000007,0.1932867115284359,0.11328671152843584,Інв_№230_Щорічні_дані_про_режим_та_ресурси_вод_морів_і_морських.pdf,166
98022,м. Очаків,лим. Дніпро-Бузький,water_level,cm,2023-01-12,484.0,,-5.0,-0.16000000000000014,0.1932867115284359,0.033286711528435764,Інв_№230_Щорічні_дані_про_режим_та_ресурси_вод_морів_і_морських.pdf,166
98022,м. Очаків,лим. Дніпро-Бузький,water_level,cm,2023-01-13,481.0,,-5.0,-0.1900000000000004,0.1932867115284359,0.0032867115284355153,Інв_№230_Щорічні_дані_про_режим_та_ресурси_вод_морів_і_морських.pdf,166
98022,м. Очаків,лим. Дніпро-Бузький,water_level,cm,2023-01-14,478.0,,-5.0,-0.21999999999999975,0.1932867115284359,-0.026713288471563845,Інв_№230_Щорічні_дані_про_режим_та_ресурси_вод_морів_і_морських.pdf,166
98022,м. Очаків,лим. Дніпро-Бузький,water_level,cm,2023-01-15,473.0,,-5.0,-0.2699999999999996,0.1932867115284359,-0.07671328847156367,Інв_№230_Щорічні_дані_про_режим_та_ресурси_вод_морів_і_морських.pdf,166
98022,м. Очаків,лим. Дніпро-Бузький,water_level,cm,2023-01-16,476.0,,-5.0,-0.2400000000000002,0.1932867115284359,-0.04671328847156431,Інв_№230_Щорічні_дані_про_режим_та_ресурси_вод_морів_і_морських.pdf,166
98022,м. Очаків,лим. Дніпро-Бузький,water_level,cm,2023-01-17,488.0,,-5.0,-0.1200000000000001,0.1932867115284359,0.0732867115284358,Інв_№230_Щорічні_дані_про_режим_та_ресурси_вод_морів_і_морських.pdf,166
98022,м. Очаків,лим. Дніпро-Бузький,water_level,cm,2023-01-18,501.0,,-5.0,0.009999999999999787,0.1932867115284359,0.2032867115284357,Інв_№230_Щорічні_дані_про_режим_та_ресурси_вод_морів_і_морських.pdf,166
98022,м. Очаків,лим. Дніпро-Бузький,water_level,cm,2023-01-19,500.0,,-5.0,0.0,0.1932867115284359,0.1932867115284359,Інв_№230_Щорічні_дані_про_режим_та_ресурси_вод_морів_і_морських.pdf,166
98022,м. Очаків,лим. Дніпро-Бузький,water_level,cm,2023-01-20,496.0,,-5.0,-0.040000000000000036,0.1932867115284359,0.15328671152843587,Інв_№230_Щорічні_дані_про_режим_та_ресурси_вод_морів_і_морських.pdf,166
98022,м. Очаків,лим. Дніпро-Бузький,water_level,cm,2023-01-21,493.0,,-5.0,-0.07000000000000028,0.1932867115284359,0.12328671152843562,Інв_№230_Щорічні_дані_про_режим_та_ресурси_вод_морів_і_морських.pdf,166
98022,м. Очаків,лим. Дніпро-Бузький,water_level,cm,2023-01-22,487.0,,-5.0,-0.1299999999999999,0.1932867115284359,0.06328671152843601,Інв_№230_Щорічні_дані_про_режим_та_ресурси_вод_морів_і_морських.pdf,166
98022,м. Очаків,лим. Дніпро-Бузький,water_level,cm,2023-01-23,482.0,,-5.0,-0.17999999999999972,0.1932867115284359,0.01328671152843619,Інв_№230_Щорічні_дані_про_режим_та_ресурси_вод_морів_і_морських.pdf,166
98022,м. Очаків,лим. Дніпро-Бузький,water_level,cm,2023-01-24,479.0,,-5.0,-0.20999999999999996,0.1932867115284359,-0.01671328847156406,Інв_№230_Щорічні_дані_про_режим_та_ресурси_вод_морів_і_морських.pdf,166
98022,м. Очаків,лим. Дніпро-Бузький,water_level,cm,2023-01-25,476.0,,-5.0,-0.2400000000000002,0.1932867115284359,-0.04671328847156431,Інв_№230_Щорічні_дані_про_режим_та_ресурси_вод_морів_і_морських.pdf,166
98022,м. Очаків,лим. Дніпро-Бузький,water_level,cm,2023-01-26,475.0,,-5.0,-0.25,0.1932867115284359,-0.056713288471564094,Інв_№230_Щорічні_дані_про_режим_та_ресурси_вод_морів_і_морських.pdf,166
98022,м. Очаків,лим. Дніпро-Бузький,water_level,cm,2023-01-27,477.0,,-5.0,-0.23000000000000043,0.1932867115284359,-0.03671328847156452,Інв_№230_Щорічні_дані_про_режим_та_ресурси_вод_морів_і_морських.pdf,166
98022,м. Очаків,лим. Дніпро-Бузький,water_level,cm,2023-01-28,468.0,,-5.0,-0.3200000000000003,0.1932867115284359,-0.12671328847156438,Інв_№230_Щорічні_дані_про_режим_та_ресурси_вод_морів_і_морських.pdf,166
98022,м. Очаків,лим. Дніпро-Бузький,water_level,cm,2023-01-29,456.0,,-5.0,-0.4400000000000004,0.1932867115284359,-0.24671328847156448,Інв_№230_Щорічні_дані_про_режим_та_ресурси_вод_морів_і_морських.pdf,166
98022,м. Очаків,лим. Дніпро-Бузький,water_level,cm,2023-01-30,465.0,,-5.0,-0.34999999999999964,0.1932867115284359,-0.15671328847156374,Інв_№230_Щорічні_дані_про_режим_та_ресурси_вод_морів_і_морських.pdf,166
98022,м. Очаків,лим. Дніпро-Бузький,water_level,cm,2023-01-31,475.0,,-5.0,-0.25,0.1932867115284359,-0.056713288471564094,Інв_№230_Щорічні_дані_про_режим_та_ресурси_вод_морів_і_морських.pdf,166
98022,м. Очаків,лим. Дніпро-Бузький,water_level,cm,2023-02-01,472.0,,-5.0,-0.28000000000000025,0.1932867115284359,-0.08671328847156434,Інв_№230_Щорічні_дані_про_режим_та_ресурси_вод_морів_і_морських.pdf,166
98022,м. Очаків,лим. Дніпро-Бузький,water_level,cm,2023-02-02,478.0,,-5.0,-0.21999999999999975,0.1932867115284359,-0.026713288471563845,Інв_№230_Щорічні_дані_про_режим_та_ресурси_вод_морів_і_морських.pdf,166
98022,м. Очаків,лим. Дніпро-Бузький,water_level,cm,2023-02-03,480.0,,-5.0,-0.20000000000000018,0.1932867115284359,-0.0067132884715642716,Інв_№230_Щорічні_дані_про_режим_та_ресурси_вод_морів_і_морських.pdf,166
98022,м. Очаків,лим. Дніпро-Бузький,water_level,cm,2023-02-04,480.0,,-5.0,-0.20000000000000018,0.1932867115284359,-0.0067132884715642716,Інв_№230_Щорічні_дані_про_режим_та_ресурси_вод_морів_і_морських.pdf,166
98022,м. Очаків,лим. Дніпро-Бузький,water_level,cm,2023-02-05,474.0,,-5.0,-0.2599999999999998,0.1932867115284359,-0.06671328847156388,Інв_№230_Щорічні_дані_про_режим_та_ресурси_вод_морів_і_морських.pdf,166
98022,м. Очаків,лим. Дніпро-Бузький,water_level,cm,2023-02-06,461.0,,-5.0,-0.3899999999999997,0.1932867115284359,-0.19671328847156377,Інв_№230_Щорічні_дані_про_режим_та_ресурси_вод_морів_і_морських.pdf,166
98022,м. Очаків,лим. Дніпро-Бузький,water_level,cm,2023-02-07,458.0,,-5.0,-0.41999999999999993,0.1932867115284359,-0.22671328847156402,Інв_№230_Щорічні_дані_про_режим_та_ресурси_вод_морів_і_морських.pdf,166
98022,м. Очаків,лим. Дніпро-Бузький,water_level,cm,2023-02-08,458.0,,-5.0,-0.41999999999999993,0.1932867115284359,-0.22671328847156402,Інв_№230_Щорічні_дані_про_режим_та_ресурси_вод_морів_і_морських.pdf,166
98022,м. Очаків,лим. Дніпро-Бузький,water_level,cm,2023-02-09,456.0,,-5.0,-0.4400000000000004,0.1932867115284359,-0.24671328847156448,Інв_№230_Щорічні_дані_про_режим_та_ресурси_вод_морів_і_морських.pdf,166
98022,м. Очаків,лим. Дніпро-Бузький,water_level,cm,2023-02-10,461.0,,-5.0,-0.3899999999999997,0.1932867115284359,-0.19671328847156377,Інв_№230_Щорічні_дані_про_режим_та_ресурси_вод_морів_і_морських.pdf,166
98022,м. Очаків,лим. Дніпро-Бузький,water_level,cm,2023-02-11,458.0,,-5.0,-0.41999999999999993,0.1932867115284359,-0.22671328847156402,Інв_№230_Щорічні_дані_про_режим_та_ресурси_вод_морів_і_морських.pdf,166
98022,м. Очаків,лим. Дніпро-Бузький,water_level,cm,2023-02-12,468.0,,-5.0,-0.3200000000000003,0.1932867115284359,-0.12671328847156438,Інв_№230_Щорічні_дані_про_режим_та_ресурси_вод_морів_і_морських.pdf,166
98022,м. Очаків,лим. Дніпро-Бузький,water_level,cm,2023-02-13,478.0,,-5.0,-0.21999999999999975,0.1932867115284359,-0.026713288471563845,Інв_№230_Щорічні_дані_про_режим_та_ресурси_вод_морів_і_морських.pdf,166
98022,м. Очаків,лим. Дніпро-Бузький,water_level,cm,2023-02-14,480.0,,-5.0,-0.20000000000000018,0.1932867115284359,-0.0067132884715642716,Інв_№230_Щорічні_дані_про_режим_та_ресурси_вод_морів_і_морських.pdf,166
98022,м. Очаків,лим. Дніпро-Бузький,water_level,cm,2023-02-15,477.0,,-5.0,-0.23000000000000043,0.1932867115284359,-0.03671328847156452,Інв_№230_Щорічні_дані_про_режим_та_ресурси_вод_морів_і_морських.pdf,166
98022,м. Очаків,лим. Дніпро-Бузький,water_level,cm,2023-02-16,472.0,,-5.0,-0.28000000000000025,0.1932867115284359,-0.08671328847156434,Інв_№230_Щорічні_дані_про_режим_та_ресурси_вод_морів_і_морських.pdf,166
98022,м. Очаків,лим. Дніпро-Бузький,water_level,cm,2023-02-17,477.0,,-5.0,-0.23000000000000043,0.1932867115284359,-0.03671328847156452,Інв_№230_Щорічні_дані_про_режим_та_ресурси_вод_морів_і_морських.pdf,166
98022,м. Очаків,лим. Дніпро-Бузький,water_level,cm,2023-02-18,485.0,,-5.0,-0.15000000000000036,0.1932867115284359,0.04328671152843555,Інв_№230_Щорічні_дані_про_режим_та_ресурси_вод_морів_і_морських.pdf,166
98022,м. Очаків,лим. Дніпро-Бузький,water_level,cm,2023-02-19,484.0,,-5.0,-0.16000000000000014,0.1932867115284359,0.033286711528435764,Інв_№230_Щорічні_дані_про_режим_та_ресурси_вод_морів_і_морських.pdf,166
98022,м. Очаків,лим. Дніпро-Бузький,water_level,cm,2023-02-20,480.0,,-5.0,-0.20000000000000018,0.1932867115284359,-0.0067132884715642716,Інв_№230_Щорічні_дані_про_режим_та_ресурси_вод_морів_і_морських.pdf,166
98022,м. Очаків,лим. Дніпро-Бузький,water_level,cm,2023-02-21,478.0,,-5.0,-0.21999999999999975,0.1932867115284359,-0.026713288471563845,Інв_№230_Щорічні_дані_про_режим_та_ресурси_вод_морів_і_морських.pdf,166
98022,м. Очаків,лим. Дніпро-Бузький,water_level,cm,2023-02-22,468.0,,-5.0,-0.3200000000000003,0.1932867115284359,-0.12671328847156438,Інв_№230_Щорічні_дані_про_режим_та_ресурси_вод_морів_і_морських.pdf,166
98022,м. Очаків,лим. Дніпро-Бузький,water_level,cm,2023-02-23,458.0,,-5.0,-0.41999999999999993,0.1932867115284359,-0.22671328847156402,Інв_№230_Щорічні_дані_про_режим_та_ресурси_вод_морів_і_морських.pdf,166
98022,м. Очаків,лим. Дніпро-Бузький,water_level,cm,2023-02-24,473.0,,-5.0,-0.2699999999999996,0.1932867115284359,-0.07671328847156367,Інв_№230_Щорічні_дані_про_режим_та_ресурси_вод_морів_і_морських.pdf,166
98022,м. Очаків,лим. Дніпро-Бузький,water_level,cm,2023-02-25,496.0,,-5.0,-0.040000000000000036,0.1932867115284359,0.15328671152843587,Інв_№230_Щорічні_дані_про_режим_та_ресурси_вод_морів_і_морських.pdf,166
98022,м. Очаків,лим. Дніпро-Бузький,water_level,cm,2023-02-26,494.0,,-5.0,-0.05999999999999961,0.1932867115284359,0.1332867115284363,Інв_№230_Щорічні_дані_про_режим_та_ресурси_вод_морів_і_морських.pdf,166
98022,м. Очаків,лим. Дніпро-Бузький,water_level,cm,2023-02-27,488.0,,-5.0,-0.1200000000000001,0.1932867115284359,0.0732867115284358,Інв_№230_Щорічні_дані_про_режим_та_ресурси_вод_морів_і_морських.pdf,166
98022,м. Очаків,лим. Дніпро-Бузький,water_level,cm,2023-02-28,480.0,,-5.0,-0.20000000000000018,0.1932867115284359,-0.0067132884715642716,Інв_№230_Щорічні_дані_про_режим_та_ресурси_вод_морів_і_морських.pdf,166
98022,м. Очаків,лим. Дніпро-Бузький,water_level,cm,2023-03-01,474.0,,-5.0,-0.2599999999999998,0.1932867115284359,-0.06671328847156388,Інв_№230_Щорічні_дані_про_режим_та_ресурси_вод_морів_і_морських.pdf,166
98022,м. Очаків,лим. Дніпро-Бузький,water_level,cm,2023-03-02,468.0,,-5.0,-0.3200000000000003,0.1932867115284359,-0.12671328847156438,Інв_№230_Щорічні_дані_про_режим_та_ресурси_вод_морів_і_морських.pdf,166
98022,м. Очаків,лим. Дніпро-Бузький,water_level,cm,2023-03-03,476.0,,-5.0,-0.2400000000000002,0.1932867115284359,-0.04671328847156431,Інв_№230_Щорічні_дані_про_режим_та_ресурси_вод_морів_і_морських.pdf,166
98022,м. Очаків,лим. Дніпро-Бузький,water_level,cm,2023-03-04,483.0,,-5.0,-0.16999999999999993,0.1932867115284359,0.023286711528435977,Інв_№230_Щорічні_дані_про_режим_та_ресурси_вод_морів_і_морських.pdf,166
98022,м. Очаків,лим. Дніпро-Бузький,water_level,cm,2023-03-05,477.0,,-5.0,-0.23000000000000043,0.1932867115284359,-0.03671328847156452,Інв_№230_Щорічні_дані_про_режим_та_ресурси_вод_морів_і_морських.pdf,166
98022,м. Очаків,лим. Дніпро-Бузький,water_level,cm,2023-03-06,475.0,,-5.0,-0.25,0.1932867115284359,-0.056713288471564094,Інв_№230_Щорічні_дані_про_режим_та_ресурси_вод_морів_і_морських.pdf,166
98022,м. Очаків,лим. Дніпро-Бузький,water_level,cm,2023-03-07,478.0,,-5.0,-0.21999999999999975,0.1932867115284359,-0.026713288471563845,Інв_№230_Щорічні_дані_про_режим_та_ресурси_вод_морів_і_морських.pdf,166
98022,м. Очаків,лим. Дніпро-Бузький,water_level,cm,2023-03-08,480.0,,-5.0,-0.20000000000000018,0.1932867115284359,-0.0067132884715642716,Інв_№230_Щорічні_дані_про_режим_та_ресурси_вод_морів_і_морських.pdf,166
98022,м. Очаків,лим. Дніпро-Бузький,water_level,cm,2023-03-09,490.0,,-5.0,-0.09999999999999964,0.1932867115284359,0.09328671152843626,Інв_№230_Щорічні_дані_про_режим_та_ресурси_вод_морів_і_морських.pdf,166
98022,м. Очаків,лим. Дніпро-Бузький,water_level,cm,2023-03-10,491.0,,-5.0,-0.08999999999999986,0.1932867115284359,0.10328671152843605,Інв_№230_Щорічні_дані_про_режим_та_ресурси_вод_морів_і_морських.pdf,166
98022,м. Очаків,лим. Дніпро-Бузький,water_level,cm,2023-03-11,491.0,,-5.0,-0.08999999999999986,0.1932867115284359,0.10328671152843605,Інв_№230_Щорічні_дані_про_режим_та_ресурси_вод_морів_і_морських.pdf,166
98022,м. Очаків,лим. Дніпро-Бузький,water_level,cm,2023-03-12,487.0,,-5.0,-0.1299999999999999,0.1932867115284359,0.06328671152843601,Інв_№230_Щорічні_дані_про_режим_та_ресурси_вод_морів_і_морських.pdf,166
98022,м. Очаків,лим. Дніпро-Бузький,water_level,cm,2023-03-13,479.0,,-5.0,-0.20999999999999996,0.1932867115284359,-0.01671328847156406,Інв_№230_Щорічні_дані_про_режим_та_ресурси_вод_морів_і_морських.pdf,166
98022,м. Очаків,лим. Дніпро-Бузький,water_level,cm,2023-03-14,490.0,,-5.0,-0.09999999999999964,0.1932867115284359,0.09328671152843626,Інв_№230_Щорічні_дані_про_режим_та_ресурси_вод_морів_і_морських.pdf,166
98022,м. Очаків,лим. Дніпро-Бузький,water_level,cm,2023-03-15,490.0,,-5.0,-0.09999999999999964,0.1932867115284359,0.09328671152843626,Інв_№230_Щорічні_дані_про_режим_та_ресурси_вод_морів_і_морських.pdf,166
98022,м. Очаків,лим. Дніпро-Бузький,water_level,cm,2023-03-16,491.0,,-5.0,-0.08999999999999986,0.1932867115284359,0.10328671152843605,Інв_№230_Щорічні_дані_про_режим_та_ресурси_вод_морів_і_морських.pdf,166
98022,м. Очаків,лим. Дніпро-Бузький,water_level,cm,2023-03-17,483.0,,-5.0,-0.16999999999999993,0.1932867115284359,0.023286711528435977,Інв_№230_Щорічні_дані_про_режим_та_ресурси_вод_морів_і_морських.pdf,166
98022,м. Очаків,лим. Дніпро-Бузький,water_level,cm,2023-03-18,475.0,,-5.0,-0.25,0.1932867115284359,-0.056713288471564094,Інв_№230_Щорічні_дані_про_режим_та_ресурси_вод_морів_і_морських.pdf,166
98022,м. Очаків,лим. Дніпро-Бузький,water_level,cm,2023-03-19,471.0,,-5.0,-0.29000000000000004,0.1932867115284359,-0.09671328847156413,Інв_№230_Щорічні_дані_про_режим_та_ресурси_вод_морів_і_морських.pdf,166
98022,м. Очаків,лим. Дніпро-Бузький,water_level,cm,2023-03-20,471.0,,-5.0,-0.29000000000000004,0.1932867115284359,-0.09671328847156413,Інв_№230_Щорічні_дані_про_режим_та_ресурси_вод_морів_і_морських.pdf,166
98022,м. Очаків,лим. Дніпро-Бузький,water_level,cm,2023-03-21,479.0,,-5.0,-0.20999999999999996,0.1932867115284359,-0.01671328847156406,Інв_№230_Щорічні_дані_про_режим_та_ресурси_вод_морів_і_морських.pdf,166
98022,м. Очаків,лим. Дніпро-Бузький,water_level,cm,2023-03-22,488.0,,-5.0,-0.1200000000000001,0.1932867115284359,0.0732867115284358,Інв_№230_Щорічні_дані_про_режим_та_ресурси_вод_морів_і_морських.pdf,166
98022,м. Очаків,лим. Дніпро-Бузький,water_level,cm,2023-03-23,482.0,,-5.0,-0.17999999999999972,0.1932867115284359,0.01328671152843619,Інв_№230_Щорічні_дані_про_режим_та_ресурси_вод_морів_і_морських.pdf,166
98022,м. Очаків,лим. Дніпро-Бузький,water_level,cm,2023-03-24,482.0,,-5.0,-0.17999999999999972,0.1932867115284359,0.01328671152843619,Інв_№230_Щорічні_дані_про_режим_та_ресурси_вод_морів_і_морських.pdf,166
98022,м. Очаків,лим. Дніпро-Бузький,water_level,cm,2023-03-25,490.0,,-5.0,-0.09999999999999964,0.1932867115284359,0.09328671152843626,Інв_№230_Щорічні_дані_про_режим_та_ресурси_вод_морів_і_морських.pdf,166
98022,м. Очаків,лим. Дніпро-Бузький,water_level,cm,2023-03-26,494.0,,-5.0,-0.05999999999999961,0.1932867115284359,0.1332867115284363,Інв_№230_Щорічні_дані_про_режим_та_ресурси_вод_морів_і_морських.pdf,166
98022,м. Очаків,лим. Дніпро-Бузький,water_level,cm,2023-03-27,496.0,,-5.0,-0.040000000000000036,0.1932867115284359,0.15328671152843587,Інв_№230_Щорічні_дані_про_режим_та_ресурси_вод_морів_і_морських.pdf,166
98022,м. Очаків,лим. Дніпро-Бузький,water_level,cm,2023-03-28,496.0,,-5.0,-0.040000000000000036,0.1932867115284359,0.15328671152843587,Інв_№230_Щорічні_дані_про_режим_та_ресурси_вод_морів_і_морських.pdf,166
98022,м. Очаків,лим. Дніпро-Бузький,water_level,cm,2023-03-29,488.0,,-5.0,-0.1200000000000001,0.1932867115284359,0.0732867115284358,Інв_№230_Щорічні_дані_про_режим_та_ресурси_вод_морів_і_морських.pdf,166
98022,м. Очаків,лим. Дніпро-Бузький,water_level,cm,2023-03-30,476.0,,-5.0,-0.2400000000000002,0.1932867115284359,-0.04671328847156431,Інв_№230_Щорічні_дані_про_режим_та_ресурси_вод_морів_і_морських.pdf,166
98022,м. Очаків,лим. Дніпро-Бузький,water_level,cm,2023-03-31,478.0,,-5.0,-0.21999999999999975,0.1932867115284359,-0.026713288471563845,Інв_№230_Щорічні_дані_про_режим_та_ресурси_вод_морів_і_морських.pdf,166
98022,м. Очаків,лим. Дніпро-Бузький,water_level,cm,2023-04-01,495.0,,-5.0,-0.04999999999999982,0.1932867115284359,0.14328671152843608,Інв_№230_Щорічні_дані_про_режим_та_ресурси_вод_морів_і_морських.pdf,166
98022,м. Очаків,лим. Дніпро-Бузький,water_level,cm,2023-04-02,501.0,,-5.0,0.009999999999999787,0.1932867115284359,0.2032867115284357,Інв_№230_Щорічні_дані_про_режим_та_ресурси_вод_морів_і_морських.pdf,166
98022,м. Очаків,лим. Дніпро-Бузький,water_level,cm,2023-04-03,492.0,,-5.0,-0.08000000000000007,0.1932867115284359,0.11328671152843584,Інв_№230_Щорічні_дані_про_режим_та_ресурси_вод_морів_і_морських.pdf,166
98022,м. Очаків,лим. Дніпро-Бузький,water_level,cm,2023-04-04,482.0,,-5.0,-0.17999999999999972,0.1932867115284359,0.01328671152843619,Інв_№230_Щорічні_дані_про_режим_та_ресурси_вод_морів_і_морських.pdf,166
98022,м. Очаків,лим. Дніпро-Бузький,water_level,cm,2023-04-05,471.0,,-5.0,-0.29000000000000004,0.1932867115284359,-0.09671328847156413,Інв_№230_Щорічні_дані_про_режим_та_ресурси_вод_морів_і_морських.pdf,166
98022,м. Очаків,лим. Дніпро-Бузький,water_level,cm,2023-04-06,485.0,,-5.0,-0.15000000000000036,0.1932867115284359,0.04328671152843555,Інв_№230_Щорічні_дані_про_режим_та_ресурси_вод_морів_і_морських.pdf,166
98022,м. Очаків,лим. Дніпро-Бузький,water_level,cm,2023-04-07,489.0,,-5.0,-0.11000000000000032,0.1932867115284359,0.08328671152843559,Інв_№230_Щорічні_дані_про_режим_та_ресурси_вод_морів_і_морських.pdf,166
98022,м. Очаків,лим. Дніпро-Бузький,water_level,cm,2023-04-08,484.0,,-5.0,-0.16000000000000014,0.1932867115284359,0.033286711528435764,Інв_№230_Щорічні_дані_про_режим_та_ресурси_вод_морів_і_морських.pdf,166
98022,м. Очаків,лим. Дніпро-Бузький,water_level,cm,2023-04-09,479.0,,-5.0,-0.20999999999999996,0.1932867115284359,-0.01671328847156406,Інв_№230_Щорічні_дані_про_режим_та_ресурси_вод_морів_і_морських.pdf,166
98022,м. Очаків,лим. Дніпро-Бузький,water_level,cm,2023-04-10,473.0,,-5.0,-0.2699999999999996,0.1932867115284359,-0.07671328847156367,Інв_№230_Щорічні_дані_про_режим_та_ресурси_вод_морів_і_морських.pdf,166
98022,м. Очаків,лим. Дніпро-Бузький,water_level,cm,2023-04-11,466.0,,-5.0,-0.33999999999999986,0.1932867115284359,-0.14671328847156395,Інв_№230_Щорічні_дані_про_режим_та_ресурси_вод_морів_і_морських.pdf,166
98022,м. Очаків,лим. Дніпро-Бузький,water_level,cm,2023-04-12,480.0,,-5.0,-0.20000000000000018,0.1932867115284359,-0.0067132884715642716,Інв_№230_Щорічні_дані_про_режим_та_ресурси_вод_морів_і_морських.pdf,166
98022,м. Очаків,лим. Дніпро-Бузький,water_level,cm,2023-04-13,485.0,,-5.0,-0.15000000000000036,0.1932867115284359,0.04328671152843555,Інв_№230_Щорічні_дані_про_режим_та_ресурси_вод_морів_і_морських.pdf,166
98022,м. Очаків,лим. Дніпро-Бузький,water_level,cm,2023-04-14,492.0,,-5.0,-0.08000000000000007,0.1932867115284359,0.11328671152843584,Інв_№230_Щорічні_дані_про_режим_та_ресурси_вод_морів_і_морських.pdf,166
98022,м. Очаків,лим. Дніпро-Бузький,water_level,cm,2023-04-15,493.0,,-5.0,-0.07000000000000028,0.1932867115284359,0.12328671152843562,Інв_№230_Щорічні_дані_про_режим_та_ресурси_вод_морів_і_морських.pdf,166
98022,м. Очаків,лим. Дніпро-Бузький,water_level,cm,2023-04-16,478.0,,-5.0,-0.21999999999999975,0.1932867115284359,-0.026713288471563845,Інв_№230_Щорічні_дані_про_режим_та_ресурси_вод_морів_і_морських.pdf,166
98022,м. Очаків,лим. Дніпро-Бузький,water_level,cm,2023-04-17,476.0,,-5.0,-0.2400000000000002,0.1932867115284359,-0.04671328847156431,Інв_№230_Щорічні_дані_про_режим_та_ресурси_вод_морів_і_морських.pdf,166
98022,м. Очаків,лим. Дніпро-Бузький,water_level,cm,2023-04-18,492.0,,-5.0,-0.08000000000000007,0.1932867115284359,0.11328671152843584,Інв_№230_Щорічні_дані_про_режим_та_ресурси_вод_морів_і_морських.pdf,166
98022,м. Очаків,лим. Дніпро-Бузький,water_level,cm,2023-04-19,491.0,,-5.0,-0.08999999999999986,0.1932867115284359,0.10328671152843605,Інв_№230_Щорічні_дані_про_режим_та_ресурси_вод_морів_і_морських.pdf,166
98022,м. Очаків,лим. Дніпро-Бузький,water_level,cm,2023-04-20,490.0,,-5.0,-0.09999999999999964,0.1932867115284359,0.09328671152843626,Інв_№230_Щорічні_дані_про_режим_та_ресурси_вод_морів_і_морських.pdf,166
98022,м. Очаків,лим. Дніпро-Бузький,water_level,cm,2023-04-21,484.0,,-5.0,-0.16000000000000014,0.1932867115284359,0.033286711528435764,Інв_№230_Щорічні_дані_про_режим_та_ресурси_вод_морів_і_морських.pdf,166
98022,м. Очаків,лим. Дніпро-Бузький,water_level,cm,2023-04-22,484.0,,-5.0,-0.16000000000000014,0.1932867115284359,0.033286711528435764,Інв_№230_Щорічні_дані_про_режим_та_ресурси_вод_морів_і_морських.pdf,166
98022,м. Очаків,лим. Дніпро-Бузький,water_level,cm,2023-04-23,493.0,,-5.0,-0.07000000000000028,0.1932867115284359,0.12328671152843562,Інв_№230_Щорічні_дані_про_режим_та_ресурси_вод_морів_і_морських.pdf,166
98022,м. Очаків,лим. Дніпро-Бузький,water_level,cm,2023-04-24,489.0,,-5.0,-0.11000000000000032,0.1932867115284359,0.08328671152843559,Інв_№230_Щорічні_дані_про_режим_та_ресурси_вод_морів_і_морських.pdf,166
98022,м. Очаків,лим. Дніпро-Бузький,water_level,cm,2023-04-25,485.0,,-5.0,-0.15000000000000036,0.1932867115284359,0.04328671152843555,Інв_№230_Щорічні_дані_про_режим_та_ресурси_вод_морів_і_морських.pdf,166
98022,м. Очаків,лим. Дніпро-Бузький,water_level,cm,2023-04-26,492.0,,-5.0,-0.08000000000000007,0.1932867115284359,0.11328671152843584,Інв_№230_Щорічні_дані_про_режим_та_ресурси_вод_морів_і_морських.pdf,166
98022,м. Очаків,лим. Дніпро-Бузький,water_level,cm,2023-04-27,485.0,,-5.0,-0.15000000000000036,0.1932867115284359,0.04328671152843555,Інв_№230_Щорічні_дані_про_режим_та_ресурси_вод_морів_і_морських.pdf,166
98022,м. Очаків,лим. Дніпро-Бузький,water_level,cm,2023-04-28,477.0,,-5.0,-0.23000000000000043,0.1932867115284359,-0.03671328847156452,Інв_№230_Щорічні_дані_про_режим_та_ресурси_вод_морів_і_морських.pdf,166
98022,м. Очаків,лим. Дніпро-Бузький,water_level,cm,2023-04-29,478.0,,-5.0,-0.21999999999999975,0.1932867115284359,-0.026713288471563845,Інв_№230_Щорічні_дані_про_режим_та_ресурси_вод_морів_і_морських.pdf,166
98022,м. Очаків,лим. Дніпро-Бузький,water_level,cm,2023-04-30,480.0,,-5.0,-0.20000000000000018,0.1932867115284359,-0.0067132884715642716,Інв_№230_Щорічні_дані_про_режим_та_ресурси_вод_морів_і_морських.pdf,166
98022,м. Очаків,лим. Дніпро-Бузький,water_level,cm,2023-05-01,487.0,,-5.0,-0.1299999999999999,0.1932867115284359,0.06328671152843601,Інв_№230_Щорічні_дані_про_режим_та_ресурси_вод_морів_і_морських.pdf,166
98022,м. Очаків,лим. Дніпро-Бузький,water_level,cm,2023-05-02,493.0,,-5.0,-0.07000000000000028,0.1932867115284359,0.12328671152843562,Інв_№230_Щорічні_дані_про_режим_та_ресурси_вод_морів_і_морських.pdf,166
98022,м. Очаків,лим. Дніпро-Бузький,water_level,cm,2023-05-03,497.0,,-5.0,-0.03000000000000025,0.1932867115284359,0.16328671152843566,Інв_№230_Щорічні_дані_про_режим_та_ресурси_вод_морів_і_морських.pdf,166
98022,м. Очаків,лим. Дніпро-Бузький,water_level,cm,2023-05-04,502.0,,-5.0,0.019999999999999574,0.1932867115284359,0.21328671152843548,Інв_№230_Щорічні_дані_про_режим_та_ресурси_вод_морів_і_морських.pdf,166
98022,м. Очаків,лим. Дніпро-Бузький,water_level,cm,2023-05-05,500.0,,-5.0,0.0,0.1932867115284359,0.1932867115284359,Інв_№230_Щорічні_дані_про_режим_та_ресурси_вод_морів_і_морських.pdf,166
98022,м. Очаків,лим. Дніпро-Бузький,water_level,cm,2023-05-06,491.0,,-5.0,-0.08999999999999986,0.1932867115284359,0.10328671152843605,Інв_№230_Щорічні_дані_про_режим_та_ресурси_вод_морів_і_морських.pdf,166
98022,м. Очаків,лим. Дніпро-Бузький,water_level,cm,2023-05-07,484.0,,-5.0,-0.16000000000000014,0.1932867115284359,0.033286711528435764,Інв_№230_Щорічні_дані_про_режим_та_ресурси_вод_морів_і_морських.pdf,166
98022,м. Очаків,лим. Дніпро-Бузький,water_level,cm,2023-05-08,481.0,,-5.0,-0.1900000000000004,0.1932867115284359,0.0032867115284355153,Інв_№230_Щорічні_дані_про_режим_та_ресурси_вод_морів_і_морських.pdf,166
98022,м. Очаків,лим. Дніпро-Бузький,water_level,cm,2023-05-09,481.0,,-5.0,-0.1900000000000004,0.1932867115284359,0.0032867115284355153,Інв_№230_Щорічні_дані_про_режим_та_ресурси_вод_морів_і_морських.pdf,166
98022,м. Очаків,лим. Дніпро-Бузький,water_level,cm,2023-05-10,492.0,,-5.0,-0.08000000000000007,0.1932867115284359,0.11328671152843584,Інв_№230_Щорічні_дані_про_режим_та_ресурси_вод_морів_і_морських.pdf,166
98022,м. Очаків,лим. Дніпро-Бузький,water_level,cm,2023-05-11,502.0,,-5.0,0.019999999999999574,0.1932867115284359,0.21328671152843548,Інв_№230_Щорічні_дані_про_режим_та_ресурси_вод_морів_і_морських.pdf,166
98022,м. Очаків,лим. Дніпро-Бузький,water_level,cm,2023-05-12,503.0,,-5.0,0.03000000000000025,0.1932867115284359,0.22328671152843615,Інв_№230_Щорічні_дані_про_режим_та_ресурси_вод_морів_і_морських.pdf,166
98022,м. Очаків,лим. Дніпро-Бузький,water_level,cm,2023-05-13,497.0,,-5.0,-0.03000000000000025,0.1932867115284359,0.16328671152843566,Інв_№230_Щорічні_дані_про_режим_та_ресурси_вод_морів_і_морських.pdf,166
98022,м. Очаків,лим. Дніпро-Бузький,water_level,cm,2023-05-14,500.0,,-5.0,0.0,0.1932867115284359,0.1932867115284359,Інв_№230_Щорічні_дані_про_режим_та_ресурси_вод_морів_і_морських.pdf,166
98022,м. Очаків,лим. Дніпро-Бузький,water_level,cm,2023-05-15,503.0,,-5.0,0.03000000000000025,0.1932867115284359,0.22328671152843615,Інв_№230_Щорічні_дані_про_режим_та_ресурси_вод_морів_і_морських.pdf,166
98022,м. Очаків,лим. Дніпро-Бузький,water_level,cm,2023-05-16,503.0,,-5.0,0.03000000000000025,0.1932867115284359,0.22328671152843615,Інв_№230_Щорічні_дані_про_режим_та_ресурси_вод_морів_і_морських.pdf,166
98022,м. Очаків,лим. Дніпро-Бузький,water_level,cm,2023-05-17,497.0,,-5.0,-0.03000000000000025,0.1932867115284359,0.16328671152843566,Інв_№230_Щорічні_дані_про_режим_та_ресурси_вод_морів_і_морських.pdf,166
98022,м. Очаків,лим. Дніпро-Бузький,water_level,cm,2023-05-18,495.0,,-5.0,-0.04999999999999982,0.1932867115284359,0.14328671152843608,Інв_№230_Щорічні_дані_про_режим_та_ресурси_вод_морів_і_морських.pdf,166
98022,м. Очаків,лим. Дніпро-Бузький,water_level,cm,2023-05-19,491.0,,-5.0,-0.08999999999999986,0.1932867115284359,0.10328671152843605,Інв_№230_Щорічні_дані_про_режим_та_ресурси_вод_морів_і_морських.pdf,166
98022,м. Очаків,лим. Дніпро-Бузький,water_level,cm,2023-05-20,493.0,,-5.0,-0.07000000000000028,0.1932867115284359,0.12328671152843562,Інв_№230_Щорічні_дані_про_режим_та_ресурси_вод_морів_і_морських.pdf,166
98022,м. Очаків,лим. Дніпро-Бузький,water_level,cm,2023-05-21,495.0,,-5.0,-0.04999999999999982,0.1932867115284359,0.14328671152843608,Інв_№230_Щорічні_дані_про_режим_та_ресурси_вод_морів_і_морських.pdf,166
98022,м. Очаків,лим. Дніпро-Бузький,water_level,cm,2023-05-22,493.0,,-5.0,-0.07000000000000028,0.1932867115284359,0.12328671152843562,Інв_№230_Щорічні_дані_про_режим_та_ресурси_вод_морів_і_морських.pdf,166
98022,м. Очаків,лим. Дніпро-Бузький,water_level,cm,2023-05-23,491.0,,-5.0,-0.08999999999999986,0.1932867115284359,0.10328671152843605,Інв_№230_Щорічні_дані_про_режим_та_ресурси_вод_морів_і_морських.pdf,166
98022,м. Очаків,лим. Дніпро-Бузький,water_level,cm,2023-05-24,496.0,,-5.0,-0.040000000000000036,0.1932867115284359,0.15328671152843587,Інв_№230_Щорічні_дані_про_режим_та_ресурси_вод_морів_і_морських.pdf,166
98022,м. Очаків,лим. Дніпро-Бузький,water_level,cm,2023-05-25,497.0,,-5.0,-0.03000000000000025,0.1932867115284359,0.16328671152843566,Інв_№230_Щорічні_дані_про_режим_та_ресурси_вод_морів_і_морських.pdf,166
98022,м. Очаків,лим. Дніпро-Бузький,water_level,cm,2023-05-26,502.0,,-5.0,0.019999999999999574,0.1932867115284359,0.21328671152843548,Інв_№230_Щорічні_дані_про_режим_та_ресурси_вод_морів_і_морських.pdf,166
98022,м. Очаків,лим. Дніпро-Бузький,water_level,cm,2023-05-27,503.0,,-5.0,0.03000000000000025,0.1932867115284359,0.22328671152843615,Інв_№230_Щорічні_дані_про_режим_та_ресурси_вод_морів_і_морських.pdf,166
98022,м. Очаків,лим. Дніпро-Бузький,water_level,cm,2023-05-28,501.0,,-5.0,0.009999999999999787,0.1932867115284359,0.2032867115284357,Інв_№230_Щорічні_дані_про_режим_та_ресурси_вод_морів_і_морських.pdf,166
98022,м. Очаків,лим. Дніпро-Бузький,water_level,cm,2023-05-29,495.0,,-5.0,-0.04999999999999982,0.1932867115284359,0.14328671152843608,Інв_№230_Щорічні_дані_про_режим_та_ресурси_вод_морів_і_морських.pdf,166
98022,м. Очаків,лим. Дніпро-Бузький,water_level,cm,2023-05-30,489.0,,-5.0,-0.11000000000000032,0.1932867115284359,0.08328671152843559,Інв_№230_Щорічні_дані_про_режим_та_ресурси_вод_морів_і_морських.pdf,166
98022,м. Очаків,лим. Дніпро-Бузький,water_level,cm,2023-05-31,481.0,,-5.0,-0.1900000000000004,0.1932867115284359,0.0032867115284355153,Інв_№230_Щорічні_дані_про_режим_та_ресурси_вод_морів_і_морських.pdf,166
98022,м. Очаків,лим. Дніпро-Бузький,water_level,cm,2023-06-01,488.0,,-5.0,-0.1200000000000001,0.1932867115284359,0.0732867115284358,Інв_№230_Щорічні_дані_про_режим_та_ресурси_вод_морів_і_морських.pdf,166
98022,м. Очаків,лим. Дніпро-Бузький,water_level,cm,2023-06-02,501.0,,-5.0,0.009999999999999787,0.1932867115284359,0.2032867115284357,Інв_№230_Щорічні_дані_про_режим_та_ресурси_вод_морів_і_морських.pdf,166
98022,м. Очаків,лим. Дніпро-Бузький,water_level,cm,2023-06-03,504.0,,-5.0,0.040000000000000036,0.1932867115284359,0.23328671152843594,Інв_№230_Щорічні_дані_про_режим_та_ресурси_вод_морів_і_морських.pdf,166
98022,м. Очаків,лим. Дніпро-Бузький,water_level,cm,2023-06-04,498.0,,-5.0,-0.019999999999999574,0.1932867115284359,0.17328671152843633,Інв_№230_Щорічні_дані_про_режим_та_ресурси_вод_морів_і_морських.pdf,166
98022,м. Очаків,лим. Дніпро-Бузький,water_level,cm,2023-06-05,496.0,,-5.0,-0.040000000000000036,0.1932867115284359,0.15328671152843587,Інв_№230_Щорічні_дані_про_режим_та_ресурси_вод_морів_і_морських.pdf,166
98022,м. Очаків,лим. Дніпро-Бузький,water_level,cm,2023-06-06,509.0,/,-5.0,0.08999999999999986,0.1932867115284359,0.28328671152843576,Інв_№230_Щорічні_дані_про_режим_та_ресурси_вод_морів_і_морських.pdf,166
98022,м. Очаків,лим. Дніпро-Бузький,water_level,cm,2023-06-07,545.0,/,-5.0,0.4500000000000002,0.1932867115284359,0.6432867115284361,Інв_№230_Щорічні_дані_про_режим_та_ресурси_вод_морів_і_морських.pdf,166
98022,м. Очаків,лим. Дніпро-Бузький,water_level,cm,2023-06-08,568.0,/,-5.0,0.6799999999999997,0.1932867115284359,0.8732867115284356,Інв_№230_Щорічні_дані_про_режим_та_ресурси_вод_морів_і_морських.pdf,166
98022,м. Очаків,лим. Дніпро-Бузький,water_level,cm,2023-06-09,569.0,/,-5.0,0.6900000000000004,0.1932867115284359,0.8832867115284363,Інв_№230_Щорічні_дані_про_режим_та_ресурси_вод_морів_і_морських.pdf,166
98022,м. Очаків,лим. Дніпро-Бузький,water_level,cm,2023-06-10,559.0,/,-5.0,0.5899999999999999,0.1932867115284359,0.7832867115284358,Інв_№230_Щорічні_дані_про_режим_та_ресурси_вод_морів_і_морських.pdf,166
98022,м. Очаків,лим. Дніпро-Бузький,water_level,cm,2023-06-11,544.0,/,-5.0,0.4400000000000004,0.1932867115284359,0.6332867115284363,Інв_№230_Щорічні_дані_про_режим_та_ресурси_вод_морів_і_морських.pdf,166
98022,м. Очаків,лим. Дніпро-Бузький,water_level,cm,2023-06-12,529.0,/,-5.0,0.29000000000000004,0.1932867115284359,0.48328671152843594,Інв_№230_Щорічні_дані_про_режим_та_ресурси_вод_морів_і_морських.pdf,166
98022,м. Очаків,лим. Дніпро-Бузький,water_level,cm,2023-06-13,526.0,/,-5.0,0.2599999999999998,0.1932867115284359,0.4532867115284357,Інв_№230_Щорічні_дані_про_режим_та_ресурси_вод_морів_і_морських.pdf,166
98022,м. Очаків,лим. Дніпро-Бузький,water_level,cm,2023-06-14,522.0,/,-5.0,0.21999999999999975,0.1932867115284359,0.41328671152843566,Інв_№230_Щорічні_дані_про_режим_та_ресурси_вод_морів_і_морських.pdf,166
98022,м. Очаків,лим. Дніпро-Бузький,water_level,cm,2023-06-15,518.0,/,-5.0,0.17999999999999972,0.1932867115284359,0.3732867115284356,Інв_№230_Щорічні_дані_про_режим_та_ресурси_вод_морів_і_морських.pdf,166
98022,м. Очаків,лим. Дніпро-Бузький,water_level,cm,2023-06-16,514.0,,-5.0,0.13999999999999968,0.1932867115284359,0.3332867115284356,Інв_№230_Щорічні_дані_про_режим_та_ресурси_вод_морів_і_морських.pdf,166
98022,м. Очаків,лим. Дніпро-Бузький,water_level,cm,2023-06-17,511.0,,-5.0,0.11000000000000032,0.1932867115284359,0.3032867115284362,Інв_№230_Щорічні_дані_про_режим_та_ресурси_вод_морів_і_морських.pdf,166
98022,м. Очаків,лим. Дніпро-Бузький,water_level,cm,2023-06-18,510.0,,-5.0,0.09999999999999964,0.1932867115284359,0.29328671152843555,Інв_№230_Щорічні_дані_про_режим_та_ресурси_вод_морів_і_морських.pdf,166
98022,м. Очаків,лим. Дніпро-Бузький,water_level,cm,2023-06-19,509.0,,-5.0,0.08999999999999986,0.1932867115284359,0.28328671152843576,Інв_№230_Щорічні_дані_про_режим_та_ресурси_вод_морів_і_морських.pdf,166
98022,м. Очаків,лим. Дніпро-Бузький,water_level,cm,2023-06-20,509.0,,-5.0,0.08999999999999986,0.1932867115284359,0.28328671152843576,Інв_№230_Щорічні_дані_про_режим_та_ресурси_вод_морів_і_морських.pdf,166
98022,м. Очаків,лим. Дніпро-Бузький,water_level,cm,2023-06-21,509.0,,-5.0,0.08999999999999986,0.1932867115284359,0.28328671152843576,Інв_№230_Щорічні_дані_про_режим_та_ресурси_вод_морів_і_морських.pdf,166
98022,м. Очаків,лим. Дніпро-Бузький,water_level,cm,2023-06-22,507.0,,-5.0,0.07000000000000028,0.1932867115284359,0.2632867115284362,Інв_№230_Щорічні_дані_про_режим_та_ресурси_вод_морів_і_морських.pdf,166
98022,м. Очаків,лим. Дніпро-Бузький,water_level,cm,2023-06-23,509.0,,-5.0,0.08999999999999986,0.1932867115284359,0.28328671152843576,Інв_№230_Щорічні_дані_про_режим_та_ресурси_вод_морів_і_морських.pdf,166
98022,м. Очаків,лим. Дніпро-Бузький,water_level,cm,2023-06-24,510.0,,-5.0,0.09999999999999964,0.1932867115284359,0.29328671152843555,Інв_№230_Щорічні_дані_про_режим_та_ресурси_вод_морів_і_морських.pdf,166
98022,м. Очаків,лим. Дніпро-Бузький,water_level,cm,2023-06-25,506.0,,-5.0,0.05999999999999961,0.1932867115284359,0.2532867115284355,Інв_№230_Щорічні_дані_про_режим_та_ресурси_вод_морів_і_морських.pdf,166
98022,м. Очаків,лим. Дніпро-Бузький,water_level,cm,2023-06-26,505.0,,-5.0,0.04999999999999982,0.1932867115284359,0.24328671152843573,Інв_№230_Щорічні_дані_про_режим_та_ресурси_вод_морів_і_морських.pdf,166
98022,м. Очаків,лим. Дніпро-Бузький,water_level,cm,2023-06-27,503.0,,-5.0,0.03000000000000025,0.1932867115284359,0.22328671152843615,Інв_№230_Щорічні_дані_про_режим_та_ресурси_вод_морів_і_морських.pdf,166
98022,м. Очаків,лим. Дніпро-Бузький,water_level,cm,2023-06-28,504.0,,-5.0,0.040000000000000036,0.1932867115284359,0.23328671152843594,Інв_№230_Щорічні_дані_про_режим_та_ресурси_вод_морів_і_морських.pdf,166
98022,м. Очаків,лим. Дніпро-Бузький,water_level,cm,2023-06-29,503.0,,-5.0,0.03000000000000025,0.1932867115284359,0.22328671152843615,Інв_№230_Щорічні_дані_про_режим_та_ресурси_вод_морів_і_морських.pdf,166
98022,м. Очаків,лим. Дніпро-Бузький,water_level,cm,2023-06-30,504.0,,-5.0,0.040000000000000036,0.1932867115284359,0.23328671152843594,Інв_№230_Щорічні_дані_про_режим_та_ресурси_вод_морів_і_морських.pdf,166
98022,м. Очаків,лим. Дніпро-Бузький,water_level,cm,2023-07-01,500.0,,-5.0,0.0,0.1932867115284359,0.1932867115284359,Інв_№230_Щорічні_дані_про_режим_та_ресурси_вод_морів_і_морських.pdf,166
98022,м. Очаків,лим. Дніпро-Бузький,water_level,cm,2023-07-02,509.0,,-5.0,0.08999999999999986,0.1932867115284359,0.28328671152843576,Інв_№230_Щорічні_дані_про_режим_та_ресурси_вод_морів_і_морських.pdf,166
98022,м. Очаків,лим. Дніпро-Бузький,water_level,cm,2023-07-03,504.0,,-5.0,0.040000000000000036,0.1932867115284359,0.23328671152843594,Інв_№230_Щорічні_дані_про_режим_та_ресурси_вод_морів_і_морських.pdf,166
98022,м. Очаків,лим. Дніпро-Бузький,water_level,cm,2023-07-04,502.0,,-5.0,0.019999999999999574,0.1932867115284359,0.21328671152843548,Інв_№230_Щорічні_дані_про_режим_та_ресурси_вод_морів_і_морських.pdf,166
98022,м. Очаків,лим. Дніпро-Бузький,water_level,cm,2023-07-05,502.0,,-5.0,0.019999999999999574,0.1932867115284359,0.21328671152843548,Інв_№230_Щорічні_дані_про_режим_та_ресурси_вод_морів_і_морських.pdf,166
98022,м. Очаків,лим. Дніпро-Бузький,water_level,cm,2023-07-06,496.0,,-5.0,-0.040000000000000036,0.1932867115284359,0.15328671152843587,Інв_№230_Щорічні_дані_про_режим_та_ресурси_вод_морів_і_морських.pdf,166
98022,м. Очаків,лим. Дніпро-Бузький,water_level,cm,2023-07-07,493.0,,-5.0,-0.07000000000000028,0.1932867115284359,0.12328671152843562,Інв_№230_Щорічні_дані_про_режим_та_ресурси_вод_морів_і_морських.pdf,166
98022,м. Очаків,лим. Дніпро-Бузький,water_level,cm,2023-07-08,478.0,,-5.0,-0.21999999999999975,0.1932867115284359,-0.026713288471563845,Інв_№230_Щорічні_дані_про_режим_та_ресурси_вод_морів_і_морських.pdf,166
98022,м. Очаків,лим. Дніпро-Бузький,water_level,cm,2023-07-09,469.0,,-5.0,-0.3099999999999996,0.1932867115284359,-0.1167132884715637,Інв_№230_Щорічні_дані_про_режим_та_ресурси_вод_морів_і_морських.pdf,166
98022,м. Очаків,лим. Дніпро-Бузький,water_level,cm,2023-07-10,480.0,,-5.0,-0.20000000000000018,0.1932867115284359,-0.0067132884715642716,Інв_№230_Щорічні_дані_про_режим_та_ресурси_вод_морів_і_морських.pdf,166
98022,м. Очаків,лим. Дніпро-Бузький,water_level,cm,2023-07-11,491.0,,-5.0,-0.08999999999999986,0.1932867115284359,0.10328671152843605,Інв_№230_Щорічні_дані_про_режим_та_ресурси_вод_морів_і_морських.pdf,166
98022,м. Очаків,лим. Дніпро-Бузький,water_level,cm,2023-07-12,492.0,,-5.0,-0.08000000000000007,0.1932867115284359,0.11328671152843584,Інв_№230_Щорічні_дані_про_режим_та_ресурси_вод_морів_і_морських.pdf,166
98022,м. Очаків,лим. Дніпро-Бузький,water_level,cm,2023-07-13,494.0,,-5.0,-0.05999999999999961,0.1932867115284359,0.1332867115284363,Інв_№230_Щорічні_дані_про_режим_та_ресурси_вод_морів_і_морських.pdf,166
98022,м. Очаків,лим. Дніпро-Бузький,water_level,cm,2023-07-14,496.0,,-5.0,-0.040000000000000036,0.1932867115284359,0.15328671152843587,Інв_№230_Щорічні_дані_про_режим_та_ресурси_вод_морів_і_морських.pdf,166
98022,м. Очаків,лим. Дніпро-Бузький,water_level,cm,2023-07-15,492.0,,-5.0,-0.08000000000000007,0.1932867115284359,0.11328671152843584,Інв_№230_Щорічні_дані_про_режим_та_ресурси_вод_морів_і_морських.pdf,166
98022,м. Очаків,лим. Дніпро-Бузький,water_level,cm,2023-07-16,490.0,,-5.0,-0.09999999999999964,0.1932867115284359,0.09328671152843626,Інв_№230_Щорічні_дані_про_режим_та_ресурси_вод_морів_і_морських.pdf,166
98022,м. Очаків,лим. Дніпро-Бузький,water_level,cm,2023-07-17,489.0,,-5.0,-0.11000000000000032,0.1932867115284359,0.08328671152843559,Інв_№230_Щорічні_дані_про_режим_та_ресурси_вод_морів_і_морських.pdf,166
98022,м. Очаків,лим. Дніпро-Бузький,water_level,cm,2023-07-18,495.0,,-5.0,-0.04999999999999982,0.1932867115284359,0.14328671152843608,Інв_№230_Щорічні_дані_про_режим_та_ресурси_вод_морів_і_морських.pdf,166
98022,м. Очаків,лим. Дніпро-Бузький,water_level,cm,2023-07-19,501.0,,-5.0,0.009999999999999787,0.1932867115284359,0.2032867115284357,Інв_№230_Щорічні_дані_про_режим_та_ресурси_вод_морів_і_морських.pdf,166
98022,м. Очаків,лим. Дніпро-Бузький,water_level,cm,2023-07-20,503.0,,-5.0,0.03000000000000025,0.1932867115284359,0.22328671152843615,Інв_№230_Щорічні_дані_про_режим_та_ресурси_вод_морів_і_морських.pdf,166
98022,м. Очаків,лим. Дніпро-Бузький,water_level,cm,2023-07-21,501.0,,-5.0,0.009999999999999787,0.1932867115284359,0.2032867115284357,Інв_№230_Щорічні_дані_про_режим_та_ресурси_вод_морів_і_морських.pdf,166
98022,м. Очаків,лим. Дніпро-Бузький,water_level,cm,2023-07-22,505.0,,-5.0,0.04999999999999982,0.1932867115284359,0.24328671152843573,Інв_№230_Щорічні_дані_про_режим_та_ресурси_вод_морів_і_морських.pdf,166
98022,м. Очаків,лим. Дніпро-Бузький,water_level,cm,2023-07-23,502.0,,-5.0,0.019999999999999574,0.1932867115284359,0.21328671152843548,Інв_№230_Щорічні_дані_про_режим_та_ресурси_вод_морів_і_морських.pdf,166
98022,м. Очаків,лим. Дніпро-Бузький,water_level,cm,2023-07-24,501.0,,-5.0,0.009999999999999787,0.1932867115284359,0.2032867115284357,Інв_№230_Щорічні_дані_про_режим_та_ресурси_вод_морів_і_морських.pdf,166
98022,м. Очаків,лим. Дніпро-Бузький,water_level,cm,2023-07-25,504.0,,-5.0,0.040000000000000036,0.1932867115284359,0.23328671152843594,Інв_№230_Щорічні_дані_про_режим_та_ресурси_вод_морів_і_морських.pdf,166
98022,м. Очаків,лим. Дніпро-Бузький,water_level,cm,2023-07-26,510.0,,-5.0,0.09999999999999964,0.1932867115284359,0.29328671152843555,Інв_№230_Щорічні_дані_про_режим_та_ресурси_вод_морів_і_морських.pdf,166
98022,м. Очаків,лим. Дніпро-Бузький,water_level,cm,2023-07-27,504.0,,-5.0,0.040000000000000036,0.1932867115284359,0.23328671152843594,Інв_№230_Щорічні_дані_про_режим_та_ресурси_вод_морів_і_морських.pdf,166
98022,м. Очаків,лим. Дніпро-Бузький,water_level,cm,2023-07-28,488.0,,-5.0,-0.1200000000000001,0.1932867115284359,0.0732867115284358,Інв_№230_Щорічні_дані_про_режим_та_ресурси_вод_морів_і_морських.pdf,166
98022,м. Очаків,лим. Дніпро-Бузький,water_level,cm,2023-07-29,484.0,,-5.0,-0.16000000000000014,0.1932867115284359,0.033286711528435764,Інв_№230_Щорічні_дані_про_режим_та_ресурси_вод_морів_і_морських.pdf,166
98022,м. Очаків,лим. Дніпро-Бузький,water_level,cm,2023-07-30,491.0,,-5.0,-0.08999999999999986,0.1932867115284359,0.10328671152843605,Інв_№230_Щорічні_дані_про_режим_та_ресурси_вод_морів_і_морських.pdf,166
98022,м. Очаків,лим. Дніпро-Бузький,water_level,cm,2023-07-31,493.0,,-5.0,-0.07000000000000028,0.1932867115284359,0.12328671152843562,Інв_№230_Щорічні_дані_про_режим_та_ресурси_вод_морів_і_морських.pdf,166
98022,м. Очаків,лим. Дніпро-Бузький,water_level,cm,2023-08-01,492.0,,-5.0,-0.08000000000000007,0.1932867115284359,0.11328671152843584,Інв_№230_Щорічні_дані_про_режим_та_ресурси_вод_морів_і_морських.pdf,166
98022,м. Очаків,лим. Дніпро-Бузький,water_level,cm,2023-08-02,493.0,,-5.0,-0.07000000000000028,0.1932867115284359,0.12328671152843562,Інв_№230_Щорічні_дані_про_режим_та_ресурси_вод_морів_і_морських.pdf,166
98022,м. Очаків,лим. Дніпро-Бузький,water_level,cm,2023-08-03,494.0,,-5.0,-0.05999999999999961,0.1932867115284359,0.1332867115284363,Інв_№230_Щорічні_дані_про_режим_та_ресурси_вод_морів_і_морських.pdf,166
98022,м. Очаків,лим. Дніпро-Бузький,water_level,cm,2023-08-04,497.0,,-5.0,-0.03000000000000025,0.1932867115284359,0.16328671152843566,Інв_№230_Щорічні_дані_про_режим_та_ресурси_вод_морів_і_морських.pdf,166
98022,м. Очаків,лим. Дніпро-Бузький,water_level,cm,2023-08-05,500.0,,-5.0,0.0,0.1932867115284359,0.1932867115284359,Інв_№230_Щорічні_дані_про_режим_та_ресурси_вод_морів_і_морських.pdf,166
98022,м. Очаків,лим. Дніпро-Бузький,water_level,cm,2023-08-06,490.0,,-5.0,-0.09999999999999964,0.1932867115284359,0.09328671152843626,Інв_№230_Щорічні_дані_про_режим_та_ресурси_вод_морів_і_морських.pdf,166
98022,м. Очаків,лим. Дніпро-Бузький,water_level,cm,2023-08-07,495.0,,-5.0,-0.04999999999999982,0.1932867115284359,0.14328671152843608,Інв_№230_Щорічні_дані_про_режим_та_ресурси_вод_морів_і_морських.pdf,166
98022,м. Очаків,лим. Дніпро-Бузький,water_level,cm,2023-08-08,494.0,,-5.0,-0.05999999999999961,0.1932867115284359,0.1332867115284363,Інв_№230_Щорічні_дані_про_режим_та_ресурси_вод_морів_і_морських.pdf,166
98022,м. Очаків,лим. Дніпро-Бузький,water_level,cm,2023-08-09,481.0,,-5.0,-0.1900000000000004,0.1932867115284359,0.0032867115284355153,Інв_№230_Щорічні_дані_про_режим_та_ресурси_вод_морів_і_морських.pdf,166
98022,м. Очаків,лим. Дніпро-Бузький,water_level,cm,2023-08-10,468.0,,-5.0,-0.3200000000000003,0.1932867115284359,-0.12671328847156438,Інв_№230_Щорічні_дані_про_режим_та_ресурси_вод_морів_і_морських.pdf,166
98022,м. Очаків,лим. Дніпро-Бузький,water_level,cm,2023-08-11,474.0,,-5.0,-0.2599999999999998,0.1932867115284359,-0.06671328847156388,Інв_№230_Щорічні_дані_про_режим_та_ресурси_вод_морів_і_морських.pdf,166
98022,м. Очаків,лим. Дніпро-Бузький,water_level,cm,2023-08-12,472.0,,-5.0,-0.28000000000000025,0.1932867115284359,-0.08671328847156434,Інв_№230_Щорічні_дані_про_режим_та_ресурси_вод_морів_і_морських.pdf,166
98022,м. Очаків,лим. Дніпро-Бузький,water_level,cm,2023-08-13,479.0,,-5.0,-0.20999999999999996,0.1932867115284359,-0.01671328847156406,Інв_№230_Щорічні_дані_про_режим_та_ресурси_вод_морів_і_морських.pdf,166
98022,м. Очаків,лим. Дніпро-Бузький,water_level,cm,2023-08-14,483.0,,-5.0,-0.16999999999999993,0.1932867115284359,0.023286711528435977,Інв_№230_Щорічні_дані_про_режим_та_ресурси_вод_морів_і_морських.pdf,166
98022,м. Очаків,лим. Дніпро-Бузький,water_level,cm,2023-08-15,482.0,,-5.0,-0.17999999999999972,0.1932867115284359,0.01328671152843619,Інв_№230_Щорічні_дані_про_режим_та_ресурси_вод_морів_і_морських.pdf,166
98022,м. Очаків,лим. Дніпро-Бузький,water_level,cm,2023-08-16,488.0,,-5.0,-0.1200000000000001,0.1932867115284359,0.0732867115284358,Інв_№230_Щорічні_дані_про_режим_та_ресурси_вод_морів_і_морських.pdf,166
98022,м. Очаків,лим. Дніпро-Бузький,water_level,cm,2023-08-17,482.0,,-5.0,-0.17999999999999972,0.1932867115284359,0.01328671152843619,Інв_№230_Щорічні_дані_про_режим_та_ресурси_вод_морів_і_морських.pdf,166
98022,м. Очаків,лим. Дніпро-Бузький,water_level,cm,2023-08-18,484.0,,-5.0,-0.16000000000000014,0.1932867115284359,0.033286711528435764,Інв_№230_Щорічні_дані_про_режим_та_ресурси_вод_морів_і_морських.pdf,166
98022,м. Очаків,лим. Дніпро-Бузький,water_level,cm,2023-08-19,485.0,,-5.0,-0.15000000000000036,0.1932867115284359,0.04328671152843555,Інв_№230_Щорічні_дані_про_режим_та_ресурси_вод_морів_і_морських.pdf,166
98022,м. Очаків,лим. Дніпро-Бузький,water_level,cm,2023-08-20,483.0,,-5.0,-0.16999999999999993,0.1932867115284359,0.023286711528435977,Інв_№230_Щорічні_дані_про_режим_та_ресурси_вод_морів_і_морських.pdf,166
98022,м. Очаків,лим. Дніпро-Бузький,water_level,cm,2023-08-21,481.0,,-5.0,-0.1900000000000004,0.1932867115284359,0.0032867115284355153,Інв_№230_Щорічні_дані_про_режим_та_ресурси_вод_морів_і_морських.pdf,166
98022,м. Очаків,лим. Дніпро-Бузький,water_level,cm,2023-08-22,489.0,,-5.0,-0.11000000000000032,0.1932867115284359,0.08328671152843559,Інв_№230_Щорічні_дані_про_режим_та_ресурси_вод_морів_і_морських.pdf,166
98022,м. Очаків,лим. Дніпро-Бузький,water_level,cm,2023-08-23,492.0,,-5.0,-0.08000000000000007,0.1932867115284359,0.11328671152843584,Інв_№230_Щорічні_дані_про_режим_та_ресурси_вод_морів_і_морських.pdf,166
98022,м. Очаків,лим. Дніпро-Бузький,water_level,cm,2023-08-24,491.0,,-5.0,-0.08999999999999986,0.1932867115284359,0.10328671152843605,Інв_№230_Щорічні_дані_про_режим_та_ресурси_вод_морів_і_морських.pdf,166
98022,м. Очаків,лим. Дніпро-Бузький,water_level,cm,2023-08-25,491.0,,-5.0,-0.08999999999999986,0.1932867115284359,0.10328671152843605,Інв_№230_Щорічні_дані_про_режим_та_ресурси_вод_морів_і_морських.pdf,166
98022,м. Очаків,лим. Дніпро-Бузький,water_level,cm,2023-08-26,493.0,,-5.0,-0.07000000000000028,0.1932867115284359,0.12328671152843562,Інв_№230_Щорічні_дані_про_режим_та_ресурси_вод_морів_і_морських.pdf,166
98022,м. Очаків,лим. Дніпро-Бузький,water_level,cm,2023-08-27,493.0,,-5.0,-0.07000000000000028,0.1932867115284359,0.12328671152843562,Інв_№230_Щорічні_дані_про_режим_та_ресурси_вод_морів_і_морських.pdf,166
98022,м. Очаків,лим. Дніпро-Бузький,water_level,cm,2023-08-28,492.0,,-5.0,-0.08000000000000007,0.1932867115284359,0.11328671152843584,Інв_№230_Щорічні_дані_про_режим_та_ресурси_вод_морів_і_морських.pdf,166
98022,м. Очаків,лим. Дніпро-Бузький,water_level,cm,2023-08-29,487.0,,-5.0,-0.1299999999999999,0.1932867115284359,0.06328671152843601,Інв_№230_Щорічні_дані_про_режим_та_ресурси_вод_морів_і_морських.pdf,166
98022,м. Очаків,лим. Дніпро-Бузький,water_level,cm,2023-08-30,486.0,,-5.0,-0.13999999999999968,0.1932867115284359,0.053286711528436226,Інв_№230_Щорічні_дані_про_режим_та_ресурси_вод_морів_і_морських.pdf,166
98022,м. Очаків,лим. Дніпро-Бузький,water_level,cm,2023-08-31,490.0,,-5.0,-0.09999999999999964,0.1932867115284359,0.09328671152843626,Інв_№230_Щорічні_дані_про_режим_та_ресурси_вод_морів_і_морських.pdf,166
98022,м. Очаків,лим. Дніпро-Бузький,water_level,cm,2023-09-01,488.0,,-5.0,-0.1200000000000001,0.1932867115284359,0.0732867115284358,Інв_№230_Щорічні_дані_про_режим_та_ресурси_вод_морів_і_морських.pdf,166
98022,м. Очаків,лим. Дніпро-Бузький,water_level,cm,2023-09-02,478.0,,-5.0,-0.21999999999999975,0.1932867115284359,-0.026713288471563845,Інв_№230_Щорічні_дані_про_режим_та_ресурси_вод_морів_і_морських.pdf,166
98022,м. Очаків,лим. Дніпро-Бузький,water_level,cm,2023-09-03,478.0,,-5.0,-0.21999999999999975,0.1932867115284359,-0.026713288471563845,Інв_№230_Щорічні_дані_про_режим_та_ресурси_вод_морів_і_морських.pdf,166
98022,м. Очаків,лим. Дніпро-Бузький,water_level,cm,2023-09-04,480.0,,-5.0,-0.20000000000000018,0.1932867115284359,-0.0067132884715642716,Інв_№230_Щорічні_дані_про_режим_та_ресурси_вод_морів_і_морських.pdf,166
98022,м. Очаків,лим. Дніпро-Бузький,water_level,cm,2023-09-05,477.0,,-5.0,-0.23000000000000043,0.1932867115284359,-0.03671328847156452,Інв_№230_Щорічні_дані_про_режим_та_ресурси_вод_морів_і_морських.pdf,166
98022,м. Очаків,лим. Дніпро-Бузький,water_level,cm,2023-09-06,471.0,,-5.0,-0.29000000000000004,0.1932867115284359,-0.09671328847156413,Інв_№230_Щорічні_дані_про_режим_та_ресурси_вод_морів_і_морських.pdf,166
98022,м. Очаків,лим. Дніпро-Бузький,water_level,cm,2023-09-07,481.0,,-5.0,-0.1900000000000004,0.1932867115284359,0.0032867115284355153,Інв_№230_Щорічні_дані_про_режим_та_ресурси_вод_морів_і_морських.pdf,166
98022,м. Очаків,лим. Дніпро-Бузький,water_level,cm,2023-09-08,471.0,,-5.0,-0.29000000000000004,0.1932867115284359,-0.09671328847156413,Інв_№230_Щорічні_дані_про_режим_та_ресурси_вод_морів_і_морських.pdf,166
98022,м. Очаків,лим. Дніпро-Бузький,water_level,cm,2023-09-09,471.0,,-5.0,-0.29000000000000004,0.1932867115284359,-0.09671328847156413,Інв_№230_Щорічні_дані_про_режим_та_ресурси_вод_морів_і_морських.pdf,166
98022,м. Очаків,лим. Дніпро-Бузький,water_level,cm,2023-09-10,485.0,,-5.0,-0.15000000000000036,0.1932867115284359,0.04328671152843555,Інв_№230_Щорічні_дані_про_режим_та_ресурси_вод_морів_і_морських.pdf,166
98022,м. Очаків,лим. Дніпро-Бузький,water_level,cm,2023-09-11,485.0,,-5.0,-0.15000000000000036,0.1932867115284359,0.04328671152843555,Інв_№230_Щорічні_дані_про_режим_та_ресурси_вод_морів_і_морських.pdf,166
98022,м. Очаків,лим. Дніпро-Бузький,water_level,cm,2023-09-12,484.0,,-5.0,-0.16000000000000014,0.1932867115284359,0.033286711528435764,Інв_№230_Щорічні_дані_про_режим_та_ресурси_вод_морів_і_морських.pdf,166
98022,м. Очаків,лим. Дніпро-Бузький,water_level,cm,2023-09-13,490.0,,-5.0,-0.09999999999999964,0.1932867115284359,0.09328671152843626,Інв_№230_Щорічні_дані_про_режим_та_ресурси_вод_морів_і_морських.pdf,166
98022,м. Очаків,лим. Дніпро-Бузький,water_level,cm,2023-09-14,491.0,,-5.0,-0.08999999999999986,0.1932867115284359,0.10328671152843605,Інв_№230_Щорічні_дані_про_режим_та_ресурси_вод_морів_і_морських.pdf,166
98022,м. Очаків,лим. Дніпро-Бузький,water_level,cm,2023-09-15,495.0,,-5.0,-0.04999999999999982,0.1932867115284359,0.14328671152843608,Інв_№230_Щорічні_дані_про_режим_та_ресурси_вод_морів_і_морських.pdf,166
98022,м. Очаків,лим. Дніпро-Бузький,water_level,cm,2023-09-16,479.0,,-5.0,-0.20999999999999996,0.1932867115284359,-0.01671328847156406,Інв_№230_Щорічні_дані_про_режим_та_ресурси_вод_морів_і_морських.pdf,166
98022,м. Очаків,лим. Дніпро-Бузький,water_level,cm,2023-09-17,474.0,,-5.0,-0.2599999999999998,0.1932867115284359,-0.06671328847156388,Інв_№230_Щорічні_дані_про_режим_та_ресурси_вод_морів_і_морських.pdf,166
98022,м. Очаків,лим. Дніпро-Бузький,water_level,cm,2023-09-18,479.0,,-5.0,-0.20999999999999996,0.1932867115284359,-0.01671328847156406,Інв_№230_Щорічні_дані_про_режим_та_ресурси_вод_морів_і_морських.pdf,166
98022,м. Очаків,лим. Дніпро-Бузький,water_level,cm,2023-09-19,481.0,,-5.0,-0.1900000000000004,0.1932867115284359,0.0032867115284355153,Інв_№230_Щорічні_дані_про_режим_та_ресурси_вод_морів_і_морських.pdf,166
98022,м. Очаків,лим. Дніпро-Бузький,water_level,cm,2023-09-20,485.0,,-5.0,-0.15000000000000036,0.1932867115284359,0.04328671152843555,Інв_№230_Щорічні_дані_про_режим_та_ресурси_вод_морів_і_морських.pdf,166
98022,м. Очаків,лим. Дніпро-Бузький,water_level,cm,2023-09-21,490.0,,-5.0,-0.09999999999999964,0.1932867115284359,0.09328671152843626,Інв_№230_Щорічні_дані_про_режим_та_ресурси_вод_морів_і_морських.pdf,166
98022,м. Очаків,лим. Дніпро-Бузький,water_level,cm,2023-09-22,483.0,,-5.0,-0.16999999999999993,0.1932867115284359,0.023286711528435977,Інв_№230_Щорічні_дані_про_режим_та_ресурси_вод_морів_і_морських.pdf,166
98022,м. Очаків,лим. Дніпро-Бузький,water_level,cm,2023-09-23,479.0,,-5.0,-0.20999999999999996,0.1932867115284359,-0.01671328847156406,Інв_№230_Щорічні_дані_про_режим_та_ресурси_вод_морів_і_морських.pdf,166
98022,м. Очаків,лим. Дніпро-Бузький,water_level,cm,2023-09-24,482.0,,-5.0,-0.17999999999999972,0.1932867115284359,0.01328671152843619,Інв_№230_Щорічні_дані_про_режим_та_ресурси_вод_морів_і_морських.pdf,166
98022,м. Очаків,лим. Дніпро-Бузький,water_level,cm,2023-09-25,479.0,,-5.0,-0.20999999999999996,0.1932867115284359,-0.01671328847156406,Інв_№230_Щорічні_дані_про_режим_та_ресурси_вод_морів_і_морських.pdf,166
98022,м. Очаків,лим. Дніпро-Бузький,water_level,cm,2023-09-26,466.0,,-5.0,-0.33999999999999986,0.1932867115284359,-0.14671328847156395,Інв_№230_Щорічні_дані_про_режим_та_ресурси_вод_морів_і_морських.pdf,166
98022,м. Очаків,лим. Дніпро-Бузький,water_level,cm,2023-09-27,466.0,,-5.0,-0.33999999999999986,0.1932867115284359,-0.14671328847156395,Інв_№230_Щорічні_дані_про_режим_та_ресурси_вод_морів_і_морських.pdf,166
98022,м. Очаків,лим. Дніпро-Бузький,water_level,cm,2023-09-28,470.0,,-5.0,-0.2999999999999998,0.1932867115284359,-0.10671328847156392,Інв_№230_Щорічні_дані_про_режим_та_ресурси_вод_морів_і_морських.pdf,166
98022,м. Очаків,лим. Дніпро-Бузький,water_level,cm,2023-09-29,468.0,,-5.0,-0.3200000000000003,0.1932867115284359,-0.12671328847156438,Інв_№230_Щорічні_дані_про_режим_та_ресурси_вод_морів_і_морських.pdf,166
98022,м. Очаків,лим. Дніпро-Бузький,water_level,cm,2023-09-30,469.0,,-5.0,-0.3099999999999996,0.1932867115284359,-0.1167132884715637,Інв_№230_Щорічні_дані_про_режим_та_ресурси_вод_морів_і_морських.pdf,166
98022,м. Очаків,лим. Дніпро-Бузький,water_level,cm,2023-10-01,477.0,,-5.0,-0.23000000000000043,0.1932867115284359,-0.03671328847156452,Інв_№230_Щорічні_дані_про_режим_та_ресурси_вод_морів_і_морських.pdf,166
98022,м. Очаків,лим. Дніпро-Бузький,water_level,cm,2023-10-02,471.0,,-5.0,-0.29000000000000004,0.1932867115284359,-0.09671328847156413,Інв_№230_Щорічні_дані_про_режим_та_ресурси_вод_морів_і_морських.pdf,166
98022,м. Очаків,лим. Дніпро-Бузький,water_level,cm,2023-10-03,476.0,,-5.0,-0.2400000000000002,0.1932867115284359,-0.04671328847156431,Інв_№230_Щорічні_дані_про_режим_та_ресурси_вод_морів_і_морських.pdf,166
98022,м. Очаків,лим. Дніпро-Бузький,water_level,cm,2023-10-04,486.0,,-5.0,-0.13999999999999968,0.1932867115284359,0.053286711528436226,Інв_№230_Щорічні_дані_про_режим_та_ресурси_вод_морів_і_морських.pdf,166
98022,м. Очаків,лим. Дніпро-Бузький,water_level,cm,2023-10-05,483.0,,-5.0,-0.16999999999999993,0.1932867115284359,0.023286711528435977,Інв_№230_Щорічні_дані_про_режим_та_ресурси_вод_морів_і_морських.pdf,166
98022,м. Очаків,лим. Дніпро-Бузький,water_level,cm,2023-10-06,482.0,,-5.0,-0.17999999999999972,0.1932867115284359,0.01328671152843619,Інв_№230_Щорічні_дані_про_режим_та_ресурси_вод_морів_і_морських.pdf,166
98022,м. Очаків,лим. Дніпро-Бузький,water_level,cm,2023-10-07,477.0,,-5.0,-0.23000000000000043,0.1932867115284359,-0.03671328847156452,Інв_№230_Щорічні_дані_про_режим_та_ресурси_вод_морів_і_морських.pdf,166
98022,м. Очаків,лим. Дніпро-Бузький,water_level,cm,2023-10-08,475.0,,-5.0,-0.25,0.1932867115284359,-0.056713288471564094,Інв_№230_Щорічні_дані_про_режим_та_ресурси_вод_морів_і_морських.pdf,166
98022,м. Очаків,лим. Дніпро-Бузький,water_level,cm,2023-10-09,467.0,,-5.0,-0.33000000000000007,0.1932867115284359,-0.13671328847156416,Інв_№230_Щорічні_дані_про_режим_та_ресурси_вод_морів_і_морських.pdf,166
98022,м. Очаків,лим. Дніпро-Бузький,water_level,cm,2023-10-10,466.0,,-5.0,-0.33999999999999986,0.1932867115284359,-0.14671328847156395,Інв_№230_Щорічні_дані_про_режим_та_ресурси_вод_морів_і_морських.pdf,166
98022,м. Очаків,лим. Дніпро-Бузький,water_level,cm,2023-10-11,474.0,,-5.0,-0.2599999999999998,0.1932867115284359,-0.06671328847156388,Інв_№230_Щорічні_дані_про_режим_та_ресурси_вод_морів_і_морських.pdf,166
98022,м. Очаків,лим. Дніпро-Бузький,water_level,cm,2023-10-12,482.0,,-5.0,-0.17999999999999972,0.1932867115284359,0.01328671152843619,Інв_№230_Щорічні_дані_про_режим_та_ресурси_вод_морів_і_морських.pdf,166
98022,м. Очаків,лим. Дніпро-Бузький,water_level,cm,2023-10-13,487.0,,-5.0,-0.1299999999999999,0.1932867115284359,0.06328671152843601,Інв_№230_Щорічні_дані_про_режим_та_ресурси_вод_морів_і_морських.pdf,166
98022,м. Очаків,лим. Дніпро-Бузький,water_level,cm,2023-10-14,481.0,,-5.0,-0.1900000000000004,0.1932867115284359,0.0032867115284355153,Інв_№230_Щорічні_дані_про_режим_та_ресурси_вод_морів_і_морських.pdf,166
98022,м. Очаків,лим. Дніпро-Бузький,water_level,cm,2023-10-15,482.0,,-5.0,-0.17999999999999972,0.1932867115284359,0.01328671152843619,Інв_№230_Щорічні_дані_про_режим_та_ресурси_вод_морів_і_морських.pdf,166
98022,м. Очаків,лим. Дніпро-Бузький,water_level,cm,2023-10-16,473.0,,-5.0,-0.2699999999999996,0.1932867115284359,-0.07671328847156367,Інв_№230_Щорічні_дані_про_режим_та_ресурси_вод_морів_і_морських.pdf,166
98022,м. Очаків,лим. Дніпро-Бузький,water_level,cm,2023-10-17,459.0,,-5.0,-0.41000000000000014,0.1932867115284359,-0.21671328847156424,Інв_№230_Щорічні_дані_про_режим_та_ресурси_вод_морів_і_морських.pdf,166
98022,м. Очаків,лим. Дніпро-Бузький,water_level,cm,2023-10-18,471.0,,-5.0,-0.29000000000000004,0.1932867115284359,-0.09671328847156413,Інв_№230_Щорічні_дані_про_режим_та_ресурси_вод_морів_і_морських.pdf,166
98022,м. Очаків,лим. Дніпро-Бузький,water_level,cm,2023-10-19,471.0,,-5.0,-0.29000000000000004,0.1932867115284359,-0.09671328847156413,Інв_№230_Щорічні_дані_про_режим_та_ресурси_вод_морів_і_морських.pdf,166
98022,м. Очаків,лим. Дніпро-Бузький,water_level,cm,2023-10-20,496.0,,-5.0,-0.040000000000000036,0.1932867115284359,0.15328671152843587,Інв_№230_Щорічні_дані_про_режим_та_ресурси_вод_морів_і_морських.pdf,166
98022,м. Очаків,лим. Дніпро-Бузький,water_level,cm,2023-10-21,499.0,,-5.0,-0.009999999999999787,0.1932867115284359,0.18328671152843612,Інв_№230_Щорічні_дані_про_режим_та_ресурси_вод_морів_і_морських.pdf,166
98022,м. Очаків,лим. Дніпро-Бузький,water_level,cm,2023-10-22,489.0,,-5.0,-0.11000000000000032,0.1932867115284359,0.08328671152843559,Інв_№230_Щорічні_дані_про_режим_та_ресурси_вод_морів_і_морських.pdf,166
98022,м. Очаків,лим. Дніпро-Бузький,water_level,cm,2023-10-23,488.0,,-5.0,-0.1200000000000001,0.1932867115284359,0.0732867115284358,Інв_№230_Щорічні_дані_про_режим_та_ресурси_вод_морів_і_морських.pdf,166
98022,м. Очаків,лим. Дніпро-Бузький,water_level,cm,2023-10-24,480.0,,-5.0,-0.20000000000000018,0.1932867115284359,-0.0067132884715642716,Інв_№230_Щорічні_дані_про_режим_та_ресурси_вод_морів_і_морських.pdf,166
98022,м. Очаків,лим. Дніпро-Бузький,water_level,cm,2023-10-25,486.0,,-5.0,-0.13999999999999968,0.1932867115284359,0.053286711528436226,Інв_№230_Щорічні_дані_про_режим_та_ресурси_вод_морів_і_морських.pdf,166
98022,м. Очаків,лим. Дніпро-Бузький,water_level,cm,2023-10-26,487.0,,-5.0,-0.1299999999999999,0.1932867115284359,0.06328671152843601,Інв_№230_Щорічні_дані_про_режим_та_ресурси_вод_морів_і_морських.pdf,166
98022,м. Очаків,лим. Дніпро-Бузький,water_level,cm,2023-10-27,485.0,,-5.0,-0.15000000000000036,0.1932867115284359,0.04328671152843555,Інв_№230_Щорічні_дані_про_режим_та_ресурси_вод_морів_і_морських.pdf,166
98022,м. Очаків,лим. Дніпро-Бузький,water_level,cm,2023-10-28,481.0,,-5.0,-0.1900000000000004,0.1932867115284359,0.0032867115284355153,Інв_№230_Щорічні_дані_про_режим_та_ресурси_вод_морів_і_морських.pdf,166
98022,м. Очаків,лим. Дніпро-Бузький,water_level,cm,2023-10-29,484.0,,-5.0,-0.16000000000000014,0.1932867115284359,0.033286711528435764,Інв_№230_Щорічні_дані_про_режим_та_ресурси_вод_морів_і_морських.pdf,166
98022,м. Очаків,лим. Дніпро-Бузький,water_level,cm,2023-10-30,490.0,,-5.0,-0.09999999999999964,0.1932867115284359,0.09328671152843626,Інв_№230_Щорічні_дані_про_режим_та_ресурси_вод_морів_і_морських.pdf,166
98022,м. Очаків,лим. Дніпро-Бузький,water_level,cm,2023-10-31,495.0,,-5.0,-0.04999999999999982,0.1932867115284359,0.14328671152843608,Інв_№230_Щорічні_дані_про_режим_та_ресурси_вод_морів_і_морських.pdf,166
98022,м. Очаків,лим. Дніпро-Бузький,water_level,cm,2023-11-01,497.0,,-5.0,-0.03000000000000025,0.1932867115284359,0.16328671152843566,Інв_№230_Щорічні_дані_про_режим_та_ресурси_вод_морів_і_морських.pdf,166
98022,м. Очаків,лим. Дніпро-Бузький,water_level,cm,2023-11-02,480.0,,-5.0,-0.20000000000000018,0.1932867115284359,-0.0067132884715642716,Інв_№230_Щорічні_дані_про_режим_та_ресурси_вод_морів_і_морських.pdf,166
98022,м. Очаків,лим. Дніпро-Бузький,water_level,cm,2023-11-03,478.0,,-5.0,-0.21999999999999975,0.1932867115284359,-0.026713288471563845,Інв_№230_Щорічні_дані_про_режим_та_ресурси_вод_морів_і_морських.pdf,166
98022,м. Очаків,лим. Дніпро-Бузький,water_level,cm,2023-11-04,475.0,,-5.0,-0.25,0.1932867115284359,-0.056713288471564094,Інв_№230_Щорічні_дані_про_режим_та_ресурси_вод_морів_і_морських.pdf,166
98022,м. Очаків,лим. Дніпро-Бузький,water_level,cm,2023-11-05,485.0,,-5.0,-0.15000000000000036,0.1932867115284359,0.04328671152843555,Інв_№230_Щорічні_дані_про_режим_та_ресурси_вод_морів_і_морських.pdf,166
98022,м. Очаків,лим. Дніпро-Бузький,water_level,cm,2023-11-06,482.0,,-5.0,-0.17999999999999972,0.1932867115284359,0.01328671152843619,Інв_№230_Щорічні_дані_про_режим_та_ресурси_вод_морів_і_морських.pdf,166
98022,м. Очаків,лим. Дніпро-Бузький,water_level,cm,2023-11-07,486.0,,-5.0,-0.13999999999999968,0.1932867115284359,0.053286711528436226,Інв_№230_Щорічні_дані_про_режим_та_ресурси_вод_морів_і_морських.pdf,166
98022,м. Очаків,лим. Дніпро-Бузький,water_level,cm,2023-11-08,488.0,,-5.0,-0.1200000000000001,0.1932867115284359,0.0732867115284358,Інв_№230_Щорічні_дані_про_режим_та_ресурси_вод_морів_і_морських.pdf,166
98022,м. Очаків,лим. Дніпро-Бузький,water_level,cm,2023-11-09,473.0,,-5.0,-0.2699999999999996,0.1932867115284359,-0.07671328847156367,Інв_№230_Щорічні_дані_про_режим_та_ресурси_вод_морів_і_морських.pdf,166
98022,м. Очаків,лим. Дніпро-Бузький,water_level,cm,2023-11-10,472.0,,-5.0,-0.28000000000000025,0.1932867115284359,-0.08671328847156434,Інв_№230_Щорічні_дані_про_режим_та_ресурси_вод_морів_і_морських.pdf,166
98022,м. Очаків,лим. Дніпро-Бузький,water_level,cm,2023-11-11,487.0,,-5.0,-0.1299999999999999,0.1932867115284359,0.06328671152843601,Інв_№230_Щорічні_дані_про_режим_та_ресурси_вод_морів_і_морських.pdf,166
98022,м. Очаків,лим. Дніпро-Бузький,water_level,cm,2023-11-12,492.0,,-5.0,-0.08000000000000007,0.1932867115284359,0.11328671152843584,Інв_№230_Щорічні_дані_про_режим_та_ресурси_вод_морів_і_морських.pdf,166
98022,м. Очаків,лим. Дніпро-Бузький,water_level,cm,2023-11-13,482.0,,-5.0,-0.17999999999999972,0.1932867115284359,0.01328671152843619,Інв_№230_Щорічні_дані_про_режим_та_ресурси_вод_морів_і_морських.pdf,166
98022,м. Очаків,лим. Дніпро-Бузький,water_level,cm,2023-11-14,488.0,,-5.0,-0.1200000000000001,0.1932867115284359,0.0732867115284358,Інв_№230_Щорічні_дані_про_режим_та_ресурси_вод_морів_і_морських.pdf,166
98022,м. Очаків,лим. Дніпро-Бузький,water_level,cm,2023-11-15,480.0,,-5.0,-0.20000000000000018,0.1932867115284359,-0.0067132884715642716,Інв_№230_Щорічні_дані_про_режим_та_ресурси_вод_морів_і_морських.pdf,166
98022,м. Очаків,лим. Дніпро-Бузький,water_level,cm,2023-11-16,482.0,,-5.0,-0.17999999999999972,0.1932867115284359,0.01328671152843619,Інв_№230_Щорічні_дані_про_режим_та_ресурси_вод_морів_і_морських.pdf,166
98022,м. Очаків,лим. Дніпро-Бузький,water_level,cm,2023-11-17,478.0,,-5.0,-0.21999999999999975,0.1932867115284359,-0.026713288471563845,Інв_№230_Щорічні_дані_про_режим_та_ресурси_вод_морів_і_морських.pdf,166
98022,м. Очаків,лим. Дніпро-Бузький,water_level,cm,2023-11-18,477.0,,-5.0,-0.23000000000000043,0.1932867115284359,-0.03671328847156452,Інв_№230_Щорічні_дані_про_режим_та_ресурси_вод_морів_і_морських.pdf,166
98022,м. Очаків,лим. Дніпро-Бузький,water_level,cm,2023-11-19,456.0,,-5.0,-0.4400000000000004,0.1932867115284359,-0.24671328847156448,Інв_№230_Щорічні_дані_про_режим_та_ресурси_вод_морів_і_морських.pdf,166
98022,м. Очаків,лим. Дніпро-Бузький,water_level,cm,2023-11-20,465.0,,-5.0,-0.34999999999999964,0.1932867115284359,-0.15671328847156374,Інв_№230_Щорічні_дані_про_режим_та_ресурси_вод_морів_і_морських.pdf,166
98022,м. Очаків,лим. Дніпро-Бузький,water_level,cm,2023-11-21,474.0,,-5.0,-0.2599999999999998,0.1932867115284359,-0.06671328847156388,Інв_№230_Щорічні_дані_про_режим_та_ресурси_вод_морів_і_морських.pdf,166
98022,м. Очаків,лим. Дніпро-Бузький,water_level,cm,2023-11-22,473.0,,-5.0,-0.2699999999999996,0.1932867115284359,-0.07671328847156367,Інв_№230_Щорічні_дані_про_режим_та_ресурси_вод_морів_і_морських.pdf,166
98022,м. Очаків,лим. Дніпро-Бузький,water_level,cm,2023-11-23,466.0,,-5.0,-0.33999999999999986,0.1932867115284359,-0.14671328847156395,Інв_№230_Щорічні_дані_про_режим_та_ресурси_вод_морів_і_морських.pdf,166
98022,м. Очаків,лим. Дніпро-Бузький,water_level,cm,2023-11-24,485.0,,-5.0,-0.15000000000000036,0.1932867115284359,0.04328671152843555,Інв_№230_Щорічні_дані_про_режим_та_ресурси_вод_морів_і_морських.pdf,166
98022,м. Очаків,лим. Дніпро-Бузький,water_level,cm,2023-11-25,491.0,,-5.0,-0.08999999999999986,0.1932867115284359,0.10328671152843605,Інв_№230_Щорічні_дані_про_режим_та_ресурси_вод_морів_і_морських.pdf,166
98022,м. Очаків,лим. Дніпро-Бузький,water_level,cm,2023-11-26,468.0,,-5.0,-0.3200000000000003,0.1932867115284359,-0.12671328847156438,Інв_№230_Щорічні_дані_про_режим_та_ресурси_вод_морів_і_морських.pdf,166
98022,м. Очаків,лим. Дніпро-Бузький,water_level,cm,2023-11-27,452.0,,-5.0,-0.4800000000000004,0.1932867115284359,-0.2867132884715645,Інв_№230_Щорічні_дані_про_режим_та_ресурси_вод_морів_і_морських.pdf,166
98022,м. Очаків,лим. Дніпро-Бузький,water_level,cm,2023-11-28,478.0,,-5.0,-0.21999999999999975,0.1932867115284359,-0.026713288471563845,Інв_№230_Щорічні_дані_про_режим_та_ресурси_вод_морів_і_морських.pdf,166
98022,м. Очаків,лим. Дніпро-Бузький,water_level,cm,2023-11-29,513.0,,-5.0,0.1299999999999999,0.1932867115284359,0.3232867115284358,Інв_№230_Щорічні_дані_про_режим_та_ресурси_вод_морів_і_морських.pdf,166
98022,м. Очаків,лим. Дніпро-Бузький,water_level,cm,2023-11-30,507.0,,-5.0,0.07000000000000028,0.1932867115284359,0.2632867115284362,Інв_№230_Щорічні_дані_про_режим_та_ресурси_вод_морів_і_морських.pdf,166
98022,м. Очаків,лим. Дніпро-Бузький,water_level,cm,2023-12-01,510.0,,-5.0,0.09999999999999964,0.1932867115284359,0.29328671152843555,Інв_№230_Щорічні_дані_про_режим_та_ресурси_вод_морів_і_морських.pdf,166
98022,м. Очаків,лим. Дніпро-Бузький,water_level,cm,2023-12-02,511.0,,-5.0,0.11000000000000032,0.1932867115284359,0.3032867115284362,Інв_№230_Щорічні_дані_про_режим_та_ресурси_вод_морів_і_морських.pdf,166
98022,м. Очаків,лим. Дніпро-Бузький,water_level,cm,2023-12-03,502.0,,-5.0,0.019999999999999574,0.1932867115284359,0.21328671152843548,Інв_№230_Щорічні_дані_про_режим_та_ресурси_вод_морів_і_морських.pdf,166
98022,м. Очаків,лим. Дніпро-Бузький,water_level,cm,2023-12-04,494.0,,-5.0,-0.05999999999999961,0.1932867115284359,0.1332867115284363,Інв_№230_Щорічні_дані_про_режим_та_ресурси_вод_морів_і_морських.pdf,166
98022,м. Очаків,лим. Дніпро-Бузький,water_level,cm,2023-12-05,482.0,,-5.0,-0.17999999999999972,0.1932867115284359,0.01328671152843619,Інв_№230_Щорічні_дані_про_режим_та_ресурси_вод_морів_і_морських.pdf,166
98022,м. Очаків,лим. Дніпро-Бузький,water_level,cm,2023-12-06,483.0,,-5.0,-0.16999999999999993,0.1932867115284359,0.023286711528435977,Інв_№230_Щорічні_дані_про_режим_та_ресурси_вод_морів_і_морських.pdf,166
98022,м. Очаків,лим. Дніпро-Бузький,water_level,cm,2023-12-07,489.0,,-5.0,-0.11000000000000032,0.1932867115284359,0.08328671152843559,Інв_№230_Щорічні_дані_про_режим_та_ресурси_вод_морів_і_морських.pdf,166
98022,м. Очаків,лим. Дніпро-Бузький,water_level,cm,2023-12-08,481.0,,-5.0,-0.1900000000000004,0.1932867115284359,0.0032867115284355153,Інв_№230_Щорічні_дані_про_режим_та_ресурси_вод_морів_і_морських.pdf,166
98022,м. Очаків,лим. Дніпро-Бузький,water_level,cm,2023-12-09,489.0,,-5.0,-0.11000000000000032,0.1932867115284359,0.08328671152843559,Інв_№230_Щорічні_дані_про_режим_та_ресурси_вод_морів_і_морських.pdf,166
98022,м. Очаків,лим. Дніпро-Бузький,water_level,cm,2023-12-10,488.0,,-5.0,-0.1200000000000001,0.1932867115284359,0.0732867115284358,Інв_№230_Щорічні_дані_про_режим_та_ресурси_вод_морів_і_морських.pdf,166
98022,м. Очаків,лим. Дніпро-Бузький,water_level,cm,2023-12-11,487.0,,-5.0,-0.1299999999999999,0.1932867115284359,0.06328671152843601,Інв_№230_Щорічні_дані_про_режим_та_ресурси_вод_морів_і_морських.pdf,166
98022,м. Очаків,лим. Дніпро-Бузький,water_level,cm,2023-12-12,493.0,,-5.0,-0.07000000000000028,0.1932867115284359,0.12328671152843562,Інв_№230_Щорічні_дані_про_режим_та_ресурси_вод_морів_і_морських.pdf,166
98022,м. Очаків,лим. Дніпро-Бузький,water_level,cm,2023-12-13,493.0,,-5.0,-0.07000000000000028,0.1932867115284359,0.12328671152843562,Інв_№230_Щорічні_дані_про_режим_та_ресурси_вод_морів_і_морських.pdf,166
98022,м. Очаків,лим. Дніпро-Бузький,water_level,cm,2023-12-14,499.0,,-5.0,-0.009999999999999787,0.1932867115284359,0.18328671152843612,Інв_№230_Щорічні_дані_про_режим_та_ресурси_вод_морів_і_морських.pdf,166
98022,м. Очаків,лим. Дніпро-Бузький,water_level,cm,2023-12-15,498.0,,-5.0,-0.019999999999999574,0.1932867115284359,0.17328671152843633,Інв_№230_Щорічні_дані_про_режим_та_ресурси_вод_морів_і_морських.pdf,166
98022,м. Очаків,лим. Дніпро-Бузький,water_level,cm,2023-12-16,491.0,,-5.0,-0.08999999999999986,0.1932867115284359,0.10328671152843605,Інв_№230_Щорічні_дані_про_режим_та_ресурси_вод_морів_і_морських.pdf,166
98022,м. Очаків,лим. Дніпро-Бузький,water_level,cm,2023-12-17,491.0,,-5.0,-0.08999999999999986,0.1932867115284359,0.10328671152843605,Інв_№230_Щорічні_дані_про_режим_та_ресурси_вод_морів_і_морських.pdf,166
98022,м. Очаків,лим. Дніпро-Бузький,water_level,cm,2023-12-18,492.0,,-5.0,-0.08000000000000007,0.1932867115284359,0.11328671152843584,Інв_№230_Щорічні_дані_про_режим_та_ресурси_вод_морів_і_морських.pdf,166
98022,м. Очаків,лим. Дніпро-Бузький,water_level,cm,2023-12-19,483.0,,-5.0,-0.16999999999999993,0.1932867115284359,0.023286711528435977,Інв_№230_Щорічні_дані_про_режим_та_ресурси_вод_морів_і_морських.pdf,166
98022,м. Очаків,лим. Дніпро-Бузький,water_level,cm,2023-12-20,491.0,,-5.0,-0.08999999999999986,0.1932867115284359,0.10328671152843605,Інв_№230_Щорічні_дані_про_режим_та_ресурси_вод_морів_і_морських.pdf,166
98022,м. Очаків,лим. Дніпро-Бузький,water_level,cm,2023-12-21,496.0,,-5.0,-0.040000000000000036,0.1932867115284359,0.15328671152843587,Інв_№230_Щорічні_дані_про_режим_та_ресурси_вод_морів_і_морських.pdf,166
98022,м. Очаків,лим. Дніпро-Бузький,water_level,cm,2023-12-22,495.0,,-5.0,-0.04999999999999982,0.1932867115284359,0.14328671152843608,Інв_№230_Щорічні_дані_про_режим_та_ресурси_вод_морів_і_морських.pdf,166
98022,м. Очаків,лим. Дніпро-Бузький,water_level,cm,2023-12-23,489.0,,-5.0,-0.11000000000000032,0.1932867115284359,0.08328671152843559,Інв_№230_Щорічні_дані_про_режим_та_ресурси_вод_морів_і_морських.pdf,166
98022,м. Очаків,лим. Дніпро-Бузький,water_level,cm,2023-12-24,488.0,,-5.0,-0.1200000000000001,0.1932867115284359,0.0732867115284358,Інв_№230_Щорічні_дані_про_режим_та_ресурси_вод_морів_і_морських.pdf,166
98022,м. Очаків,лим. Дніпро-Бузький,water_level,cm,2023-12-25,481.0,,-5.0,-0.1900000000000004,0.1932867115284359,0.0032867115284355153,Інв_№230_Щорічні_дані_про_режим_та_ресурси_вод_морів_і_морських.pdf,166
98022,м. Очаків,лим. Дніпро-Бузький,water_level,cm,2023-12-26,483.0,,-5.0,-0.16999999999999993,0.1932867115284359,0.023286711528435977,Інв_№230_Щорічні_дані_про_режим_та_ресурси_вод_морів_і_морських.pdf,166
98022,м. Очаків,лим. Дніпро-Бузький,water_level,cm,2023-12-27,488.0,,-5.0,-0.1200000000000001,0.1932867115284359,0.0732867115284358,Інв_№230_Щорічні_дані_про_режим_та_ресурси_вод_морів_і_морських.pdf,166
98022,м. Очаків,лим. Дніпро-Бузький,water_level,cm,2023-12-28,484.0,,-5.0,-0.16000000000000014,0.1932867115284359,0.033286711528435764,Інв_№230_Щорічні_дані_про_режим_та_ресурси_вод_морів_і_морських.pdf,166
98022,м. Очаків,лим. Дніпро-Бузький,water_level,cm,2023-12-29,487.0,,-5.0,-0.1299999999999999,0.1932867115284359,0.06328671152843601,Інв_№230_Щорічні_дані_про_режим_та_ресурси_вод_морів_і_морських.pdf,166
98022,м. Очаків,лим. Дніпро-Бузький,water_level,cm,2023-12-30,485.0,,-5.0,-0.15000000000000036,0.1932867115284359,0.04328671152843555,Інв_№230_Щорічні_дані_про_режим_та_ресурси_вод_морів_і_морських.pdf,166
98022,м. Очаків,лим. Дніпро-Бузький,water_level,cm,2023-12-31,489.0,,-5.0,-0.11000000000000032,0.1932867115284359,0.08328671152843559,Інв_№230_Щорічні_дані_про_режим_та_ресурси_вод_морів_і_морських.pdf,166
98025,с. Парутине,лим. Бузький,sea_level,cm,2023-01-01,499.0,,-5.0,-0.009999999999999787,0.20093769325731178,0.190937693257312,Інв_№229_Щорічні_дані_про_режим_та_ресурси_вод_морів_і_морських.pdf,35
98025,с. Парутине,лим. Бузький,sea_level,cm,2023-01-02,498.0,,-5.0,-0.019999999999999574,0.20093769325731178,0.1809376932573122,Інв_№229_Щорічні_дані_про_режим_та_ресурси_вод_морів_і_морських.pdf,35
98025,с. Парутине,лим. Бузький,sea_level,cm,2023-01-03,502.0,,-5.0,0.019999999999999574,0.20093769325731178,0.22093769325731136,Інв_№229_Щорічні_дані_про_режим_та_ресурси_вод_морів_і_морських.pdf,35
98025,с. Парутине,лим. Бузький,sea_level,cm,2023-01-04,488.0,,-5.0,-0.1200000000000001,0.20093769325731178,0.08093769325731168,Інв_№229_Щорічні_дані_про_режим_та_ресурси_вод_морів_і_морських.pdf,35
98025,с. Парутине,лим. Бузький,sea_level,cm,2023-01-05,508.0,,-5.0,0.08000000000000007,0.20093769325731178,0.2809376932573119,Інв_№229_Щорічні_дані_про_режим_та_ресурси_вод_морів_і_морських.pdf,35
98025,с. Парутине,лим. Бузький,sea_level,cm,2023-01-06,483.0,,-5.0,-0.16999999999999993,0.20093769325731178,0.030937693257311855,Інв_№229_Щорічні_дані_про_режим_та_ресурси_вод_морів_і_морських.pdf,35
98025,с. Парутине,лим. Бузький,sea_level,cm,2023-01-07,485.0,,-5.0,-0.15000000000000036,0.20093769325731178,0.05093769325731143,Інв_№229_Щорічні_дані_про_режим_та_ресурси_вод_морів_і_морських.pdf,35
98025,с. Парутине,лим. Бузький,sea_level,cm,2023-01-08,487.0,,-5.0,-0.1299999999999999,0.20093769325731178,0.07093769325731189,Інв_№229_Щорічні_дані_про_режим_та_ресурси_вод_морів_і_морських.pdf,35
98025,с. Парутине,лим. Бузький,sea_level,cm,2023-01-09,499.0,,-5.0,-0.009999999999999787,0.20093769325731178,0.190937693257312,Інв_№229_Щорічні_дані_про_режим_та_ресурси_вод_морів_і_морських.pdf,35
98025,с. Парутине,лим. Бузький,sea_level,cm,2023-01-10,490.0,,-5.0,-0.09999999999999964,0.20093769325731178,0.10093769325731214,Інв_№229_Щорічні_дані_про_режим_та_ресурси_вод_морів_і_морських.pdf,35
98025,с. Парутине,лим. Бузький,sea_level,cm,2023-01-11,473.0,,-5.0,-0.2699999999999996,0.20093769325731178,-0.06906230674268779,Інв_№229_Щорічні_дані_про_режим_та_ресурси_вод_морів_і_морських.pdf,35
98025,с. Парутине,лим. Бузький,sea_level,cm,2023-01-12,484.0,,-5.0,-0.16000000000000014,0.20093769325731178,0.04093769325731164,Інв_№229_Щорічні_дані_про_режим_та_ресурси_вод_морів_і_морських.pdf,35
98025,с. Парутине,лим. Бузький,sea_level,cm,2023-01-13,482.0,,-5.0,-0.17999999999999972,0.20093769325731178,0.020937693257312068,Інв_№229_Щорічні_дані_про_режим_та_ресурси_вод_морів_і_морських.pdf,35
98025,с. Парутине,лим. Бузький,sea_level,cm,2023-01-14,488.0,,-5.0,-0.1200000000000001,0.20093769325731178,0.08093769325731168,Інв_№229_Щорічні_дані_про_режим_та_ресурси_вод_морів_і_морських.pdf,35
98025,с. Парутине,лим. Бузький,sea_level,cm,2023-01-15,490.0,,-5.0,-0.09999999999999964,0.20093769325731178,0.10093769325731214,Інв_№229_Щорічні_дані_про_режим_та_ресурси_вод_морів_і_морських.pdf,35
98025,с. Парутине,лим. Бузький,sea_level,cm,2023-01-16,496.0,,-5.0,-0.040000000000000036,0.20093769325731178,0.16093769325731175,Інв_№229_Щорічні_дані_про_режим_та_ресурси_вод_морів_і_морських.pdf,35
98025,с. Парутине,лим. Бузький,sea_level,cm,2023-01-17,512.0,,-5.0,0.1200000000000001,0.20093769325731178,0.3209376932573119,Інв_№229_Щорічні_дані_про_режим_та_ресурси_вод_морів_і_морських.pdf,35
98025,с. Парутине,лим. Бузький,sea_level,cm,2023-01-18,512.0,,-5.0,0.1200000000000001,0.20093769325731178,0.3209376932573119,Інв_№229_Щорічні_дані_про_режим_та_ресурси_вод_морів_і_морських.pdf,35
98025,с. Парутине,лим. Бузький,sea_level,cm,2023-01-19,508.0,,-5.0,0.08000000000000007,0.20093769325731178,0.2809376932573119,Інв_№229_Щорічні_дані_про_режим_та_ресурси_вод_морів_і_морських.pdf,35
98025,с. Парутине,лим. Бузький,sea_level,cm,2023-01-20,494.0,,-5.0,-0.05999999999999961,0.20093769325731178,0.14093769325731217,Інв_№229_Щорічні_дані_про_режим_та_ресурси_вод_морів_і_морських.pdf,35
98025,с. Парутине,лим. Бузький,sea_level,cm,2023-01-21,495.0,,-5.0,-0.04999999999999982,0.20093769325731178,0.15093769325731196,Інв_№229_Щорічні_дані_про_режим_та_ресурси_вод_морів_і_морських.pdf,35
98025,с. Парутине,лим. Бузький,sea_level,cm,2023-01-22,483.0,,-5.0,-0.16999999999999993,0.20093769325731178,0.030937693257311855,Інв_№229_Щорічні_дані_про_режим_та_ресурси_вод_морів_і_морських.pdf,35
98025,с. Парутине,лим. Бузький,sea_level,cm,2023-01-23,479.0,,-5.0,-0.20999999999999996,0.20093769325731178,-0.009062306742688181,Інв_№229_Щорічні_дані_про_режим_та_ресурси_вод_морів_і_морських.pdf,35
98025,с. Парутине,лим. Бузький,sea_level,cm,2023-01-24,484.0,,-5.0,-0.16000000000000014,0.20093769325731178,0.04093769325731164,Інв_№229_Щорічні_дані_про_режим_та_ресурси_вод_морів_і_морських.pdf,35
98025,с. Парутине,лим. Бузький,sea_level,cm,2023-01-25,483.0,,-5.0,-0.16999999999999993,0.20093769325731178,0.030937693257311855,Інв_№229_Щорічні_дані_про_режим_та_ресурси_вод_морів_і_морських.pdf,35
98025,с. Парутине,лим. Бузький,sea_level,cm,2023-01-26,486.0,,-5.0,-0.13999999999999968,0.20093769325731178,0.0609376932573121,Інв_№229_Щорічні_дані_про_режим_та_ресурси_вод_морів_і_морських.pdf,35
98025,с. Парутине,лим. Бузький,sea_level,cm,2023-01-27,482.0,,-5.0,-0.17999999999999972,0.20093769325731178,0.020937693257312068,Інв_№229_Щорічні_дані_про_режим_та_ресурси_вод_морів_і_морських.pdf,35
98025,с. Парутине,лим. Бузький,sea_level,cm,2023-01-28,471.0,,-5.0,-0.29000000000000004,0.20093769325731178,-0.08906230674268825,Інв_№229_Щорічні_дані_про_режим_та_ресурси_вод_морів_і_морських.pdf,35
98025,с. Парутине,лим. Бузький,sea_level,cm,2023-01-29,468.0,,-5.0,-0.3200000000000003,0.20093769325731178,-0.1190623067426885,Інв_№229_Щорічні_дані_про_режим_та_ресурси_вод_морів_і_морських.pdf,35
98025,с. Парутине,лим. Бузький,sea_level,cm,2023-01-30,483.0,,-5.0,-0.16999999999999993,0.20093769325731178,0.030937693257311855,Інв_№229_Щорічні_дані_про_режим_та_ресурси_вод_морів_і_морських.pdf,35
98025,с. Парутине,лим. Бузький,sea_level,cm,2023-01-31,486.0,,-5.0,-0.13999999999999968,0.20093769325731178,0.0609376932573121,Інв_№229_Щорічні_дані_про_режим_та_ресурси_вод_морів_і_морських.pdf,35
98025,с. Парутине,лим. Бузький,sea_level,cm,2023-02-01,486.0,,-5.0,-0.13999999999999968,0.20093769325731178,0.0609376932573121,Інв_№229_Щорічні_дані_про_режим_та_ресурси_вод_морів_і_морських.pdf,35
98025,с. Парутине,лим. Бузький,sea_level,cm,2023-02-02,490.0,,-5.0,-0.09999999999999964,0.20093769325731178,0.10093769325731214,Інв_№229_Щорічні_дані_про_режим_та_ресурси_вод_морів_і_морських.pdf,35
98025,с. Парутине,лим. Бузький,sea_level,cm,2023-02-03,491.0,,-5.0,-0.08999999999999986,0.20093769325731178,0.11093769325731193,Інв_№229_Щорічні_дані_про_режим_та_ресурси_вод_морів_і_морських.pdf,35
98025,с. Парутине,лим. Бузький,sea_level,cm,2023-02-04,489.0,,-5.0,-0.11000000000000032,0.20093769325731178,0.09093769325731146,Інв_№229_Щорічні_дані_про_режим_та_ресурси_вод_морів_і_морських.pdf,35
98025,с. Парутине,лим. Бузький,sea_level,cm,2023-02-05,471.0,,-5.0,-0.29000000000000004,0.20093769325731178,-0.08906230674268825,Інв_№229_Щорічні_дані_про_режим_та_ресурси_вод_морів_і_морських.pdf,35
98025,с. Парутине,лим. Бузький,sea_level,cm,2023-02-06,460.0,,-5.0,-0.40000000000000036,0.20093769325731178,-0.19906230674268857,Інв_№229_Щорічні_дані_про_режим_та_ресурси_вод_морів_і_морських.pdf,35
98025,с. Парутине,лим. Бузький,sea_level,cm,2023-02-07,467.0,,-5.0,-0.33000000000000007,0.20093769325731178,-0.1290623067426883,Інв_№229_Щорічні_дані_про_режим_та_ресурси_вод_морів_і_морських.pdf,35
98025,с. Парутине,лим. Бузький,sea_level,cm,2023-02-08,465.0,,-5.0,-0.34999999999999964,0.20093769325731178,-0.14906230674268786,Інв_№229_Щорічні_дані_про_режим_та_ресурси_вод_морів_і_морських.pdf,35
98025,с. Парутине,лим. Бузький,sea_level,cm,2023-02-09,487.0,,-5.0,-0.1299999999999999,0.20093769325731178,0.07093769325731189,Інв_№229_Щорічні_дані_про_режим_та_ресурси_вод_морів_і_морських.pdf,35
98025,с. Парутине,лим. Бузький,sea_level,cm,2023-02-10,489.0,,-5.0,-0.11000000000000032,0.20093769325731178,0.09093769325731146,Інв_№229_Щорічні_дані_про_режим_та_ресурси_вод_морів_і_морських.pdf,35
98025,с. Парутине,лим. Бузький,sea_level,cm,2023-02-11,485.0,,-5.0,-0.15000000000000036,0.20093769325731178,0.05093769325731143,Інв_№229_Щорічні_дані_про_режим_та_ресурси_вод_морів_і_морських.pdf,35
98025,с. Парутине,лим. Бузький,sea_level,cm,2023-02-12,479.0,,-5.0,-0.20999999999999996,0.20093769325731178,-0.009062306742688181,Інв_№229_Щорічні_дані_про_режим_та_ресурси_вод_морів_і_морських.pdf,35
98025,с. Парутине,лим. Бузький,sea_level,cm,2023-02-13,479.0,,-5.0,-0.20999999999999996,0.20093769325731178,-0.009062306742688181,Інв_№229_Щорічні_дані_про_режим_та_ресурси_вод_морів_і_морських.pdf,35
98025,с. Парутине,лим. Бузький,sea_level,cm,2023-02-14,475.0,,-5.0,-0.25,0.20093769325731178,-0.049062306742688216,Інв_№229_Щорічні_дані_про_режим_та_ресурси_вод_морів_і_морських.pdf,35
98025,с. Парутине,лим. Бузький,sea_level,cm,2023-02-15,473.0,,-5.0,-0.2699999999999996,0.20093769325731178,-0.06906230674268779,Інв_№229_Щорічні_дані_про_режим_та_ресурси_вод_морів_і_морських.pdf,35
98025,с. Парутине,лим. Бузький,sea_level,cm,2023-02-16,487.0,,-5.0,-0.1299999999999999,0.20093769325731178,0.07093769325731189,Інв_№229_Щорічні_дані_про_режим_та_ресурси_вод_морів_і_морських.pdf,35
98025,с. Парутине,лим. Бузький,sea_level,cm,2023-02-17,499.0,,-5.0,-0.009999999999999787,0.20093769325731178,0.190937693257312,Інв_№229_Щорічні_дані_про_режим_та_ресурси_вод_морів_і_морських.pdf,35
98025,с. Парутине,лим. Бузький,sea_level,cm,2023-02-18,502.0,,-5.0,0.019999999999999574,0.20093769325731178,0.22093769325731136,Інв_№229_Щорічні_дані_про_режим_та_ресурси_вод_морів_і_морських.pdf,35
98025,с. Парутине,лим. Бузький,sea_level,cm,2023-02-19,497.0,,-5.0,-0.03000000000000025,0.20093769325731178,0.17093769325731153,Інв_№229_Щорічні_дані_про_режим_та_ресурси_вод_морів_і_морських.pdf,35
98025,с. Парутине,лим. Бузький,sea_level,cm,2023-02-20,488.0,,-5.0,-0.1200000000000001,0.20093769325731178,0.08093769325731168,Інв_№229_Щорічні_дані_про_режим_та_ресурси_вод_морів_і_морських.pdf,35
98025,с. Парутине,лим. Бузький,sea_level,cm,2023-02-21,508.0,,-5.0,0.08000000000000007,0.20093769325731178,0.2809376932573119,Інв_№229_Щорічні_дані_про_режим_та_ресурси_вод_морів_і_морських.pdf,35
98025,с. Парутине,лим. Бузький,sea_level,cm,2023-02-22,485.0,,-5.0,-0.15000000000000036,0.20093769325731178,0.05093769325731143,Інв_№229_Щорічні_дані_про_режим_та_ресурси_вод_морів_і_морських.pdf,35
98025,с. Парутине,лим. Бузький,sea_level,cm,2023-02-23,480.0,,-5.0,-0.20000000000000018,0.20093769325731178,0.0009376932573116059,Інв_№229_Щорічні_дані_про_режим_та_ресурси_вод_морів_і_морських.pdf,35
98025,с. Парутине,лим. Бузький,sea_level,cm,2023-02-24,505.0,,-5.0,0.04999999999999982,0.20093769325731178,0.25093769325731163,Інв_№229_Щорічні_дані_про_режим_та_ресурси_вод_морів_і_морських.pdf,35
98025,с. Парутине,лим. Бузький,sea_level,cm,2023-02-25,508.0,,-5.0,0.08000000000000007,0.20093769325731178,0.2809376932573119,Інв_№229_Щорічні_дані_про_режим_та_ресурси_вод_морів_і_морських.pdf,35
98025,с. Парутине,лим. Бузький,sea_level,cm,2023-02-26,492.0,,-5.0,-0.08000000000000007,0.20093769325731178,0.12093769325731171,Інв_№229_Щорічні_дані_про_режим_та_ресурси_вод_морів_і_морських.pdf,35
98025,с. Парутине,лим. Бузький,sea_level,cm,2023-02-27,494.0,,-5.0,-0.05999999999999961,0.20093769325731178,0.14093769325731217,Інв_№229_Щорічні_дані_про_режим_та_ресурси_вод_морів_і_морських.pdf,35
98025,с. Парутине,лим. Бузький,sea_level,cm,2023-02-28,480.0,,-5.0,-0.20000000000000018,0.20093769325731178,0.0009376932573116059,Інв_№229_Щорічні_дані_про_режим_та_ресурси_вод_морів_і_морських.pdf,35
98025,с. Парутине,лим. Бузький,sea_level,cm,2023-03-01,486.0,,-5.0,-0.13999999999999968,0.20093769325731178,0.0609376932573121,Інв_№229_Щорічні_дані_про_режим_та_ресурси_вод_морів_і_морських.pdf,35
98025,с. Парутине,лим. Бузький,sea_level,cm,2023-03-02,483.0,,-5.0,-0.16999999999999993,0.20093769325731178,0.030937693257311855,Інв_№229_Щорічні_дані_про_режим_та_ресурси_вод_морів_і_морських.pdf,35
98025,с. Парутине,лим. Бузький,sea_level,cm,2023-03-03,487.0,,-5.0,-0.1299999999999999,0.20093769325731178,0.07093769325731189,Інв_№229_Щорічні_дані_про_режим_та_ресурси_вод_морів_і_морських.pdf,35
98025,с. Парутине,лим. Бузький,sea_level,cm,2023-03-04,482.0,,-5.0,-0.17999999999999972,0.20093769325731178,0.020937693257312068,Інв_№229_Щорічні_дані_про_режим_та_ресурси_вод_морів_і_морських.pdf,35
98025,с. Парутине,лим. Бузький,sea_level,cm,2023-03-05,487.0,,-5.0,-0.1299999999999999,0.20093769325731178,0.07093769325731189,Інв_№229_Щорічні_дані_про_режим_та_ресурси_вод_морів_і_морських.pdf,35
98025,с. Парутине,лим. Бузький,sea_level,cm,2023-03-06,487.0,,-5.0,-0.1299999999999999,0.20093769325731178,0.07093769325731189,Інв_№229_Щорічні_дані_про_режим_та_ресурси_вод_морів_і_морських.pdf,35
98025,с. Парутине,лим. Бузький,sea_level,cm,2023-03-07,502.0,,-5.0,0.019999999999999574,0.20093769325731178,0.22093769325731136,Інв_№229_Щорічні_дані_про_режим_та_ресурси_вод_морів_і_морських.pdf,35
98025,с. Парутине,лим. Бузький,sea_level,cm,2023-03-08,501.0,,-5.0,0.009999999999999787,0.20093769325731178,0.21093769325731157,Інв_№229_Щорічні_дані_про_режим_та_ресурси_вод_морів_і_морських.pdf,35
98025,с. Парутине,лим. Бузький,sea_level,cm,2023-03-09,501.0,,-5.0,0.009999999999999787,0.20093769325731178,0.21093769325731157,Інв_№229_Щорічні_дані_про_режим_та_ресурси_вод_морів_і_морських.pdf,35
98025,с. Парутине,лим. Бузький,sea_level,cm,2023-03-10,496.0,,-5.0,-0.040000000000000036,0.20093769325731178,0.16093769325731175,Інв_№229_Щорічні_дані_про_режим_та_ресурси_вод_морів_і_морських.pdf,35
98025,с. Парутине,лим. Бузький,sea_level,cm,2023-03-11,508.0,,-5.0,0.08000000000000007,0.20093769325731178,0.2809376932573119,Інв_№229_Щорічні_дані_про_режим_та_ресурси_вод_морів_і_морських.pdf,35
98025,с. Парутине,лим. Бузький,sea_level,cm,2023-03-12,492.0,,-5.0,-0.08000000000000007,0.20093769325731178,0.12093769325731171,Інв_№229_Щорічні_дані_про_режим_та_ресурси_вод_морів_і_морських.pdf,35
98025,с. Парутине,лим. Бузький,sea_level,cm,2023-03-13,490.0,,-5.0,-0.09999999999999964,0.20093769325731178,0.10093769325731214,Інв_№229_Щорічні_дані_про_режим_та_ресурси_вод_морів_і_морських.pdf,35
98025,с. Парутине,лим. Бузький,sea_level,cm,2023-03-14,496.0,,-5.0,-0.040000000000000036,0.20093769325731178,0.16093769325731175,Інв_№229_Щорічні_дані_про_режим_та_ресурси_вод_морів_і_морських.pdf,35
98025,с. Парутине,лим. Бузький,sea_level,cm,2023-03-15,498.0,,-5.0,-0.019999999999999574,0.20093769325731178,0.1809376932573122,Інв_№229_Щорічні_дані_про_режим_та_ресурси_вод_морів_і_морських.pdf,35
98025,с. Парутине,лим. Бузький,sea_level,cm,2023-03-16,489.0,,-5.0,-0.11000000000000032,0.20093769325731178,0.09093769325731146,Інв_№229_Щорічні_дані_про_режим_та_ресурси_вод_морів_і_морських.pdf,35
98025,с. Парутине,лим. Бузький,sea_level,cm,2023-03-17,479.0,,-5.0,-0.20999999999999996,0.20093769325731178,-0.009062306742688181,Інв_№229_Щорічні_дані_про_режим_та_ресурси_вод_морів_і_морських.pdf,35
98025,с. Парутине,лим. Бузький,sea_level,cm,2023-03-18,489.0,,-5.0,-0.11000000000000032,0.20093769325731178,0.09093769325731146,Інв_№229_Щорічні_дані_про_режим_та_ресурси_вод_морів_і_морських.pdf,35
98025,с. Парутине,лим. Бузький,sea_level,cm,2023-03-19,486.0,,-5.0,-0.13999999999999968,0.20093769325731178,0.0609376932573121,Інв_№229_Щорічні_дані_про_режим_та_ресурси_вод_морів_і_морських.pdf,35
98025,с. Парутине,лим. Бузький,sea_level,cm,2023-03-20,493.0,,-5.0,-0.07000000000000028,0.20093769325731178,0.1309376932573115,Інв_№229_Щорічні_дані_про_режим_та_ресурси_вод_морів_і_морських.pdf,35
98025,с. Парутине,лим. Бузький,sea_level,cm,2023-03-21,499.0,,-5.0,-0.009999999999999787,0.20093769325731178,0.190937693257312,Інв_№229_Щорічні_дані_про_режим_та_ресурси_вод_морів_і_морських.pdf,35
98025,с. Парутине,лим. Бузький,sea_level,cm,2023-03-22,492.0,,-5.0,-0.08000000000000007,0.20093769325731178,0.12093769325731171,Інв_№229_Щорічні_дані_про_режим_та_ресурси_вод_морів_і_морських.pdf,35
98025,с. Парутине,лим. Бузький,sea_level,cm,2023-03-23,491.0,,-5.0,-0.08999999999999986,0.20093769325731178,0.11093769325731193,Інв_№229_Щорічні_дані_про_режим_та_ресурси_вод_морів_і_морських.pdf,35
98025,с. Парутине,лим. Бузький,sea_level,cm,2023-03-24,494.0,,-5.0,-0.05999999999999961,0.20093769325731178,0.14093769325731217,Інв_№229_Щорічні_дані_про_режим_та_ресурси_вод_морів_і_морських.pdf,35
98025,с. Парутине,лим. Бузький,sea_level,cm,2023-03-25,502.0,,-5.0,0.019999999999999574,0.20093769325731178,0.22093769325731136,Інв_№229_Щорічні_дані_про_режим_та_ресурси_вод_морів_і_морських.pdf,35
98025,с. Парутине,лим. Бузький,sea_level,cm,2023-03-26,504.0,,-5.0,0.040000000000000036,0.20093769325731178,0.24093769325731182,Інв_№229_Щорічні_дані_про_режим_та_ресурси_вод_морів_і_морських.pdf,35
98025,с. Парутине,лим. Бузький,sea_level,cm,2023-03-27,501.0,,-5.0,0.009999999999999787,0.20093769325731178,0.21093769325731157,Інв_№229_Щорічні_дані_про_режим_та_ресурси_вод_морів_і_морських.pdf,35
98025,с. Парутине,лим. Бузький,sea_level,cm,2023-03-28,514.0,,-5.0,0.13999999999999968,0.20093769325731178,0.3409376932573115,Інв_№229_Щорічні_дані_про_режим_та_ресурси_вод_морів_і_морських.pdf,35
98025,с. Парутине,лим. Бузький,sea_level,cm,2023-03-29,483.0,,-5.0,-0.16999999999999993,0.20093769325731178,0.030937693257311855,Інв_№229_Щорічні_дані_про_режим_та_ресурси_вод_морів_і_морських.pdf,35
98025,с. Парутине,лим. Бузький,sea_level,cm,2023-03-30,498.0,,-5.0,-0.019999999999999574,0.20093769325731178,0.1809376932573122,Інв_№229_Щорічні_дані_про_режим_та_ресурси_вод_морів_і_морських.pdf,35
98025,с. Парутине,лим. Бузький,sea_level,cm,2023-03-31,509.0,,-5.0,0.08999999999999986,0.20093769325731178,0.29093769325731167,Інв_№229_Щорічні_дані_про_режим_та_ресурси_вод_морів_і_морських.pdf,35
98025,с. Парутине,лим. Бузький,sea_level,cm,2023-04-01,507.0,,-5.0,0.07000000000000028,0.20093769325731178,0.2709376932573121,Інв_№229_Щорічні_дані_про_режим_та_ресурси_вод_морів_і_морських.pdf,35
98025,с. Парутине,лим. Бузький,sea_level,cm,2023-04-02,507.0,,-5.0,0.07000000000000028,0.20093769325731178,0.2709376932573121,Інв_№229_Щорічні_дані_про_режим_та_ресурси_вод_морів_і_морських.pdf,35
98025,с. Парутине,лим. Бузький,sea_level,cm,2023-04-03,503.0,,-5.0,0.03000000000000025,0.20093769325731178,0.23093769325731203,Інв_№229_Щорічні_дані_про_режим_та_ресурси_вод_морів_і_морських.pdf,35
98025,с. Парутине,лим. Бузький,sea_level,cm,2023-04-04,491.0,,-5.0,-0.08999999999999986,0.20093769325731178,0.11093769325731193,Інв_№229_Щорічні_дані_про_режим_та_ресурси_вод_морів_і_морських.pdf,35
98025,с. Парутине,лим. Бузький,sea_level,cm,2023-04-05,501.0,,-5.0,0.009999999999999787,0.20093769325731178,0.21093769325731157,Інв_№229_Щорічні_дані_про_режим_та_ресурси_вод_морів_і_морських.pdf,35
98025,с. Парутине,лим. Бузький,sea_level,cm,2023-04-06,515.0,,-5.0,0.15000000000000036,0.20093769325731178,0.35093769325731217,Інв_№229_Щорічні_дані_про_режим_та_ресурси_вод_морів_і_морських.pdf,35
98025,с. Парутине,лим. Бузький,sea_level,cm,2023-04-07,499.0,,-5.0,-0.009999999999999787,0.20093769325731178,0.190937693257312,Інв_№229_Щорічні_дані_про_режим_та_ресурси_вод_морів_і_морських.pdf,35
98025,с. Парутине,лим. Бузький,sea_level,cm,2023-04-08,501.0,,-5.0,0.009999999999999787,0.20093769325731178,0.21093769325731157,Інв_№229_Щорічні_дані_про_режим_та_ресурси_вод_морів_і_морських.pdf,35
98025,с. Парутине,лим. Бузький,sea_level,cm,2023-04-09,497.0,,-5.0,-0.03000000000000025,0.20093769325731178,0.17093769325731153,Інв_№229_Щорічні_дані_про_режим_та_ресурси_вод_морів_і_морських.pdf,35
98025,с. Парутине,лим. Бузький,sea_level,cm,2023-04-10,487.0,,-5.0,-0.1299999999999999,0.20093769325731178,0.07093769325731189,Інв_№229_Щорічні_дані_про_режим_та_ресурси_вод_морів_і_морських.pdf,35
98025,с. Парутине,лим. Бузький,sea_level,cm,2023-04-11,490.0,,-5.0,-0.09999999999999964,0.20093769325731178,0.10093769325731214,Інв_№229_Щорічні_дані_про_режим_та_ресурси_вод_морів_і_морських.pdf,35
98025,с. Парутине,лим. Бузький,sea_level,cm,2023-04-12,500.0,,-5.0,0.0,0.20093769325731178,0.20093769325731178,Інв_№229_Щорічні_дані_про_режим_та_ресурси_вод_морів_і_морських.pdf,35
98025,с. Парутине,лим. Бузький,sea_level,cm,2023-04-13,501.0,,-5.0,0.009999999999999787,0.20093769325731178,0.21093769325731157,Інв_№229_Щорічні_дані_про_режим_та_ресурси_вод_морів_і_морських.pdf,35
98025,с. Парутине,лим. Бузький,sea_level,cm,2023-04-14,499.0,,-5.0,-0.009999999999999787,0.20093769325731178,0.190937693257312,Інв_№229_Щорічні_дані_про_режим_та_ресурси_вод_морів_і_морських.pdf,35
98025,с. Парутине,лим. Бузький,sea_level,cm,2023-04-15,500.0,,-5.0,0.0,0.20093769325731178,0.20093769325731178,Інв_№229_Щорічні_дані_про_режим_та_ресурси_вод_морів_і_морських.pdf,35
98025,с. Парутине,лим. Бузький,sea_level,cm,2023-04-16,501.0,,-5.0,0.009999999999999787,0.20093769325731178,0.21093769325731157,Інв_№229_Щорічні_дані_про_режим_та_ресурси_вод_морів_і_морських.pdf,35
98025,с. Парутине,лим. Бузький,sea_level,cm,2023-04-17,503.0,,-5.0,0.03000000000000025,0.20093769325731178,0.23093769325731203,Інв_№229_Щорічні_дані_про_режим_та_ресурси_вод_морів_і_морських.pdf,35
98025,с. Парутине,лим. Бузький,sea_level,cm,2023-04-18,496.0,,-5.0,-0.040000000000000036,0.20093769325731178,0.16093769325731175,Інв_№229_Щорічні_дані_про_режим_та_ресурси_вод_морів_і_морських.pdf,35
98025,с. Парутине,лим. Бузький,sea_level,cm,2023-04-19,500.0,,-5.0,0.0,0.20093769325731178,0.20093769325731178,Інв_№229_Щорічні_дані_про_режим_та_ресурси_вод_морів_і_морських.pdf,35
98025,с. Парутине,лим. Бузький,sea_level,cm,2023-04-20,503.0,,-5.0,0.03000000000000025,0.20093769325731178,0.23093769325731203,Інв_№229_Щорічні_дані_про_режим_та_ресурси_вод_морів_і_морських.pdf,35
98025,с. Парутине,лим. Бузький,sea_level,cm,2023-04-21,502.0,,-5.0,0.019999999999999574,0.20093769325731178,0.22093769325731136,Інв_№229_Щорічні_дані_про_режим_та_ресурси_вод_морів_і_морських.pdf,35
98025,с. Парутине,лим. Бузький,sea_level,cm,2023-04-22,500.0,,-5.0,0.0,0.20093769325731178,0.20093769325731178,Інв_№229_Щорічні_дані_про_режим_та_ресурси_вод_морів_і_морських.pdf,35
98025,с. Парутине,лим. Бузький,sea_level,cm,2023-04-23,503.0,,-5.0,0.03000000000000025,0.20093769325731178,0.23093769325731203,Інв_№229_Щорічні_дані_про_режим_та_ресурси_вод_морів_і_морських.pdf,35
98025,с. Парутине,лим. Бузький,sea_level,cm,2023-04-24,502.0,,-5.0,0.019999999999999574,0.20093769325731178,0.22093769325731136,Інв_№229_Щорічні_дані_про_режим_та_ресурси_вод_морів_і_морських.pdf,35
98025,с. Парутине,лим. Бузький,sea_level,cm,2023-04-25,501.0,,-5.0,0.009999999999999787,0.20093769325731178,0.21093769325731157,Інв_№229_Щорічні_дані_про_режим_та_ресурси_вод_морів_і_морських.pdf,35
98025,с. Парутине,лим. Бузький,sea_level,cm,2023-04-26,506.0,,-5.0,0.05999999999999961,0.20093769325731178,0.2609376932573114,Інв_№229_Щорічні_дані_про_режим_та_ресурси_вод_морів_і_морських.pdf,35
98025,с. Парутине,лим. Бузький,sea_level,cm,2023-04-27,492.0,,-5.0,-0.08000000000000007,0.20093769325731178,0.12093769325731171,Інв_№229_Щорічні_дані_про_режим_та_ресурси_вод_морів_і_морських.pdf,35
98025,с. Парутине,лим. Бузький,sea_level,cm,2023-04-28,477.0,,-5.0,-0.23000000000000043,0.20093769325731178,-0.029062306742688643,Інв_№229_Щорічні_дані_про_режим_та_ресурси_вод_морів_і_морських.pdf,35
98025,с. Парутине,лим. Бузький,sea_level,cm,2023-04-29,485.0,,-5.0,-0.15000000000000036,0.20093769325731178,0.05093769325731143,Інв_№229_Щорічні_дані_про_режим_та_ресурси_вод_морів_і_морських.pdf,35
98025,с. Парутине,лим. Бузький,sea_level,cm,2023-04-30,501.0,,-5.0,0.009999999999999787,0.20093769325731178,0.21093769325731157,Інв_№229_Щорічні_дані_про_режим_та_ресурси_вод_морів_і_морських.pdf,35
98025,с. Парутине,лим. Бузький,sea_level,cm,2023-05-01,504.0,,-5.0,0.040000000000000036,0.20093769325731178,0.24093769325731182,Інв_№229_Щорічні_дані_про_режим_та_ресурси_вод_морів_і_морських.pdf,35
98025,с. Парутине,лим. Бузький,sea_level,cm,2023-05-02,501.0,,-5.0,0.009999999999999787,0.20093769325731178,0.21093769325731157,Інв_№229_Щорічні_дані_про_режим_та_ресурси_вод_морів_і_морських.pdf,35
98025,с. Парутине,лим. Бузький,sea_level,cm,2023-05-03,504.0,,-5.0,0.040000000000000036,0.20093769325731178,0.24093769325731182,Інв_№229_Щорічні_дані_про_режим_та_ресурси_вод_морів_і_морських.pdf,35
98025,с. Парутине,лим. Бузький,sea_level,cm,2023-05-04,505.0,,-5.0,0.04999999999999982,0.20093769325731178,0.25093769325731163,Інв_№229_Щорічні_дані_про_режим_та_ресурси_вод_морів_і_морських.pdf,35
98025,с. Парутине,лим. Бузький,sea_level,cm,2023-05-05,507.0,,-5.0,0.07000000000000028,0.20093769325731178,0.2709376932573121,Інв_№229_Щорічні_дані_про_режим_та_ресурси_вод_морів_і_морських.pdf,35
98025,с. Парутине,лим. Бузький,sea_level,cm,2023-05-06,493.0,,-5.0,-0.07000000000000028,0.20093769325731178,0.1309376932573115,Інв_№229_Щорічні_дані_про_режим_та_ресурси_вод_морів_і_морських.pdf,35
98025,с. Парутине,лим. Бузький,sea_level,cm,2023-05-07,496.0,,-5.0,-0.040000000000000036,0.20093769325731178,0.16093769325731175,Інв_№229_Щорічні_дані_про_режим_та_ресурси_вод_морів_і_морських.pdf,35
98025,с. Парутине,лим. Бузький,sea_level,cm,2023-05-08,502.0,,-5.0,0.019999999999999574,0.20093769325731178,0.22093769325731136,Інв_№229_Щорічні_дані_про_режим_та_ресурси_вод_морів_і_морських.pdf,35
98025,с. Парутине,лим. Бузький,sea_level,cm,2023-05-09,499.0,,-5.0,-0.009999999999999787,0.20093769325731178,0.190937693257312,Інв_№229_Щорічні_дані_про_режим_та_ресурси_вод_морів_і_морських.pdf,35
98025,с. Парутине,лим. Бузький,sea_level,cm,2023-05-10,502.0,,-5.0,0.019999999999999574,0.20093769325731178,0.22093769325731136,Інв_№229_Щорічні_дані_про_режим_та_ресурси_вод_морів_і_морських.pdf,35
98025,с. Парутине,лим. Бузький,sea_level,cm,2023-05-11,498.0,,-5.0,-0.019999999999999574,0.20093769325731178,0.1809376932573122,Інв_№229_Щорічні_дані_про_режим_та_ресурси_вод_морів_і_морських.pdf,35
98025,с. Парутине,лим. Бузький,sea_level,cm,2023-05-12,496.0,,-5.0,-0.040000000000000036,0.20093769325731178,0.16093769325731175,Інв_№229_Щорічні_дані_про_режим_та_ресурси_вод_морів_і_морських.pdf,35
98025,с. Парутине,лим. Бузький,sea_level,cm,2023-05-13,498.0,,-5.0,-0.019999999999999574,0.20093769325731178,0.1809376932573122,Інв_№229_Щорічні_дані_про_режим_та_ресурси_вод_морів_і_морських.pdf,35
98025,с. Парутине,лим. Бузький,sea_level,cm,2023-05-14,505.0,,-5.0,0.04999999999999982,0.20093769325731178,0.25093769325731163,Інв_№229_Щорічні_дані_про_режим_та_ресурси_вод_морів_і_морських.pdf,35
98025,с. Парутине,лим. Бузький,sea_level,cm,2023-05-15,507.0,,-5.0,0.07000000000000028,0.20093769325731178,0.2709376932573121,Інв_№229_Щорічні_дані_про_режим_та_ресурси_вод_морів_і_морських.pdf,35
98025,с. Парутине,лим. Бузький,sea_level,cm,2023-05-16,505.0,,-5.0,0.04999999999999982,0.20093769325731178,0.25093769325731163,Інв_№229_Щорічні_дані_про_режим_та_ресурси_вод_морів_і_морських.pdf,35
98025,с. Парутине,лим. Бузький,sea_level,cm,2023-05-17,505.0,,-5.0,0.04999999999999982,0.20093769325731178,0.25093769325731163,Інв_№229_Щорічні_дані_про_режим_та_ресурси_вод_морів_і_морських.pdf,35
98025,с. Парутине,лим. Бузький,sea_level,cm,2023-05-18,506.0,,-5.0,0.05999999999999961,0.20093769325731178,0.2609376932573114,Інв_№229_Щорічні_дані_про_режим_та_ресурси_вод_морів_і_морських.pdf,35
98025,с. Парутине,лим. Бузький,sea_level,cm,2023-05-19,502.0,,-5.0,0.019999999999999574,0.20093769325731178,0.22093769325731136,Інв_№229_Щорічні_дані_про_режим_та_ресурси_вод_морів_і_морських.pdf,35
98025,с. Парутине,лим. Бузький,sea_level,cm,2023-05-20,501.0,,-5.0,0.009999999999999787,0.20093769325731178,0.21093769325731157,Інв_№229_Щорічні_дані_про_режим_та_ресурси_вод_морів_і_морських.pdf,35
98025,с. Парутине,лим. Бузький,sea_level,cm,2023-05-21,500.0,,-5.0,0.0,0.20093769325731178,0.20093769325731178,Інв_№229_Щорічні_дані_про_режим_та_ресурси_вод_морів_і_морських.pdf,35
98025,с. Парутине,лим. Бузький,sea_level,cm,2023-05-22,500.0,,-5.0,0.0,0.20093769325731178,0.20093769325731178,Інв_№229_Щорічні_дані_про_режим_та_ресурси_вод_морів_і_морських.pdf,35
98025,с. Парутине,лим. Бузький,sea_level,cm,2023-05-23,504.0,,-5.0,0.040000000000000036,0.20093769325731178,0.24093769325731182,Інв_№229_Щорічні_дані_про_режим_та_ресурси_вод_морів_і_морських.pdf,35
98025,с. Парутине,лим. Бузький,sea_level,cm,2023-05-24,504.0,,-5.0,0.040000000000000036,0.20093769325731178,0.24093769325731182,Інв_№229_Щорічні_дані_про_режим_та_ресурси_вод_морів_і_морських.pdf,35
98025,с. Парутине,лим. Бузький,sea_level,cm,2023-05-25,503.0,,-5.0,0.03000000000000025,0.20093769325731178,0.23093769325731203,Інв_№229_Щорічні_дані_про_режим_та_ресурси_вод_морів_і_морських.pdf,35
98025,с. Парутине,лим. Бузький,sea_level,cm,2023-05-26,500.0,,-5.0,0.0,0.20093769325731178,0.20093769325731178,Інв_№229_Щорічні_дані_про_режим_та_ресурси_вод_морів_і_морських.pdf,35
98025,с. Парутине,лим. Бузький,sea_level,cm,2023-05-27,502.0,,-5.0,0.019999999999999574,0.20093769325731178,0.22093769325731136,Інв_№229_Щорічні_дані_про_режим_та_ресурси_вод_морів_і_морських.pdf,35
98025,с. Парутине,лим. Бузький,sea_level,cm,2023-05-28,498.0,,-5.0,-0.019999999999999574,0.20093769325731178,0.1809376932573122,Інв_№229_Щорічні_дані_про_режим_та_ресурси_вод_морів_і_морських.pdf,35
98025,с. Парутине,лим. Бузький,sea_level,cm,2023-05-29,500.0,,-5.0,0.0,0.20093769325731178,0.20093769325731178,Інв_№229_Щорічні_дані_про_режим_та_ресурси_вод_морів_і_морських.pdf,35
98025,с. Парутине,лим. Бузький,sea_level,cm,2023-05-30,503.0,,-5.0,0.03000000000000025,0.20093769325731178,0.23093769325731203,Інв_№229_Щорічні_дані_про_режим_та_ресурси_вод_морів_і_морських.pdf,35
98025,с. Парутине,лим. Бузький,sea_level,cm,2023-05-31,500.0,,-5.0,0.0,0.20093769325731178,0.20093769325731178,Інв_№229_Щорічні_дані_про_режим_та_ресурси_вод_морів_і_морських.pdf,35
98025,с. Парутине,лим. Бузький,sea_level,cm,2023-06-01,505.0,,-5.0,0.04999999999999982,0.20093769325731178,0.25093769325731163,Інв_№229_Щорічні_дані_про_режим_та_ресурси_вод_морів_і_морських.pdf,35
98025,с. Парутине,лим. Бузький,sea_level,cm,2023-06-02,510.0,,-5.0,0.09999999999999964,0.20093769325731178,0.30093769325731146,Інв_№229_Щорічні_дані_про_режим_та_ресурси_вод_морів_і_морських.pdf,35
98025,с. Парутине,лим. Бузький,sea_level,cm,2023-06-03,501.0,,-5.0,0.009999999999999787,0.20093769325731178,0.21093769325731157,Інв_№229_Щорічні_дані_про_режим_та_ресурси_вод_морів_і_морських.pdf,35
98025,с. Парутине,лим. Бузький,sea_level,cm,2023-06-04,495.0,,-5.0,-0.04999999999999982,0.20093769325731178,0.15093769325731196,Інв_№229_Щорічні_дані_про_режим_та_ресурси_вод_морів_і_морських.pdf,35
98025,с. Парутине,лим. Бузький,sea_level,cm,2023-06-05,497.0,,-5.0,-0.03000000000000025,0.20093769325731178,0.17093769325731153,Інв_№229_Щорічні_дані_про_режим_та_ресурси_вод_морів_і_морських.pdf,35
98025,с. Парутине,лим. Бузький,sea_level,cm,2023-06-06,515.0,,-5.0,0.15000000000000036,0.20093769325731178,0.35093769325731217,Інв_№229_Щорічні_дані_про_режим_та_ресурси_вод_морів_і_морських.pdf,35
98025,с. Парутине,лим. Бузький,sea_level,cm,2023-06-07,568.0,,-5.0,0.6799999999999997,0.20093769325731178,0.8809376932573115,Інв_№229_Щорічні_дані_про_режим_та_ресурси_вод_морів_і_морських.pdf,35
98025,с. Парутине,лим. Бузький,sea_level,cm,2023-06-08,595.0,,-5.0,0.9500000000000002,0.20093769325731178,1.1509376932573119,Інв_№229_Щорічні_дані_про_режим_та_ресурси_вод_морів_і_морських.pdf,35
98025,с. Парутине,лим. Бузький,sea_level,cm,2023-06-09,595.0,,-5.0,0.9500000000000002,0.20093769325731178,1.1509376932573119,Інв_№229_Щорічні_дані_про_режим_та_ресурси_вод_морів_і_морських.pdf,35
98025,с. Парутине,лим. Бузький,sea_level,cm,2023-06-10,581.0,,-5.0,0.8099999999999996,0.20093769325731178,1.0109376932573113,Інв_№229_Щорічні_дані_про_режим_та_ресурси_вод_морів_і_морських.pdf,35
98025,с. Парутине,лим. Бузький,sea_level,cm,2023-06-11,561.0,,-5.0,0.6100000000000003,0.20093769325731178,0.8109376932573121,Інв_№229_Щорічні_дані_про_режим_та_ресурси_вод_морів_і_морських.pdf,35
98025,с. Парутине,лим. Бузький,sea_level,cm,2023-06-12,543.0,,-5.0,0.4299999999999997,0.20093769325731178,0.6309376932573115,Інв_№229_Щорічні_дані_про_режим_та_ресурси_вод_морів_і_морських.pdf,35
98025,с. Парутине,лим. Бузький,sea_level,cm,2023-06-13,536.0,,-5.0,0.3600000000000003,0.20093769325731178,0.5609376932573121,Інв_№229_Щорічні_дані_про_режим_та_ресурси_вод_морів_і_морських.pdf,35
98025,с. Парутине,лим. Бузький,sea_level,cm,2023-06-14,527.0,,-5.0,0.2699999999999996,0.20093769325731178,0.4709376932573114,Інв_№229_Щорічні_дані_про_режим_та_ресурси_вод_морів_і_морських.pdf,35
98025,с. Парутине,лим. Бузький,sea_level,cm,2023-06-15,525.0,,-5.0,0.25,0.20093769325731178,0.4509376932573118,Інв_№229_Щорічні_дані_про_режим_та_ресурси_вод_морів_і_морських.pdf,35
98025,с. Парутине,лим. Бузький,sea_level,cm,2023-06-16,521.0,,-5.0,0.20999999999999996,0.20093769325731178,0.4109376932573118,Інв_№229_Щорічні_дані_про_режим_та_ресурси_вод_морів_і_морських.pdf,35
98025,с. Парутине,лим. Бузький,sea_level,cm,2023-06-17,514.0,,-5.0,0.13999999999999968,0.20093769325731178,0.3409376932573115,Інв_№229_Щорічні_дані_про_режим_та_ресурси_вод_морів_і_морських.pdf,35
98025,с. Парутине,лим. Бузький,sea_level,cm,2023-06-18,511.0,,-5.0,0.11000000000000032,0.20093769325731178,0.31093769325731213,Інв_№229_Щорічні_дані_про_режим_та_ресурси_вод_морів_і_морських.pdf,35
98025,с. Парутине,лим. Бузький,sea_level,cm,2023-06-19,512.0,,-5.0,0.1200000000000001,0.20093769325731178,0.3209376932573119,Інв_№229_Щорічні_дані_про_режим_та_ресурси_вод_морів_і_морських.pdf,35
98025,с. Парутине,лим. Бузький,sea_level,cm,2023-06-20,513.0,,-5.0,0.1299999999999999,0.20093769325731178,0.3309376932573117,Інв_№229_Щорічні_дані_про_режим_та_ресурси_вод_морів_і_морських.pdf,35
98025,с. Парутине,лим. Бузький,sea_level,cm,2023-06-21,512.0,,-5.0,0.1200000000000001,0.20093769325731178,0.3209376932573119,Інв_№229_Щорічні_дані_про_режим_та_ресурси_вод_морів_і_морських.pdf,35
98025,с. Парутине,лим. Бузький,sea_level,cm,2023-06-22,508.0,,-5.0,0.08000000000000007,0.20093769325731178,0.2809376932573119,Інв_№229_Щорічні_дані_про_режим_та_ресурси_вод_морів_і_морських.pdf,35
98025,с. Парутине,лим. Бузький,sea_level,cm,2023-06-23,514.0,,-5.0,0.13999999999999968,0.20093769325731178,0.3409376932573115,Інв_№229_Щорічні_дані_про_режим_та_ресурси_вод_морів_і_морських.pdf,35
98025,с. Парутине,лим. Бузький,sea_level,cm,2023-06-24,518.0,,-5.0,0.17999999999999972,0.20093769325731178,0.3809376932573115,Інв_№229_Щорічні_дані_про_режим_та_ресурси_вод_морів_і_морських.pdf,35
98025,с. Парутине,лим. Бузький,sea_level,cm,2023-06-25,512.0,,-5.0,0.1200000000000001,0.20093769325731178,0.3209376932573119,Інв_№229_Щорічні_дані_про_режим_та_ресурси_вод_морів_і_морських.pdf,35
98025,с. Парутине,лим. Бузький,sea_level,cm,2023-06-26,502.0,,-5.0,0.019999999999999574,0.20093769325731178,0.22093769325731136,Інв_№229_Щорічні_дані_про_режим_та_ресурси_вод_морів_і_морських.pdf,35
98025,с. Парутине,лим. Бузький,sea_level,cm,2023-06-27,511.0,,-5.0,0.11000000000000032,0.20093769325731178,0.31093769325731213,Інв_№229_Щорічні_дані_про_режим_та_ресурси_вод_морів_і_морських.pdf,35
98025,с. Парутине,лим. Бузький,sea_level,cm,2023-06-28,516.0,,-5.0,0.16000000000000014,0.20093769325731178,0.36093769325731195,Інв_№229_Щорічні_дані_про_режим_та_ресурси_вод_морів_і_морських.pdf,35
98025,с. Парутине,лим. Бузький,sea_level,cm,2023-06-29,515.0,,-5.0,0.15000000000000036,0.20093769325731178,0.35093769325731217,Інв_№229_Щорічні_дані_про_режим_та_ресурси_вод_морів_і_морських.pdf,35
98025,с. Парутине,лим. Бузький,sea_level,cm,2023-06-30,514.0,,-5.0,0.13999999999999968,0.20093769325731178,0.3409376932573115,Інв_№229_Щорічні_дані_про_режим_та_ресурси_вод_морів_і_морських.pdf,35
98025,с. Парутине,лим. Бузький,sea_level,cm,2023-07-01,513.0,,-5.0,0.1299999999999999,0.20093769325731178,0.3309376932573117,Інв_№229_Щорічні_дані_про_режим_та_ресурси_вод_морів_і_морських.pdf,35
98025,с. Парутине,лим. Бузький,sea_level,cm,2023-07-02,513.0,,-5.0,0.1299999999999999,0.20093769325731178,0.3309376932573117,Інв_№229_Щорічні_дані_про_режим_та_ресурси_вод_морів_і_морських.pdf,35
98025,с. Парутине,лим. Бузький,sea_level,cm,2023-07-03,511.0,,-5.0,0.11000000000000032,0.20093769325731178,0.31093769325731213,Інв_№229_Щорічні_дані_про_режим_та_ресурси_вод_морів_і_морських.pdf,35
98025,с. Парутине,лим. Бузький,sea_level,cm,2023-07-04,506.0,,-5.0,0.05999999999999961,0.20093769325731178,0.2609376932573114,Інв_№229_Щорічні_дані_про_режим_та_ресурси_вод_морів_і_морських.pdf,35
98025,с. Парутине,лим. Бузький,sea_level,cm,2023-07-05,497.0,,-5.0,-0.03000000000000025,0.20093769325731178,0.17093769325731153,Інв_№229_Щорічні_дані_про_режим_та_ресурси_вод_морів_і_морських.pdf,35
98025,с. Парутине,лим. Бузький,sea_level,cm,2023-07-06,500.0,,-5.0,0.0,0.20093769325731178,0.20093769325731178,Інв_№229_Щорічні_дані_про_режим_та_ресурси_вод_морів_і_морських.pdf,35
98025,с. Парутине,лим. Бузький,sea_level,cm,2023-07-07,498.0,,-5.0,-0.019999999999999574,0.20093769325731178,0.1809376932573122,Інв_№229_Щорічні_дані_про_режим_та_ресурси_вод_морів_і_морських.pdf,35
98025,с. Парутине,лим. Бузький,sea_level,cm,2023-07-08,486.0,,-5.0,-0.13999999999999968,0.20093769325731178,0.0609376932573121,Інв_№229_Щорічні_дані_про_режим_та_ресурси_вод_морів_і_морських.pdf,35
98025,с. Парутине,лим. Бузький,sea_level,cm,2023-07-09,478.0,,-5.0,-0.21999999999999975,0.20093769325731178,-0.019062306742687968,Інв_№229_Щорічні_дані_про_режим_та_ресурси_вод_морів_і_морських.pdf,35
98025,с. Парутине,лим. Бузький,sea_level,cm,2023-07-10,500.0,,-5.0,0.0,0.20093769325731178,0.20093769325731178,Інв_№229_Щорічні_дані_про_режим_та_ресурси_вод_морів_і_морських.pdf,35
98025,с. Парутине,лим. Бузький,sea_level,cm,2023-07-11,506.0,,-5.0,0.05999999999999961,0.20093769325731178,0.2609376932573114,Інв_№229_Щорічні_дані_про_режим_та_ресурси_вод_морів_і_морських.pdf,35
98025,с. Парутине,лим. Бузький,sea_level,cm,2023-07-12,504.0,,-5.0,0.040000000000000036,0.20093769325731178,0.24093769325731182,Інв_№229_Щорічні_дані_про_режим_та_ресурси_вод_морів_і_морських.pdf,35
98025,с. Парутине,лим. Бузький,sea_level,cm,2023-07-13,512.0,,-5.0,0.1200000000000001,0.20093769325731178,0.3209376932573119,Інв_№229_Щорічні_дані_про_режим_та_ресурси_вод_морів_і_морських.pdf,35
98025,с. Парутине,лим. Бузький,sea_level,cm,2023-07-14,514.0,,-5.0,0.13999999999999968,0.20093769325731178,0.3409376932573115,Інв_№229_Щорічні_дані_про_режим_та_ресурси_вод_морів_і_морських.pdf,35
98025,с. Парутине,лим. Бузький,sea_level,cm,2023-07-15,507.0,,-5.0,0.07000000000000028,0.20093769325731178,0.2709376932573121,Інв_№229_Щорічні_дані_про_режим_та_ресурси_вод_морів_і_морських.pdf,35
98025,с. Парутине,лим. Бузький,sea_level,cm,2023-07-16,507.0,,-5.0,0.07000000000000028,0.20093769325731178,0.2709376932573121,Інв_№229_Щорічні_дані_про_режим_та_ресурси_вод_морів_і_морських.pdf,35
98025,с. Парутине,лим. Бузький,sea_level,cm,2023-07-17,510.0,,-5.0,0.09999999999999964,0.20093769325731178,0.30093769325731146,Інв_№229_Щорічні_дані_про_режим_та_ресурси_вод_морів_і_морських.pdf,35
98025,с. Парутине,лим. Бузький,sea_level,cm,2023-07-18,512.0,,-5.0,0.1200000000000001,0.20093769325731178,0.3209376932573119,Інв_№229_Щорічні_дані_про_режим_та_ресурси_вод_морів_і_морських.pdf,35
98025,с. Парутине,лим. Бузький,sea_level,cm,2023-07-19,503.0,,-5.0,0.03000000000000025,0.20093769325731178,0.23093769325731203,Інв_№229_Щорічні_дані_про_режим_та_ресурси_вод_морів_і_морських.pdf,35
98025,с. Парутине,лим. Бузький,sea_level,cm,2023-07-20,506.0,,-5.0,0.05999999999999961,0.20093769325731178,0.2609376932573114,Інв_№229_Щорічні_дані_про_режим_та_ресурси_вод_морів_і_морських.pdf,35
98025,с. Парутине,лим. Бузький,sea_level,cm,2023-07-21,500.0,,-5.0,0.0,0.20093769325731178,0.20093769325731178,Інв_№229_Щорічні_дані_про_режим_та_ресурси_вод_морів_і_морських.pdf,35
98025,с. Парутине,лим. Бузький,sea_level,cm,2023-07-22,503.0,,-5.0,0.03000000000000025,0.20093769325731178,0.23093769325731203,Інв_№229_Щорічні_дані_про_режим_та_ресурси_вод_морів_і_морських.pdf,35
98025,с. Парутине,лим. Бузький,sea_level,cm,2023-07-23,492.0,,-5.0,-0.08000000000000007,0.20093769325731178,0.12093769325731171,Інв_№229_Щорічні_дані_про_режим_та_ресурси_вод_морів_і_морських.pdf,35
98025,с. Парутине,лим. Бузький,sea_level,cm,2023-07-24,493.0,,-5.0,-0.07000000000000028,0.20093769325731178,0.1309376932573115,Інв_№229_Щорічні_дані_про_режим_та_ресурси_вод_морів_і_морських.pdf,35
98025,с. Парутине,лим. Бузький,sea_level,cm,2023-07-25,511.0,,-5.0,0.11000000000000032,0.20093769325731178,0.31093769325731213,Інв_№229_Щорічні_дані_про_режим_та_ресурси_вод_морів_і_морських.pdf,35
98025,с. Парутине,лим. Бузький,sea_level,cm,2023-07-26,518.0,,-5.0,0.17999999999999972,0.20093769325731178,0.3809376932573115,Інв_№229_Щорічні_дані_про_режим_та_ресурси_вод_морів_і_морських.pdf,35
98025,с. Парутине,лим. Бузький,sea_level,cm,2023-07-27,503.0,,-5.0,0.03000000000000025,0.20093769325731178,0.23093769325731203,Інв_№229_Щорічні_дані_про_режим_та_ресурси_вод_морів_і_морських.pdf,35
98025,с. Парутине,лим. Бузький,sea_level,cm,2023-07-28,490.0,,-5.0,-0.09999999999999964,0.20093769325731178,0.10093769325731214,Інв_№229_Щорічні_дані_про_режим_та_ресурси_вод_морів_і_морських.pdf,35
98025,с. Парутине,лим. Бузький,sea_level,cm,2023-07-29,506.0,,-5.0,0.05999999999999961,0.20093769325731178,0.2609376932573114,Інв_№229_Щорічні_дані_про_режим_та_ресурси_вод_морів_і_морських.pdf,35
98025,с. Парутине,лим. Бузький,sea_level,cm,2023-07-30,506.0,,-5.0,0.05999999999999961,0.20093769325731178,0.2609376932573114,Інв_№229_Щорічні_дані_про_режим_та_ресурси_вод_морів_і_морських.pdf,35
98025,с. Парутине,лим. Бузький,sea_level,cm,2023-07-31,504.0,,-5.0,0.040000000000000036,0.20093769325731178,0.24093769325731182,Інв_№229_Щорічні_дані_про_режим_та_ресурси_вод_морів_і_морських.pdf,35
98025,с. Парутине,лим. Бузький,sea_level,cm,2023-08-01,503.0,,-5.0,0.03000000000000025,0.20093769325731178,0.23093769325731203,Інв_№229_Щорічні_дані_про_режим_та_ресурси_вод_морів_і_морських.pdf,35
98025,с. Парутине,лим. Бузький,sea_level,cm,2023-08-02,508.0,,-5.0,0.08000000000000007,0.20093769325731178,0.2809376932573119,Інв_№229_Щорічні_дані_про_режим_та_ресурси_вод_морів_і_морських.pdf,35
98025,с. Парутине,лим. Бузький,sea_level,cm,2023-08-03,503.0,,-5.0,0.03000000000000025,0.20093769325731178,0.23093769325731203,Інв_№229_Щорічні_дані_про_режим_та_ресурси_вод_морів_і_морських.pdf,35
98025,с. Парутине,лим. Бузький,sea_level,cm,2023-08-04,498.0,,-5.0,-0.019999999999999574,0.20093769325731178,0.1809376932573122,Інв_№229_Щорічні_дані_про_режим_та_ресурси_вод_морів_і_морських.pdf,35
98025,с. Парутине,лим. Бузький,sea_level,cm,2023-08-05,491.0,,-5.0,-0.08999999999999986,0.20093769325731178,0.11093769325731193,Інв_№229_Щорічні_дані_про_режим_та_ресурси_вод_морів_і_морських.pdf,35
98025,с. Парутине,лим. Бузький,sea_level,cm,2023-08-06,488.0,,-5.0,-0.1200000000000001,0.20093769325731178,0.08093769325731168,Інв_№229_Щорічні_дані_про_режим_та_ресурси_вод_морів_і_морських.pdf,35
98025,с. Парутине,лим. Бузький,sea_level,cm,2023-08-07,512.0,,-5.0,0.1200000000000001,0.20093769325731178,0.3209376932573119,Інв_№229_Щорічні_дані_про_режим_та_ресурси_вод_морів_і_морських.pdf,35
98025,с. Парутине,лим. Бузький,sea_level,cm,2023-08-08,484.0,,-5.0,-0.16000000000000014,0.20093769325731178,0.04093769325731164,Інв_№229_Щорічні_дані_про_режим_та_ресурси_вод_морів_і_морських.pdf,35
98025,с. Парутине,лим. Бузький,sea_level,cm,2023-08-09,485.0,,-5.0,-0.15000000000000036,0.20093769325731178,0.05093769325731143,Інв_№229_Щорічні_дані_про_режим_та_ресурси_вод_морів_і_морських.pdf,35
98025,с. Парутине,лим. Бузький,sea_level,cm,2023-08-10,483.0,,-5.0,-0.16999999999999993,0.20093769325731178,0.030937693257311855,Інв_№229_Щорічні_дані_про_режим_та_ресурси_вод_морів_і_морських.pdf,35
98025,с. Парутине,лим. Бузький,sea_level,cm,2023-08-11,484.0,,-5.0,-0.16000000000000014,0.20093769325731178,0.04093769325731164,Інв_№229_Щорічні_дані_про_режим_та_ресурси_вод_морів_і_морських.pdf,35
98025,с. Парутине,лим. Бузький,sea_level,cm,2023-08-12,493.0,,-5.0,-0.07000000000000028,0.20093769325731178,0.1309376932573115,Інв_№229_Щорічні_дані_про_режим_та_ресурси_вод_морів_і_морських.pdf,35
98025,с. Парутине,лим. Бузький,sea_level,cm,2023-08-13,497.0,,-5.0,-0.03000000000000025,0.20093769325731178,0.17093769325731153,Інв_№229_Щорічні_дані_про_режим_та_ресурси_вод_морів_і_морських.pdf,35
98025,с. Парутине,лим. Бузький,sea_level,cm,2023-08-14,488.0,,-5.0,-0.1200000000000001,0.20093769325731178,0.08093769325731168,Інв_№229_Щорічні_дані_про_режим_та_ресурси_вод_морів_і_морських.pdf,35
98025,с. Парутине,лим. Бузький,sea_level,cm,2023-08-15,488.0,,-5.0,-0.1200000000000001,0.20093769325731178,0.08093769325731168,Інв_№229_Щорічні_дані_про_режим_та_ресурси_вод_морів_і_морських.pdf,35
98025,с. Парутине,лим. Бузький,sea_level,cm,2023-08-16,491.0,,-5.0,-0.08999999999999986,0.20093769325731178,0.11093769325731193,Інв_№229_Щорічні_дані_про_режим_та_ресурси_вод_морів_і_морських.pdf,35
98025,с. Парутине,лим. Бузький,sea_level,cm,2023-08-17,493.0,,-5.0,-0.07000000000000028,0.20093769325731178,0.1309376932573115,Інв_№229_Щорічні_дані_про_режим_та_ресурси_вод_морів_і_морських.pdf,35
98025,с. Парутине,лим. Бузький,sea_level,cm,2023-08-18,491.0,,-5.0,-0.08999999999999986,0.20093769325731178,0.11093769325731193,Інв_№229_Щорічні_дані_про_режим_та_ресурси_вод_морів_і_морських.pdf,35
98025,с. Парутине,лим. Бузький,sea_level,cm,2023-08-19,491.0,,-5.0,-0.08999999999999986,0.20093769325731178,0.11093769325731193,Інв_№229_Щорічні_дані_про_режим_та_ресурси_вод_морів_і_морських.pdf,35
98025,с. Парутине,лим. Бузький,sea_level,cm,2023-08-20,489.0,,-5.0,-0.11000000000000032,0.20093769325731178,0.09093769325731146,Інв_№229_Щорічні_дані_про_режим_та_ресурси_вод_морів_і_морських.pdf,35
98025,с. Парутине,лим. Бузький,sea_level,cm,2023-08-21,491.0,,-5.0,-0.08999999999999986,0.20093769325731178,0.11093769325731193,Інв_№229_Щорічні_дані_про_режим_та_ресурси_вод_морів_і_морських.pdf,35
98025,с. Парутине,лим. Бузький,sea_level,cm,2023-08-22,493.0,,-5.0,-0.07000000000000028,0.20093769325731178,0.1309376932573115,Інв_№229_Щорічні_дані_про_режим_та_ресурси_вод_морів_і_морських.pdf,35
98025,с. Парутине,лим. Бузький,sea_level,cm,2023-08-23,493.0,,-5.0,-0.07000000000000028,0.20093769325731178,0.1309376932573115,Інв_№229_Щорічні_дані_про_режим_та_ресурси_вод_морів_і_морських.pdf,35
98025,с. Парутине,лим. Бузький,sea_level,cm,2023-08-24,492.0,,-5.0,-0.08000000000000007,0.20093769325731178,0.12093769325731171,Інв_№229_Щорічні_дані_про_режим_та_ресурси_вод_морів_і_морських.pdf,35
98025,с. Парутине,лим. Бузький,sea_level,cm,2023-08-25,495.0,,-5.0,-0.04999999999999982,0.20093769325731178,0.15093769325731196,Інв_№229_Щорічні_дані_про_режим_та_ресурси_вод_морів_і_морських.pdf,35
98025,с. Парутине,лим. Бузький,sea_level,cm,2023-08-26,496.0,,-5.0,-0.040000000000000036,0.20093769325731178,0.16093769325731175,Інв_№229_Щорічні_дані_про_режим_та_ресурси_вод_морів_і_морських.pdf,35
98025,с. Парутине,лим. Бузький,sea_level,cm,2023-08-27,500.0,,-5.0,0.0,0.20093769325731178,0.20093769325731178,Інв_№229_Щорічні_дані_про_режим_та_ресурси_вод_морів_і_морських.pdf,35
98025,с. Парутине,лим. Бузький,sea_level,cm,2023-08-28,497.0,,-5.0,-0.03000000000000025,0.20093769325731178,0.17093769325731153,Інв_№229_Щорічні_дані_про_режим_та_ресурси_вод_морів_і_морських.pdf,35
98025,с. Парутине,лим. Бузький,sea_level,cm,2023-08-29,496.0,,-5.0,-0.040000000000000036,0.20093769325731178,0.16093769325731175,Інв_№229_Щорічні_дані_про_режим_та_ресурси_вод_морів_і_морських.pdf,35
98025,с. Парутине,лим. Бузький,sea_level,cm,2023-08-30,507.0,,-5.0,0.07000000000000028,0.20093769325731178,0.2709376932573121,Інв_№229_Щорічні_дані_про_режим_та_ресурси_вод_морів_і_морських.pdf,35
98025,с. Парутине,лим. Бузький,sea_level,cm,2023-08-31,507.0,,-5.0,0.07000000000000028,0.20093769325731178,0.2709376932573121,Інв_№229_Щорічні_дані_про_режим_та_ресурси_вод_морів_і_морських.pdf,35
98025,с. Парутине,лим. Бузький,sea_level,cm,2023-09-01,495.0,,-5.0,-0.04999999999999982,0.20093769325731178,0.15093769325731196,Інв_№229_Щорічні_дані_про_режим_та_ресурси_вод_морів_і_морських.pdf,35
98025,с. Парутине,лим. Бузький,sea_level,cm,2023-09-02,486.0,,-5.0,-0.13999999999999968,0.20093769325731178,0.0609376932573121,Інв_№229_Щорічні_дані_про_режим_та_ресурси_вод_морів_і_морських.pdf,35
98025,с. Парутине,лим. Бузький,sea_level,cm,2023-09-03,487.0,,-5.0,-0.1299999999999999,0.20093769325731178,0.07093769325731189,Інв_№229_Щорічні_дані_про_режим_та_ресурси_вод_морів_і_морських.pdf,35
98025,с. Парутине,лим. Бузький,sea_level,cm,2023-09-04,479.0,,-5.0,-0.20999999999999996,0.20093769325731178,-0.009062306742688181,Інв_№229_Щорічні_дані_про_режим_та_ресурси_вод_морів_і_морських.pdf,35
98025,с. Парутине,лим. Бузький,sea_level,cm,2023-09-05,479.0,,-5.0,-0.20999999999999996,0.20093769325731178,-0.009062306742688181,Інв_№229_Щорічні_дані_про_режим_та_ресурси_вод_морів_і_морських.pdf,35
98025,с. Парутине,лим. Бузький,sea_level,cm,2023-09-06,484.0,,-5.0,-0.16000000000000014,0.20093769325731178,0.04093769325731164,Інв_№229_Щорічні_дані_про_режим_та_ресурси_вод_морів_і_морських.pdf,35
98025,с. Парутине,лим. Бузький,sea_level,cm,2023-09-07,483.0,,-5.0,-0.16999999999999993,0.20093769325731178,0.030937693257311855,Інв_№229_Щорічні_дані_про_режим_та_ресурси_вод_морів_і_морських.pdf,35
98025,с. Парутине,лим. Бузький,sea_level,cm,2023-09-08,480.0,,-5.0,-0.20000000000000018,0.20093769325731178,0.0009376932573116059,Інв_№229_Щорічні_дані_про_режим_та_ресурси_вод_морів_і_морських.pdf,35
98025,с. Парутине,лим. Бузький,sea_level,cm,2023-09-09,487.0,,-5.0,-0.1299999999999999,0.20093769325731178,0.07093769325731189,Інв_№229_Щорічні_дані_про_режим_та_ресурси_вод_морів_і_морських.pdf,35
98025,с. Парутине,лим. Бузький,sea_level,cm,2023-09-10,492.0,,-5.0,-0.08000000000000007,0.20093769325731178,0.12093769325731171,Інв_№229_Щорічні_дані_про_режим_та_ресурси_вод_морів_і_морських.pdf,35
98025,с. Парутине,лим. Бузький,sea_level,cm,2023-09-11,489.0,,-5.0,-0.11000000000000032,0.20093769325731178,0.09093769325731146,Інв_№229_Щорічні_дані_про_режим_та_ресурси_вод_морів_і_морських.pdf,35
98025,с. Парутине,лим. Бузький,sea_level,cm,2023-09-12,492.0,,-5.0,-0.08000000000000007,0.20093769325731178,0.12093769325731171,Інв_№229_Щорічні_дані_про_режим_та_ресурси_вод_морів_і_морських.pdf,35
98025,с. Парутине,лим. Бузький,sea_level,cm,2023-09-13,493.0,,-5.0,-0.07000000000000028,0.20093769325731178,0.1309376932573115,Інв_№229_Щорічні_дані_про_режим_та_ресурси_вод_морів_і_морських.pdf,35
98025,с. Парутине,лим. Бузький,sea_level,cm,2023-09-14,499.0,,-5.0,-0.009999999999999787,0.20093769325731178,0.190937693257312,Інв_№229_Щорічні_дані_про_режим_та_ресурси_вод_морів_і_морських.pdf,35
98025,с. Парутине,лим. Бузький,sea_level,cm,2023-09-15,495.0,,-5.0,-0.04999999999999982,0.20093769325731178,0.15093769325731196,Інв_№229_Щорічні_дані_про_режим_та_ресурси_вод_морів_і_морських.pdf,35
98025,с. Парутине,лим. Бузький,sea_level,cm,2023-09-16,481.0,,-5.0,-0.1900000000000004,0.20093769325731178,0.010937693257311393,Інв_№229_Щорічні_дані_про_режим_та_ресурси_вод_морів_і_морських.pdf,35
98025,с. Парутине,лим. Бузький,sea_level,cm,2023-09-17,483.0,,-5.0,-0.16999999999999993,0.20093769325731178,0.030937693257311855,Інв_№229_Щорічні_дані_про_режим_та_ресурси_вод_морів_і_морських.pdf,35
98025,с. Парутине,лим. Бузький,sea_level,cm,2023-09-18,484.0,,-5.0,-0.16000000000000014,0.20093769325731178,0.04093769325731164,Інв_№229_Щорічні_дані_про_режим_та_ресурси_вод_морів_і_морських.pdf,35
98025,с. Парутине,лим. Бузький,sea_level,cm,2023-09-19,488.0,,-5.0,-0.1200000000000001,0.20093769325731178,0.08093769325731168,Інв_№229_Щорічні_дані_про_режим_та_ресурси_вод_морів_і_морських.pdf,35
98025,с. Парутине,лим. Бузький,sea_level,cm,2023-09-20,488.0,,-5.0,-0.1200000000000001,0.20093769325731178,0.08093769325731168,Інв_№229_Щорічні_дані_про_режим_та_ресурси_вод_морів_і_морських.pdf,35
98025,с. Парутине,лим. Бузький,sea_level,cm,2023-09-21,482.0,,-5.0,-0.17999999999999972,0.20093769325731178,0.020937693257312068,Інв_№229_Щорічні_дані_про_режим_та_ресурси_вод_морів_і_морських.pdf,35
98025,с. Парутине,лим. Бузький,sea_level,cm,2023-09-22,485.0,,-5.0,-0.15000000000000036,0.20093769325731178,0.05093769325731143,Інв_№229_Щорічні_дані_про_режим_та_ресурси_вод_морів_і_морських.pdf,35
98025,с. Парутине,лим. Бузький,sea_level,cm,2023-09-23,484.0,,-5.0,-0.16000000000000014,0.20093769325731178,0.04093769325731164,Інв_№229_Щорічні_дані_про_режим_та_ресурси_вод_морів_і_морських.pdf,35
98025,с. Парутине,лим. Бузький,sea_level,cm,2023-09-24,483.0,,-5.0,-0.16999999999999993,0.20093769325731178,0.030937693257311855,Інв_№229_Щорічні_дані_про_режим_та_ресурси_вод_морів_і_морських.pdf,35
98025,с. Парутине,лим. Бузький,sea_level,cm,2023-09-25,476.0,,-5.0,-0.2400000000000002,0.20093769325731178,-0.03906230674268843,Інв_№229_Щорічні_дані_про_режим_та_ресурси_вод_морів_і_морських.pdf,35
98025,с. Парутине,лим. Бузький,sea_level,cm,2023-09-26,478.0,,-5.0,-0.21999999999999975,0.20093769325731178,-0.019062306742687968,Інв_№229_Щорічні_дані_про_режим_та_ресурси_вод_морів_і_морських.pdf,35
98025,с. Парутине,лим. Бузький,sea_level,cm,2023-09-27,477.0,,-5.0,-0.23000000000000043,0.20093769325731178,-0.029062306742688643,Інв_№229_Щорічні_дані_про_режим_та_ресурси_вод_морів_і_морських.pdf,35
98025,с. Парутине,лим. Бузький,sea_level,cm,2023-09-28,476.0,,-5.0,-0.2400000000000002,0.20093769325731178,-0.03906230674268843,Інв_№229_Щорічні_дані_про_режим_та_ресурси_вод_морів_і_морських.pdf,35
98025,с. Парутине,лим. Бузький,sea_level,cm,2023-09-29,476.0,,-5.0,-0.2400000000000002,0.20093769325731178,-0.03906230674268843,Інв_№229_Щорічні_дані_про_режим_та_ресурси_вод_морів_і_морських.pdf,35
98025,с. Парутине,лим. Бузький,sea_level,cm,2023-09-30,481.0,,-5.0,-0.1900000000000004,0.20093769325731178,0.010937693257311393,Інв_№229_Щорічні_дані_про_режим_та_ресурси_вод_морів_і_морських.pdf,35
98025,с. Парутине,лим. Бузький,sea_level,cm,2023-10-01,479.0,,-5.0,-0.20999999999999996,0.20093769325731178,-0.009062306742688181,Інв_№229_Щорічні_дані_про_режим_та_ресурси_вод_морів_і_морських.pdf,35
98025,с. Парутине,лим. Бузький,sea_level,cm,2023-10-02,466.0,,-5.0,-0.33999999999999986,0.20093769325731178,-0.13906230674268807,Інв_№229_Щорічні_дані_про_режим_та_ресурси_вод_морів_і_морських.pdf,35
98025,с. Парутине,лим. Бузький,sea_level,cm,2023-10-03,477.0,,-5.0,-0.23000000000000043,0.20093769325731178,-0.029062306742688643,Інв_№229_Щорічні_дані_про_режим_та_ресурси_вод_морів_і_морських.pdf,35
98025,с. Парутине,лим. Бузький,sea_level,cm,2023-10-04,485.0,,-5.0,-0.15000000000000036,0.20093769325731178,0.05093769325731143,Інв_№229_Щорічні_дані_про_режим_та_ресурси_вод_морів_і_морських.pdf,35
98025,с. Парутине,лим. Бузький,sea_level,cm,2023-10-05,472.0,,-5.0,-0.28000000000000025,0.20093769325731178,-0.07906230674268847,Інв_№229_Щорічні_дані_про_режим_та_ресурси_вод_морів_і_морських.pdf,35
98025,с. Парутине,лим. Бузький,sea_level,cm,2023-10-06,475.0,,-5.0,-0.25,0.20093769325731178,-0.049062306742688216,Інв_№229_Щорічні_дані_про_режим_та_ресурси_вод_морів_і_морських.pdf,35
98025,с. Парутине,лим. Бузький,sea_level,cm,2023-10-07,487.0,,-5.0,-0.1299999999999999,0.20093769325731178,0.07093769325731189,Інв_№229_Щорічні_дані_про_режим_та_ресурси_вод_морів_і_морських.pdf,35
98025,с. Парутине,лим. Бузький,sea_level,cm,2023-10-08,477.0,,-5.0,-0.23000000000000043,0.20093769325731178,-0.029062306742688643,Інв_№229_Щорічні_дані_про_режим_та_ресурси_вод_морів_і_морських.pdf,35
98025,с. Парутине,лим. Бузький,sea_level,cm,2023-10-09,468.0,,-5.0,-0.3200000000000003,0.20093769325731178,-0.1190623067426885,Інв_№229_Щорічні_дані_про_режим_та_ресурси_вод_морів_і_морських.pdf,35
98025,с. Парутине,лим. Бузький,sea_level,cm,2023-10-10,478.0,,-5.0,-0.21999999999999975,0.20093769325731178,-0.019062306742687968,Інв_№229_Щорічні_дані_про_режим_та_ресурси_вод_морів_і_морських.pdf,35
98025,с. Парутине,лим. Бузький,sea_level,cm,2023-10-11,481.0,,-5.0,-0.1900000000000004,0.20093769325731178,0.010937693257311393,Інв_№229_Щорічні_дані_про_режим_та_ресурси_вод_морів_і_морських.pdf,35
98025,с. Парутине,лим. Бузький,sea_level,cm,2023-10-12,486.0,,-5.0,-0.13999999999999968,0.20093769325731178,0.0609376932573121,Інв_№229_Щорічні_дані_про_режим_та_ресурси_вод_морів_і_морських.pdf,35
98025,с. Парутине,лим. Бузький,sea_level,cm,2023-10-13,483.0,,-5.0,-0.16999999999999993,0.20093769325731178,0.030937693257311855,Інв_№229_Щорічні_дані_про_режим_та_ресурси_вод_морів_і_морських.pdf,35
98025,с. Парутине,лим. Бузький,sea_level,cm,2023-10-14,481.0,,-5.0,-0.1900000000000004,0.20093769325731178,0.010937693257311393,Інв_№229_Щорічні_дані_про_режим_та_ресурси_вод_морів_і_морських.pdf,35
98025,с. Парутине,лим. Бузький,sea_level,cm,2023-10-15,486.0,,-5.0,-0.13999999999999968,0.20093769325731178,0.0609376932573121,Інв_№229_Щорічні_дані_про_режим_та_ресурси_вод_морів_і_морських.pdf,35
98025,с. Парутине,лим. Бузький,sea_level,cm,2023-10-16,460.0,,-5.0,-0.40000000000000036,0.20093769325731178,-0.19906230674268857,Інв_№229_Щорічні_дані_про_режим_та_ресурси_вод_морів_і_морських.pdf,35
98025,с. Парутине,лим. Бузький,sea_level,cm,2023-10-17,471.0,,-5.0,-0.29000000000000004,0.20093769325731178,-0.08906230674268825,Інв_№229_Щорічні_дані_про_режим_та_ресурси_вод_морів_і_морських.pdf,35
98025,с. Парутине,лим. Бузький,sea_level,cm,2023-10-18,466.0,,-5.0,-0.33999999999999986,0.20093769325731178,-0.13906230674268807,Інв_№229_Щорічні_дані_про_режим_та_ресурси_вод_морів_і_морських.pdf,35
98025,с. Парутине,лим. Бузький,sea_level,cm,2023-10-19,489.0,,-5.0,-0.11000000000000032,0.20093769325731178,0.09093769325731146,Інв_№229_Щорічні_дані_про_режим_та_ресурси_вод_морів_і_морських.pdf,35
98025,с. Парутине,лим. Бузький,sea_level,cm,2023-10-20,503.0,,-5.0,0.03000000000000025,0.20093769325731178,0.23093769325731203,Інв_№229_Щорічні_дані_про_режим_та_ресурси_вод_морів_і_морських.pdf,35
98025,с. Парутине,лим. Бузький,sea_level,cm,2023-10-21,481.0,,-5.0,-0.1900000000000004,0.20093769325731178,0.010937693257311393,Інв_№229_Щорічні_дані_про_режим_та_ресурси_вод_морів_і_морських.pdf,35
98025,с. Парутине,лим. Бузький,sea_level,cm,2023-10-22,481.0,,-5.0,-0.1900000000000004,0.20093769325731178,0.010937693257311393,Інв_№229_Щорічні_дані_про_режим_та_ресурси_вод_морів_і_морських.pdf,35
98025,с. Парутине,лим. Бузький,sea_level,cm,2023-10-23,481.0,,-5.0,-0.1900000000000004,0.20093769325731178,0.010937693257311393,Інв_№229_Щорічні_дані_про_режим_та_ресурси_вод_морів_і_морських.pdf,35
98025,с. Парутине,лим. Бузький,sea_level,cm,2023-10-24,479.0,,-5.0,-0.20999999999999996,0.20093769325731178,-0.009062306742688181,Інв_№229_Щорічні_дані_про_режим_та_ресурси_вод_морів_і_морських.pdf,35
98025,с. Парутине,лим. Бузький,sea_level,cm,2023-10-25,498.0,,-5.0,-0.019999999999999574,0.20093769325731178,0.1809376932573122,Інв_№229_Щорічні_дані_про_режим_та_ресурси_вод_морів_і_морських.pdf,35
98025,с. Парутине,лим. Бузький,sea_level,cm,2023-10-26,484.0,,-5.0,-0.16000000000000014,0.20093769325731178,0.04093769325731164,Інв_№229_Щорічні_дані_про_режим_та_ресурси_вод_морів_і_морських.pdf,35
98025,с. Парутине,лим. Бузький,sea_level,cm,2023-10-27,486.0,,-5.0,-0.13999999999999968,0.20093769325731178,0.0609376932573121,Інв_№229_Щорічні_дані_про_режим_та_ресурси_вод_морів_і_морських.pdf,35
98025,с. Парутине,лим. Бузький,sea_level,cm,2023-10-28,491.0,,-5.0,-0.08999999999999986,0.20093769325731178,0.11093769325731193,Інв_№229_Щорічні_дані_про_режим_та_ресурси_вод_морів_і_морських.pdf,35
98025,с. Парутине,лим. Бузький,sea_level,cm,2023-10-29,481.0,,-5.0,-0.1900000000000004,0.20093769325731178,0.010937693257311393,Інв_№229_Щорічні_дані_про_режим_та_ресурси_вод_морів_і_морських.pdf,35
98025,с. Парутине,лим. Бузький,sea_level,cm,2023-10-30,483.0,,-5.0,-0.16999999999999993,0.20093769325731178,0.030937693257311855,Інв_№229_Щорічні_дані_про_режим_та_ресурси_вод_морів_і_морських.pdf,35
98025,с. Парутине,лим. Бузький,sea_level,cm,2023-10-31,485.0,,-5.0,-0.15000000000000036,0.20093769325731178,0.05093769325731143,Інв_№229_Щорічні_дані_про_режим_та_ресурси_вод_морів_і_морських.pdf,35
98025,с. Парутине,лим. Бузький,sea_level,cm,2023-11-01,483.0,,-5.0,-0.16999999999999993,0.20093769325731178,0.030937693257311855,Інв_№229_Щорічні_дані_про_режим_та_ресурси_вод_морів_і_морських.pdf,35
98025,с. Парутине,лим. Бузький,sea_level,cm,2023-11-02,471.0,,-5.0,-0.29000000000000004,0.20093769325731178,-0.08906230674268825,Інв_№229_Щорічні_дані_про_режим_та_ресурси_вод_морів_і_морських.pdf,35
98025,с. Парутине,лим. Бузький,sea_level,cm,2023-11-03,478.0,,-5.0,-0.21999999999999975,0.20093769325731178,-0.019062306742687968,Інв_№229_Щорічні_дані_про_режим_та_ресурси_вод_морів_і_морських.pdf,35
98025,с. Парутине,лим. Бузький,sea_level,cm,2023-11-04,498.0,,-5.0,-0.019999999999999574,0.20093769325731178,0.1809376932573122,Інв_№229_Щорічні_дані_про_режим_та_ресурси_вод_морів_і_морських.pdf,35
98025,с. Парутине,лим. Бузький,sea_level,cm,2023-11-05,502.0,,-5.0,0.019999999999999574,0.20093769325731178,0.22093769325731136,Інв_№229_Щорічні_дані_про_режим_та_ресурси_вод_морів_і_морських.pdf,35
98025,с. Парутине,лим. Бузький,sea_level,cm,2023-11-06,494.0,,-5.0,-0.05999999999999961,0.20093769325731178,0.14093769325731217,Інв_№229_Щорічні_дані_про_режим_та_ресурси_вод_морів_і_морських.pdf,35
98025,с. Парутине,лим. Бузький,sea_level,cm,2023-11-07,486.0,,-5.0,-0.13999999999999968,0.20093769325731178,0.0609376932573121,Інв_№229_Щорічні_дані_про_режим_та_ресурси_вод_морів_і_морських.pdf,35
98025,с. Парутине,лим. Бузький,sea_level,cm,2023-11-08,501.0,,-5.0,0.009999999999999787,0.20093769325731178,0.21093769325731157,Інв_№229_Щорічні_дані_про_режим_та_ресурси_вод_морів_і_морських.pdf,35
98025,с. Парутине,лим. Бузький,sea_level,cm,2023-11-09,475.0,,-5.0,-0.25,0.20093769325731178,-0.049062306742688216,Інв_№229_Щорічні_дані_про_режим_та_ресурси_вод_морів_і_морських.pdf,35
98025,с. Парутине,лим. Бузький,sea_level,cm,2023-11-10,489.0,,-5.0,-0.11000000000000032,0.20093769325731178,0.09093769325731146,Інв_№229_Щорічні_дані_про_режим_та_ресурси_вод_морів_і_морських.pdf,35
98025,с. Парутине,лим. Бузький,sea_level,cm,2023-11-11,504.0,,-5.0,0.040000000000000036,0.20093769325731178,0.24093769325731182,Інв_№229_Щорічні_дані_про_режим_та_ресурси_вод_морів_і_морських.pdf,35
98025,с. Парутине,лим. Бузький,sea_level,cm,2023-11-12,519.0,,-5.0,0.1900000000000004,0.20093769325731178,0.3909376932573122,Інв_№229_Щорічні_дані_про_режим_та_ресурси_вод_морів_і_морських.pdf,35
98025,с. Парутине,лим. Бузький,sea_level,cm,2023-11-13,486.0,,-5.0,-0.13999999999999968,0.20093769325731178,0.0609376932573121,Інв_№229_Щорічні_дані_про_режим_та_ресурси_вод_морів_і_морських.pdf,35
98025,с. Парутине,лим. Бузький,sea_level,cm,2023-11-14,505.0,,-5.0,0.04999999999999982,0.20093769325731178,0.25093769325731163,Інв_№229_Щорічні_дані_про_режим_та_ресурси_вод_морів_і_морських.pdf,35
98025,с. Парутине,лим. Бузький,sea_level,cm,2023-11-15,494.0,,-5.0,-0.05999999999999961,0.20093769325731178,0.14093769325731217,Інв_№229_Щорічні_дані_про_режим_та_ресурси_вод_морів_і_морських.pdf,35
98025,с. Парутине,лим. Бузький,sea_level,cm,2023-11-16,479.0,,-5.0,-0.20999999999999996,0.20093769325731178,-0.009062306742688181,Інв_№229_Щорічні_дані_про_режим_та_ресурси_вод_морів_і_морських.pdf,35
98025,с. Парутине,лим. Бузький,sea_level,cm,2023-11-17,482.0,,-5.0,-0.17999999999999972,0.20093769325731178,0.020937693257312068,Інв_№229_Щорічні_дані_про_режим_та_ресурси_вод_морів_і_морських.pdf,35
98025,с. Парутине,лим. Бузький,sea_level,cm,2023-11-18,471.0,,-5.0,-0.29000000000000004,0.20093769325731178,-0.08906230674268825,Інв_№229_Щорічні_дані_про_режим_та_ресурси_вод_морів_і_морських.pdf,35
98025,с. Парутине,лим. Бузький,sea_level,cm,2023-11-19,441.0,,-5.0,-0.5899999999999999,0.20093769325731178,-0.38906230674268805,Інв_№229_Щорічні_дані_про_режим_та_ресурси_вод_морів_і_морських.pdf,35
98025,с. Парутине,лим. Бузький,sea_level,cm,2023-11-20,480.0,,-5.0,-0.20000000000000018,0.20093769325731178,0.0009376932573116059,Інв_№229_Щорічні_дані_про_режим_та_ресурси_вод_морів_і_морських.pdf,35
98025,с. Парутине,лим. Бузький,sea_level,cm,2023-11-21,479.0,,-5.0,-0.20999999999999996,0.20093769325731178,-0.009062306742688181,Інв_№229_Щорічні_дані_про_режим_та_ресурси_вод_морів_і_морських.pdf,35
98025,с. Парутине,лим. Бузький,sea_level,cm,2023-11-22,484.0,,-5.0,-0.16000000000000014,0.20093769325731178,0.04093769325731164,Інв_№229_Щорічні_дані_про_режим_та_ресурси_вод_морів_і_морських.pdf,35
98025,с. Парутине,лим. Бузький,sea_level,cm,2023-11-23,489.0,,-5.0,-0.11000000000000032,0.20093769325731178,0.09093769325731146,Інв_№229_Щорічні_дані_про_режим_та_ресурси_вод_морів_і_морських.pdf,35
98025,с. Парутине,лим. Бузький,sea_level,cm,2023-11-24,502.0,,-5.0,0.019999999999999574,0.20093769325731178,0.22093769325731136,Інв_№229_Щорічні_дані_про_режим_та_ресурси_вод_морів_і_морських.pdf,35
98025,с. Парутине,лим. Бузький,sea_level,cm,2023-11-25,479.0,,-5.0,-0.20999999999999996,0.20093769325731178,-0.009062306742688181,Інв_№229_Щорічні_дані_про_режим_та_ресурси_вод_морів_і_морських.pdf,35
98025,с. Парутине,лим. Бузький,sea_level,cm,2023-11-26,462.0,,-5.0,-0.3799999999999999,0.20093769325731178,-0.1790623067426881,Інв_№229_Щорічні_дані_про_режим_та_ресурси_вод_морів_і_морських.pdf,35
98025,с. Парутине,лим. Бузький,sea_level,cm,2023-11-27,504.0,,-5.0,0.040000000000000036,0.20093769325731178,0.24093769325731182,Інв_№229_Щорічні_дані_про_режим_та_ресурси_вод_морів_і_морських.pdf,35
98025,с. Парутине,лим. Бузький,sea_level,cm,2023-11-28,507.0,,-5.0,0.07000000000000028,0.20093769325731178,0.2709376932573121,Інв_№229_Щорічні_дані_про_режим_та_ресурси_вод_морів_і_морських.pdf,35
98025,с. Парутине,лим. Бузький,sea_level,cm,2023-11-29,529.0,,-5.0,0.29000000000000004,0.20093769325731178,0.49093769325731185,Інв_№229_Щорічні_дані_про_режим_та_ресурси_вод_морів_і_морських.pdf,35
98025,с. Парутине,лим. Бузький,sea_level,cm,2023-11-30,499.0,,-5.0,-0.009999999999999787,0.20093769325731178,0.190937693257312,Інв_№229_Щорічні_дані_про_режим_та_ресурси_вод_морів_і_морських.pdf,35
98025,с. Парутине,лим. Бузький,sea_level,cm,2023-12-01,530.0,,-5.0,0.2999999999999998,0.20093769325731178,0.5009376932573116,Інв_№229_Щорічні_дані_про_режим_та_ресурси_вод_морів_і_морських.pdf,35
98025,с. Парутине,лим. Бузький,sea_level,cm,2023-12-02,511.0,,-5.0,0.11000000000000032,0.20093769325731178,0.31093769325731213,Інв_№229_Щорічні_дані_про_режим_та_ресурси_вод_морів_і_морських.pdf,35
98025,с. Парутине,лим. Бузький,sea_level,cm,2023-12-03,507.0,,-5.0,0.07000000000000028,0.20093769325731178,0.2709376932573121,Інв_№229_Щорічні_дані_про_режим_та_ресурси_вод_морів_і_морських.pdf,35
98025,с. Парутине,лим. Бузький,sea_level,cm,2023-12-04,494.0,,-5.0,-0.05999999999999961,0.20093769325731178,0.14093769325731217,Інв_№229_Щорічні_дані_про_режим_та_ресурси_вод_морів_і_морських.pdf,35
98025,с. Парутине,лим. Бузький,sea_level,cm,2023-12-05,503.0,,-5.0,0.03000000000000025,0.20093769325731178,0.23093769325731203,Інв_№229_Щорічні_дані_про_режим_та_ресурси_вод_морів_і_морських.pdf,35
98025,с. Парутине,лим. Бузький,sea_level,cm,2023-12-06,495.0,,-5.0,-0.04999999999999982,0.20093769325731178,0.15093769325731196,Інв_№229_Щорічні_дані_про_режим_та_ресурси_вод_морів_і_морських.pdf,35
98025,с. Парутине,лим. Бузький,sea_level,cm,2023-12-07,495.0,,-5.0,-0.04999999999999982,0.20093769325731178,0.15093769325731196,Інв_№229_Щорічні_дані_про_режим_та_ресурси_вод_морів_і_морських.pdf,35
98025,с. Парутине,лим. Бузький,sea_level,cm,2023-12-08,491.0,,-5.0,-0.08999999999999986,0.20093769325731178,0.11093769325731193,Інв_№229_Щорічні_дані_про_режим_та_ресурси_вод_морів_і_морських.pdf,35
98025,с. Парутине,лим. Бузький,sea_level,cm,2023-12-09,485.0,,-5.0,-0.15000000000000036,0.20093769325731178,0.05093769325731143,Інв_№229_Щорічні_дані_про_режим_та_ресурси_вод_морів_і_морських.pdf,35
98025,с. Парутине,лим. Бузький,sea_level,cm,2023-12-10,500.0,,-5.0,0.0,0.20093769325731178,0.20093769325731178,Інв_№229_Щорічні_дані_про_режим_та_ресурси_вод_морів_і_морських.pdf,35
98025,с. Парутине,лим. Бузький,sea_level,cm,2023-12-11,501.0,,-5.0,0.009999999999999787,0.20093769325731178,0.21093769325731157,Інв_№229_Щорічні_дані_про_режим_та_ресурси_вод_морів_і_морських.pdf,35
98025,с. Парутине,лим. Бузький,sea_level,cm,2023-12-12,497.0,,-5.0,-0.03000000000000025,0.20093769325731178,0.17093769325731153,Інв_№229_Щорічні_дані_про_режим_та_ресурси_вод_морів_і_морських.pdf,35
98025,с. Парутине,лим. Бузький,sea_level,cm,2023-12-13,506.0,,-5.0,0.05999999999999961,0.20093769325731178,0.2609376932573114,Інв_№229_Щорічні_дані_про_режим_та_ресурси_вод_морів_і_морських.pdf,35
98025,с. Парутине,лим. Бузький,sea_level,cm,2023-12-14,529.0,,-5.0,0.29000000000000004,0.20093769325731178,0.49093769325731185,Інв_№229_Щорічні_дані_про_режим_та_ресурси_вод_морів_і_морських.pdf,35
98025,с. Парутине,лим. Бузький,sea_level,cm,2023-12-15,486.0,,-5.0,-0.13999999999999968,0.20093769325731178,0.0609376932573121,Інв_№229_Щорічні_дані_про_режим_та_ресурси_вод_морів_і_морських.pdf,35
98025,с. Парутине,лим. Бузький,sea_level,cm,2023-12-16,498.0,,-5.0,-0.019999999999999574,0.20093769325731178,0.1809376932573122,Інв_№229_Щорічні_дані_про_режим_та_ресурси_вод_морів_і_морських.pdf,35
98025,с. Парутине,лим. Бузький,sea_level,cm,2023-12-17,511.0,,-5.0,0.11000000000000032,0.20093769325731178,0.31093769325731213,Інв_№229_Щорічні_дані_про_режим_та_ресурси_вод_морів_і_морських.pdf,35
98025,с. Парутине,лим. Бузький,sea_level,cm,2023-12-18,502.0,,-5.0,0.019999999999999574,0.20093769325731178,0.22093769325731136,Інв_№229_Щорічні_дані_про_режим_та_ресурси_вод_морів_і_морських.pdf,35
98025,с. Парутине,лим. Бузький,sea_level,cm,2023-12-19,504.0,,-5.0,0.040000000000000036,0.20093769325731178,0.24093769325731182,Інв_№229_Щорічні_дані_про_режим_та_ресурси_вод_морів_і_морських.pdf,35
98025,с. Парутине,лим. Бузький,sea_level,cm,2023-12-20,516.0,,-5.0,0.16000000000000014,0.20093769325731178,0.36093769325731195,Інв_№229_Щорічні_дані_про_режим_та_ресурси_вод_морів_і_морських.pdf,35
98025,с. Парутине,лим. Бузький,sea_level,cm,2023-12-21,510.0,,-5.0,0.09999999999999964,0.20093769325731178,0.30093769325731146,Інв_№229_Щорічні_дані_про_режим_та_ресурси_вод_морів_і_морських.pdf,35
98025,с. Парутине,лим. Бузький,sea_level,cm,2023-12-22,523.0,,-5.0,0.23000000000000043,0.20093769325731178,0.43093769325731224,Інв_№229_Щорічні_дані_про_режим_та_ресурси_вод_морів_і_морських.pdf,35
98025,с. Парутине,лим. Бузький,sea_level,cm,2023-12-23,506.0,,-5.0,0.05999999999999961,0.20093769325731178,0.2609376932573114,Інв_№229_Щорічні_дані_про_режим_та_ресурси_вод_морів_і_морських.pdf,35
98025,с. Парутине,лим. Бузький,sea_level,cm,2023-12-24,502.0,,-5.0,0.019999999999999574,0.20093769325731178,0.22093769325731136,Інв_№229_Щорічні_дані_про_режим_та_ресурси_вод_морів_і_морських.pdf,35
98025,с. Парутине,лим. Бузький,sea_level,cm,2023-12-25,510.0,,-5.0,0.09999999999999964,0.20093769325731178,0.30093769325731146,Інв_№229_Щорічні_дані_про_режим_та_ресурси_вод_морів_і_морських.pdf,35
98025,с. Парутине,лим. Бузький,sea_level,cm,2023-12-26,502.0,,-5.0,0.019999999999999574,0.20093769325731178,0.22093769325731136,Інв_№229_Щорічні_дані_про_режим_та_ресурси_вод_морів_і_морських.pdf,35
98025,с. Парутине,лим. Бузький,sea_level,cm,2023-12-27,503.0,,-5.0,0.03000000000000025,0.20093769325731178,0.23093769325731203,Інв_№229_Щорічні_дані_про_режим_та_ресурси_вод_морів_і_морських.pdf,35
98025,с. Парутине,лим. Бузький,sea_level,cm,2023-12-28,508.0,,-5.0,0.08000000000000007,0.20093769325731178,0.2809376932573119,Інв_№229_Щорічні_дані_про_режим_та_ресурси_вод_морів_і_морських.pdf,35
98025,с. Парутине,лим. Бузький,sea_level,cm,2023-12-29,512.0,,-5.0,0.1200000000000001,0.20093769325731178,0.3209376932573119,Інв_№229_Щорічні_дані_про_режим_та_ресурси_вод_морів_і_морських.pdf,35
98025,с. Парутине,лим. Бузький,sea_level,cm,2023-12-30,507.0,,-5.0,0.07000000000000028,0.20093769325731178,0.2709376932573121,Інв_№229_Щорічні_дані_про_режим_та_ресурси_вод_морів_і_морських.pdf,35
98025,с. Парутине,лим. Бузький,sea_level,cm,2023-12-31,510.0,,-5.0,0.09999999999999964,0.20093769325731178,0.30093769325731146,Інв_№229_Щорічні_дані_про_режим_та_ресурси_вод_морів_і_морських.pdf,35
98025,с. Парутине,лим. Бузький,water_level,cm,2023-01-01,499.0,,-5.0,-0.009999999999999787,0.20093769325731178,0.190937693257312,Інв_№230_Щорічні_дані_про_режим_та_ресурси_вод_морів_і_морських.pdf,168
98025,с. Парутине,лим. Бузький,water_level,cm,2023-01-02,498.0,,-5.0,-0.019999999999999574,0.20093769325731178,0.1809376932573122,Інв_№230_Щорічні_дані_про_режим_та_ресурси_вод_морів_і_морських.pdf,168
98025,с. Парутине,лим. Бузький,water_level,cm,2023-01-03,502.0,,-5.0,0.019999999999999574,0.20093769325731178,0.22093769325731136,Інв_№230_Щорічні_дані_про_режим_та_ресурси_вод_морів_і_морських.pdf,168
98025,с. Парутине,лим. Бузький,water_level,cm,2023-01-04,488.0,,-5.0,-0.1200000000000001,0.20093769325731178,0.08093769325731168,Інв_№230_Щорічні_дані_про_режим_та_ресурси_вод_морів_і_морських.pdf,168
98025,с. Парутине,лим. Бузький,water_level,cm,2023-01-05,508.0,,-5.0,0.08000000000000007,0.20093769325731178,0.2809376932573119,Інв_№230_Щорічні_дані_про_режим_та_ресурси_вод_морів_і_морських.pdf,168
98025,с. Парутине,лим. Бузький,water_level,cm,2023-01-06,483.0,,-5.0,-0.16999999999999993,0.20093769325731178,0.030937693257311855,Інв_№230_Щорічні_дані_про_режим_та_ресурси_вод_морів_і_морських.pdf,168
98025,с. Парутине,лим. Бузький,water_level,cm,2023-01-07,485.0,,-5.0,-0.15000000000000036,0.20093769325731178,0.05093769325731143,Інв_№230_Щорічні_дані_про_режим_та_ресурси_вод_морів_і_морських.pdf,168
98025,с. Парутине,лим. Бузький,water_level,cm,2023-01-08,487.0,,-5.0,-0.1299999999999999,0.20093769325731178,0.07093769325731189,Інв_№230_Щорічні_дані_про_режим_та_ресурси_вод_морів_і_морських.pdf,168
98025,с. Парутине,лим. Бузький,water_level,cm,2023-01-09,499.0,,-5.0,-0.009999999999999787,0.20093769325731178,0.190937693257312,Інв_№230_Щорічні_дані_про_режим_та_ресурси_вод_морів_і_морських.pdf,168
98025,с. Парутине,лим. Бузький,water_level,cm,2023-01-10,490.0,,-5.0,-0.09999999999999964,0.20093769325731178,0.10093769325731214,Інв_№230_Щорічні_дані_про_режим_та_ресурси_вод_морів_і_морських.pdf,168
98025,с. Парутине,лим. Бузький,water_level,cm,2023-01-11,473.0,,-5.0,-0.2699999999999996,0.20093769325731178,-0.06906230674268779,Інв_№230_Щорічні_дані_про_режим_та_ресурси_вод_морів_і_морських.pdf,168
98025,с. Парутине,лим. Бузький,water_level,cm,2023-01-12,484.0,,-5.0,-0.16000000000000014,0.20093769325731178,0.04093769325731164,Інв_№230_Щорічні_дані_про_режим_та_ресурси_вод_морів_і_морських.pdf,168
98025,с. Парутине,лим. Бузький,water_level,cm,2023-01-13,482.0,,-5.0,-0.17999999999999972,0.20093769325731178,0.020937693257312068,Інв_№230_Щорічні_дані_про_режим_та_ресурси_вод_морів_і_морських.pdf,168
98025,с. Парутине,лим. Бузький,water_level,cm,2023-01-14,488.0,,-5.0,-0.1200000000000001,0.20093769325731178,0.08093769325731168,Інв_№230_Щорічні_дані_про_режим_та_ресурси_вод_морів_і_морських.pdf,168
98025,с. Парутине,лим. Бузький,water_level,cm,2023-01-15,490.0,,-5.0,-0.09999999999999964,0.20093769325731178,0.10093769325731214,Інв_№230_Щорічні_дані_про_режим_та_ресурси_вод_морів_і_морських.pdf,168
98025,с. Парутине,лим. Бузький,water_level,cm,2023-01-16,496.0,,-5.0,-0.040000000000000036,0.20093769325731178,0.16093769325731175,Інв_№230_Щорічні_дані_про_режим_та_ресурси_вод_морів_і_морських.pdf,168
98025,с. Парутине,лим. Бузький,water_level,cm,2023-01-17,512.0,,-5.0,0.1200000000000001,0.20093769325731178,0.3209376932573119,Інв_№230_Щорічні_дані_про_режим_та_ресурси_вод_морів_і_морських.pdf,168
98025,с. Парутине,лим. Бузький,water_level,cm,2023-01-18,512.0,,-5.0,0.1200000000000001,0.20093769325731178,0.3209376932573119,Інв_№230_Щорічні_дані_про_режим_та_ресурси_вод_морів_і_морських.pdf,168
98025,с. Парутине,лим. Бузький,water_level,cm,2023-01-19,508.0,,-5.0,0.08000000000000007,0.20093769325731178,0.2809376932573119,Інв_№230_Щорічні_дані_про_режим_та_ресурси_вод_морів_і_морських.pdf,168
98025,с. Парутине,лим. Бузький,water_level,cm,2023-01-20,494.0,,-5.0,-0.05999999999999961,0.20093769325731178,0.14093769325731217,Інв_№230_Щорічні_дані_про_режим_та_ресурси_вод_морів_і_морських.pdf,168
98025,с. Парутине,лим. Бузький,water_level,cm,2023-01-21,495.0,,-5.0,-0.04999999999999982,0.20093769325731178,0.15093769325731196,Інв_№230_Щорічні_дані_про_режим_та_ресурси_вод_морів_і_морських.pdf,168
98025,с. Парутине,лим. Бузький,water_level,cm,2023-01-22,483.0,,-5.0,-0.16999999999999993,0.20093769325731178,0.030937693257311855,Інв_№230_Щорічні_дані_про_режим_та_ресурси_вод_морів_і_морських.pdf,168
98025,с. Парутине,лим. Бузький,water_level,cm,2023-01-23,479.0,,-5.0,-0.20999999999999996,0.20093769325731178,-0.009062306742688181,Інв_№230_Щорічні_дані_про_режим_та_ресурси_вод_морів_і_морських.pdf,168
98025,с. Парутине,лим. Бузький,water_level,cm,2023-01-24,484.0,,-5.0,-0.16000000000000014,0.20093769325731178,0.04093769325731164,Інв_№230_Щорічні_дані_про_режим_та_ресурси_вод_морів_і_морських.pdf,168
98025,с. Парутине,лим. Бузький,water_level,cm,2023-01-25,483.0,,-5.0,-0.16999999999999993,0.20093769325731178,0.030937693257311855,Інв_№230_Щорічні_дані_про_режим_та_ресурси_вод_морів_і_морських.pdf,168
98025,с. Парутине,лим. Бузький,water_level,cm,2023-01-26,486.0,,-5.0,-0.13999999999999968,0.20093769325731178,0.0609376932573121,Інв_№230_Щорічні_дані_про_режим_та_ресурси_вод_морів_і_морських.pdf,168
98025,с. Парутине,лим. Бузький,water_level,cm,2023-01-27,482.0,,-5.0,-0.17999999999999972,0.20093769325731178,0.020937693257312068,Інв_№230_Щорічні_дані_про_режим_та_ресурси_вод_морів_і_морських.pdf,168
98025,с. Парутине,лим. Бузький,water_level,cm,2023-01-28,471.0,,-5.0,-0.29000000000000004,0.20093769325731178,-0.08906230674268825,Інв_№230_Щорічні_дані_про_режим_та_ресурси_вод_морів_і_морських.pdf,168
98025,с. Парутине,лим. Бузький,water_level,cm,2023-01-29,468.0,,-5.0,-0.3200000000000003,0.20093769325731178,-0.1190623067426885,Інв_№230_Щорічні_дані_про_режим_та_ресурси_вод_морів_і_морських.pdf,168
98025,с. Парутине,лим. Бузький,water_level,cm,2023-01-30,483.0,,-5.0,-0.16999999999999993,0.20093769325731178,0.030937693257311855,Інв_№230_Щорічні_дані_про_режим_та_ресурси_вод_морів_і_морських.pdf,168
98025,с. Парутине,лим. Бузький,water_level,cm,2023-01-31,486.0,,-5.0,-0.13999999999999968,0.20093769325731178,0.0609376932573121,Інв_№230_Щорічні_дані_про_режим_та_ресурси_вод_морів_і_морських.pdf,168
98025,с. Парутине,лим. Бузький,water_level,cm,2023-02-01,486.0,,-5.0,-0.13999999999999968,0.20093769325731178,0.0609376932573121,Інв_№230_Щорічні_дані_про_режим_та_ресурси_вод_морів_і_морських.pdf,168
98025,с. Парутине,лим. Бузький,water_level,cm,2023-02-02,490.0,,-5.0,-0.09999999999999964,0.20093769325731178,0.10093769325731214,Інв_№230_Щорічні_дані_про_режим_та_ресурси_вод_морів_і_морських.pdf,168
98025,с. Парутине,лим. Бузький,water_level,cm,2023-02-03,491.0,,-5.0,-0.08999999999999986,0.20093769325731178,0.11093769325731193,Інв_№230_Щорічні_дані_про_режим_та_ресурси_вод_морів_і_морських.pdf,168
98025,с. Парутине,лим. Бузький,water_level,cm,2023-02-04,489.0,,-5.0,-0.11000000000000032,0.20093769325731178,0.09093769325731146,Інв_№230_Щорічні_дані_про_режим_та_ресурси_вод_морів_і_морських.pdf,168
98025,с. Парутине,лим. Бузький,water_level,cm,2023-02-05,471.0,,-5.0,-0.29000000000000004,0.20093769325731178,-0.08906230674268825,Інв_№230_Щорічні_дані_про_режим_та_ресурси_вод_морів_і_морських.pdf,168
98025,с. Парутине,лим. Бузький,water_level,cm,2023-02-06,460.0,,-5.0,-0.40000000000000036,0.20093769325731178,-0.19906230674268857,Інв_№230_Щорічні_дані_про_режим_та_ресурси_вод_морів_і_морських.pdf,168
98025,с. Парутине,лим. Бузький,water_level,cm,2023-02-07,467.0,,-5.0,-0.33000000000000007,0.20093769325731178,-0.1290623067426883,Інв_№230_Щорічні_дані_про_режим_та_ресурси_вод_морів_і_морських.pdf,168
98025,с. Парутине,лим. Бузький,water_level,cm,2023-02-08,465.0,-,-5.0,-0.34999999999999964,0.20093769325731178,-0.14906230674268786,Інв_№230_Щорічні_дані_про_режим_та_ресурси_вод_морів_і_морських.pdf,168
98025,с. Парутине,лим. Бузький,water_level,cm,2023-02-09,487.0,-,-5.0,-0.1299999999999999,0.20093769325731178,0.07093769325731189,Інв_№230_Щорічні_дані_про_режим_та_ресурси_вод_морів_і_морських.pdf,168
98025,с. Парутине,лим. Бузький,water_level,cm,2023-02-10,489.0,І,-5.0,-0.11000000000000032,0.20093769325731178,0.09093769325731146,Інв_№230_Щорічні_дані_про_режим_та_ресурси_вод_морів_і_морських.pdf,168
98025,с. Парутине,лим. Бузький,water_level,cm,2023-02-11,485.0,І,-5.0,-0.15000000000000036,0.20093769325731178,0.05093769325731143,Інв_№230_Щорічні_дані_про_режим_та_ресурси_вод_морів_і_морських.pdf,168
98025,с. Парутине,лим. Бузький,water_level,cm,2023-02-12,479.0,І,-5.0,-0.20999999999999996,0.20093769325731178,-0.009062306742688181,Інв_№230_Щорічні_дані_про_режим_та_ресурси_вод_морів_і_морських.pdf,168
98025,с. Парутине,лим. Бузький,water_level,cm,2023-02-13,479.0,-,-5.0,-0.20999999999999996,0.20093769325731178,-0.009062306742688181,Інв_№230_Щорічні_дані_про_режим_та_ресурси_вод_морів_і_морських.pdf,168
98025,с. Парутине,лим. Бузький,water_level,cm,2023-02-14,475.0,,-5.0,-0.25,0.20093769325731178,-0.049062306742688216,Інв_№230_Щорічні_дані_про_режим_та_ресурси_вод_морів_і_морських.pdf,168
98025,с. Парутине,лим. Бузький,water_level,cm,2023-02-15,473.0,,-5.0,-0.2699999999999996,0.20093769325731178,-0.06906230674268779,Інв_№230_Щорічні_дані_про_режим_та_ресурси_вод_морів_і_морських.pdf,168
98025,с. Парутине,лим. Бузький,water_level,cm,2023-02-16,487.0,,-5.0,-0.1299999999999999,0.20093769325731178,0.07093769325731189,Інв_№230_Щорічні_дані_про_режим_та_ресурси_вод_морів_і_морських.pdf,168
98025,с. Парутине,лим. Бузький,water_level,cm,2023-02-17,499.0,,-5.0,-0.009999999999999787,0.20093769325731178,0.190937693257312,Інв_№230_Щорічні_дані_про_режим_та_ресурси_вод_морів_і_морських.pdf,168
98025,с. Парутине,лим. Бузький,water_level,cm,2023-02-18,502.0,,-5.0,0.019999999999999574,0.20093769325731178,0.22093769325731136,Інв_№230_Щорічні_дані_про_режим_та_ресурси_вод_морів_і_морських.pdf,168
98025,с. Парутине,лим. Бузький,water_level,cm,2023-02-19,497.0,,-5.0,-0.03000000000000025,0.20093769325731178,0.17093769325731153,Інв_№230_Щорічні_дані_про_режим_та_ресурси_вод_морів_і_морських.pdf,168
98025,с. Парутине,лим. Бузький,water_level,cm,2023-02-20,488.0,,-5.0,-0.1200000000000001,0.20093769325731178,0.08093769325731168,Інв_№230_Щорічні_дані_про_режим_та_ресурси_вод_морів_і_морських.pdf,168
98025,с. Парутине,лим. Бузький,water_level,cm,2023-02-21,508.0,,-5.0,0.08000000000000007,0.20093769325731178,0.2809376932573119,Інв_№230_Щорічні_дані_про_режим_та_ресурси_вод_морів_і_морських.pdf,168
98025,с. Парутине,лим. Бузький,water_level,cm,2023-02-22,485.0,,-5.0,-0.15000000000000036,0.20093769325731178,0.05093769325731143,Інв_№230_Щорічні_дані_про_режим_та_ресурси_вод_морів_і_морських.pdf,168
98025,с. Парутине,лим. Бузький,water_level,cm,2023-02-23,480.0,,-5.0,-0.20000000000000018,0.20093769325731178,0.0009376932573116059,Інв_№230_Щорічні_дані_про_режим_та_ресурси_вод_морів_і_морських.pdf,168
98025,с. Парутине,лим. Бузький,water_level,cm,2023-02-24,505.0,,-5.0,0.04999999999999982,0.20093769325731178,0.25093769325731163,Інв_№230_Щорічні_дані_про_режим_та_ресурси_вод_морів_і_морських.pdf,168
98025,с. Парутине,лим. Бузький,water_level,cm,2023-02-25,508.0,,-5.0,0.08000000000000007,0.20093769325731178,0.2809376932573119,Інв_№230_Щорічні_дані_про_режим_та_ресурси_вод_морів_і_морських.pdf,168
98025,с. Парутине,лим. Бузький,water_level,cm,2023-02-26,492.0,,-5.0,-0.08000000000000007,0.20093769325731178,0.12093769325731171,Інв_№230_Щорічні_дані_про_режим_та_ресурси_вод_морів_і_морських.pdf,168
98025,с. Парутине,лим. Бузький,water_level,cm,2023-02-27,494.0,,-5.0,-0.05999999999999961,0.20093769325731178,0.14093769325731217,Інв_№230_Щорічні_дані_про_режим_та_ресурси_вод_морів_і_морських.pdf,168
98025,с. Парутине,лим. Бузький,water_level,cm,2023-02-28,480.0,,-5.0,-0.20000000000000018,0.20093769325731178,0.0009376932573116059,Інв_№230_Щорічні_дані_про_режим_та_ресурси_вод_морів_і_морських.pdf,168
98025,с. Парутине,лим. Бузький,water_level,cm,2023-03-01,486.0,,-5.0,-0.13999999999999968,0.20093769325731178,0.0609376932573121,Інв_№230_Щорічні_дані_про_режим_та_ресурси_вод_морів_і_морських.pdf,168
98025,с. Парутине,лим. Бузький,water_level,cm,2023-03-02,483.0,,-5.0,-0.16999999999999993,0.20093769325731178,0.030937693257311855,Інв_№230_Щорічні_дані_про_режим_та_ресурси_вод_морів_і_морських.pdf,168
98025,с. Парутине,лим. Бузький,water_level,cm,2023-03-03,487.0,,-5.0,-0.1299999999999999,0.20093769325731178,0.07093769325731189,Інв_№230_Щорічні_дані_про_режим_та_ресурси_вод_морів_і_морських.pdf,168
98025,с. Парутине,лим. Бузький,water_level,cm,2023-03-04,482.0,,-5.0,-0.17999999999999972,0.20093769325731178,0.020937693257312068,Інв_№230_Щорічні_дані_про_режим_та_ресурси_вод_морів_і_морських.pdf,168
98025,с. Парутине,лим. Бузький,water_level,cm,2023-03-05,487.0,,-5.0,-0.1299999999999999,0.20093769325731178,0.07093769325731189,Інв_№230_Щорічні_дані_про_режим_та_ресурси_вод_морів_і_морських.pdf,168
98025,с. Парутине,лим. Бузький,water_level,cm,2023-03-06,487.0,,-5.0,-0.1299999999999999,0.20093769325731178,0.07093769325731189,Інв_№230_Щорічні_дані_про_режим_та_ресурси_вод_морів_і_морських.pdf,168
98025,с. Парутине,лим. Бузький,water_level,cm,2023-03-07,502.0,,-5.0,0.019999999999999574,0.20093769325731178,0.22093769325731136,Інв_№230_Щорічні_дані_про_режим_та_ресурси_вод_морів_і_морських.pdf,168
98025,с. Парутине,лим. Бузький,water_level,cm,2023-03-08,501.0,,-5.0,0.009999999999999787,0.20093769325731178,0.21093769325731157,Інв_№230_Щорічні_дані_про_режим_та_ресурси_вод_морів_і_морських.pdf,168
98025,с. Парутине,лим. Бузький,water_level,cm,2023-03-09,501.0,,-5.0,0.009999999999999787,0.20093769325731178,0.21093769325731157,Інв_№230_Щорічні_дані_про_режим_та_ресурси_вод_морів_і_морських.pdf,168
98025,с. Парутине,лим. Бузький,water_level,cm,2023-03-10,496.0,,-5.0,-0.040000000000000036,0.20093769325731178,0.16093769325731175,Інв_№230_Щорічні_дані_про_режим_та_ресурси_вод_морів_і_морських.pdf,168
98025,с. Парутине,лим. Бузький,water_level,cm,2023-03-11,508.0,,-5.0,0.08000000000000007,0.20093769325731178,0.2809376932573119,Інв_№230_Щорічні_дані_про_режим_та_ресурси_вод_морів_і_морських.pdf,168
98025,с. Парутине,лим. Бузький,water_level,cm,2023-03-12,492.0,,-5.0,-0.08000000000000007,0.20093769325731178,0.12093769325731171,Інв_№230_Щорічні_дані_про_режим_та_ресурси_вод_морів_і_морських.pdf,168
98025,с. Парутине,лим. Бузький,water_level,cm,2023-03-13,490.0,,-5.0,-0.09999999999999964,0.20093769325731178,0.10093769325731214,Інв_№230_Щорічні_дані_про_режим_та_ресурси_вод_морів_і_морських.pdf,168
98025,с. Парутине,лим. Бузький,water_level,cm,2023-03-14,496.0,,-5.0,-0.040000000000000036,0.20093769325731178,0.16093769325731175,Інв_№230_Щорічні_дані_про_режим_та_ресурси_вод_морів_і_морських.pdf,168
98025,с. Парутине,лим. Бузький,water_level,cm,2023-03-15,498.0,,-5.0,-0.019999999999999574,0.20093769325731178,0.1809376932573122,Інв_№230_Щорічні_дані_про_режим_та_ресурси_вод_морів_і_морських.pdf,168
98025,с. Парутине,лим. Бузький,water_level,cm,2023-03-16,489.0,,-5.0,-0.11000000000000032,0.20093769325731178,0.09093769325731146,Інв_№230_Щорічні_дані_про_режим_та_ресурси_вод_морів_і_морських.pdf,168
98025,с. Парутине,лим. Бузький,water_level,cm,2023-03-17,479.0,,-5.0,-0.20999999999999996,0.20093769325731178,-0.009062306742688181,Інв_№230_Щорічні_дані_про_режим_та_ресурси_вод_морів_і_морських.pdf,168
98025,с. Парутине,лим. Бузький,water_level,cm,2023-03-18,489.0,,-5.0,-0.11000000000000032,0.20093769325731178,0.09093769325731146,Інв_№230_Щорічні_дані_про_режим_та_ресурси_вод_морів_і_морських.pdf,168
98025,с. Парутине,лим. Бузький,water_level,cm,2023-03-19,486.0,,-5.0,-0.13999999999999968,0.20093769325731178,0.0609376932573121,Інв_№230_Щорічні_дані_про_режим_та_ресурси_вод_морів_і_морських.pdf,168
98025,с. Парутине,лим. Бузький,water_level,cm,2023-03-20,493.0,,-5.0,-0.07000000000000028,0.20093769325731178,0.1309376932573115,Інв_№230_Щорічні_дані_про_режим_та_ресурси_вод_морів_і_морських.pdf,168
98025,с. Парутине,лим. Бузький,water_level,cm,2023-03-21,499.0,,-5.0,-0.009999999999999787,0.20093769325731178,0.190937693257312,Інв_№230_Щорічні_дані_про_режим_та_ресурси_вод_морів_і_морських.pdf,168
98025,с. Парутине,лим. Бузький,water_level,cm,2023-03-22,492.0,,-5.0,-0.08000000000000007,0.20093769325731178,0.12093769325731171,Інв_№230_Щорічні_дані_про_режим_та_ресурси_вод_морів_і_морських.pdf,168
98025,с. Парутине,лим. Бузький,water_level,cm,2023-03-23,491.0,,-5.0,-0.08999999999999986,0.20093769325731178,0.11093769325731193,Інв_№230_Щорічні_дані_про_режим_та_ресурси_вод_морів_і_морських.pdf,168
98025,с. Парутине,лим. Бузький,water_level,cm,2023-03-24,494.0,,-5.0,-0.05999999999999961,0.20093769325731178,0.14093769325731217,Інв_№230_Щорічні_дані_про_режим_та_ресурси_вод_морів_і_морських.pdf,168
98025,с. Парутине,лим. Бузький,water_level,cm,2023-03-25,502.0,,-5.0,0.019999999999999574,0.20093769325731178,0.22093769325731136,Інв_№230_Щорічні_дані_про_режим_та_ресурси_вод_морів_і_морських.pdf,168
98025,с. Парутине,лим. Бузький,water_level,cm,2023-03-26,504.0,,-5.0,0.040000000000000036,0.20093769325731178,0.24093769325731182,Інв_№230_Щорічні_дані_про_режим_та_ресурси_вод_морів_і_морських.pdf,168
98025,с. Парутине,лим. Бузький,water_level,cm,2023-03-27,501.0,,-5.0,0.009999999999999787,0.20093769325731178,0.21093769325731157,Інв_№230_Щорічні_дані_про_режим_та_ресурси_вод_морів_і_морських.pdf,168
98025,с. Парутине,лим. Бузький,water_level,cm,2023-03-28,514.0,,-5.0,0.13999999999999968,0.20093769325731178,0.3409376932573115,Інв_№230_Щорічні_дані_про_режим_та_ресурси_вод_морів_і_морських.pdf,168
98025,с. Парутине,лим. Бузький,water_level,cm,2023-03-29,483.0,,-5.0,-0.16999999999999993,0.20093769325731178,0.030937693257311855,Інв_№230_Щорічні_дані_про_режим_та_ресурси_вод_морів_і_морських.pdf,168
98025,с. Парутине,лим. Бузький,water_level,cm,2023-03-30,498.0,,-5.0,-0.019999999999999574,0.20093769325731178,0.1809376932573122,Інв_№230_Щорічні_дані_про_режим_та_ресурси_вод_морів_і_морських.pdf,168
98025,с. Парутине,лим. Бузький,water_level,cm,2023-03-31,509.0,,-5.0,0.08999999999999986,0.20093769325731178,0.29093769325731167,Інв_№230_Щорічні_дані_про_режим_та_ресурси_вод_морів_і_морських.pdf,168
98025,с. Парутине,лим. Бузький,water_level,cm,2023-04-01,507.0,,-5.0,0.07000000000000028,0.20093769325731178,0.2709376932573121,Інв_№230_Щорічні_дані_про_режим_та_ресурси_вод_морів_і_морських.pdf,168
98025,с. Парутине,лим. Бузький,water_level,cm,2023-04-02,507.0,,-5.0,0.07000000000000028,0.20093769325731178,0.2709376932573121,Інв_№230_Щорічні_дані_про_режим_та_ресурси_вод_морів_і_морських.pdf,168
98025,с. Парутине,лим. Бузький,water_level,cm,2023-04-03,503.0,,-5.0,0.03000000000000025,0.20093769325731178,0.23093769325731203,Інв_№230_Щорічні_дані_про_режим_та_ресурси_вод_морів_і_морських.pdf,168
98025,с. Парутине,лим. Бузький,water_level,cm,2023-04-04,491.0,,-5.0,-0.08999999999999986,0.20093769325731178,0.11093769325731193,Інв_№230_Щорічні_дані_про_режим_та_ресурси_вод_морів_і_морських.pdf,168
98025,с. Парутине,лим. Бузький,water_level,cm,2023-04-05,501.0,,-5.0,0.009999999999999787,0.20093769325731178,0.21093769325731157,Інв_№230_Щорічні_дані_про_режим_та_ресурси_вод_морів_і_морських.pdf,168
98025,с. Парутине,лим. Бузький,water_level,cm,2023-04-06,515.0,,-5.0,0.15000000000000036,0.20093769325731178,0.35093769325731217,Інв_№230_Щорічні_дані_про_режим_та_ресурси_вод_морів_і_морських.pdf,168
98025,с. Парутине,лим. Бузький,water_level,cm,2023-04-07,499.0,,-5.0,-0.009999999999999787,0.20093769325731178,0.190937693257312,Інв_№230_Щорічні_дані_про_режим_та_ресурси_вод_морів_і_морських.pdf,168
98025,с. Парутине,лим. Бузький,water_level,cm,2023-04-08,501.0,,-5.0,0.009999999999999787,0.20093769325731178,0.21093769325731157,Інв_№230_Щорічні_дані_про_режим_та_ресурси_вод_морів_і_морських.pdf,168
98025,с. Парутине,лим. Бузький,water_level,cm,2023-04-09,497.0,,-5.0,-0.03000000000000025,0.20093769325731178,0.17093769325731153,Інв_№230_Щорічні_дані_про_режим_та_ресурси_вод_морів_і_морських.pdf,168
98025,с. Парутине,лим. Бузький,water_level,cm,2023-04-10,487.0,,-5.0,-0.1299999999999999,0.20093769325731178,0.07093769325731189,Інв_№230_Щорічні_дані_про_режим_та_ресурси_вод_морів_і_морських.pdf,168
98025,с. Парутине,лим. Бузький,water_level,cm,2023-04-11,490.0,,-5.0,-0.09999999999999964,0.20093769325731178,0.10093769325731214,Інв_№230_Щорічні_дані_про_режим_та_ресурси_вод_морів_і_морських.pdf,168
98025,с. Парутине,лим. Бузький,water_level,cm,2023-04-12,500.0,,-5.0,0.0,0.20093769325731178,0.20093769325731178,Інв_№230_Щорічні_дані_про_режим_та_ресурси_вод_морів_і_морських.pdf,168
98025,с. Парутине,лим. Бузький,water_level,cm,2023-04-13,501.0,,-5.0,0.009999999999999787,0.20093769325731178,0.21093769325731157,Інв_№230_Щорічні_дані_про_режим_та_ресурси_вод_морів_і_морських.pdf,168
98025,с. Парутине,лим. Бузький,water_level,cm,2023-04-14,499.0,,-5.0,-0.009999999999999787,0.20093769325731178,0.190937693257312,Інв_№230_Щорічні_дані_про_режим_та_ресурси_вод_морів_і_морських.pdf,168
98025,с. Парутине,лим. Бузький,water_level,cm,2023-04-15,500.0,,-5.0,0.0,0.20093769325731178,0.20093769325731178,Інв_№230_Щорічні_дані_про_режим_та_ресурси_вод_морів_і_морських.pdf,168
98025,с. Парутине,лим. Бузький,water_level,cm,2023-04-16,501.0,,-5.0,0.009999999999999787,0.20093769325731178,0.21093769325731157,Інв_№230_Щорічні_дані_про_режим_та_ресурси_вод_морів_і_морських.pdf,168
98025,с. Парутине,лим. Бузький,water_level,cm,2023-04-17,503.0,,-5.0,0.03000000000000025,0.20093769325731178,0.23093769325731203,Інв_№230_Щорічні_дані_про_режим_та_ресурси_вод_морів_і_морських.pdf,168
98025,с. Парутине,лим. Бузький,water_level,cm,2023-04-18,496.0,,-5.0,-0.040000000000000036,0.20093769325731178,0.16093769325731175,Інв_№230_Щорічні_дані_про_режим_та_ресурси_вод_морів_і_морських.pdf,168
98025,с. Парутине,лим. Бузький,water_level,cm,2023-04-19,500.0,,-5.0,0.0,0.20093769325731178,0.20093769325731178,Інв_№230_Щорічні_дані_про_режим_та_ресурси_вод_морів_і_морських.pdf,168
98025,с. Парутине,лим. Бузький,water_level,cm,2023-04-20,503.0,,-5.0,0.03000000000000025,0.20093769325731178,0.23093769325731203,Інв_№230_Щорічні_дані_про_режим_та_ресурси_вод_морів_і_морських.pdf,168
98025,с. Парутине,лим. Бузький,water_level,cm,2023-04-21,502.0,,-5.0,0.019999999999999574,0.20093769325731178,0.22093769325731136,Інв_№230_Щорічні_дані_про_режим_та_ресурси_вод_морів_і_морських.pdf,168
98025,с. Парутине,лим. Бузький,water_level,cm,2023-04-22,500.0,,-5.0,0.0,0.20093769325731178,0.20093769325731178,Інв_№230_Щорічні_дані_про_режим_та_ресурси_вод_морів_і_морських.pdf,168
98025,с. Парутине,лим. Бузький,water_level,cm,2023-04-23,503.0,,-5.0,0.03000000000000025,0.20093769325731178,0.23093769325731203,Інв_№230_Щорічні_дані_про_режим_та_ресурси_вод_морів_і_морських.pdf,168
98025,с. Парутине,лим. Бузький,water_level,cm,2023-04-24,502.0,,-5.0,0.019999999999999574,0.20093769325731178,0.22093769325731136,Інв_№230_Щорічні_дані_про_режим_та_ресурси_вод_морів_і_морських.pdf,168
98025,с. Парутине,лим. Бузький,water_level,cm,2023-04-25,501.0,,-5.0,0.009999999999999787,0.20093769325731178,0.21093769325731157,Інв_№230_Щорічні_дані_про_режим_та_ресурси_вод_морів_і_морських.pdf,168
98025,с. Парутине,лим. Бузький,water_level,cm,2023-04-26,506.0,,-5.0,0.05999999999999961,0.20093769325731178,0.2609376932573114,Інв_№230_Щорічні_дані_про_режим_та_ресурси_вод_морів_і_морських.pdf,168
98025,с. Парутине,лим. Бузький,water_level,cm,2023-04-27,492.0,,-5.0,-0.08000000000000007,0.20093769325731178,0.12093769325731171,Інв_№230_Щорічні_дані_про_режим_та_ресурси_вод_морів_і_морських.pdf,168
98025,с. Парутине,лим. Бузький,water_level,cm,2023-04-28,477.0,,-5.0,-0.23000000000000043,0.20093769325731178,-0.029062306742688643,Інв_№230_Щорічні_дані_про_режим_та_ресурси_вод_морів_і_морських.pdf,168
98025,с. Парутине,лим. Бузький,water_level,cm,2023-04-29,485.0,,-5.0,-0.15000000000000036,0.20093769325731178,0.05093769325731143,Інв_№230_Щорічні_дані_про_режим_та_ресурси_вод_морів_і_морських.pdf,168
98025,с. Парутине,лим. Бузький,water_level,cm,2023-04-30,501.0,,-5.0,0.009999999999999787,0.20093769325731178,0.21093769325731157,Інв_№230_Щорічні_дані_про_режим_та_ресурси_вод_морів_і_морських.pdf,168
98025,с. Парутине,лим. Бузький,water_level,cm,2023-05-01,504.0,,-5.0,0.040000000000000036,0.20093769325731178,0.24093769325731182,Інв_№230_Щорічні_дані_про_режим_та_ресурси_вод_морів_і_морських.pdf,168
98025,с. Парутине,лим. Бузький,water_level,cm,2023-05-02,501.0,,-5.0,0.009999999999999787,0.20093769325731178,0.21093769325731157,Інв_№230_Щорічні_дані_про_режим_та_ресурси_вод_морів_і_морських.pdf,168
98025,с. Парутине,лим. Бузький,water_level,cm,2023-05-03,504.0,,-5.0,0.040000000000000036,0.20093769325731178,0.24093769325731182,Інв_№230_Щорічні_дані_про_режим_та_ресурси_вод_морів_і_морських.pdf,168
98025,с. Парутине,лим. Бузький,water_level,cm,2023-05-04,505.0,,-5.0,0.04999999999999982,0.20093769325731178,0.25093769325731163,Інв_№230_Щорічні_дані_про_режим_та_ресурси_вод_морів_і_морських.pdf,168
98025,с. Парутине,лим. Бузький,water_level,cm,2023-05-05,507.0,,-5.0,0.07000000000000028,0.20093769325731178,0.2709376932573121,Інв_№230_Щорічні_дані_про_режим_та_ресурси_вод_морів_і_морських.pdf,168
98025,с. Парутине,лим. Бузький,water_level,cm,2023-05-06,493.0,,-5.0,-0.07000000000000028,0.20093769325731178,0.1309376932573115,Інв_№230_Щорічні_дані_про_режим_та_ресурси_вод_морів_і_морських.pdf,168
98025,с. Парутине,лим. Бузький,water_level,cm,2023-05-07,496.0,,-5.0,-0.040000000000000036,0.20093769325731178,0.16093769325731175,Інв_№230_Щорічні_дані_про_режим_та_ресурси_вод_морів_і_морських.pdf,168
98025,с. Парутине,лим. Бузький,water_level,cm,2023-05-08,502.0,,-5.0,0.019999999999999574,0.20093769325731178,0.22093769325731136,Інв_№230_Щорічні_дані_про_режим_та_ресурси_вод_морів_і_морських.pdf,168
98025,с. Парутине,лим. Бузький,water_level,cm,2023-05-09,499.0,,-5.0,-0.009999999999999787,0.20093769325731178,0.190937693257312,Інв_№230_Щорічні_дані_про_режим_та_ресурси_вод_морів_і_морських.pdf,168
98025,с. Парутине,лим. Бузький,water_level,cm,2023-05-10,502.0,,-5.0,0.019999999999999574,0.20093769325731178,0.22093769325731136,Інв_№230_Щорічні_дані_про_режим_та_ресурси_вод_морів_і_морських.pdf,168
98025,с. Парутине,лим. Бузький,water_level,cm,2023-05-11,498.0,,-5.0,-0.019999999999999574,0.20093769325731178,0.1809376932573122,Інв_№230_Щорічні_дані_про_режим_та_ресурси_вод_морів_і_морських.pdf,168
98025,с. Парутине,лим. Бузький,water_level,cm,2023-05-12,496.0,,-5.0,-0.040000000000000036,0.20093769325731178,0.16093769325731175,Інв_№230_Щорічні_дані_про_режим_та_ресурси_вод_морів_і_морських.pdf,168
98025,с. Парутине,лим. Бузький,water_level,cm,2023-05-13,498.0,,-5.0,-0.019999999999999574,0.20093769325731178,0.1809376932573122,Інв_№230_Щорічні_дані_про_режим_та_ресурси_вод_морів_і_морських.pdf,168
98025,с. Парутине,лим. Бузький,water_level,cm,2023-05-14,505.0,,-5.0,0.04999999999999982,0.20093769325731178,0.25093769325731163,Інв_№230_Щорічні_дані_про_режим_та_ресурси_вод_морів_і_морських.pdf,168
98025,с. Парутине,лим. Бузький,water_level,cm,2023-05-15,507.0,,-5.0,0.07000000000000028,0.20093769325731178,0.2709376932573121,Інв_№230_Щорічні_дані_про_режим_та_ресурси_вод_морів_і_морських.pdf,168
98025,с. Парутине,лим. Бузький,water_level,cm,2023-05-16,505.0,,-5.0,0.04999999999999982,0.20093769325731178,0.25093769325731163,Інв_№230_Щорічні_дані_про_режим_та_ресурси_вод_морів_і_морських.pdf,168
98025,с. Парутине,лим. Бузький,water_level,cm,2023-05-17,505.0,,-5.0,0.04999999999999982,0.20093769325731178,0.25093769325731163,Інв_№230_Щорічні_дані_про_режим_та_ресурси_вод_морів_і_морських.pdf,168
98025,с. Парутине,лим. Бузький,water_level,cm,2023-05-18,506.0,,-5.0,0.05999999999999961,0.20093769325731178,0.2609376932573114,Інв_№230_Щорічні_дані_про_режим_та_ресурси_вод_морів_і_морських.pdf,168
98025,с. Парутине,лим. Бузький,water_level,cm,2023-05-19,502.0,,-5.0,0.019999999999999574,0.20093769325731178,0.22093769325731136,Інв_№230_Щорічні_дані_про_режим_та_ресурси_вод_морів_і_морських.pdf,168
98025,с. Парутине,лим. Бузький,water_level,cm,2023-05-20,501.0,,-5.0,0.009999999999999787,0.20093769325731178,0.21093769325731157,Інв_№230_Щорічні_дані_про_режим_та_ресурси_вод_морів_і_морських.pdf,168
98025,с. Парутине,лим. Бузький,water_level,cm,2023-05-21,500.0,,-5.0,0.0,0.20093769325731178,0.20093769325731178,Інв_№230_Щорічні_дані_про_режим_та_ресурси_вод_морів_і_морських.pdf,168
98025,с. Парутине,лим. Бузький,water_level,cm,2023-05-22,500.0,,-5.0,0.0,0.20093769325731178,0.20093769325731178,Інв_№230_Щорічні_дані_про_режим_та_ресурси_вод_морів_і_морських.pdf,168
98025,с. Парутине,лим. Бузький,water_level,cm,2023-05-23,504.0,,-5.0,0.040000000000000036,0.20093769325731178,0.24093769325731182,Інв_№230_Щорічні_дані_про_режим_та_ресурси_вод_морів_і_морських.pdf,168
98025,с. Парутине,лим. Бузький,water_level,cm,2023-05-24,504.0,,-5.0,0.040000000000000036,0.20093769325731178,0.24093769325731182,Інв_№230_Щорічні_дані_про_режим_та_ресурси_вод_морів_і_морських.pdf,168
98025,с. Парутине,лим. Бузький,water_level,cm,2023-05-25,503.0,,-5.0,0.03000000000000025,0.20093769325731178,0.23093769325731203,Інв_№230_Щорічні_дані_про_режим_та_ресурси_вод_морів_і_морських.pdf,168
98025,с. Парутине,лим. Бузький,water_level,cm,2023-05-26,500.0,,-5.0,0.0,0.20093769325731178,0.20093769325731178,Інв_№230_Щорічні_дані_про_режим_та_ресурси_вод_морів_і_морських.pdf,168
98025,с. Парутине,лим. Бузький,water_level,cm,2023-05-27,502.0,,-5.0,0.019999999999999574,0.20093769325731178,0.22093769325731136,Інв_№230_Щорічні_дані_про_режим_та_ресурси_вод_морів_і_морських.pdf,168
98025,с. Парутине,лим. Бузький,water_level,cm,2023-05-28,498.0,,-5.0,-0.019999999999999574,0.20093769325731178,0.1809376932573122,Інв_№230_Щорічні_дані_про_режим_та_ресурси_вод_морів_і_морських.pdf,168
98025,с. Парутине,лим. Бузький,water_level,cm,2023-05-29,500.0,,-5.0,0.0,0.20093769325731178,0.20093769325731178,Інв_№230_Щорічні_дані_про_режим_та_ресурси_вод_морів_і_морських.pdf,168
98025,с. Парутине,лим. Бузький,water_level,cm,2023-05-30,503.0,,-5.0,0.03000000000000025,0.20093769325731178,0.23093769325731203,Інв_№230_Щорічні_дані_про_режим_та_ресурси_вод_морів_і_морських.pdf,168
98025,с. Парутине,лим. Бузький,water_level,cm,2023-05-31,500.0,,-5.0,0.0,0.20093769325731178,0.20093769325731178,Інв_№230_Щорічні_дані_про_режим_та_ресурси_вод_морів_і_морських.pdf,168
98025,с. Парутине,лим. Бузький,water_level,cm,2023-06-01,505.0,,-5.0,0.04999999999999982,0.20093769325731178,0.25093769325731163,Інв_№230_Щорічні_дані_про_режим_та_ресурси_вод_морів_і_морських.pdf,168
98025,с. Парутине,лим. Бузький,water_level,cm,2023-06-02,510.0,,-5.0,0.09999999999999964,0.20093769325731178,0.30093769325731146,Інв_№230_Щорічні_дані_про_режим_та_ресурси_вод_морів_і_морських.pdf,168
98025,с. Парутине,лим. Бузький,water_level,cm,2023-06-03,501.0,,-5.0,0.009999999999999787,0.20093769325731178,0.21093769325731157,Інв_№230_Щорічні_дані_про_режим_та_ресурси_вод_морів_і_морських.pdf,168
98025,с. Парутине,лим. Бузький,water_level,cm,2023-06-04,495.0,,-5.0,-0.04999999999999982,0.20093769325731178,0.15093769325731196,Інв_№230_Щорічні_дані_про_режим_та_ресурси_вод_морів_і_морських.pdf,168
98025,с. Парутине,лим. Бузький,water_level,cm,2023-06-05,497.0,,-5.0,-0.03000000000000025,0.20093769325731178,0.17093769325731153,Інв_№230_Щорічні_дані_про_режим_та_ресурси_вод_морів_і_морських.pdf,168
98025,с. Парутине,лим. Бузький,water_level,cm,2023-06-06,515.0,/,-5.0,0.15000000000000036,0.20093769325731178,0.35093769325731217,Інв_№230_Щорічні_дані_про_режим_та_ресурси_вод_морів_і_морських.pdf,168
98025,с. Парутине,лим. Бузький,water_level,cm,2023-06-07,568.0,/,-5.0,0.6799999999999997,0.20093769325731178,0.8809376932573115,Інв_№230_Щорічні_дані_про_режим_та_ресурси_вод_морів_і_морських.pdf,168
98025,с. Парутине,лим. Бузький,water_level,cm,2023-06-08,595.0,/,-5.0,0.9500000000000002,0.20093769325731178,1.1509376932573119,Інв_№230_Щорічні_дані_про_режим_та_ресурси_вод_морів_і_морських.pdf,168
98025,с. Парутине,лим. Бузький,water_level,cm,2023-06-09,595.0,/,-5.0,0.9500000000000002,0.20093769325731178,1.1509376932573119,Інв_№230_Щорічні_дані_про_режим_та_ресурси_вод_морів_і_морських.pdf,168
98025,с. Парутине,лим. Бузький,water_level,cm,2023-06-10,581.0,/,-5.0,0.8099999999999996,0.20093769325731178,1.0109376932573113,Інв_№230_Щорічні_дані_про_режим_та_ресурси_вод_морів_і_морських.pdf,168
98025,с. Парутине,лим. Бузький,water_level,cm,2023-06-11,561.0,/,-5.0,0.6100000000000003,0.20093769325731178,0.8109376932573121,Інв_№230_Щорічні_дані_про_режим_та_ресурси_вод_морів_і_морських.pdf,168
98025,с. Парутине,лим. Бузький,water_level,cm,2023-06-12,543.0,/,-5.0,0.4299999999999997,0.20093769325731178,0.6309376932573115,Інв_№230_Щорічні_дані_про_режим_та_ресурси_вод_морів_і_морських.pdf,168
98025,с. Парутине,лим. Бузький,water_level,cm,2023-06-13,536.0,/,-5.0,0.3600000000000003,0.20093769325731178,0.5609376932573121,Інв_№230_Щорічні_дані_про_режим_та_ресурси_вод_морів_і_морських.pdf,168
98025,с. Парутине,лим. Бузький,water_level,cm,2023-06-14,527.0,/,-5.0,0.2699999999999996,0.20093769325731178,0.4709376932573114,Інв_№230_Щорічні_дані_про_режим_та_ресурси_вод_морів_і_морських.pdf,168
98025,с. Парутине,лим. Бузький,water_level,cm,2023-06-15,525.0,/,-5.0,0.25,0.20093769325731178,0.4509376932573118,Інв_№230_Щорічні_дані_про_режим_та_ресурси_вод_морів_і_морських.pdf,168
98025,с. Парутине,лим. Бузький,water_level,cm,2023-06-16,521.0,,-5.0,0.20999999999999996,0.20093769325731178,0.4109376932573118,Інв_№230_Щорічні_дані_про_режим_та_ресурси_вод_морів_і_морських.pdf,168
98025,с. Парутине,лим. Бузький,water_level,cm,2023-06-17,514.0,,-5.0,0.13999999999999968,0.20093769325731178,0.3409376932573115,Інв_№230_Щорічні_дані_про_режим_та_ресурси_вод_морів_і_морських.pdf,168
98025,с. Парутине,лим. Бузький,water_level,cm,2023-06-18,511.0,,-5.0,0.11000000000000032,0.20093769325731178,0.31093769325731213,Інв_№230_Щорічні_дані_про_режим_та_ресурси_вод_морів_і_морських.pdf,168
98025,с. Парутине,лим. Бузький,water_level,cm,2023-06-19,512.0,,-5.0,0.1200000000000001,0.20093769325731178,0.3209376932573119,Інв_№230_Щорічні_дані_про_режим_та_ресурси_вод_морів_і_морських.pdf,168
98025,с. Парутине,лим. Бузький,water_level,cm,2023-06-20,513.0,,-5.0,0.1299999999999999,0.20093769325731178,0.3309376932573117,Інв_№230_Щорічні_дані_про_режим_та_ресурси_вод_морів_і_морських.pdf,168
98025,с. Парутине,лим. Бузький,water_level,cm,2023-06-21,512.0,,-5.0,0.1200000000000001,0.20093769325731178,0.3209376932573119,Інв_№230_Щорічні_дані_про_режим_та_ресурси_вод_морів_і_морських.pdf,168
98025,с. Парутине,лим. Бузький,water_level,cm,2023-06-22,508.0,,-5.0,0.08000000000000007,0.20093769325731178,0.2809376932573119,Інв_№230_Щорічні_дані_про_режим_та_ресурси_вод_морів_і_морських.pdf,168
98025,с. Парутине,лим. Бузький,water_level,cm,2023-06-23,514.0,,-5.0,0.13999999999999968,0.20093769325731178,0.3409376932573115,Інв_№230_Щорічні_дані_про_режим_та_ресурси_вод_морів_і_морських.pdf,168
98025,с. Парутине,лим. Бузький,water_level,cm,2023-06-24,518.0,,-5.0,0.17999999999999972,0.20093769325731178,0.3809376932573115,Інв_№230_Щорічні_дані_про_режим_та_ресурси_вод_морів_і_морських.pdf,168
98025,с. Парутине,лим. Бузький,water_level,cm,2023-06-25,512.0,,-5.0,0.1200000000000001,0.20093769325731178,0.3209376932573119,Інв_№230_Щорічні_дані_про_режим_та_ресурси_вод_морів_і_морських.pdf,168
98025,с. Парутине,лим. Бузький,water_level,cm,2023-06-26,502.0,,-5.0,0.019999999999999574,0.20093769325731178,0.22093769325731136,Інв_№230_Щорічні_дані_про_режим_та_ресурси_вод_морів_і_морських.pdf,168
98025,с. Парутине,лим. Бузький,water_level,cm,2023-06-27,511.0,,-5.0,0.11000000000000032,0.20093769325731178,0.31093769325731213,Інв_№230_Щорічні_дані_про_режим_та_ресурси_вод_морів_і_морських.pdf,168
98025,с. Парутине,лим. Бузький,water_level,cm,2023-06-28,516.0,,-5.0,0.16000000000000014,0.20093769325731178,0.36093769325731195,Інв_№230_Щорічні_дані_про_режим_та_ресурси_вод_морів_і_морських.pdf,168
98025,с. Парутине,лим. Бузький,water_level,cm,2023-06-29,515.0,,-5.0,0.15000000000000036,0.20093769325731178,0.35093769325731217,Інв_№230_Щорічні_дані_про_режим_та_ресурси_вод_морів_і_морських.pdf,168
98025,с. Парутине,лим. Бузький,water_level,cm,2023-06-30,514.0,,-5.0,0.13999999999999968,0.20093769325731178,0.3409376932573115,Інв_№230_Щорічні_дані_про_режим_та_ресурси_вод_морів_і_морських.pdf,168
98025,с. Парутине,лим. Бузький,water_level,cm,2023-07-01,513.0,,-5.0,0.1299999999999999,0.20093769325731178,0.3309376932573117,Інв_№230_Щорічні_дані_про_режим_та_ресурси_вод_морів_і_морських.pdf,168
98025,с. Парутине,лим. Бузький,water_level,cm,2023-07-02,513.0,,-5.0,0.1299999999999999,0.20093769325731178,0.3309376932573117,Інв_№230_Щорічні_дані_про_режим_та_ресурси_вод_морів_і_морських.pdf,168
98025,с. Парутине,лим. Бузький,water_level,cm,2023-07-03,511.0,,-5.0,0.11000000000000032,0.20093769325731178,0.31093769325731213,Інв_№230_Щорічні_дані_про_режим_та_ресурси_вод_морів_і_морських.pdf,168
98025,с. Парутине,лим. Бузький,water_level,cm,2023-07-04,506.0,,-5.0,0.05999999999999961,0.20093769325731178,0.2609376932573114,Інв_№230_Щорічні_дані_про_режим_та_ресурси_вод_морів_і_морських.pdf,168
98025,с. Парутине,лим. Бузький,water_level,cm,2023-07-05,497.0,,-5.0,-0.03000000000000025,0.20093769325731178,0.17093769325731153,Інв_№230_Щорічні_дані_про_режим_та_ресурси_вод_морів_і_морських.pdf,168
98025,с. Парутине,лим. Бузький,water_level,cm,2023-07-06,500.0,,-5.0,0.0,0.20093769325731178,0.20093769325731178,Інв_№230_Щорічні_дані_про_режим_та_ресурси_вод_морів_і_морських.pdf,168
98025,с. Парутине,лим. Бузький,water_level,cm,2023-07-07,498.0,,-5.0,-0.019999999999999574,0.20093769325731178,0.1809376932573122,Інв_№230_Щорічні_дані_про_режим_та_ресурси_вод_морів_і_морських.pdf,168
98025,с. Парутине,лим. Бузький,water_level,cm,2023-07-08,486.0,,-5.0,-0.13999999999999968,0.20093769325731178,0.0609376932573121,Інв_№230_Щорічні_дані_про_режим_та_ресурси_вод_морів_і_морських.pdf,168
98025,с. Парутине,лим. Бузький,water_level,cm,2023-07-09,478.0,,-5.0,-0.21999999999999975,0.20093769325731178,-0.019062306742687968,Інв_№230_Щорічні_дані_про_режим_та_ресурси_вод_морів_і_морських.pdf,168
98025,с. Парутине,лим. Бузький,water_level,cm,2023-07-10,500.0,,-5.0,0.0,0.20093769325731178,0.20093769325731178,Інв_№230_Щорічні_дані_про_режим_та_ресурси_вод_морів_і_морських.pdf,168
98025,с. Парутине,лим. Бузький,water_level,cm,2023-07-11,506.0,,-5.0,0.05999999999999961,0.20093769325731178,0.2609376932573114,Інв_№230_Щорічні_дані_про_режим_та_ресурси_вод_морів_і_морських.pdf,168
98025,с. Парутине,лим. Бузький,water_level,cm,2023-07-12,504.0,,-5.0,0.040000000000000036,0.20093769325731178,0.24093769325731182,Інв_№230_Щорічні_дані_про_режим_та_ресурси_вод_морів_і_морських.pdf,168
98025,с. Парутине,лим. Бузький,water_level,cm,2023-07-13,512.0,,-5.0,0.1200000000000001,0.20093769325731178,0.3209376932573119,Інв_№230_Щорічні_дані_про_режим_та_ресурси_вод_морів_і_морських.pdf,168
98025,с. Парутине,лим. Бузький,water_level,cm,2023-07-14,514.0,,-5.0,0.13999999999999968,0.20093769325731178,0.3409376932573115,Інв_№230_Щорічні_дані_про_режим_та_ресурси_вод_морів_і_морських.pdf,168
98025,с. Парутине,лим. Бузький,water_level,cm,2023-07-15,507.0,,-5.0,0.07000000000000028,0.20093769325731178,0.2709376932573121,Інв_№230_Щорічні_дані_про_режим_та_ресурси_вод_морів_і_морських.pdf,168
98025,с. Парутине,лим. Бузький,water_level,cm,2023-07-16,507.0,,-5.0,0.07000000000000028,0.20093769325731178,0.2709376932573121,Інв_№230_Щорічні_дані_про_режим_та_ресурси_вод_морів_і_морських.pdf,168
98025,с. Парутине,лим. Бузький,water_level,cm,2023-07-17,510.0,,-5.0,0.09999999999999964,0.20093769325731178,0.30093769325731146,Інв_№230_Щорічні_дані_про_режим_та_ресурси_вод_морів_і_морських.pdf,168
98025,с. Парутине,лим. Бузький,water_level,cm,2023-07-18,512.0,,-5.0,0.1200000000000001,0.20093769325731178,0.3209376932573119,Інв_№230_Щорічні_дані_про_режим_та_ресурси_вод_морів_і_морських.pdf,168
98025,с. Парутине,лим. Бузький,water_level,cm,2023-07-19,503.0,,-5.0,0.03000000000000025,0.20093769325731178,0.23093769325731203,Інв_№230_Щорічні_дані_про_режим_та_ресурси_вод_морів_і_морських.pdf,168
98025,с. Парутине,лим. Бузький,water_level,cm,2023-07-20,506.0,,-5.0,0.05999999999999961,0.20093769325731178,0.2609376932573114,Інв_№230_Щорічні_дані_про_режим_та_ресурси_вод_морів_і_морських.pdf,168
98025,с. Парутине,лим. Бузький,water_level,cm,2023-07-21,500.0,,-5.0,0.0,0.20093769325731178,0.20093769325731178,Інв_№230_Щорічні_дані_про_режим_та_ресурси_вод_морів_і_морських.pdf,168
98025,с. Парутине,лим. Бузький,water_level,cm,2023-07-22,503.0,,-5.0,0.03000000000000025,0.20093769325731178,0.23093769325731203,Інв_№230_Щорічні_дані_про_режим_та_ресурси_вод_морів_і_морських.pdf,168
98025,с. Парутине,лим. Бузький,water_level,cm,2023-07-23,492.0,,-5.0,-0.08000000000000007,0.20093769325731178,0.12093769325731171,Інв_№230_Щорічні_дані_про_режим_та_ресурси_вод_морів_і_морських.pdf,168
98025,с. Парутине,лим. Бузький,water_level,cm,2023-07-24,493.0,,-5.0,-0.07000000000000028,0.20093769325731178,0.1309376932573115,Інв_№230_Щорічні_дані_про_режим_та_ресурси_вод_морів_і_морських.pdf,168
98025,с. Парутине,лим. Бузький,water_level,cm,2023-07-25,511.0,,-5.0,0.11000000000000032,0.20093769325731178,0.31093769325731213,Інв_№230_Щорічні_дані_про_режим_та_ресурси_вод_морів_і_морських.pdf,168
98025,с. Парутине,лим. Бузький,water_level,cm,2023-07-26,518.0,,-5.0,0.17999999999999972,0.20093769325731178,0.3809376932573115,Інв_№230_Щорічні_дані_про_режим_та_ресурси_вод_морів_і_морських.pdf,168
98025,с. Парутине,лим. Бузький,water_level,cm,2023-07-27,503.0,,-5.0,0.03000000000000025,0.20093769325731178,0.23093769325731203,Інв_№230_Щорічні_дані_про_режим_та_ресурси_вод_морів_і_морських.pdf,168
98025,с. Парутине,лим. Бузький,water_level,cm,2023-07-28,490.0,,-5.0,-0.09999999999999964,0.20093769325731178,0.10093769325731214,Інв_№230_Щорічні_дані_про_режим_та_ресурси_вод_морів_і_морських.pdf,168
98025,с. Парутине,лим. Бузький,water_level,cm,2023-07-29,506.0,,-5.0,0.05999999999999961,0.20093769325731178,0.2609376932573114,Інв_№230_Щорічні_дані_про_режим_та_ресурси_вод_морів_і_морських.pdf,168
98025,с. Парутине,лим. Бузький,water_level,cm,2023-07-30,506.0,,-5.0,0.05999999999999961,0.20093769325731178,0.2609376932573114,Інв_№230_Щорічні_дані_про_режим_та_ресурси_вод_морів_і_морських.pdf,168
98025,с. Парутине,лим. Бузький,water_level,cm,2023-07-31,504.0,,-5.0,0.040000000000000036,0.20093769325731178,0.24093769325731182,Інв_№230_Щорічні_дані_про_режим_та_ресурси_вод_морів_і_морських.pdf,168
98025,с. Парутине,лим. Бузький,water_level,cm,2023-08-01,503.0,,-5.0,0.03000000000000025,0.20093769325731178,0.23093769325731203,Інв_№230_Щорічні_дані_про_режим_та_ресурси_вод_морів_і_морських.pdf,168
98025,с. Парутине,лим. Бузький,water_level,cm,2023-08-02,508.0,,-5.0,0.08000000000000007,0.20093769325731178,0.2809376932573119,Інв_№230_Щорічні_дані_про_режим_та_ресурси_вод_морів_і_морських.pdf,168
98025,с. Парутине,лим. Бузький,water_level,cm,2023-08-03,503.0,,-5.0,0.03000000000000025,0.20093769325731178,0.23093769325731203,Інв_№230_Щорічні_дані_про_режим_та_ресурси_вод_морів_і_морських.pdf,168
98025,с. Парутине,лим. Бузький,water_level,cm,2023-08-04,498.0,,-5.0,-0.019999999999999574,0.20093769325731178,0.1809376932573122,Інв_№230_Щорічні_дані_про_режим_та_ресурси_вод_морів_і_морських.pdf,168
98025,с. Парутине,лим. Бузький,water_level,cm,2023-08-05,491.0,,-5.0,-0.08999999999999986,0.20093769325731178,0.11093769325731193,Інв_№230_Щорічні_дані_про_режим_та_ресурси_вод_морів_і_морських.pdf,168
98025,с. Парутине,лим. Бузький,water_level,cm,2023-08-06,488.0,,-5.0,-0.1200000000000001,0.20093769325731178,0.08093769325731168,Інв_№230_Щорічні_дані_про_режим_та_ресурси_вод_морів_і_морських.pdf,168
98025,с. Парутине,лим. Бузький,water_level,cm,2023-08-07,512.0,,-5.0,0.1200000000000001,0.20093769325731178,0.3209376932573119,Інв_№230_Щорічні_дані_про_режим_та_ресурси_вод_морів_і_морських.pdf,168
98025,с. Парутине,лим. Бузький,water_level,cm,2023-08-08,484.0,,-5.0,-0.16000000000000014,0.20093769325731178,0.04093769325731164,Інв_№230_Щорічні_дані_про_режим_та_ресурси_вод_морів_і_морських.pdf,168
98025,с. Парутине,лим. Бузький,water_level,cm,2023-08-09,485.0,,-5.0,-0.15000000000000036,0.20093769325731178,0.05093769325731143,Інв_№230_Щорічні_дані_про_режим_та_ресурси_вод_морів_і_морських.pdf,168
98025,с. Парутине,лим. Бузький,water_level,cm,2023-08-10,483.0,,-5.0,-0.16999999999999993,0.20093769325731178,0.030937693257311855,Інв_№230_Щорічні_дані_про_режим_та_ресурси_вод_морів_і_морських.pdf,168
98025,с. Парутине,лим. Бузький,water_level,cm,2023-08-11,484.0,,-5.0,-0.16000000000000014,0.20093769325731178,0.04093769325731164,Інв_№230_Щорічні_дані_про_режим_та_ресурси_вод_морів_і_морських.pdf,168
98025,с. Парутине,лим. Бузький,water_level,cm,2023-08-12,493.0,,-5.0,-0.07000000000000028,0.20093769325731178,0.1309376932573115,Інв_№230_Щорічні_дані_про_режим_та_ресурси_вод_морів_і_морських.pdf,168
98025,с. Парутине,лим. Бузький,water_level,cm,2023-08-13,497.0,,-5.0,-0.03000000000000025,0.20093769325731178,0.17093769325731153,Інв_№230_Щорічні_дані_про_режим_та_ресурси_вод_морів_і_морських.pdf,168
98025,с. Парутине,лим. Бузький,water_level,cm,2023-08-14,488.0,,-5.0,-0.1200000000000001,0.20093769325731178,0.08093769325731168,Інв_№230_Щорічні_дані_про_режим_та_ресурси_вод_морів_і_морських.pdf,168
98025,с. Парутине,лим. Бузький,water_level,cm,2023-08-15,488.0,,-5.0,-0.1200000000000001,0.20093769325731178,0.08093769325731168,Інв_№230_Щорічні_дані_про_режим_та_ресурси_вод_морів_і_морських.pdf,168
98025,с. Парутине,лим. Бузький,water_level,cm,2023-08-16,491.0,,-5.0,-0.08999999999999986,0.20093769325731178,0.11093769325731193,Інв_№230_Щорічні_дані_про_режим_та_ресурси_вод_морів_і_морських.pdf,168
98025,с. Парутине,лим. Бузький,water_level,cm,2023-08-17,493.0,,-5.0,-0.07000000000000028,0.20093769325731178,0.1309376932573115,Інв_№230_Щорічні_дані_про_режим_та_ресурси_вод_морів_і_морських.pdf,168
98025,с. Парутине,лим. Бузький,water_level,cm,2023-08-18,491.0,,-5.0,-0.08999999999999986,0.20093769325731178,0.11093769325731193,Інв_№230_Щорічні_дані_про_режим_та_ресурси_вод_морів_і_морських.pdf,168
98025,с. Парутине,лим. Бузький,water_level,cm,2023-08-19,491.0,,-5.0,-0.08999999999999986,0.20093769325731178,0.11093769325731193,Інв_№230_Щорічні_дані_про_режим_та_ресурси_вод_морів_і_морських.pdf,168
98025,с. Парутине,лим. Бузький,water_level,cm,2023-08-20,489.0,,-5.0,-0.11000000000000032,0.20093769325731178,0.09093769325731146,Інв_№230_Щорічні_дані_про_режим_та_ресурси_вод_морів_і_морських.pdf,168
98025,с. Парутине,лим. Бузький,water_level,cm,2023-08-21,491.0,,-5.0,-0.08999999999999986,0.20093769325731178,0.11093769325731193,Інв_№230_Щорічні_дані_про_режим_та_ресурси_вод_морів_і_морських.pdf,168
98025,с. Парутине,лим. Бузький,water_level,cm,2023-08-22,493.0,,-5.0,-0.07000000000000028,0.20093769325731178,0.1309376932573115,Інв_№230_Щорічні_дані_про_режим_та_ресурси_вод_морів_і_морських.pdf,168
98025,с. Парутине,лим. Бузький,water_level,cm,2023-08-23,493.0,,-5.0,-0.07000000000000028,0.20093769325731178,0.1309376932573115,Інв_№230_Щорічні_дані_про_режим_та_ресурси_вод_морів_і_морських.pdf,168
98025,с. Парутине,лим. Бузький,water_level,cm,2023-08-24,492.0,,-5.0,-0.08000000000000007,0.20093769325731178,0.12093769325731171,Інв_№230_Щорічні_дані_про_режим_та_ресурси_вод_морів_і_морських.pdf,168
98025,с. Парутине,лим. Бузький,water_level,cm,2023-08-25,495.0,,-5.0,-0.04999999999999982,0.20093769325731178,0.15093769325731196,Інв_№230_Щорічні_дані_про_режим_та_ресурси_вод_морів_і_морських.pdf,168
98025,с. Парутине,лим. Бузький,water_level,cm,2023-08-26,496.0,,-5.0,-0.040000000000000036,0.20093769325731178,0.16093769325731175,Інв_№230_Щорічні_дані_про_режим_та_ресурси_вод_морів_і_морських.pdf,168
98025,с. Парутине,лим. Бузький,water_level,cm,2023-08-27,500.0,,-5.0,0.0,0.20093769325731178,0.20093769325731178,Інв_№230_Щорічні_дані_про_режим_та_ресурси_вод_морів_і_морських.pdf,168
98025,с. Парутине,лим. Бузький,water_level,cm,2023-08-28,497.0,,-5.0,-0.03000000000000025,0.20093769325731178,0.17093769325731153,Інв_№230_Щорічні_дані_про_режим_та_ресурси_вод_морів_і_морських.pdf,168
98025,с. Парутине,лим. Бузький,water_level,cm,2023-08-29,496.0,,-5.0,-0.040000000000000036,0.20093769325731178,0.16093769325731175,Інв_№230_Щорічні_дані_про_режим_та_ресурси_вод_морів_і_морських.pdf,168
98025,с. Парутине,лим. Бузький,water_level,cm,2023-08-30,507.0,,-5.0,0.07000000000000028,0.20093769325731178,0.2709376932573121,Інв_№230_Щорічні_дані_про_режим_та_ресурси_вод_морів_і_морських.pdf,168
98025,с. Парутине,лим. Бузький,water_level,cm,2023-08-31,507.0,,-5.0,0.07000000000000028,0.20093769325731178,0.2709376932573121,Інв_№230_Щорічні_дані_про_режим_та_ресурси_вод_морів_і_морських.pdf,168
98025,с. Парутине,лим. Бузький,water_level,cm,2023-09-01,495.0,,-5.0,-0.04999999999999982,0.20093769325731178,0.15093769325731196,Інв_№230_Щорічні_дані_про_режим_та_ресурси_вод_морів_і_морських.pdf,168
98025,с. Парутине,лим. Бузький,water_level,cm,2023-09-02,486.0,,-5.0,-0.13999999999999968,0.20093769325731178,0.0609376932573121,Інв_№230_Щорічні_дані_про_режим_та_ресурси_вод_морів_і_морських.pdf,168
98025,с. Парутине,лим. Бузький,water_level,cm,2023-09-03,487.0,,-5.0,-0.1299999999999999,0.20093769325731178,0.07093769325731189,Інв_№230_Щорічні_дані_про_режим_та_ресурси_вод_морів_і_морських.pdf,168
98025,с. Парутине,лим. Бузький,water_level,cm,2023-09-04,479.0,,-5.0,-0.20999999999999996,0.20093769325731178,-0.009062306742688181,Інв_№230_Щорічні_дані_про_режим_та_ресурси_вод_морів_і_морських.pdf,168
98025,с. Парутине,лим. Бузький,water_level,cm,2023-09-05,479.0,,-5.0,-0.20999999999999996,0.20093769325731178,-0.009062306742688181,Інв_№230_Щорічні_дані_про_режим_та_ресурси_вод_морів_і_морських.pdf,168
98025,с. Парутине,лим. Бузький,water_level,cm,2023-09-06,484.0,,-5.0,-0.16000000000000014,0.20093769325731178,0.04093769325731164,Інв_№230_Щорічні_дані_про_режим_та_ресурси_вод_морів_і_морських.pdf,168
98025,с. Парутине,лим. Бузький,water_level,cm,2023-09-07,483.0,,-5.0,-0.16999999999999993,0.20093769325731178,0.030937693257311855,Інв_№230_Щорічні_дані_про_режим_та_ресурси_вод_морів_і_морських.pdf,168
98025,с. Парутине,лим. Бузький,water_level,cm,2023-09-08,480.0,,-5.0,-0.20000000000000018,0.20093769325731178,0.0009376932573116059,Інв_№230_Щорічні_дані_про_режим_та_ресурси_вод_морів_і_морських.pdf,168
98025,с. Парутине,лим. Бузький,water_level,cm,2023-09-09,487.0,,-5.0,-0.1299999999999999,0.20093769325731178,0.07093769325731189,Інв_№230_Щорічні_дані_про_режим_та_ресурси_вод_морів_і_морських.pdf,168
98025,с. Парутине,лим. Бузький,water_level,cm,2023-09-10,492.0,,-5.0,-0.08000000000000007,0.20093769325731178,0.12093769325731171,Інв_№230_Щорічні_дані_про_режим_та_ресурси_вод_морів_і_морських.pdf,168
98025,с. Парутине,лим. Бузький,water_level,cm,2023-09-11,489.0,,-5.0,-0.11000000000000032,0.20093769325731178,0.09093769325731146,Інв_№230_Щорічні_дані_про_режим_та_ресурси_вод_морів_і_морських.pdf,168
98025,с. Парутине,лим. Бузький,water_level,cm,2023-09-12,492.0,,-5.0,-0.08000000000000007,0.20093769325731178,0.12093769325731171,Інв_№230_Щорічні_дані_про_режим_та_ресурси_вод_морів_і_морських.pdf,168
98025,с. Парутине,лим. Бузький,water_level,cm,2023-09-13,493.0,,-5.0,-0.07000000000000028,0.20093769325731178,0.1309376932573115,Інв_№230_Щорічні_дані_про_режим_та_ресурси_вод_морів_і_морських.pdf,168
98025,с. Парутине,лим. Бузький,water_level,cm,2023-09-14,499.0,,-5.0,-0.009999999999999787,0.20093769325731178,0.190937693257312,Інв_№230_Щорічні_дані_про_режим_та_ресурси_вод_морів_і_морських.pdf,168
98025,с. Парутине,лим. Бузький,water_level,cm,2023-09-15,495.0,,-5.0,-0.04999999999999982,0.20093769325731178,0.15093769325731196,Інв_№230_Щорічні_дані_про_режим_та_ресурси_вод_морів_і_морських.pdf,168
98025,с. Парутине,лим. Бузький,water_level,cm,2023-09-16,481.0,,-5.0,-0.1900000000000004,0.20093769325731178,0.010937693257311393,Інв_№230_Щорічні_дані_про_режим_та_ресурси_вод_морів_і_морських.pdf,168
98025,с. Парутине,лим. Бузький,water_level,cm,2023-09-17,483.0,,-5.0,-0.16999999999999993,0.20093769325731178,0.030937693257311855,Інв_№230_Щорічні_дані_про_режим_та_ресурси_вод_морів_і_морських.pdf,168
98025,с. Парутине,лим. Бузький,water_level,cm,2023-09-18,484.0,,-5.0,-0.16000000000000014,0.20093769325731178,0.04093769325731164,Інв_№230_Щорічні_дані_про_режим_та_ресурси_вод_морів_і_морських.pdf,168
98025,с. Парутине,лим. Бузький,water_level,cm,2023-09-19,488.0,,-5.0,-0.1200000000000001,0.20093769325731178,0.08093769325731168,Інв_№230_Щорічні_дані_про_режим_та_ресурси_вод_морів_і_морських.pdf,168
98025,с. Парутине,лим. Бузький,water_level,cm,2023-09-20,488.0,,-5.0,-0.1200000000000001,0.20093769325731178,0.08093769325731168,Інв_№230_Щорічні_дані_про_режим_та_ресурси_вод_морів_і_морських.pdf,168
98025,с. Парутине,лим. Бузький,water_level,cm,2023-09-21,482.0,,-5.0,-0.17999999999999972,0.20093769325731178,0.020937693257312068,Інв_№230_Щорічні_дані_про_режим_та_ресурси_вод_морів_і_морських.pdf,168
98025,с. Парутине,лим. Бузький,water_level,cm,2023-09-22,485.0,,-5.0,-0.15000000000000036,0.20093769325731178,0.05093769325731143,Інв_№230_Щорічні_дані_про_режим_та_ресурси_вод_морів_і_морських.pdf,168
98025,с. Парутине,лим. Бузький,water_level,cm,2023-09-23,484.0,,-5.0,-0.16000000000000014,0.20093769325731178,0.04093769325731164,Інв_№230_Щорічні_дані_про_режим_та_ресурси_вод_морів_і_морських.pdf,168
98025,с. Парутине,лим. Бузький,water_level,cm,2023-09-24,483.0,,-5.0,-0.16999999999999993,0.20093769325731178,0.030937693257311855,Інв_№230_Щорічні_дані_про_режим_та_ресурси_вод_морів_і_морських.pdf,168
98025,с. Парутине,лим. Бузький,water_level,cm,2023-09-25,476.0,,-5.0,-0.2400000000000002,0.20093769325731178,-0.03906230674268843,Інв_№230_Щорічні_дані_про_режим_та_ресурси_вод_морів_і_морських.pdf,168
98025,с. Парутине,лим. Бузький,water_level,cm,2023-09-26,478.0,,-5.0,-0.21999999999999975,0.20093769325731178,-0.019062306742687968,Інв_№230_Щорічні_дані_про_режим_та_ресурси_вод_морів_і_морських.pdf,168
98025,с. Парутине,лим. Бузький,water_level,cm,2023-09-27,477.0,,-5.0,-0.23000000000000043,0.20093769325731178,-0.029062306742688643,Інв_№230_Щорічні_дані_про_режим_та_ресурси_вод_морів_і_морських.pdf,168
98025,с. Парутине,лим. Бузький,water_level,cm,2023-09-28,476.0,,-5.0,-0.2400000000000002,0.20093769325731178,-0.03906230674268843,Інв_№230_Щорічні_дані_про_режим_та_ресурси_вод_морів_і_морських.pdf,168
98025,с. Парутине,лим. Бузький,water_level,cm,2023-09-29,476.0,,-5.0,-0.2400000000000002,0.20093769325731178,-0.03906230674268843,Інв_№230_Щорічні_дані_про_режим_та_ресурси_вод_морів_і_морських.pdf,168
98025,с. Парутине,лим. Бузький,water_level,cm,2023-09-30,481.0,,-5.0,-0.1900000000000004,0.20093769325731178,0.010937693257311393,Інв_№230_Щорічні_дані_про_режим_та_ресурси_вод_морів_і_морських.pdf,168
98025,с. Парутине,лим. Бузький,water_level,cm,2023-10-01,479.0,,-5.0,-0.20999999999999996,0.20093769325731178,-0.009062306742688181,Інв_№230_Щорічні_дані_про_режим_та_ресурси_вод_морів_і_морських.pdf,168
98025,с. Парутине,лим. Бузький,water_level,cm,2023-10-02,466.0,,-5.0,-0.33999999999999986,0.20093769325731178,-0.13906230674268807,Інв_№230_Щорічні_дані_про_режим_та_ресурси_вод_морів_і_морських.pdf,168
98025,с. Парутине,лим. Бузький,water_level,cm,2023-10-03,477.0,,-5.0,-0.23000000000000043,0.20093769325731178,-0.029062306742688643,Інв_№230_Щорічні_дані_про_режим_та_ресурси_вод_морів_і_морських.pdf,168
98025,с. Парутине,лим. Бузький,water_level,cm,2023-10-04,485.0,,-5.0,-0.15000000000000036,0.20093769325731178,0.05093769325731143,Інв_№230_Щорічні_дані_про_режим_та_ресурси_вод_морів_і_морських.pdf,168
98025,с. Парутине,лим. Бузький,water_level,cm,2023-10-05,472.0,,-5.0,-0.28000000000000025,0.20093769325731178,-0.07906230674268847,Інв_№230_Щорічні_дані_про_режим_та_ресурси_вод_морів_і_морських.pdf,168
98025,с. Парутине,лим. Бузький,water_level,cm,2023-10-06,475.0,,-5.0,-0.25,0.20093769325731178,-0.049062306742688216,Інв_№230_Щорічні_дані_про_режим_та_ресурси_вод_морів_і_морських.pdf,168
98025,с. Парутине,лим. Бузький,water_level,cm,2023-10-07,487.0,,-5.0,-0.1299999999999999,0.20093769325731178,0.07093769325731189,Інв_№230_Щорічні_дані_про_режим_та_ресурси_вод_морів_і_морських.pdf,168
98025,с. Парутине,лим. Бузький,water_level,cm,2023-10-08,477.0,,-5.0,-0.23000000000000043,0.20093769325731178,-0.029062306742688643,Інв_№230_Щорічні_дані_про_режим_та_ресурси_вод_морів_і_морських.pdf,168
98025,с. Парутине,лим. Бузький,water_level,cm,2023-10-09,468.0,,-5.0,-0.3200000000000003,0.20093769325731178,-0.1190623067426885,Інв_№230_Щорічні_дані_про_режим_та_ресурси_вод_морів_і_морських.pdf,168
98025,с. Парутине,лим. Бузький,water_level,cm,2023-10-10,478.0,,-5.0,-0.21999999999999975,0.20093769325731178,-0.019062306742687968,Інв_№230_Щорічні_дані_про_режим_та_ресурси_вод_морів_і_морських.pdf,168
98025,с. Парутине,лим. Бузький,water_level,cm,2023-10-11,481.0,,-5.0,-0.1900000000000004,0.20093769325731178,0.010937693257311393,Інв_№230_Щорічні_дані_про_режим_та_ресурси_вод_морів_і_морських.pdf,168
98025,с. Парутине,лим. Бузький,water_level,cm,2023-10-12,486.0,,-5.0,-0.13999999999999968,0.20093769325731178,0.0609376932573121,Інв_№230_Щорічні_дані_про_режим_та_ресурси_вод_морів_і_морських.pdf,168
98025,с. Парутине,лим. Бузький,water_level,cm,2023-10-13,483.0,,-5.0,-0.16999999999999993,0.20093769325731178,0.030937693257311855,Інв_№230_Щорічні_дані_про_режим_та_ресурси_вод_морів_і_морських.pdf,168
98025,с. Парутине,лим. Бузький,water_level,cm,2023-10-14,481.0,,-5.0,-0.1900000000000004,0.20093769325731178,0.010937693257311393,Інв_№230_Щорічні_дані_про_режим_та_ресурси_вод_морів_і_морських.pdf,168
98025,с. Парутине,лим. Бузький,water_level,cm,2023-10-15,486.0,,-5.0,-0.13999999999999968,0.20093769325731178,0.0609376932573121,Інв_№230_Щорічні_дані_про_режим_та_ресурси_вод_морів_і_морських.pdf,168
98025,с. Парутине,лим. Бузький,water_level,cm,2023-10-16,460.0,,-5.0,-0.40000000000000036,0.20093769325731178,-0.19906230674268857,Інв_№230_Щорічні_дані_про_режим_та_ресурси_вод_морів_і_морських.pdf,168
98025,с. Парутине,лим. Бузький,water_level,cm,2023-10-17,471.0,,-5.0,-0.29000000000000004,0.20093769325731178,-0.08906230674268825,Інв_№230_Щорічні_дані_про_режим_та_ресурси_вод_морів_і_морських.pdf,168
98025,с. Парутине,лим. Бузький,water_level,cm,2023-10-18,466.0,,-5.0,-0.33999999999999986,0.20093769325731178,-0.13906230674268807,Інв_№230_Щорічні_дані_про_режим_та_ресурси_вод_морів_і_морських.pdf,168
98025,с. Парутине,лим. Бузький,water_level,cm,2023-10-19,489.0,,-5.0,-0.11000000000000032,0.20093769325731178,0.09093769325731146,Інв_№230_Щорічні_дані_про_режим_та_ресурси_вод_морів_і_морських.pdf,168
98025,с. Парутине,лим. Бузький,water_level,cm,2023-10-20,503.0,,-5.0,0.03000000000000025,0.20093769325731178,0.23093769325731203,Інв_№230_Щорічні_дані_про_режим_та_ресурси_вод_морів_і_морських.pdf,168
98025,с. Парутине,лим. Бузький,water_level,cm,2023-10-21,481.0,,-5.0,-0.1900000000000004,0.20093769325731178,0.010937693257311393,Інв_№230_Щорічні_дані_про_режим_та_ресурси_вод_морів_і_морських.pdf,168
98025,с. Парутине,лим. Бузький,water_level,cm,2023-10-22,481.0,,-5.0,-0.1900000000000004,0.20093769325731178,0.010937693257311393,Інв_№230_Щорічні_дані_про_режим_та_ресурси_вод_морів_і_морських.pdf,168
98025,с. Парутине,лим. Бузький,water_level,cm,2023-10-23,481.0,,-5.0,-0.1900000000000004,0.20093769325731178,0.010937693257311393,Інв_№230_Щорічні_дані_про_режим_та_ресурси_вод_морів_і_морських.pdf,168
98025,с. Парутине,лим. Бузький,water_level,cm,2023-10-24,479.0,,-5.0,-0.20999999999999996,0.20093769325731178,-0.009062306742688181,Інв_№230_Щорічні_дані_про_режим_та_ресурси_вод_морів_і_морських.pdf,168
98025,с. Парутине,лим. Бузький,water_level,cm,2023-10-25,498.0,,-5.0,-0.019999999999999574,0.20093769325731178,0.1809376932573122,Інв_№230_Щорічні_дані_про_режим_та_ресурси_вод_морів_і_морських.pdf,168
98025,с. Парутине,лим. Бузький,water_level,cm,2023-10-26,484.0,,-5.0,-0.16000000000000014,0.20093769325731178,0.04093769325731164,Інв_№230_Щорічні_дані_про_режим_та_ресурси_вод_морів_і_морських.pdf,168
98025,с. Парутине,лим. Бузький,water_level,cm,2023-10-27,486.0,,-5.0,-0.13999999999999968,0.20093769325731178,0.0609376932573121,Інв_№230_Щорічні_дані_про_режим_та_ресурси_вод_морів_і_морських.pdf,168
98025,с. Парутине,лим. Бузький,water_level,cm,2023-10-28,491.0,,-5.0,-0.08999999999999986,0.20093769325731178,0.11093769325731193,Інв_№230_Щорічні_дані_про_режим_та_ресурси_вод_морів_і_морських.pdf,168
98025,с. Парутине,лим. Бузький,water_level,cm,2023-10-29,481.0,,-5.0,-0.1900000000000004,0.20093769325731178,0.010937693257311393,Інв_№230_Щорічні_дані_про_режим_та_ресурси_вод_морів_і_морських.pdf,168
98025,с. Парутине,лим. Бузький,water_level,cm,2023-10-30,483.0,,-5.0,-0.16999999999999993,0.20093769325731178,0.030937693257311855,Інв_№230_Щорічні_дані_про_режим_та_ресурси_вод_морів_і_морських.pdf,168
98025,с. Парутине,лим. Бузький,water_level,cm,2023-10-31,485.0,,-5.0,-0.15000000000000036,0.20093769325731178,0.05093769325731143,Інв_№230_Щорічні_дані_про_режим_та_ресурси_вод_морів_і_морських.pdf,168
98025,с. Парутине,лим. Бузький,water_level,cm,2023-11-01,483.0,,-5.0,-0.16999999999999993,0.20093769325731178,0.030937693257311855,Інв_№230_Щорічні_дані_про_режим_та_ресурси_вод_морів_і_морських.pdf,168
98025,с. Парутине,лим. Бузький,water_level,cm,2023-11-02,471.0,,-5.0,-0.29000000000000004,0.20093769325731178,-0.08906230674268825,Інв_№230_Щорічні_дані_про_режим_та_ресурси_вод_морів_і_морських.pdf,168
98025,с. Парутине,лим. Бузький,water_level,cm,2023-11-03,478.0,,-5.0,-0.21999999999999975,0.20093769325731178,-0.019062306742687968,Інв_№230_Щорічні_дані_про_режим_та_ресурси_вод_морів_і_морських.pdf,168
98025,с. Парутине,лим. Бузький,water_level,cm,2023-11-04,498.0,,-5.0,-0.019999999999999574,0.20093769325731178,0.1809376932573122,Інв_№230_Щорічні_дані_про_режим_та_ресурси_вод_морів_і_морських.pdf,168
98025,с. Парутине,лим. Бузький,water_level,cm,2023-11-05,502.0,,-5.0,0.019999999999999574,0.20093769325731178,0.22093769325731136,Інв_№230_Щорічні_дані_про_режим_та_ресурси_вод_морів_і_морських.pdf,168
98025,с. Парутине,лим. Бузький,water_level,cm,2023-11-06,494.0,,-5.0,-0.05999999999999961,0.20093769325731178,0.14093769325731217,Інв_№230_Щорічні_дані_про_режим_та_ресурси_вод_морів_і_морських.pdf,168
98025,с. Парутине,лим. Бузький,water_level,cm,2023-11-07,486.0,,-5.0,-0.13999999999999968,0.20093769325731178,0.0609376932573121,Інв_№230_Щорічні_дані_про_режим_та_ресурси_вод_морів_і_морських.pdf,168
98025,с. Парутине,лим. Бузький,water_level,cm,2023-11-08,501.0,,-5.0,0.009999999999999787,0.20093769325731178,0.21093769325731157,Інв_№230_Щорічні_дані_про_режим_та_ресурси_вод_морів_і_морських.pdf,168
98025,с. Парутине,лим. Бузький,water_level,cm,2023-11-09,475.0,,-5.0,-0.25,0.20093769325731178,-0.049062306742688216,Інв_№230_Щорічні_дані_про_режим_та_ресурси_вод_морів_і_морських.pdf,168
98025,с. Парутине,лим. Бузький,water_level,cm,2023-11-10,489.0,,-5.0,-0.11000000000000032,0.20093769325731178,0.09093769325731146,Інв_№230_Щорічні_дані_про_режим_та_ресурси_вод_морів_і_морських.pdf,168
98025,с. Парутине,лим. Бузький,water_level,cm,2023-11-11,504.0,,-5.0,0.040000000000000036,0.20093769325731178,0.24093769325731182,Інв_№230_Щорічні_дані_про_режим_та_ресурси_вод_морів_і_морських.pdf,168
98025,с. Парутине,лим. Бузький,water_level,cm,2023-11-12,519.0,,-5.0,0.1900000000000004,0.20093769325731178,0.3909376932573122,Інв_№230_Щорічні_дані_про_режим_та_ресурси_вод_морів_і_морських.pdf,168
98025,с. Парутине,лим. Бузький,water_level,cm,2023-11-13,486.0,,-5.0,-0.13999999999999968,0.20093769325731178,0.0609376932573121,Інв_№230_Щорічні_дані_про_режим_та_ресурси_вод_морів_і_морських.pdf,168
98025,с. Парутине,лим. Бузький,water_level,cm,2023-11-14,505.0,,-5.0,0.04999999999999982,0.20093769325731178,0.25093769325731163,Інв_№230_Щорічні_дані_про_режим_та_ресурси_вод_морів_і_морських.pdf,168
98025,с. Парутине,лим. Бузький,water_level,cm,2023-11-15,494.0,,-5.0,-0.05999999999999961,0.20093769325731178,0.14093769325731217,Інв_№230_Щорічні_дані_про_режим_та_ресурси_вод_морів_і_морських.pdf,168
98025,с. Парутине,лим. Бузький,water_level,cm,2023-11-16,479.0,,-5.0,-0.20999999999999996,0.20093769325731178,-0.009062306742688181,Інв_№230_Щорічні_дані_про_режим_та_ресурси_вод_морів_і_морських.pdf,168
98025,с. Парутине,лим. Бузький,water_level,cm,2023-11-17,482.0,,-5.0,-0.17999999999999972,0.20093769325731178,0.020937693257312068,Інв_№230_Щорічні_дані_про_режим_та_ресурси_вод_морів_і_морських.pdf,168
98025,с. Парутине,лим. Бузький,water_level,cm,2023-11-18,471.0,,-5.0,-0.29000000000000004,0.20093769325731178,-0.08906230674268825,Інв_№230_Щорічні_дані_про_режим_та_ресурси_вод_морів_і_морських.pdf,168
98025,с. Парутине,лим. Бузький,water_level,cm,2023-11-19,441.0,,-5.0,-0.5899999999999999,0.20093769325731178,-0.38906230674268805,Інв_№230_Щорічні_дані_про_режим_та_ресурси_вод_морів_і_морських.pdf,168
98025,с. Парутине,лим. Бузький,water_level,cm,2023-11-20,480.0,,-5.0,-0.20000000000000018,0.20093769325731178,0.0009376932573116059,Інв_№230_Щорічні_дані_про_режим_та_ресурси_вод_морів_і_морських.pdf,168
98025,с. Парутине,лим. Бузький,water_level,cm,2023-11-21,479.0,,-5.0,-0.20999999999999996,0.20093769325731178,-0.009062306742688181,Інв_№230_Щорічні_дані_про_режим_та_ресурси_вод_морів_і_морських.pdf,168
98025,с. Парутине,лим. Бузький,water_level,cm,2023-11-22,484.0,,-5.0,-0.16000000000000014,0.20093769325731178,0.04093769325731164,Інв_№230_Щорічні_дані_про_режим_та_ресурси_вод_морів_і_морських.pdf,168
98025,с. Парутине,лим. Бузький,water_level,cm,2023-11-23,489.0,,-5.0,-0.11000000000000032,0.20093769325731178,0.09093769325731146,Інв_№230_Щорічні_дані_про_режим_та_ресурси_вод_морів_і_морських.pdf,168
98025,с. Парутине,лим. Бузький,water_level,cm,2023-11-24,502.0,,-5.0,0.019999999999999574,0.20093769325731178,0.22093769325731136,Інв_№230_Щорічні_дані_про_режим_та_ресурси_вод_морів_і_морських.pdf,168
98025,с. Парутине,лим. Бузький,water_level,cm,2023-11-25,479.0,,-5.0,-0.20999999999999996,0.20093769325731178,-0.009062306742688181,Інв_№230_Щорічні_дані_про_режим_та_ресурси_вод_морів_і_морських.pdf,168
98025,с. Парутине,лим. Бузький,water_level,cm,2023-11-26,462.0,,-5.0,-0.3799999999999999,0.20093769325731178,-0.1790623067426881,Інв_№230_Щорічні_дані_про_режим_та_ресурси_вод_морів_і_морських.pdf,168
98025,с. Парутине,лим. Бузький,water_level,cm,2023-11-27,504.0,,-5.0,0.040000000000000036,0.20093769325731178,0.24093769325731182,Інв_№230_Щорічні_дані_про_режим_та_ресурси_вод_морів_і_морських.pdf,168
98025,с. Парутине,лим. Бузький,water_level,cm,2023-11-28,507.0,,-5.0,0.07000000000000028,0.20093769325731178,0.2709376932573121,Інв_№230_Щорічні_дані_про_режим_та_ресурси_вод_морів_і_морських.pdf,168
98025,с. Парутине,лим. Бузький,water_level,cm,2023-11-29,529.0,,-5.0,0.29000000000000004,0.20093769325731178,0.49093769325731185,Інв_№230_Щорічні_дані_про_режим_та_ресурси_вод_морів_і_морських.pdf,168
98025,с. Парутине,лим. Бузький,water_level,cm,2023-11-30,499.0,,-5.0,-0.009999999999999787,0.20093769325731178,0.190937693257312,Інв_№230_Щорічні_дані_про_режим_та_ресурси_вод_морів_і_морських.pdf,168
98025,с. Парутине,лим. Бузький,water_level,cm,2023-12-01,530.0,,-5.0,0.2999999999999998,0.20093769325731178,0.5009376932573116,Інв_№230_Щорічні_дані_про_режим_та_ресурси_вод_морів_і_морських.pdf,168
98025,с. Парутине,лим. Бузький,water_level,cm,2023-12-02,511.0,,-5.0,0.11000000000000032,0.20093769325731178,0.31093769325731213,Інв_№230_Щорічні_дані_про_режим_та_ресурси_вод_морів_і_морських.pdf,168
98025,с. Парутине,лим. Бузький,water_level,cm,2023-12-03,507.0,,-5.0,0.07000000000000028,0.20093769325731178,0.2709376932573121,Інв_№230_Щорічні_дані_про_режим_та_ресурси_вод_морів_і_морських.pdf,168
98025,с. Парутине,лим. Бузький,water_level,cm,2023-12-04,494.0,,-5.0,-0.05999999999999961,0.20093769325731178,0.14093769325731217,Інв_№230_Щорічні_дані_про_режим_та_ресурси_вод_морів_і_морських.pdf,168
98025,с. Парутине,лим. Бузький,water_level,cm,2023-12-05,503.0,,-5.0,0.03000000000000025,0.20093769325731178,0.23093769325731203,Інв_№230_Щорічні_дані_про_режим_та_ресурси_вод_морів_і_морських.pdf,168
98025,с. Парутине,лим. Бузький,water_level,cm,2023-12-06,495.0,,-5.0,-0.04999999999999982,0.20093769325731178,0.15093769325731196,Інв_№230_Щорічні_дані_про_режим_та_ресурси_вод_морів_і_морських.pdf,168
98025,с. Парутине,лим. Бузький,water_level,cm,2023-12-07,495.0,,-5.0,-0.04999999999999982,0.20093769325731178,0.15093769325731196,Інв_№230_Щорічні_дані_про_режим_та_ресурси_вод_морів_і_морських.pdf,168
98025,с. Парутине,лим. Бузький,water_level,cm,2023-12-08,491.0,,-5.0,-0.08999999999999986,0.20093769325731178,0.11093769325731193,Інв_№230_Щорічні_дані_про_режим_та_ресурси_вод_морів_і_морських.pdf,168
98025,с. Парутине,лим. Бузький,water_level,cm,2023-12-09,485.0,,-5.0,-0.15000000000000036,0.20093769325731178,0.05093769325731143,Інв_№230_Щорічні_дані_про_режим_та_ресурси_вод_морів_і_морських.pdf,168
98025,с. Парутине,лим. Бузький,water_level,cm,2023-12-10,500.0,,-5.0,0.0,0.20093769325731178,0.20093769325731178,Інв_№230_Щорічні_дані_про_режим_та_ресурси_вод_морів_і_морських.pdf,168
98025,с. Парутине,лим. Бузький,water_level,cm,2023-12-11,501.0,,-5.0,0.009999999999999787,0.20093769325731178,0.21093769325731157,Інв_№230_Щорічні_дані_про_режим_та_ресурси_вод_морів_і_морських.pdf,168
98025,с. Парутине,лим. Бузький,water_level,cm,2023-12-12,497.0,,-5.0,-0.03000000000000025,0.20093769325731178,0.17093769325731153,Інв_№230_Щорічні_дані_про_режим_та_ресурси_вод_морів_і_морських.pdf,168
98025,с. Парутине,лим. Бузький,water_level,cm,2023-12-13,506.0,,-5.0,0.05999999999999961,0.20093769325731178,0.2609376932573114,Інв_№230_Щорічні_дані_про_режим_та_ресурси_вод_морів_і_морських.pdf,168
98025,с. Парутине,лим. Бузький,water_level,cm,2023-12-14,529.0,,-5.0,0.29000000000000004,0.20093769325731178,0.49093769325731185,Інв_№230_Щорічні_дані_про_режим_та_ресурси_вод_морів_і_морських.pdf,168
98025,с. Парутине,лим. Бузький,water_level,cm,2023-12-15,486.0,,-5.0,-0.13999999999999968,0.20093769325731178,0.0609376932573121,Інв_№230_Щорічні_дані_про_режим_та_ресурси_вод_морів_і_морських.pdf,168
98025,с. Парутине,лим. Бузький,water_level,cm,2023-12-16,498.0,,-5.0,-0.019999999999999574,0.20093769325731178,0.1809376932573122,Інв_№230_Щорічні_дані_про_режим_та_ресурси_вод_морів_і_морських.pdf,168
98025,с. Парутине,лим. Бузький,water_level,cm,2023-12-17,511.0,,-5.0,0.11000000000000032,0.20093769325731178,0.31093769325731213,Інв_№230_Щорічні_дані_про_режим_та_ресурси_вод_морів_і_морських.pdf,168
98025,с. Парутине,лим. Бузький,water_level,cm,2023-12-18,502.0,,-5.0,0.019999999999999574,0.20093769325731178,0.22093769325731136,Інв_№230_Щорічні_дані_про_режим_та_ресурси_вод_морів_і_морських.pdf,168
98025,с. Парутине,лим. Бузький,water_level,cm,2023-12-19,504.0,,-5.0,0.040000000000000036,0.20093769325731178,0.24093769325731182,Інв_№230_Щорічні_дані_про_режим_та_ресурси_вод_морів_і_морських.pdf,168
98025,с. Парутине,лим. Бузький,water_level,cm,2023-12-20,516.0,,-5.0,0.16000000000000014,0.20093769325731178,0.36093769325731195,Інв_№230_Щорічні_дані_про_режим_та_ресурси_вод_морів_і_морських.pdf,168
98025,с. Парутине,лим. Бузький,water_level,cm,2023-12-21,510.0,,-5.0,0.09999999999999964,0.20093769325731178,0.30093769325731146,Інв_№230_Щорічні_дані_про_режим_та_ресурси_вод_морів_і_морських.pdf,168
98025,с. Парутине,лим. Бузький,water_level,cm,2023-12-22,523.0,,-5.0,0.23000000000000043,0.20093769325731178,0.43093769325731224,Інв_№230_Щорічні_дані_про_режим_та_ресурси_вод_морів_і_морських.pdf,168
98025,с. Парутине,лим. Бузький,water_level,cm,2023-12-23,506.0,,-5.0,0.05999999999999961,0.20093769325731178,0.2609376932573114,Інв_№230_Щорічні_дані_про_режим_та_ресурси_вод_морів_і_морських.pdf,168
98025,с. Парутине,лим. Бузький,water_level,cm,2023-12-24,502.0,,-5.0,0.019999999999999574,0.20093769325731178,0.22093769325731136,Інв_№230_Щорічні_дані_про_режим_та_ресурси_вод_морів_і_морських.pdf,168
98025,с. Парутине,лим. Бузький,water_level,cm,2023-12-25,510.0,,-5.0,0.09999999999999964,0.20093769325731178,0.30093769325731146,Інв_№230_Щорічні_дані_про_режим_та_ресурси_вод_морів_і_морських.pdf,168
98025,с. Парутине,лим. Бузький,water_level,cm,2023-12-26,502.0,,-5.0,0.019999999999999574,0.20093769325731178,0.22093769325731136,Інв_№230_Щорічні_дані_про_режим_та_ресурси_вод_морів_і_морських.pdf,168
98025,с. Парутине,лим. Бузький,water_level,cm,2023-12-27,503.0,,-5.0,0.03000000000000025,0.20093769325731178,0.23093769325731203,Інв_№230_Щорічні_дані_про_режим_та_ресурси_вод_морів_і_морських.pdf,168
98025,с. Парутине,лим. Бузький,water_level,cm,2023-12-28,508.0,,-5.0,0.08000000000000007,0.20093769325731178,0.2809376932573119,Інв_№230_Щорічні_дані_про_режим_та_ресурси_вод_морів_і_морських.pdf,168
98025,с. Парутине,лим. Бузький,water_level,cm,2023-12-29,512.0,,-5.0,0.1200000000000001,0.20093769325731178,0.3209376932573119,Інв_№230_Щорічні_дані_про_режим_та_ресурси_вод_морів_і_морських.pdf,168
98025,с. Парутине,лим. Бузький,water_level,cm,2023-12-30,507.0,,-5.0,0.07000000000000028,0.20093769325731178,0.2709376932573121,Інв_№230_Щорічні_дані_про_режим_та_ресурси_вод_морів_і_морських.pdf,168
98025,с. Парутине,лим. Бузький,water_level,cm,2023-12-31,510.0,,-5.0,0.09999999999999964,0.20093769325731178,0.30093769325731146,Інв_№230_Щорічні_дані_про_режим_та_ресурси_вод_морів_і_морських.pdf,168
98027,м. Миколаїв,р. Південний Буг,water_level,cm,2023-01-01,500.0,,-5.0,0.0,0.19969212896808772,0.19969212896808772,Інв_№230_Щорічні_дані_про_режим_та_ресурси_вод_морів_і_морських.pdf,165
98027,м. Миколаїв,р. Південний Буг,water_level,cm,2023-01-02,499.0,,-5.0,-0.009999999999999787,0.19969212896808772,0.18969212896808793,Інв_№230_Щорічні_дані_про_режим_та_ресурси_вод_морів_і_морських.pdf,165
98027,м. Миколаїв,р. Південний Буг,water_level,cm,2023-01-03,503.0,,-5.0,0.03000000000000025,0.19969212896808772,0.22969212896808797,Інв_№230_Щорічні_дані_про_режим_та_ресурси_вод_морів_і_морських.pdf,165
98027,м. Миколаїв,р. Південний Буг,water_level,cm,2023-01-04,486.0,,-5.0,-0.13999999999999968,0.19969212896808772,0.05969212896808804,Інв_№230_Щорічні_дані_про_режим_та_ресурси_вод_морів_і_морських.pdf,165
98027,м. Миколаїв,р. Південний Буг,water_level,cm,2023-01-05,508.0,,-5.0,0.08000000000000007,0.19969212896808772,0.2796921289680878,Інв_№230_Щорічні_дані_про_режим_та_ресурси_вод_морів_і_морських.pdf,165
98027,м. Миколаїв,р. Південний Буг,water_level,cm,2023-01-06,481.0,,-5.0,-0.1900000000000004,0.19969212896808772,0.009692128968087327,Інв_№230_Щорічні_дані_про_режим_та_ресурси_вод_морів_і_морських.pdf,165
98027,м. Миколаїв,р. Південний Буг,water_level,cm,2023-01-07,478.0,,-5.0,-0.21999999999999975,0.19969212896808772,-0.020307871031912034,Інв_№230_Щорічні_дані_про_режим_та_ресурси_вод_морів_і_морських.pdf,165
98027,м. Миколаїв,р. Південний Буг,water_level,cm,2023-01-08,485.0,,-5.0,-0.15000000000000036,0.19969212896808772,0.04969212896808736,Інв_№230_Щорічні_дані_про_режим_та_ресурси_вод_морів_і_морських.pdf,165
98027,м. Миколаїв,р. Південний Буг,water_level,cm,2023-01-09,498.0,,-5.0,-0.019999999999999574,0.19969212896808772,0.17969212896808814,Інв_№230_Щорічні_дані_про_режим_та_ресурси_вод_морів_і_морських.pdf,165
98027,м. Миколаїв,р. Південний Буг,water_level,cm,2023-01-10,484.0,,-5.0,-0.16000000000000014,0.19969212896808772,0.039692128968087576,Інв_№230_Щорічні_дані_про_режим_та_ресурси_вод_морів_і_морських.pdf,165
98027,м. Миколаїв,р. Південний Буг,water_level,cm,2023-01-11,468.0,,-5.0,-0.3200000000000003,0.19969212896808772,-0.12030787103191257,Інв_№230_Щорічні_дані_про_режим_та_ресурси_вод_морів_і_морських.pdf,165
98027,м. Миколаїв,р. Південний Буг,water_level,cm,2023-01-12,481.0,,-5.0,-0.1900000000000004,0.19969212896808772,0.009692128968087327,Інв_№230_Щорічні_дані_про_режим_та_ресурси_вод_морів_і_морських.pdf,165
98027,м. Миколаїв,р. Південний Буг,water_level,cm,2023-01-13,487.0,,-5.0,-0.1299999999999999,0.19969212896808772,0.06969212896808782,Інв_№230_Щорічні_дані_про_режим_та_ресурси_вод_морів_і_морських.pdf,165
98027,м. Миколаїв,р. Південний Буг,water_level,cm,2023-01-14,490.0,,-5.0,-0.09999999999999964,0.19969212896808772,0.09969212896808807,Інв_№230_Щорічні_дані_про_режим_та_ресурси_вод_морів_і_морських.pdf,165
98027,м. Миколаїв,р. Південний Буг,water_level,cm,2023-01-15,494.0,,-5.0,-0.05999999999999961,0.19969212896808772,0.1396921289680881,Інв_№230_Щорічні_дані_про_режим_та_ресурси_вод_морів_і_морських.pdf,165
98027,м. Миколаїв,р. Південний Буг,water_level,cm,2023-01-16,499.0,,-5.0,-0.009999999999999787,0.19969212896808772,0.18969212896808793,Інв_№230_Щорічні_дані_про_режим_та_ресурси_вод_морів_і_морських.pdf,165
98027,м. Миколаїв,р. Південний Буг,water_level,cm,2023-01-17,516.0,,-5.0,0.16000000000000014,0.19969212896808772,0.3596921289680879,Інв_№230_Щорічні_дані_про_режим_та_ресурси_вод_морів_і_морських.pdf,165
98027,м. Миколаїв,р. Південний Буг,water_level,cm,2023-01-18,517.0,,-5.0,0.16999999999999993,0.19969212896808772,0.3696921289680877,Інв_№230_Щорічні_дані_про_режим_та_ресурси_вод_морів_і_морських.pdf,165
98027,м. Миколаїв,р. Південний Буг,water_level,cm,2023-01-19,512.0,,-5.0,0.1200000000000001,0.19969212896808772,0.31969212896808785,Інв_№230_Щорічні_дані_про_режим_та_ресурси_вод_морів_і_морських.pdf,165
98027,м. Миколаїв,р. Південний Буг,water_level,cm,2023-01-20,495.0,,-5.0,-0.04999999999999982,0.19969212896808772,0.1496921289680879,Інв_№230_Щорічні_дані_про_режим_та_ресурси_вод_морів_і_морських.pdf,165
98027,м. Миколаїв,р. Південний Буг,water_level,cm,2023-01-21,494.0,,-5.0,-0.05999999999999961,0.19969212896808772,0.1396921289680881,Інв_№230_Щорічні_дані_про_режим_та_ресурси_вод_морів_і_морських.pdf,165
98027,м. Миколаїв,р. Південний Буг,water_level,cm,2023-01-22,478.0,,-5.0,-0.21999999999999975,0.19969212896808772,-0.020307871031912034,Інв_№230_Щорічні_дані_про_режим_та_ресурси_вод_морів_і_морських.pdf,165
98027,м. Миколаїв,р. Південний Буг,water_level,cm,2023-01-23,476.0,,-5.0,-0.2400000000000002,0.19969212896808772,-0.040307871031912496,Інв_№230_Щорічні_дані_про_режим_та_ресурси_вод_морів_і_морських.pdf,165
98027,м. Миколаїв,р. Південний Буг,water_level,cm,2023-01-24,482.0,,-5.0,-0.17999999999999972,0.19969212896808772,0.019692128968088002,Інв_№230_Щорічні_дані_про_режим_та_ресурси_вод_морів_і_морських.pdf,165
98027,м. Миколаїв,р. Південний Буг,water_level,cm,2023-01-25,482.0,,-5.0,-0.17999999999999972,0.19969212896808772,0.019692128968088002,Інв_№230_Щорічні_дані_про_режим_та_ресурси_вод_морів_і_морських.pdf,165
98027,м. Миколаїв,р. Південний Буг,water_level,cm,2023-01-26,485.0,,-5.0,-0.15000000000000036,0.19969212896808772,0.04969212896808736,Інв_№230_Щорічні_дані_про_режим_та_ресурси_вод_морів_і_морських.pdf,165
98027,м. Миколаїв,р. Південний Буг,water_level,cm,2023-01-27,478.0,,-5.0,-0.21999999999999975,0.19969212896808772,-0.020307871031912034,Інв_№230_Щорічні_дані_про_режим_та_ресурси_вод_морів_і_морських.pdf,165
98027,м. Миколаїв,р. Південний Буг,water_level,cm,2023-01-28,466.0,,-5.0,-0.33999999999999986,0.19969212896808772,-0.14030787103191214,Інв_№230_Щорічні_дані_про_режим_та_ресурси_вод_морів_і_морських.pdf,165
98027,м. Миколаїв,р. Південний Буг,water_level,cm,2023-01-29,462.0,,-5.0,-0.3799999999999999,0.19969212896808772,-0.18030787103191218,Інв_№230_Щорічні_дані_про_режим_та_ресурси_вод_морів_і_морських.pdf,165
98027,м. Миколаїв,р. Південний Буг,water_level,cm,2023-01-30,483.0,,-5.0,-0.16999999999999993,0.19969212896808772,0.02969212896808779,Інв_№230_Щорічні_дані_про_режим_та_ресурси_вод_морів_і_морських.pdf,165
98027,м. Миколаїв,р. Південний Буг,water_level,cm,2023-01-31,491.0,,-5.0,-0.08999999999999986,0.19969212896808772,0.10969212896808786,Інв_№230_Щорічні_дані_про_режим_та_ресурси_вод_морів_і_морських.pdf,165
98027,м. Миколаїв,р. Південний Буг,water_level,cm,2023-02-01,488.0,,-5.0,-0.1200000000000001,0.19969212896808772,0.07969212896808761,Інв_№230_Щорічні_дані_про_режим_та_ресурси_вод_морів_і_морських.pdf,165
98027,м. Миколаїв,р. Південний Буг,water_level,cm,2023-02-02,491.0,,-5.0,-0.08999999999999986,0.19969212896808772,0.10969212896808786,Інв_№230_Щорічні_дані_про_режим_та_ресурси_вод_морів_і_морських.pdf,165
98027,м. Миколаїв,р. Південний Буг,water_level,cm,2023-02-03,490.0,,-5.0,-0.09999999999999964,0.19969212896808772,0.09969212896808807,Інв_№230_Щорічні_дані_про_режим_та_ресурси_вод_морів_і_морських.pdf,165
98027,м. Миколаїв,р. Південний Буг,water_level,cm,2023-02-04,486.0,,-5.0,-0.13999999999999968,0.19969212896808772,0.05969212896808804,Інв_№230_Щорічні_дані_про_режим_та_ресурси_вод_морів_і_морських.pdf,165
98027,м. Миколаїв,р. Південний Буг,water_level,cm,2023-02-05,464.0,,-5.0,-0.3600000000000003,0.19969212896808772,-0.1603078710319126,Інв_№230_Щорічні_дані_про_режим_та_ресурси_вод_морів_і_морських.pdf,165
98027,м. Миколаїв,р. Південний Буг,water_level,cm,2023-02-06,450.0,,-5.0,-0.5,0.19969212896808772,-0.30030787103191225,Інв_№230_Щорічні_дані_про_режим_та_ресурси_вод_морів_і_морських.pdf,165
98027,м. Миколаїв,р. Південний Буг,water_level,cm,2023-02-07,457.0,,-5.0,-0.4299999999999997,0.19969212896808772,-0.230307871031912,Інв_№230_Щорічні_дані_про_режим_та_ресурси_вод_морів_і_морських.pdf,165
98027,м. Миколаїв,р. Південний Буг,water_level,cm,2023-02-08,451.0,,-5.0,-0.4900000000000002,0.19969212896808772,-0.29030787103191247,Інв_№230_Щорічні_дані_про_режим_та_ресурси_вод_морів_і_морських.pdf,165
98027,м. Миколаїв,р. Південний Буг,water_level,cm,2023-02-09,479.0,Z,-5.0,-0.20999999999999996,0.19969212896808772,-0.010307871031912247,Інв_№230_Щорічні_дані_про_режим_та_ресурси_вод_морів_і_морських.pdf,165
98027,м. Миколаїв,р. Південний Буг,water_level,cm,2023-02-10,495.0,Z,-5.0,-0.04999999999999982,0.19969212896808772,0.1496921289680879,Інв_№230_Щорічні_дані_про_режим_та_ресурси_вод_морів_і_морських.pdf,165
98027,м. Миколаїв,р. Південний Буг,water_level,cm,2023-02-11,492.0,Z,-5.0,-0.08000000000000007,0.19969212896808772,0.11969212896808765,Інв_№230_Щорічні_дані_про_режим_та_ресурси_вод_морів_і_морських.pdf,165
98027,м. Миколаїв,р. Південний Буг,water_level,cm,2023-02-12,482.0,-,-5.0,-0.17999999999999972,0.19969212896808772,0.019692128968088002,Інв_№230_Щорічні_дані_про_режим_та_ресурси_вод_морів_і_морських.pdf,165
98027,м. Миколаїв,р. Південний Буг,water_level,cm,2023-02-13,482.0,)-,-5.0,-0.17999999999999972,0.19969212896808772,0.019692128968088002,Інв_№230_Щорічні_дані_про_режим_та_ресурси_вод_морів_і_морських.pdf,165
98027,м. Миколаїв,р. Південний Буг,water_level,cm,2023-02-14,476.0,-,-5.0,-0.2400000000000002,0.19969212896808772,-0.040307871031912496,Інв_№230_Щорічні_дані_про_режим_та_ресурси_вод_морів_і_морських.pdf,165
98027,м. Миколаїв,р. Південний Буг,water_level,cm,2023-02-15,469.0,,-5.0,-0.3099999999999996,0.19969212896808772,-0.11030787103191189,Інв_№230_Щорічні_дані_про_режим_та_ресурси_вод_морів_і_морських.pdf,165
98027,м. Миколаїв,р. Південний Буг,water_level,cm,2023-02-16,487.0,Z,-5.0,-0.1299999999999999,0.19969212896808772,0.06969212896808782,Інв_№230_Щорічні_дані_про_режим_та_ресурси_вод_морів_і_морських.pdf,165
98027,м. Миколаїв,р. Південний Буг,water_level,cm,2023-02-17,500.0,-,-5.0,0.0,0.19969212896808772,0.19969212896808772,Інв_№230_Щорічні_дані_про_режим_та_ресурси_вод_морів_і_морських.pdf,165
98027,м. Миколаїв,р. Південний Буг,water_level,cm,2023-02-18,498.0,,-5.0,-0.019999999999999574,0.19969212896808772,0.17969212896808814,Інв_№230_Щорічні_дані_про_режим_та_ресурси_вод_морів_і_морських.pdf,165
98027,м. Миколаїв,р. Південний Буг,water_level,cm,2023-02-19,495.0,,-5.0,-0.04999999999999982,0.19969212896808772,0.1496921289680879,Інв_№230_Щорічні_дані_про_режим_та_ресурси_вод_морів_і_морських.pdf,165
98027,м. Миколаїв,р. Південний Буг,water_level,cm,2023-02-20,488.0,,-5.0,-0.1200000000000001,0.19969212896808772,0.07969212896808761,Інв_№230_Щорічні_дані_про_режим_та_ресурси_вод_морів_і_морських.pdf,165
98027,м. Миколаїв,р. Південний Буг,water_level,cm,2023-02-21,505.0,,-5.0,0.04999999999999982,0.19969212896808772,0.24969212896808754,Інв_№230_Щорічні_дані_про_режим_та_ресурси_вод_морів_і_морських.pdf,165
98027,м. Миколаїв,р. Південний Буг,water_level,cm,2023-02-22,480.0,,-5.0,-0.20000000000000018,0.19969212896808772,-0.00030787103191246,Інв_№230_Щорічні_дані_про_режим_та_ресурси_вод_морів_і_морських.pdf,165
98027,м. Миколаїв,р. Південний Буг,water_level,cm,2023-02-23,482.0,,-5.0,-0.17999999999999972,0.19969212896808772,0.019692128968088002,Інв_№230_Щорічні_дані_про_режим_та_ресурси_вод_морів_і_морських.pdf,165
98027,м. Миколаїв,р. Південний Буг,water_level,cm,2023-02-24,508.0,,-5.0,0.08000000000000007,0.19969212896808772,0.2796921289680878,Інв_№230_Щорічні_дані_про_режим_та_ресурси_вод_морів_і_морських.pdf,165
98027,м. Миколаїв,р. Південний Буг,water_level,cm,2023-02-25,514.0,,-5.0,0.13999999999999968,0.19969212896808772,0.3396921289680874,Інв_№230_Щорічні_дані_про_режим_та_ресурси_вод_морів_і_морських.pdf,165
98027,м. Миколаїв,р. Південний Буг,water_level,cm,2023-02-26,498.0,,-5.0,-0.019999999999999574,0.19969212896808772,0.17969212896808814,Інв_№230_Щорічні_дані_про_режим_та_ресурси_вод_морів_і_морських.pdf,165
98027,м. Миколаїв,р. Південний Буг,water_level,cm,2023-02-27,497.0,,-5.0,-0.03000000000000025,0.19969212896808772,0.16969212896808747,Інв_№230_Щорічні_дані_про_режим_та_ресурси_вод_морів_і_морських.pdf,165
98027,м. Миколаїв,р. Південний Буг,water_level,cm,2023-02-28,482.0,,-5.0,-0.17999999999999972,0.19969212896808772,0.019692128968088002,Інв_№230_Щорічні_дані_про_режим_та_ресурси_вод_морів_і_морських.pdf,165
98027,м. Миколаїв,р. Південний Буг,water_level,cm,2023-03-01,487.0,,-5.0,-0.1299999999999999,0.19969212896808772,0.06969212896808782,Інв_№230_Щорічні_дані_про_режим_та_ресурси_вод_морів_і_морських.pdf,165
98027,м. Миколаїв,р. Південний Буг,water_level,cm,2023-03-02,484.0,,-5.0,-0.16000000000000014,0.19969212896808772,0.039692128968087576,Інв_№230_Щорічні_дані_про_режим_та_ресурси_вод_морів_і_морських.pdf,165
98027,м. Миколаїв,р. Південний Буг,water_level,cm,2023-03-03,490.0,,-5.0,-0.09999999999999964,0.19969212896808772,0.09969212896808807,Інв_№230_Щорічні_дані_про_режим_та_ресурси_вод_морів_і_морських.pdf,165
98027,м. Миколаїв,р. Південний Буг,water_level,cm,2023-03-04,494.0,,-5.0,-0.05999999999999961,0.19969212896808772,0.1396921289680881,Інв_№230_Щорічні_дані_про_режим_та_ресурси_вод_морів_і_морських.pdf,165
98027,м. Миколаїв,р. Південний Буг,water_level,cm,2023-03-05,485.0,,-5.0,-0.15000000000000036,0.19969212896808772,0.04969212896808736,Інв_№230_Щорічні_дані_про_режим_та_ресурси_вод_морів_і_морських.pdf,165
98027,м. Миколаїв,р. Південний Буг,water_level,cm,2023-03-06,486.0,,-5.0,-0.13999999999999968,0.19969212896808772,0.05969212896808804,Інв_№230_Щорічні_дані_про_режим_та_ресурси_вод_морів_і_морських.pdf,165
98027,м. Миколаїв,р. Південний Буг,water_level,cm,2023-03-07,502.0,,-5.0,0.019999999999999574,0.19969212896808772,0.2196921289680873,Інв_№230_Щорічні_дані_про_режим_та_ресурси_вод_морів_і_морських.pdf,165
98027,м. Миколаїв,р. Південний Буг,water_level,cm,2023-03-08,503.0,,-5.0,0.03000000000000025,0.19969212896808772,0.22969212896808797,Інв_№230_Щорічні_дані_про_режим_та_ресурси_вод_морів_і_морських.pdf,165
98027,м. Миколаїв,р. Південний Буг,water_level,cm,2023-03-09,505.0,,-5.0,0.04999999999999982,0.19969212896808772,0.24969212896808754,Інв_№230_Щорічні_дані_про_режим_та_ресурси_вод_морів_і_морських.pdf,165
98027,м. Миколаїв,р. Південний Буг,water_level,cm,2023-03-10,495.0,,-5.0,-0.04999999999999982,0.19969212896808772,0.1496921289680879,Інв_№230_Щорічні_дані_про_режим_та_ресурси_вод_морів_і_морських.pdf,165
98027,м. Миколаїв,р. Південний Буг,water_level,cm,2023-03-11,511.0,,-5.0,0.11000000000000032,0.19969212896808772,0.30969212896808807,Інв_№230_Щорічні_дані_про_режим_та_ресурси_вод_морів_і_морських.pdf,165
98027,м. Миколаїв,р. Південний Буг,water_level,cm,2023-03-12,492.0,,-5.0,-0.08000000000000007,0.19969212896808772,0.11969212896808765,Інв_№230_Щорічні_дані_про_режим_та_ресурси_вод_морів_і_морських.pdf,165
98027,м. Миколаїв,р. Південний Буг,water_level,cm,2023-03-13,495.0,,-5.0,-0.04999999999999982,0.19969212896808772,0.1496921289680879,Інв_№230_Щорічні_дані_про_режим_та_ресурси_вод_морів_і_морських.pdf,165
98027,м. Миколаїв,р. Південний Буг,water_level,cm,2023-03-14,500.0,,-5.0,0.0,0.19969212896808772,0.19969212896808772,Інв_№230_Щорічні_дані_про_режим_та_ресурси_вод_морів_і_морських.pdf,165
98027,м. Миколаїв,р. Південний Буг,water_level,cm,2023-03-15,502.0,,-5.0,0.019999999999999574,0.19969212896808772,0.2196921289680873,Інв_№230_Щорічні_дані_про_режим_та_ресурси_вод_морів_і_морських.pdf,165
98027,м. Миколаїв,р. Південний Буг,water_level,cm,2023-03-16,489.0,,-5.0,-0.11000000000000032,0.19969212896808772,0.0896921289680874,Інв_№230_Щорічні_дані_про_режим_та_ресурси_вод_морів_і_морських.pdf,165
98027,м. Миколаїв,р. Південний Буг,water_level,cm,2023-03-17,475.0,,-5.0,-0.25,0.19969212896808772,-0.05030787103191228,Інв_№230_Щорічні_дані_про_режим_та_ресурси_вод_морів_і_морських.pdf,165
98027,м. Миколаїв,р. Південний Буг,water_level,cm,2023-03-18,474.0,,-5.0,-0.2599999999999998,0.19969212896808772,-0.06030787103191207,Інв_№230_Щорічні_дані_про_режим_та_ресурси_вод_морів_і_морських.pdf,165
98027,м. Миколаїв,р. Південний Буг,water_level,cm,2023-03-19,480.0,,-5.0,-0.20000000000000018,0.19969212896808772,-0.00030787103191246,Інв_№230_Щорічні_дані_про_режим_та_ресурси_вод_морів_і_морських.pdf,165
98027,м. Миколаїв,р. Південний Буг,water_level,cm,2023-03-20,492.0,,-5.0,-0.08000000000000007,0.19969212896808772,0.11969212896808765,Інв_№230_Щорічні_дані_про_режим_та_ресурси_вод_морів_і_морських.pdf,165
98027,м. Миколаїв,р. Південний Буг,water_level,cm,2023-03-21,499.0,,-5.0,-0.009999999999999787,0.19969212896808772,0.18969212896808793,Інв_№230_Щорічні_дані_про_режим_та_ресурси_вод_морів_і_морських.pdf,165
98027,м. Миколаїв,р. Південний Буг,water_level,cm,2023-03-22,493.0,,-5.0,-0.07000000000000028,0.19969212896808772,0.12969212896808743,Інв_№230_Щорічні_дані_про_режим_та_ресурси_вод_морів_і_морських.pdf,165
98027,м. Миколаїв,р. Південний Буг,water_level,cm,2023-03-23,491.0,,-5.0,-0.08999999999999986,0.19969212896808772,0.10969212896808786,Інв_№230_Щорічні_дані_про_режим_та_ресурси_вод_морів_і_морських.pdf,165
98027,м. Миколаїв,р. Південний Буг,water_level,cm,2023-03-24,498.0,,-5.0,-0.019999999999999574,0.19969212896808772,0.17969212896808814,Інв_№230_Щорічні_дані_про_режим_та_ресурси_вод_морів_і_морських.pdf,165
98027,м. Миколаїв,р. Південний Буг,water_level,cm,2023-03-25,509.0,,-5.0,0.08999999999999986,0.19969212896808772,0.2896921289680876,Інв_№230_Щорічні_дані_про_режим_та_ресурси_вод_морів_і_морських.pdf,165
98027,м. Миколаїв,р. Південний Буг,water_level,cm,2023-03-26,508.0,,-5.0,0.08000000000000007,0.19969212896808772,0.2796921289680878,Інв_№230_Щорічні_дані_про_режим_та_ресурси_вод_морів_і_морських.pdf,165
98027,м. Миколаїв,р. Південний Буг,water_level,cm,2023-03-27,506.0,,-5.0,0.05999999999999961,0.19969212896808772,0.25969212896808735,Інв_№230_Щорічні_дані_про_режим_та_ресурси_вод_морів_і_морських.pdf,165
98027,м. Миколаїв,р. Південний Буг,water_level,cm,2023-03-28,511.0,?,-5.0,0.11000000000000032,0.19969212896808772,0.30969212896808807,Інв_№230_Щорічні_дані_про_режим_та_ресурси_вод_морів_і_морських.pdf,165
98027,м. Миколаїв,р. Південний Буг,water_level,cm,2023-03-29,479.0,,-5.0,-0.20999999999999996,0.19969212896808772,-0.010307871031912247,Інв_№230_Щорічні_дані_про_режим_та_ресурси_вод_морів_і_морських.pdf,165
98027,м. Миколаїв,р. Південний Буг,water_level,cm,2023-03-30,494.0,,-5.0,-0.05999999999999961,0.19969212896808772,0.1396921289680881,Інв_№230_Щорічні_дані_про_режим_та_ресурси_вод_морів_і_морських.pdf,165
98027,м. Миколаїв,р. Південний Буг,water_level,cm,2023-03-31,511.0,,-5.0,0.11000000000000032,0.19969212896808772,0.30969212896808807,Інв_№230_Щорічні_дані_про_режим_та_ресурси_вод_морів_і_морських.pdf,165
98027,м. Миколаїв,р. Південний Буг,water_level,cm,2023-04-01,508.0,,-5.0,0.08000000000000007,0.19969212896808772,0.2796921289680878,Інв_№230_Щорічні_дані_про_режим_та_ресурси_вод_морів_і_морських.pdf,165
98027,м. Миколаїв,р. Південний Буг,water_level,cm,2023-04-02,510.0,,-5.0,0.09999999999999964,0.19969212896808772,0.2996921289680874,Інв_№230_Щорічні_дані_про_режим_та_ресурси_вод_морів_і_морських.pdf,165
98027,м. Миколаїв,р. Південний Буг,water_level,cm,2023-04-03,502.0,,-5.0,0.019999999999999574,0.19969212896808772,0.2196921289680873,Інв_№230_Щорічні_дані_про_режим_та_ресурси_вод_морів_і_морських.pdf,165
98027,м. Миколаїв,р. Південний Буг,water_level,cm,2023-04-04,486.0,,-5.0,-0.13999999999999968,0.19969212896808772,0.05969212896808804,Інв_№230_Щорічні_дані_про_режим_та_ресурси_вод_морів_і_морських.pdf,165
98027,м. Миколаїв,р. Південний Буг,water_level,cm,2023-04-05,495.0,,-5.0,-0.04999999999999982,0.19969212896808772,0.1496921289680879,Інв_№230_Щорічні_дані_про_режим_та_ресурси_вод_морів_і_морських.pdf,165
98027,м. Миколаїв,р. Південний Буг,water_level,cm,2023-04-06,519.0,,-5.0,0.1900000000000004,0.19969212896808772,0.38969212896808814,Інв_№230_Щорічні_дані_про_режим_та_ресурси_вод_морів_і_морських.pdf,165
98027,м. Миколаїв,р. Південний Буг,water_level,cm,2023-04-07,497.0,,-5.0,-0.03000000000000025,0.19969212896808772,0.16969212896808747,Інв_№230_Щорічні_дані_про_режим_та_ресурси_вод_морів_і_морських.pdf,165
98027,м. Миколаїв,р. Південний Буг,water_level,cm,2023-04-08,498.0,,-5.0,-0.019999999999999574,0.19969212896808772,0.17969212896808814,Інв_№230_Щорічні_дані_про_режим_та_ресурси_вод_морів_і_морських.pdf,165
98027,м. Миколаїв,р. Південний Буг,water_level,cm,2023-04-09,499.0,,-5.0,-0.009999999999999787,0.19969212896808772,0.18969212896808793,Інв_№230_Щорічні_дані_про_режим_та_ресурси_вод_морів_і_морських.pdf,165
98027,м. Миколаїв,р. Південний Буг,water_level,cm,2023-04-10,488.0,,-5.0,-0.1200000000000001,0.19969212896808772,0.07969212896808761,Інв_№230_Щорічні_дані_про_режим_та_ресурси_вод_морів_і_морських.pdf,165
98027,м. Миколаїв,р. Південний Буг,water_level,cm,2023-04-11,485.0,,-5.0,-0.15000000000000036,0.19969212896808772,0.04969212896808736,Інв_№230_Щорічні_дані_про_режим_та_ресурси_вод_морів_і_морських.pdf,165
98027,м. Миколаїв,р. Південний Буг,water_level,cm,2023-04-12,503.0,,-5.0,0.03000000000000025,0.19969212896808772,0.22969212896808797,Інв_№230_Щорічні_дані_про_режим_та_ресурси_вод_морів_і_морських.pdf,165
98027,м. Миколаїв,р. Південний Буг,water_level,cm,2023-04-13,504.0,,-5.0,0.040000000000000036,0.19969212896808772,0.23969212896808775,Інв_№230_Щорічні_дані_про_режим_та_ресурси_вод_морів_і_морських.pdf,165
98027,м. Миколаїв,р. Південний Буг,water_level,cm,2023-04-14,501.0,,-5.0,0.009999999999999787,0.19969212896808772,0.2096921289680875,Інв_№230_Щорічні_дані_про_режим_та_ресурси_вод_морів_і_морських.pdf,165
98027,м. Миколаїв,р. Південний Буг,water_level,cm,2023-04-15,500.0,,-5.0,0.0,0.19969212896808772,0.19969212896808772,Інв_№230_Щорічні_дані_про_режим_та_ресурси_вод_морів_і_морських.pdf,165
98027,м. Миколаїв,р. Південний Буг,water_level,cm,2023-04-16,499.0,,-5.0,-0.009999999999999787,0.19969212896808772,0.18969212896808793,Інв_№230_Щорічні_дані_про_режим_та_ресурси_вод_морів_і_морських.pdf,165
98027,м. Миколаїв,р. Південний Буг,water_level,cm,2023-04-17,493.0,,-5.0,-0.07000000000000028,0.19969212896808772,0.12969212896808743,Інв_№230_Щорічні_дані_про_режим_та_ресурси_вод_морів_і_морських.pdf,165
98027,м. Миколаїв,р. Південний Буг,water_level,cm,2023-04-18,497.0,,-5.0,-0.03000000000000025,0.19969212896808772,0.16969212896808747,Інв_№230_Щорічні_дані_про_режим_та_ресурси_вод_морів_і_морських.pdf,165
98027,м. Миколаїв,р. Південний Буг,water_level,cm,2023-04-19,493.0,,-5.0,-0.07000000000000028,0.19969212896808772,0.12969212896808743,Інв_№230_Щорічні_дані_про_режим_та_ресурси_вод_морів_і_морських.pdf,165
98027,м. Миколаїв,р. Південний Буг,water_level,cm,2023-04-20,499.0,,-5.0,-0.009999999999999787,0.19969212896808772,0.18969212896808793,Інв_№230_Щорічні_дані_про_режим_та_ресурси_вод_морів_і_морських.pdf,165
98027,м. Миколаїв,р. Південний Буг,water_level,cm,2023-04-21,498.0,,-5.0,-0.019999999999999574,0.19969212896808772,0.17969212896808814,Інв_№230_Щорічні_дані_про_режим_та_ресурси_вод_морів_і_морських.pdf,165
98027,м. Миколаїв,р. Південний Буг,water_level,cm,2023-04-22,498.0,,-5.0,-0.019999999999999574,0.19969212896808772,0.17969212896808814,Інв_№230_Щорічні_дані_про_режим_та_ресурси_вод_морів_і_морських.pdf,165
98027,м. Миколаїв,р. Південний Буг,water_level,cm,2023-04-23,503.0,,-5.0,0.03000000000000025,0.19969212896808772,0.22969212896808797,Інв_№230_Щорічні_дані_про_режим_та_ресурси_вод_морів_і_морських.pdf,165
98027,м. Миколаїв,р. Південний Буг,water_level,cm,2023-04-24,505.0,,-5.0,0.04999999999999982,0.19969212896808772,0.24969212896808754,Інв_№230_Щорічні_дані_про_режим_та_ресурси_вод_морів_і_морських.pdf,165
98027,м. Миколаїв,р. Південний Буг,water_level,cm,2023-04-25,507.0,,-5.0,0.07000000000000028,0.19969212896808772,0.26969212896808803,Інв_№230_Щорічні_дані_про_режим_та_ресурси_вод_морів_і_морських.pdf,165
98027,м. Миколаїв,р. Південний Буг,water_level,cm,2023-04-26,511.0,,-5.0,0.11000000000000032,0.19969212896808772,0.30969212896808807,Інв_№230_Щорічні_дані_про_режим_та_ресурси_вод_морів_і_морських.pdf,165
98027,м. Миколаїв,р. Південний Буг,water_level,cm,2023-04-27,487.0,,-5.0,-0.1299999999999999,0.19969212896808772,0.06969212896808782,Інв_№230_Щорічні_дані_про_режим_та_ресурси_вод_морів_і_морських.pdf,165
98027,м. Миколаїв,р. Південний Буг,water_level,cm,2023-04-28,474.0,,-5.0,-0.2599999999999998,0.19969212896808772,-0.06030787103191207,Інв_№230_Щорічні_дані_про_режим_та_ресурси_вод_морів_і_морських.pdf,165
98027,м. Миколаїв,р. Південний Буг,water_level,cm,2023-04-29,481.0,,-5.0,-0.1900000000000004,0.19969212896808772,0.009692128968087327,Інв_№230_Щорічні_дані_про_режим_та_ресурси_вод_морів_і_морських.pdf,165
98027,м. Миколаїв,р. Південний Буг,water_level,cm,2023-04-30,495.0,,-5.0,-0.04999999999999982,0.19969212896808772,0.1496921289680879,Інв_№230_Щорічні_дані_про_режим_та_ресурси_вод_морів_і_морських.pdf,165
98027,м. Миколаїв,р. Південний Буг,water_level,cm,2023-05-01,497.0,,-5.0,-0.03000000000000025,0.19969212896808772,0.16969212896808747,Інв_№230_Щорічні_дані_про_режим_та_ресурси_вод_морів_і_морських.pdf,165
98027,м. Миколаїв,р. Південний Буг,water_level,cm,2023-05-02,500.0,,-5.0,0.0,0.19969212896808772,0.19969212896808772,Інв_№230_Щорічні_дані_про_режим_та_ресурси_вод_морів_і_морських.pdf,165
98027,м. Миколаїв,р. Південний Буг,water_level,cm,2023-05-03,504.0,,-5.0,0.040000000000000036,0.19969212896808772,0.23969212896808775,Інв_№230_Щорічні_дані_про_режим_та_ресурси_вод_морів_і_морських.pdf,165
98027,м. Миколаїв,р. Південний Буг,water_level,cm,2023-05-04,501.0,,-5.0,0.009999999999999787,0.19969212896808772,0.2096921289680875,Інв_№230_Щорічні_дані_про_режим_та_ресурси_вод_морів_і_морських.pdf,165
98027,м. Миколаїв,р. Південний Буг,water_level,cm,2023-05-05,505.0,,-5.0,0.04999999999999982,0.19969212896808772,0.24969212896808754,Інв_№230_Щорічні_дані_про_режим_та_ресурси_вод_морів_і_морських.pdf,165
98027,м. Миколаїв,р. Південний Буг,water_level,cm,2023-05-06,489.0,,-5.0,-0.11000000000000032,0.19969212896808772,0.0896921289680874,Інв_№230_Щорічні_дані_про_режим_та_ресурси_вод_морів_і_морських.pdf,165
98027,м. Миколаїв,р. Південний Буг,water_level,cm,2023-05-07,491.0,,-5.0,-0.08999999999999986,0.19969212896808772,0.10969212896808786,Інв_№230_Щорічні_дані_про_режим_та_ресурси_вод_морів_і_морських.pdf,165
98027,м. Миколаїв,р. Південний Буг,water_level,cm,2023-05-08,498.0,,-5.0,-0.019999999999999574,0.19969212896808772,0.17969212896808814,Інв_№230_Щорічні_дані_про_режим_та_ресурси_вод_морів_і_морських.pdf,165
98027,м. Миколаїв,р. Південний Буг,water_level,cm,2023-05-09,500.0,,-5.0,0.0,0.19969212896808772,0.19969212896808772,Інв_№230_Щорічні_дані_про_режим_та_ресурси_вод_морів_і_морських.pdf,165
98027,м. Миколаїв,р. Південний Буг,water_level,cm,2023-05-10,507.0,,-5.0,0.07000000000000028,0.19969212896808772,0.26969212896808803,Інв_№230_Щорічні_дані_про_режим_та_ресурси_вод_морів_і_морських.pdf,165
98027,м. Миколаїв,р. Південний Буг,water_level,cm,2023-05-11,505.0,,-5.0,0.04999999999999982,0.19969212896808772,0.24969212896808754,Інв_№230_Щорічні_дані_про_режим_та_ресурси_вод_морів_і_морських.pdf,165
98027,м. Миколаїв,р. Південний Буг,water_level,cm,2023-05-12,499.0,,-5.0,-0.009999999999999787,0.19969212896808772,0.18969212896808793,Інв_№230_Щорічні_дані_про_режим_та_ресурси_вод_морів_і_морських.pdf,165
98027,м. Миколаїв,р. Південний Буг,water_level,cm,2023-05-13,500.0,,-5.0,0.0,0.19969212896808772,0.19969212896808772,Інв_№230_Щорічні_дані_про_режим_та_ресурси_вод_морів_і_морських.pdf,165
98027,м. Миколаїв,р. Південний Буг,water_level,cm,2023-05-14,505.0,,-5.0,0.04999999999999982,0.19969212896808772,0.24969212896808754,Інв_№230_Щорічні_дані_про_режим_та_ресурси_вод_морів_і_морських.pdf,165
98027,м. Миколаїв,р. Південний Буг,water_level,cm,2023-05-15,506.0,,-5.0,0.05999999999999961,0.19969212896808772,0.25969212896808735,Інв_№230_Щорічні_дані_про_режим_та_ресурси_вод_морів_і_морських.pdf,165
98027,м. Миколаїв,р. Південний Буг,water_level,cm,2023-05-16,506.0,,-5.0,0.05999999999999961,0.19969212896808772,0.25969212896808735,Інв_№230_Щорічні_дані_про_режим_та_ресурси_вод_морів_і_морських.pdf,165
98027,м. Миколаїв,р. Південний Буг,water_level,cm,2023-05-17,504.0,,-5.0,0.040000000000000036,0.19969212896808772,0.23969212896808775,Інв_№230_Щорічні_дані_про_режим_та_ресурси_вод_морів_і_морських.pdf,165
98027,м. Миколаїв,р. Південний Буг,water_level,cm,2023-05-18,499.0,,-5.0,-0.009999999999999787,0.19969212896808772,0.18969212896808793,Інв_№230_Щорічні_дані_про_режим_та_ресурси_вод_морів_і_морських.pdf,165
98027,м. Миколаїв,р. Південний Буг,water_level,cm,2023-05-19,501.0,,-5.0,0.009999999999999787,0.19969212896808772,0.2096921289680875,Інв_№230_Щорічні_дані_про_режим_та_ресурси_вод_морів_і_морських.pdf,165
98027,м. Миколаїв,р. Південний Буг,water_level,cm,2023-05-20,500.0,,-5.0,0.0,0.19969212896808772,0.19969212896808772,Інв_№230_Щорічні_дані_про_режим_та_ресурси_вод_морів_і_морських.pdf,165
98027,м. Миколаїв,р. Південний Буг,water_level,cm,2023-05-21,496.0,,-5.0,-0.040000000000000036,0.19969212896808772,0.15969212896808768,Інв_№230_Щорічні_дані_про_режим_та_ресурси_вод_морів_і_морських.pdf,165
98027,м. Миколаїв,р. Південний Буг,water_level,cm,2023-05-22,495.0,,-5.0,-0.04999999999999982,0.19969212896808772,0.1496921289680879,Інв_№230_Щорічні_дані_про_режим_та_ресурси_вод_морів_і_морських.pdf,165
98027,м. Миколаїв,р. Південний Буг,water_level,cm,2023-05-23,504.0,,-5.0,0.040000000000000036,0.19969212896808772,0.23969212896808775,Інв_№230_Щорічні_дані_про_режим_та_ресурси_вод_морів_і_морських.pdf,165
98027,м. Миколаїв,р. Південний Буг,water_level,cm,2023-05-24,506.0,,-5.0,0.05999999999999961,0.19969212896808772,0.25969212896808735,Інв_№230_Щорічні_дані_про_режим_та_ресурси_вод_морів_і_морських.pdf,165
98027,м. Миколаїв,р. Південний Буг,water_level,cm,2023-05-25,505.0,,-5.0,0.04999999999999982,0.19969212896808772,0.24969212896808754,Інв_№230_Щорічні_дані_про_режим_та_ресурси_вод_морів_і_морських.pdf,165
98027,м. Миколаїв,р. Південний Буг,water_level,cm,2023-05-26,503.0,,-5.0,0.03000000000000025,0.19969212896808772,0.22969212896808797,Інв_№230_Щорічні_дані_про_режим_та_ресурси_вод_морів_і_морських.pdf,165
98027,м. Миколаїв,р. Південний Буг,water_level,cm,2023-05-27,502.0,,-5.0,0.019999999999999574,0.19969212896808772,0.2196921289680873,Інв_№230_Щорічні_дані_про_режим_та_ресурси_вод_морів_і_морських.pdf,165
98027,м. Миколаїв,р. Південний Буг,water_level,cm,2023-05-28,500.0,,-5.0,0.0,0.19969212896808772,0.19969212896808772,Інв_№230_Щорічні_дані_про_режим_та_ресурси_вод_морів_і_морських.pdf,165
98027,м. Миколаїв,р. Південний Буг,water_level,cm,2023-05-29,496.0,,-5.0,-0.040000000000000036,0.19969212896808772,0.15969212896808768,Інв_№230_Щорічні_дані_про_режим_та_ресурси_вод_морів_і_морських.pdf,165
98027,м. Миколаїв,р. Південний Буг,water_level,cm,2023-05-30,496.0,,-5.0,-0.040000000000000036,0.19969212896808772,0.15969212896808768,Інв_№230_Щорічні_дані_про_режим_та_ресурси_вод_морів_і_морських.pdf,165
98027,м. Миколаїв,р. Південний Буг,water_level,cm,2023-05-31,496.0,,-5.0,-0.040000000000000036,0.19969212896808772,0.15969212896808768,Інв_№230_Щорічні_дані_про_режим_та_ресурси_вод_морів_і_морських.pdf,165
98027,м. Миколаїв,р. Південний Буг,water_level,cm,2023-06-01,502.0,,-5.0,0.019999999999999574,0.19969212896808772,0.2196921289680873,Інв_№230_Щорічні_дані_про_режим_та_ресурси_вод_морів_і_морських.pdf,165
98027,м. Миколаїв,р. Південний Буг,water_level,cm,2023-06-02,510.0,,-5.0,0.09999999999999964,0.19969212896808772,0.2996921289680874,Інв_№230_Щорічні_дані_про_режим_та_ресурси_вод_морів_і_морських.pdf,165
98027,м. Миколаїв,р. Південний Буг,water_level,cm,2023-06-03,497.0,,-5.0,-0.03000000000000025,0.19969212896808772,0.16969212896808747,Інв_№230_Щорічні_дані_про_режим_та_ресурси_вод_морів_і_морських.pdf,165
98027,м. Миколаїв,р. Південний Буг,water_level,cm,2023-06-04,486.0,,-5.0,-0.13999999999999968,0.19969212896808772,0.05969212896808804,Інв_№230_Щорічні_дані_про_режим_та_ресурси_вод_морів_і_морських.pdf,165
98027,м. Миколаїв,р. Південний Буг,water_level,cm,2023-06-05,495.0,,-5.0,-0.04999999999999982,0.19969212896808772,0.1496921289680879,Інв_№230_Щорічні_дані_про_режим_та_ресурси_вод_морів_і_морських.pdf,165
98027,м. Миколаїв,р. Південний Буг,water_level,cm,2023-06-06,514.0,,-5.0,0.13999999999999968,0.19969212896808772,0.3396921289680874,Інв_№230_Щорічні_дані_про_режим_та_ресурси_вод_морів_і_морських.pdf,165
98027,м. Миколаїв,р. Південний Буг,water_level,cm,2023-06-07,568.0,/,-5.0,0.6799999999999997,0.19969212896808772,0.8796921289680875,Інв_№230_Щорічні_дані_про_режим_та_ресурси_вод_морів_і_морських.pdf,165
98027,м. Миколаїв,р. Південний Буг,water_level,cm,2023-06-08,596.0,/,-5.0,0.96,0.19969212896808772,1.1596921289680877,Інв_№230_Щорічні_дані_про_режим_та_ресурси_вод_морів_і_морських.pdf,165
98027,м. Миколаїв,р. Південний Буг,water_level,cm,2023-06-09,595.0,/,-5.0,0.9500000000000002,0.19969212896808772,1.149692128968088,Інв_№230_Щорічні_дані_про_режим_та_ресурси_вод_морів_і_морських.pdf,165
98027,м. Миколаїв,р. Південний Буг,water_level,cm,2023-06-10,581.0,/,-5.0,0.8099999999999996,0.19969212896808772,1.0096921289680874,Інв_№230_Щорічні_дані_про_режим_та_ресурси_вод_морів_і_морських.pdf,165
98027,м. Миколаїв,р. Південний Буг,water_level,cm,2023-06-11,559.0,/,-5.0,0.5899999999999999,0.19969212896808772,0.7896921289680876,Інв_№230_Щорічні_дані_про_режим_та_ресурси_вод_морів_і_морських.pdf,165
98027,м. Миколаїв,р. Південний Буг,water_level,cm,2023-06-12,544.0,/,-5.0,0.4400000000000004,0.19969212896808772,0.6396921289680881,Інв_№230_Щорічні_дані_про_режим_та_ресурси_вод_морів_і_морських.pdf,165
98027,м. Миколаїв,р. Південний Буг,water_level,cm,2023-06-13,537.0,/,-5.0,0.3700000000000001,0.19969212896808772,0.5696921289680879,Інв_№230_Щорічні_дані_про_режим_та_ресурси_вод_морів_і_морських.pdf,165
98027,м. Миколаїв,р. Південний Буг,water_level,cm,2023-06-14,528.0,/,-5.0,0.28000000000000025,0.19969212896808772,0.479692128968088,Інв_№230_Щорічні_дані_про_режим_та_ресурси_вод_морів_і_морських.pdf,165
98027,м. Миколаїв,р. Південний Буг,water_level,cm,2023-06-15,524.0,/,-5.0,0.2400000000000002,0.19969212896808772,0.43969212896808796,Інв_№230_Щорічні_дані_про_режим_та_ресурси_вод_морів_і_морських.pdf,165
98027,м. Миколаїв,р. Південний Буг,water_level,cm,2023-06-16,520.0,,-5.0,0.20000000000000018,0.19969212896808772,0.3996921289680879,Інв_№230_Щорічні_дані_про_режим_та_ресурси_вод_морів_і_морських.pdf,165
98027,м. Миколаїв,р. Південний Буг,water_level,cm,2023-06-17,514.0,,-5.0,0.13999999999999968,0.19969212896808772,0.3396921289680874,Інв_№230_Щорічні_дані_про_режим_та_ресурси_вод_морів_і_морських.pdf,165
98027,м. Миколаїв,р. Південний Буг,water_level,cm,2023-06-18,510.0,,-5.0,0.09999999999999964,0.19969212896808772,0.2996921289680874,Інв_№230_Щорічні_дані_про_режим_та_ресурси_вод_морів_і_морських.pdf,165
98027,м. Миколаїв,р. Південний Буг,water_level,cm,2023-06-19,510.0,,-5.0,0.09999999999999964,0.19969212896808772,0.2996921289680874,Інв_№230_Щорічні_дані_про_режим_та_ресурси_вод_морів_і_морських.pdf,165
98027,м. Миколаїв,р. Південний Буг,water_level,cm,2023-06-20,514.0,,-5.0,0.13999999999999968,0.19969212896808772,0.3396921289680874,Інв_№230_Щорічні_дані_про_режим_та_ресурси_вод_морів_і_морських.pdf,165
98027,м. Миколаїв,р. Південний Буг,water_level,cm,2023-06-21,513.0,,-5.0,0.1299999999999999,0.19969212896808772,0.32969212896808764,Інв_№230_Щорічні_дані_про_режим_та_ресурси_вод_морів_і_морських.pdf,165
98027,м. Миколаїв,р. Південний Буг,water_level,cm,2023-06-22,512.0,,-5.0,0.1200000000000001,0.19969212896808772,0.31969212896808785,Інв_№230_Щорічні_дані_про_режим_та_ресурси_вод_морів_і_морських.pdf,165
98027,м. Миколаїв,р. Південний Буг,water_level,cm,2023-06-23,519.0,,-5.0,0.1900000000000004,0.19969212896808772,0.38969212896808814,Інв_№230_Щорічні_дані_про_режим_та_ресурси_вод_морів_і_морських.pdf,165
98027,м. Миколаїв,р. Південний Буг,water_level,cm,2023-06-24,525.0,,-5.0,0.25,0.19969212896808772,0.44969212896808775,Інв_№230_Щорічні_дані_про_режим_та_ресурси_вод_морів_і_морських.pdf,165
98027,м. Миколаїв,р. Південний Буг,water_level,cm,2023-06-25,517.0,,-5.0,0.16999999999999993,0.19969212896808772,0.3696921289680877,Інв_№230_Щорічні_дані_про_режим_та_ресурси_вод_морів_і_морських.pdf,165
98027,м. Миколаїв,р. Південний Буг,water_level,cm,2023-06-26,503.0,,-5.0,0.03000000000000025,0.19969212896808772,0.22969212896808797,Інв_№230_Щорічні_дані_про_режим_та_ресурси_вод_морів_і_морських.pdf,165
98027,м. Миколаїв,р. Південний Буг,water_level,cm,2023-06-27,516.0,,-5.0,0.16000000000000014,0.19969212896808772,0.3596921289680879,Інв_№230_Щорічні_дані_про_режим_та_ресурси_вод_морів_і_морських.pdf,165
98027,м. Миколаїв,р. Південний Буг,water_level,cm,2023-06-28,513.0,,-5.0,0.1299999999999999,0.19969212896808772,0.32969212896808764,Інв_№230_Щорічні_дані_про_режим_та_ресурси_вод_морів_і_морських.pdf,165
98027,м. Миколаїв,р. Південний Буг,water_level,cm,2023-06-29,513.0,,-5.0,0.1299999999999999,0.19969212896808772,0.32969212896808764,Інв_№230_Щорічні_дані_про_режим_та_ресурси_вод_морів_і_морських.pdf,165
98027,м. Миколаїв,р. Південний Буг,water_level,cm,2023-06-30,512.0,,-5.0,0.1200000000000001,0.19969212896808772,0.31969212896808785,Інв_№230_Щорічні_дані_про_режим_та_ресурси_вод_морів_і_морських.pdf,165
98027,м. Миколаїв,р. Південний Буг,water_level,cm,2023-07-01,514.0,,-5.0,0.13999999999999968,0.19969212896808772,0.3396921289680874,Інв_№230_Щорічні_дані_про_режим_та_ресурси_вод_морів_і_морських.pdf,165
98027,м. Миколаїв,р. Південний Буг,water_level,cm,2023-07-02,517.0,,-5.0,0.16999999999999993,0.19969212896808772,0.3696921289680877,Інв_№230_Щорічні_дані_про_режим_та_ресурси_вод_морів_і_морських.pdf,165
98027,м. Миколаїв,р. Південний Буг,water_level,cm,2023-07-03,514.0,,-5.0,0.13999999999999968,0.19969212896808772,0.3396921289680874,Інв_№230_Щорічні_дані_про_режим_та_ресурси_вод_морів_і_морських.pdf,165
98027,м. Миколаїв,р. Південний Буг,water_level,cm,2023-07-04,507.0,,-5.0,0.07000000000000028,0.19969212896808772,0.26969212896808803,Інв_№230_Щорічні_дані_про_режим_та_ресурси_вод_морів_і_морських.pdf,165
98027,м. Миколаїв,р. Південний Буг,water_level,cm,2023-07-05,505.0,,-5.0,0.04999999999999982,0.19969212896808772,0.24969212896808754,Інв_№230_Щорічні_дані_про_режим_та_ресурси_вод_морів_і_морських.pdf,165
98027,м. Миколаїв,р. Південний Буг,water_level,cm,2023-07-06,505.0,,-5.0,0.04999999999999982,0.19969212896808772,0.24969212896808754,Інв_№230_Щорічні_дані_про_режим_та_ресурси_вод_морів_і_морських.pdf,165
98027,м. Миколаїв,р. Південний Буг,water_level,cm,2023-07-07,501.0,,-5.0,0.009999999999999787,0.19969212896808772,0.2096921289680875,Інв_№230_Щорічні_дані_про_режим_та_ресурси_вод_морів_і_морських.pdf,165
98027,м. Миколаїв,р. Південний Буг,water_level,cm,2023-07-08,484.0,,-5.0,-0.16000000000000014,0.19969212896808772,0.039692128968087576,Інв_№230_Щорічні_дані_про_режим_та_ресурси_вод_морів_і_морських.pdf,165
98027,м. Миколаїв,р. Південний Буг,water_level,cm,2023-07-09,479.0,,-5.0,-0.20999999999999996,0.19969212896808772,-0.010307871031912247,Інв_№230_Щорічні_дані_про_режим_та_ресурси_вод_морів_і_морських.pdf,165
98027,м. Миколаїв,р. Південний Буг,water_level,cm,2023-07-10,504.0,,-5.0,0.040000000000000036,0.19969212896808772,0.23969212896808775,Інв_№230_Щорічні_дані_про_режим_та_ресурси_вод_морів_і_морських.pdf,165
98027,м. Миколаїв,р. Південний Буг,water_level,cm,2023-07-11,507.0,,-5.0,0.07000000000000028,0.19969212896808772,0.26969212896808803,Інв_№230_Щорічні_дані_про_режим_та_ресурси_вод_морів_і_морських.pdf,165
98027,м. Миколаїв,р. Південний Буг,water_level,cm,2023-07-12,507.0,,-5.0,0.07000000000000028,0.19969212896808772,0.26969212896808803,Інв_№230_Щорічні_дані_про_режим_та_ресурси_вод_морів_і_морських.pdf,165
98027,м. Миколаїв,р. Південний Буг,water_level,cm,2023-07-13,518.0,,-5.0,0.17999999999999972,0.19969212896808772,0.37969212896808746,Інв_№230_Щорічні_дані_про_режим_та_ресурси_вод_морів_і_морських.pdf,165
98027,м. Миколаїв,р. Південний Буг,water_level,cm,2023-07-14,515.0,,-5.0,0.15000000000000036,0.19969212896808772,0.3496921289680881,Інв_№230_Щорічні_дані_про_режим_та_ресурси_вод_морів_і_морських.pdf,165
98027,м. Миколаїв,р. Південний Буг,water_level,cm,2023-07-15,505.0,,-5.0,0.04999999999999982,0.19969212896808772,0.24969212896808754,Інв_№230_Щорічні_дані_про_режим_та_ресурси_вод_морів_і_морських.pdf,165
98027,м. Миколаїв,р. Південний Буг,water_level,cm,2023-07-16,508.0,,-5.0,0.08000000000000007,0.19969212896808772,0.2796921289680878,Інв_№230_Щорічні_дані_про_режим_та_ресурси_вод_морів_і_морських.pdf,165
98027,м. Миколаїв,р. Південний Буг,water_level,cm,2023-07-17,513.0,,-5.0,0.1299999999999999,0.19969212896808772,0.32969212896808764,Інв_№230_Щорічні_дані_про_режим_та_ресурси_вод_морів_і_морських.pdf,165
98027,м. Миколаїв,р. Південний Буг,water_level,cm,2023-07-18,517.0,,-5.0,0.16999999999999993,0.19969212896808772,0.3696921289680877,Інв_№230_Щорічні_дані_про_режим_та_ресурси_вод_морів_і_морських.pdf,165
98027,м. Миколаїв,р. Південний Буг,water_level,cm,2023-07-19,508.0,,-5.0,0.08000000000000007,0.19969212896808772,0.2796921289680878,Інв_№230_Щорічні_дані_про_режим_та_ресурси_вод_морів_і_морських.pdf,165
98027,м. Миколаїв,р. Південний Буг,water_level,cm,2023-07-20,515.0,,-5.0,0.15000000000000036,0.19969212896808772,0.3496921289680881,Інв_№230_Щорічні_дані_про_режим_та_ресурси_вод_морів_і_морських.pdf,165
98027,м. Миколаїв,р. Південний Буг,water_level,cm,2023-07-21,505.0,,-5.0,0.04999999999999982,0.19969212896808772,0.24969212896808754,Інв_№230_Щорічні_дані_про_режим_та_ресурси_вод_морів_і_морських.pdf,165
98027,м. Миколаїв,р. Південний Буг,water_level,cm,2023-07-22,510.0,,-5.0,0.09999999999999964,0.19969212896808772,0.2996921289680874,Інв_№230_Щорічні_дані_про_режим_та_ресурси_вод_морів_і_морських.pdf,165
98027,м. Миколаїв,р. Південний Буг,water_level,cm,2023-07-23,497.0,,-5.0,-0.03000000000000025,0.19969212896808772,0.16969212896808747,Інв_№230_Щорічні_дані_про_режим_та_ресурси_вод_морів_і_морських.pdf,165
98027,м. Миколаїв,р. Південний Буг,water_level,cm,2023-07-24,503.0,,-5.0,0.03000000000000025,0.19969212896808772,0.22969212896808797,Інв_№230_Щорічні_дані_про_режим_та_ресурси_вод_морів_і_морських.pdf,165
98027,м. Миколаїв,р. Південний Буг,water_level,cm,2023-07-25,524.0,,-5.0,0.2400000000000002,0.19969212896808772,0.43969212896808796,Інв_№230_Щорічні_дані_про_режим_та_ресурси_вод_морів_і_морських.pdf,165
98027,м. Миколаїв,р. Південний Буг,water_level,cm,2023-07-26,533.0,,-5.0,0.33000000000000007,0.19969212896808772,0.5296921289680878,Інв_№230_Щорічні_дані_про_режим_та_ресурси_вод_морів_і_морських.pdf,165
98027,м. Миколаїв,р. Південний Буг,water_level,cm,2023-07-27,504.0,,-5.0,0.040000000000000036,0.19969212896808772,0.23969212896808775,Інв_№230_Щорічні_дані_про_режим_та_ресурси_вод_морів_і_морських.pdf,165
98027,м. Миколаїв,р. Південний Буг,water_level,cm,2023-07-28,491.0,,-5.0,-0.08999999999999986,0.19969212896808772,0.10969212896808786,Інв_№230_Щорічні_дані_про_режим_та_ресурси_вод_морів_і_морських.pdf,165
98027,м. Миколаїв,р. Південний Буг,water_level,cm,2023-07-29,509.0,,-5.0,0.08999999999999986,0.19969212896808772,0.2896921289680876,Інв_№230_Щорічні_дані_про_режим_та_ресурси_вод_морів_і_морських.pdf,165
98027,м. Миколаїв,р. Південний Буг,water_level,cm,2023-07-30,509.0,,-5.0,0.08999999999999986,0.19969212896808772,0.2896921289680876,Інв_№230_Щорічні_дані_про_режим_та_ресурси_вод_морів_і_морських.pdf,165
98027,м. Миколаїв,р. Південний Буг,water_level,cm,2023-07-31,506.0,,-5.0,0.05999999999999961,0.19969212896808772,0.25969212896808735,Інв_№230_Щорічні_дані_про_режим_та_ресурси_вод_морів_і_морських.pdf,165
98027,м. Миколаїв,р. Південний Буг,water_level,cm,2023-08-01,499.0,,-5.0,-0.009999999999999787,0.19969212896808772,0.18969212896808793,Інв_№230_Щорічні_дані_про_режим_та_ресурси_вод_морів_і_морських.pdf,165
98027,м. Миколаїв,р. Південний Буг,water_level,cm,2023-08-02,509.0,,-5.0,0.08999999999999986,0.19969212896808772,0.2896921289680876,Інв_№230_Щорічні_дані_про_режим_та_ресурси_вод_морів_і_морських.pdf,165
98027,м. Миколаїв,р. Південний Буг,water_level,cm,2023-08-03,505.0,,-5.0,0.04999999999999982,0.19969212896808772,0.24969212896808754,Інв_№230_Щорічні_дані_про_режим_та_ресурси_вод_морів_і_морських.pdf,165
98027,м. Миколаїв,р. Південний Буг,water_level,cm,2023-08-04,504.0,,-5.0,0.040000000000000036,0.19969212896808772,0.23969212896808775,Інв_№230_Щорічні_дані_про_режим_та_ресурси_вод_морів_і_морських.pdf,165
98027,м. Миколаїв,р. Південний Буг,water_level,cm,2023-08-05,499.0,,-5.0,-0.009999999999999787,0.19969212896808772,0.18969212896808793,Інв_№230_Щорічні_дані_про_режим_та_ресурси_вод_морів_і_морських.pdf,165
98027,м. Миколаїв,р. Південний Буг,water_level,cm,2023-08-06,506.0,,-5.0,0.05999999999999961,0.19969212896808772,0.25969212896808735,Інв_№230_Щорічні_дані_про_режим_та_ресурси_вод_морів_і_морських.pdf,165
98027,м. Миколаїв,р. Південний Буг,water_level,cm,2023-08-07,520.0,,-5.0,0.20000000000000018,0.19969212896808772,0.3996921289680879,Інв_№230_Щорічні_дані_про_режим_та_ресурси_вод_морів_і_морських.pdf,165
98027,м. Миколаїв,р. Південний Буг,water_level,cm,2023-08-08,487.0,,-5.0,-0.1299999999999999,0.19969212896808772,0.06969212896808782,Інв_№230_Щорічні_дані_про_режим_та_ресурси_вод_морів_і_морських.pdf,165
98027,м. Миколаїв,р. Південний Буг,water_level,cm,2023-08-09,488.0,,-5.0,-0.1200000000000001,0.19969212896808772,0.07969212896808761,Інв_№230_Щорічні_дані_про_режим_та_ресурси_вод_морів_і_морських.pdf,165
98027,м. Миколаїв,р. Південний Буг,water_level,cm,2023-08-10,482.0,,-5.0,-0.17999999999999972,0.19969212896808772,0.019692128968088002,Інв_№230_Щорічні_дані_про_режим_та_ресурси_вод_морів_і_морських.pdf,165
98027,м. Миколаїв,р. Південний Буг,water_level,cm,2023-08-11,486.0,,-5.0,-0.13999999999999968,0.19969212896808772,0.05969212896808804,Інв_№230_Щорічні_дані_про_режим_та_ресурси_вод_морів_і_морських.pdf,165
98027,м. Миколаїв,р. Південний Буг,water_level,cm,2023-08-12,493.0,,-5.0,-0.07000000000000028,0.19969212896808772,0.12969212896808743,Інв_№230_Щорічні_дані_про_режим_та_ресурси_вод_морів_і_морських.pdf,165
98027,м. Миколаїв,р. Південний Буг,water_level,cm,2023-08-13,493.0,,-5.0,-0.07000000000000028,0.19969212896808772,0.12969212896808743,Інв_№230_Щорічні_дані_про_режим_та_ресурси_вод_морів_і_морських.pdf,165
98027,м. Миколаїв,р. Південний Буг,water_level,cm,2023-08-14,489.0,,-5.0,-0.11000000000000032,0.19969212896808772,0.0896921289680874,Інв_№230_Щорічні_дані_про_режим_та_ресурси_вод_морів_і_морських.pdf,165
98027,м. Миколаїв,р. Південний Буг,water_level,cm,2023-08-15,486.0,,-5.0,-0.13999999999999968,0.19969212896808772,0.05969212896808804,Інв_№230_Щорічні_дані_про_режим_та_ресурси_вод_морів_і_морських.pdf,165
98027,м. Миколаїв,р. Південний Буг,water_level,cm,2023-08-16,488.0,,-5.0,-0.1200000000000001,0.19969212896808772,0.07969212896808761,Інв_№230_Щорічні_дані_про_режим_та_ресурси_вод_морів_і_морських.pdf,165
98027,м. Миколаїв,р. Південний Буг,water_level,cm,2023-08-17,490.0,,-5.0,-0.09999999999999964,0.19969212896808772,0.09969212896808807,Інв_№230_Щорічні_дані_про_режим_та_ресурси_вод_морів_і_морських.pdf,165
98027,м. Миколаїв,р. Південний Буг,water_level,cm,2023-08-18,492.0,,-5.0,-0.08000000000000007,0.19969212896808772,0.11969212896808765,Інв_№230_Щорічні_дані_про_режим_та_ресурси_вод_морів_і_морських.pdf,165
98027,м. Миколаїв,р. Південний Буг,water_level,cm,2023-08-19,492.0,,-5.0,-0.08000000000000007,0.19969212896808772,0.11969212896808765,Інв_№230_Щорічні_дані_про_режим_та_ресурси_вод_морів_і_морських.pdf,165
98027,м. Миколаїв,р. Південний Буг,water_level,cm,2023-08-20,491.0,,-5.0,-0.08999999999999986,0.19969212896808772,0.10969212896808786,Інв_№230_Щорічні_дані_про_режим_та_ресурси_вод_морів_і_морських.pdf,165
98027,м. Миколаїв,р. Південний Буг,water_level,cm,2023-08-21,494.0,,-5.0,-0.05999999999999961,0.19969212896808772,0.1396921289680881,Інв_№230_Щорічні_дані_про_режим_та_ресурси_вод_морів_і_морських.pdf,165
98027,м. Миколаїв,р. Південний Буг,water_level,cm,2023-08-22,496.0,,-5.0,-0.040000000000000036,0.19969212896808772,0.15969212896808768,Інв_№230_Щорічні_дані_про_режим_та_ресурси_вод_морів_і_морських.pdf,165
98027,м. Миколаїв,р. Південний Буг,water_level,cm,2023-08-23,498.0,,-5.0,-0.019999999999999574,0.19969212896808772,0.17969212896808814,Інв_№230_Щорічні_дані_про_режим_та_ресурси_вод_морів_і_морських.pdf,165
98027,м. Миколаїв,р. Південний Буг,water_level,cm,2023-08-24,497.0,,-5.0,-0.03000000000000025,0.19969212896808772,0.16969212896808747,Інв_№230_Щорічні_дані_про_режим_та_ресурси_вод_морів_і_морських.pdf,165
98027,м. Миколаїв,р. Південний Буг,water_level,cm,2023-08-25,494.0,,-5.0,-0.05999999999999961,0.19969212896808772,0.1396921289680881,Інв_№230_Щорічні_дані_про_режим_та_ресурси_вод_морів_і_морських.pdf,165
98027,м. Миколаїв,р. Південний Буг,water_level,cm,2023-08-26,501.0,,-5.0,0.009999999999999787,0.19969212896808772,0.2096921289680875,Інв_№230_Щорічні_дані_про_режим_та_ресурси_вод_морів_і_морських.pdf,165
98027,м. Миколаїв,р. Південний Буг,water_level,cm,2023-08-27,503.0,,-5.0,0.03000000000000025,0.19969212896808772,0.22969212896808797,Інв_№230_Щорічні_дані_про_режим_та_ресурси_вод_морів_і_морських.pdf,165
98027,м. Миколаїв,р. Південний Буг,water_level,cm,2023-08-28,499.0,,-5.0,-0.009999999999999787,0.19969212896808772,0.18969212896808793,Інв_№230_Щорічні_дані_про_режим_та_ресурси_вод_морів_і_морських.pdf,165
98027,м. Миколаїв,р. Південний Буг,water_level,cm,2023-08-29,497.0,,-5.0,-0.03000000000000025,0.19969212896808772,0.16969212896808747,Інв_№230_Щорічні_дані_про_режим_та_ресурси_вод_морів_і_морських.pdf,165
98027,м. Миколаїв,р. Південний Буг,water_level,cm,2023-08-30,505.0,,-5.0,0.04999999999999982,0.19969212896808772,0.24969212896808754,Інв_№230_Щорічні_дані_про_режим_та_ресурси_вод_морів_і_морських.pdf,165
98027,м. Миколаїв,р. Південний Буг,water_level,cm,2023-08-31,507.0,,-5.0,0.07000000000000028,0.19969212896808772,0.26969212896808803,Інв_№230_Щорічні_дані_про_режим_та_ресурси_вод_морів_і_морських.pdf,165
98027,м. Миколаїв,р. Південний Буг,water_level,cm,2023-09-01,493.0,,-5.0,-0.07000000000000028,0.19969212896808772,0.12969212896808743,Інв_№230_Щорічні_дані_про_режим_та_ресурси_вод_морів_і_морських.pdf,165
98027,м. Миколаїв,р. Південний Буг,water_level,cm,2023-09-02,485.0,,-5.0,-0.15000000000000036,0.19969212896808772,0.04969212896808736,Інв_№230_Щорічні_дані_про_режим_та_ресурси_вод_морів_і_морських.pdf,165
98027,м. Миколаїв,р. Південний Буг,water_level,cm,2023-09-03,487.0,,-5.0,-0.1299999999999999,0.19969212896808772,0.06969212896808782,Інв_№230_Щорічні_дані_про_режим_та_ресурси_вод_морів_і_морських.pdf,165
98027,м. Миколаїв,р. Південний Буг,water_level,cm,2023-09-04,479.0,,-5.0,-0.20999999999999996,0.19969212896808772,-0.010307871031912247,Інв_№230_Щорічні_дані_про_режим_та_ресурси_вод_морів_і_морських.pdf,165
98027,м. Миколаїв,р. Південний Буг,water_level,cm,2023-09-05,475.0,,-5.0,-0.25,0.19969212896808772,-0.05030787103191228,Інв_№230_Щорічні_дані_про_режим_та_ресурси_вод_морів_і_морських.pdf,165
98027,м. Миколаїв,р. Південний Буг,water_level,cm,2023-09-06,483.0,,-5.0,-0.16999999999999993,0.19969212896808772,0.02969212896808779,Інв_№230_Щорічні_дані_про_режим_та_ресурси_вод_морів_і_морських.pdf,165
98027,м. Миколаїв,р. Південний Буг,water_level,cm,2023-09-07,482.0,,-5.0,-0.17999999999999972,0.19969212896808772,0.019692128968088002,Інв_№230_Щорічні_дані_про_режим_та_ресурси_вод_морів_і_морських.pdf,165
98027,м. Миколаїв,р. Південний Буг,water_level,cm,2023-09-08,483.0,?,-5.0,-0.16999999999999993,0.19969212896808772,0.02969212896808779,Інв_№230_Щорічні_дані_про_режим_та_ресурси_вод_морів_і_морських.pdf,165
98027,м. Миколаїв,р. Південний Буг,water_level,cm,2023-09-09,485.0,,-5.0,-0.15000000000000036,0.19969212896808772,0.04969212896808736,Інв_№230_Щорічні_дані_про_режим_та_ресурси_вод_морів_і_морських.pdf,165
98027,м. Миколаїв,р. Південний Буг,water_level,cm,2023-09-10,487.0,,-5.0,-0.1299999999999999,0.19969212896808772,0.06969212896808782,Інв_№230_Щорічні_дані_про_режим_та_ресурси_вод_морів_і_морських.pdf,165
98027,м. Миколаїв,р. Південний Буг,water_level,cm,2023-09-11,490.0,,-5.0,-0.09999999999999964,0.19969212896808772,0.09969212896808807,Інв_№230_Щорічні_дані_про_режим_та_ресурси_вод_морів_і_морських.pdf,165
98027,м. Миколаїв,р. Південний Буг,water_level,cm,2023-09-12,495.0,,-5.0,-0.04999999999999982,0.19969212896808772,0.1496921289680879,Інв_№230_Щорічні_дані_про_режим_та_ресурси_вод_морів_і_морських.pdf,165
98027,м. Миколаїв,р. Південний Буг,water_level,cm,2023-09-13,494.0,,-5.0,-0.05999999999999961,0.19969212896808772,0.1396921289680881,Інв_№230_Щорічні_дані_про_режим_та_ресурси_вод_морів_і_морських.pdf,165
98027,м. Миколаїв,р. Південний Буг,water_level,cm,2023-09-14,501.0,,-5.0,0.009999999999999787,0.19969212896808772,0.2096921289680875,Інв_№230_Щорічні_дані_про_режим_та_ресурси_вод_морів_і_морських.pdf,165
98027,м. Миколаїв,р. Південний Буг,water_level,cm,2023-09-15,498.0,,-5.0,-0.019999999999999574,0.19969212896808772,0.17969212896808814,Інв_№230_Щорічні_дані_про_режим_та_ресурси_вод_морів_і_морських.pdf,165
98027,м. Миколаїв,р. Південний Буг,water_level,cm,2023-09-16,480.0,,-5.0,-0.20000000000000018,0.19969212896808772,-0.00030787103191246,Інв_№230_Щорічні_дані_про_режим_та_ресурси_вод_морів_і_морських.pdf,165
98027,м. Миколаїв,р. Південний Буг,water_level,cm,2023-09-17,484.0,,-5.0,-0.16000000000000014,0.19969212896808772,0.039692128968087576,Інв_№230_Щорічні_дані_про_режим_та_ресурси_вод_морів_і_морських.pdf,165
98027,м. Миколаїв,р. Південний Буг,water_level,cm,2023-09-18,487.0,,-5.0,-0.1299999999999999,0.19969212896808772,0.06969212896808782,Інв_№230_Щорічні_дані_про_режим_та_ресурси_вод_морів_і_морських.pdf,165
98027,м. Миколаїв,р. Південний Буг,water_level,cm,2023-09-19,490.0,,-5.0,-0.09999999999999964,0.19969212896808772,0.09969212896808807,Інв_№230_Щорічні_дані_про_режим_та_ресурси_вод_морів_і_морських.pdf,165
98027,м. Миколаїв,р. Південний Буг,water_level,cm,2023-09-20,490.0,,-5.0,-0.09999999999999964,0.19969212896808772,0.09969212896808807,Інв_№230_Щорічні_дані_про_режим_та_ресурси_вод_морів_і_морських.pdf,165
98027,м. Миколаїв,р. Південний Буг,water_level,cm,2023-09-21,487.0,,-5.0,-0.1299999999999999,0.19969212896808772,0.06969212896808782,Інв_№230_Щорічні_дані_про_режим_та_ресурси_вод_морів_і_морських.pdf,165
98027,м. Миколаїв,р. Південний Буг,water_level,cm,2023-09-22,489.0,,-5.0,-0.11000000000000032,0.19969212896808772,0.0896921289680874,Інв_№230_Щорічні_дані_про_режим_та_ресурси_вод_морів_і_морських.pdf,165
98027,м. Миколаїв,р. Південний Буг,water_level,cm,2023-09-23,487.0,,-5.0,-0.1299999999999999,0.19969212896808772,0.06969212896808782,Інв_№230_Щорічні_дані_про_режим_та_ресурси_вод_морів_і_морських.pdf,165
98027,м. Миколаїв,р. Південний Буг,water_level,cm,2023-09-24,483.0,,-5.0,-0.16999999999999993,0.19969212896808772,0.02969212896808779,Інв_№230_Щорічні_дані_про_режим_та_ресурси_вод_морів_і_морських.pdf,165
98027,м. Миколаїв,р. Південний Буг,water_level,cm,2023-09-25,475.0,,-5.0,-0.25,0.19969212896808772,-0.05030787103191228,Інв_№230_Щорічні_дані_про_режим_та_ресурси_вод_морів_і_морських.pdf,165
98027,м. Миколаїв,р. Південний Буг,water_level,cm,2023-09-26,477.0,,-5.0,-0.23000000000000043,0.19969212896808772,-0.03030787103191271,Інв_№230_Щорічні_дані_про_режим_та_ресурси_вод_морів_і_морських.pdf,165
98027,м. Миколаїв,р. Південний Буг,water_level,cm,2023-09-27,477.0,,-5.0,-0.23000000000000043,0.19969212896808772,-0.03030787103191271,Інв_№230_Щорічні_дані_про_режим_та_ресурси_вод_морів_і_морських.pdf,165
98027,м. Миколаїв,р. Південний Буг,water_level,cm,2023-09-28,478.0,?,-5.0,-0.21999999999999975,0.19969212896808772,-0.020307871031912034,Інв_№230_Щорічні_дані_про_режим_та_ресурси_вод_морів_і_морських.pdf,165
98027,м. Миколаїв,р. Південний Буг,water_level,cm,2023-09-29,475.0,,-5.0,-0.25,0.19969212896808772,-0.05030787103191228,Інв_№230_Щорічні_дані_про_режим_та_ресурси_вод_морів_і_морських.pdf,165
98027,м. Миколаїв,р. Південний Буг,water_level,cm,2023-09-30,481.0,,-5.0,-0.1900000000000004,0.19969212896808772,0.009692128968087327,Інв_№230_Щорічні_дані_про_режим_та_ресурси_вод_морів_і_морських.pdf,165
98027,м. Миколаїв,р. Південний Буг,water_level,cm,2023-10-01,477.0,,-5.0,-0.23000000000000043,0.19969212896808772,-0.03030787103191271,Інв_№230_Щорічні_дані_про_режим_та_ресурси_вод_морів_і_морських.pdf,165
98027,м. Миколаїв,р. Південний Буг,water_level,cm,2023-10-02,461.0,,-5.0,-0.3899999999999997,0.19969212896808772,-0.19030787103191196,Інв_№230_Щорічні_дані_про_режим_та_ресурси_вод_морів_і_морських.pdf,165
98027,м. Миколаїв,р. Південний Буг,water_level,cm,2023-10-03,481.0,,-5.0,-0.1900000000000004,0.19969212896808772,0.009692128968087327,Інв_№230_Щорічні_дані_про_режим_та_ресурси_вод_морів_і_морських.pdf,165
98027,м. Миколаїв,р. Південний Буг,water_level,cm,2023-10-04,494.0,,-5.0,-0.05999999999999961,0.19969212896808772,0.1396921289680881,Інв_№230_Щорічні_дані_про_режим_та_ресурси_вод_морів_і_морських.pdf,165
98027,м. Миколаїв,р. Південний Буг,water_level,cm,2023-10-05,478.0,,-5.0,-0.21999999999999975,0.19969212896808772,-0.020307871031912034,Інв_№230_Щорічні_дані_про_режим_та_ресурси_вод_морів_і_морських.pdf,165
98027,м. Миколаїв,р. Південний Буг,water_level,cm,2023-10-06,474.0,,-5.0,-0.2599999999999998,0.19969212896808772,-0.06030787103191207,Інв_№230_Щорічні_дані_про_режим_та_ресурси_вод_морів_і_морських.pdf,165
98027,м. Миколаїв,р. Південний Буг,water_level,cm,2023-10-07,496.0,,-5.0,-0.040000000000000036,0.19969212896808772,0.15969212896808768,Інв_№230_Щорічні_дані_про_режим_та_ресурси_вод_морів_і_морських.pdf,165
98027,м. Миколаїв,р. Південний Буг,water_level,cm,2023-10-08,482.0,,-5.0,-0.17999999999999972,0.19969212896808772,0.019692128968088002,Інв_№230_Щорічні_дані_про_режим_та_ресурси_вод_морів_і_морських.pdf,165
98027,м. Миколаїв,р. Південний Буг,water_level,cm,2023-10-09,475.0,,-5.0,-0.25,0.19969212896808772,-0.05030787103191228,Інв_№230_Щорічні_дані_про_режим_та_ресурси_вод_морів_і_морських.pdf,165
98027,м. Миколаїв,р. Південний Буг,water_level,cm,2023-10-10,480.0,,-5.0,-0.20000000000000018,0.19969212896808772,-0.00030787103191246,Інв_№230_Щорічні_дані_про_режим_та_ресурси_вод_морів_і_морських.pdf,165
98027,м. Миколаїв,р. Південний Буг,water_level,cm,2023-10-11,481.0,,-5.0,-0.1900000000000004,0.19969212896808772,0.009692128968087327,Інв_№230_Щорічні_дані_про_режим_та_ресурси_вод_морів_і_морських.pdf,165
98027,м. Миколаїв,р. Південний Буг,water_level,cm,2023-10-12,495.0,,-5.0,-0.04999999999999982,0.19969212896808772,0.1496921289680879,Інв_№230_Щорічні_дані_про_режим_та_ресурси_вод_морів_і_морських.pdf,165
98027,м. Миколаїв,р. Південний Буг,water_level,cm,2023-10-13,485.0,,-5.0,-0.15000000000000036,0.19969212896808772,0.04969212896808736,Інв_№230_Щорічні_дані_про_режим_та_ресурси_вод_морів_і_морських.pdf,165
98027,м. Миколаїв,р. Південний Буг,water_level,cm,2023-10-14,482.0,,-5.0,-0.17999999999999972,0.19969212896808772,0.019692128968088002,Інв_№230_Щорічні_дані_про_режим_та_ресурси_вод_морів_і_морських.pdf,165
98027,м. Миколаїв,р. Південний Буг,water_level,cm,2023-10-15,488.0,,-5.0,-0.1200000000000001,0.19969212896808772,0.07969212896808761,Інв_№230_Щорічні_дані_про_режим_та_ресурси_вод_морів_і_морських.pdf,165
98027,м. Миколаїв,р. Південний Буг,water_level,cm,2023-10-16,464.0,,-5.0,-0.3600000000000003,0.19969212896808772,-0.1603078710319126,Інв_№230_Щорічні_дані_про_режим_та_ресурси_вод_морів_і_морських.pdf,165
98027,м. Миколаїв,р. Південний Буг,water_level,cm,2023-10-17,474.0,,-5.0,-0.2599999999999998,0.19969212896808772,-0.06030787103191207,Інв_№230_Щорічні_дані_про_режим_та_ресурси_вод_морів_і_морських.pdf,165
98027,м. Миколаїв,р. Південний Буг,water_level,cm,2023-10-18,472.0,,-5.0,-0.28000000000000025,0.19969212896808772,-0.08030787103191253,Інв_№230_Щорічні_дані_про_режим_та_ресурси_вод_морів_і_морських.pdf,165
98027,м. Миколаїв,р. Південний Буг,water_level,cm,2023-10-19,493.0,,-5.0,-0.07000000000000028,0.19969212896808772,0.12969212896808743,Інв_№230_Щорічні_дані_про_режим_та_ресурси_вод_морів_і_морських.pdf,165
98027,м. Миколаїв,р. Південний Буг,water_level,cm,2023-10-20,508.0,,-5.0,0.08000000000000007,0.19969212896808772,0.2796921289680878,Інв_№230_Щорічні_дані_про_режим_та_ресурси_вод_морів_і_морських.pdf,165
98027,м. Миколаїв,р. Південний Буг,water_level,cm,2023-10-21,486.0,,-5.0,-0.13999999999999968,0.19969212896808772,0.05969212896808804,Інв_№230_Щорічні_дані_про_режим_та_ресурси_вод_морів_і_морських.pdf,165
98027,м. Миколаїв,р. Південний Буг,water_level,cm,2023-10-22,486.0,,-5.0,-0.13999999999999968,0.19969212896808772,0.05969212896808804,Інв_№230_Щорічні_дані_про_режим_та_ресурси_вод_морів_і_морських.pdf,165
98027,м. Миколаїв,р. Південний Буг,water_level,cm,2023-10-23,484.0,,-5.0,-0.16000000000000014,0.19969212896808772,0.039692128968087576,Інв_№230_Щорічні_дані_про_режим_та_ресурси_вод_морів_і_морських.pdf,165
98027,м. Миколаїв,р. Південний Буг,water_level,cm,2023-10-24,480.0,,-5.0,-0.20000000000000018,0.19969212896808772,-0.00030787103191246,Інв_№230_Щорічні_дані_про_режим_та_ресурси_вод_морів_і_морських.pdf,165
98027,м. Миколаїв,р. Південний Буг,water_level,cm,2023-10-25,498.0,,-5.0,-0.019999999999999574,0.19969212896808772,0.17969212896808814,Інв_№230_Щорічні_дані_про_режим_та_ресурси_вод_морів_і_морських.pdf,165
98027,м. Миколаїв,р. Південний Буг,water_level,cm,2023-10-26,486.0,,-5.0,-0.13999999999999968,0.19969212896808772,0.05969212896808804,Інв_№230_Щорічні_дані_про_режим_та_ресурси_вод_морів_і_морських.pdf,165
98027,м. Миколаїв,р. Південний Буг,water_level,cm,2023-10-27,490.0,,-5.0,-0.09999999999999964,0.19969212896808772,0.09969212896808807,Інв_№230_Щорічні_дані_про_режим_та_ресурси_вод_морів_і_морських.pdf,165
98027,м. Миколаїв,р. Південний Буг,water_level,cm,2023-10-28,491.0,,-5.0,-0.08999999999999986,0.19969212896808772,0.10969212896808786,Інв_№230_Щорічні_дані_про_режим_та_ресурси_вод_морів_і_морських.pdf,165
98027,м. Миколаїв,р. Південний Буг,water_level,cm,2023-10-29,483.0,,-5.0,-0.16999999999999993,0.19969212896808772,0.02969212896808779,Інв_№230_Щорічні_дані_про_режим_та_ресурси_вод_морів_і_морських.pdf,165
98027,м. Миколаїв,р. Південний Буг,water_level,cm,2023-10-30,490.0,,-5.0,-0.09999999999999964,0.19969212896808772,0.09969212896808807,Інв_№230_Щорічні_дані_про_режим_та_ресурси_вод_морів_і_морських.pdf,165
98027,м. Миколаїв,р. Південний Буг,water_level,cm,2023-10-31,492.0,,-5.0,-0.08000000000000007,0.19969212896808772,0.11969212896808765,Інв_№230_Щорічні_дані_про_режим_та_ресурси_вод_морів_і_морських.pdf,165
98027,м. Миколаїв,р. Південний Буг,water_level,cm,2023-11-01,491.0,,-5.0,-0.08999999999999986,0.19969212896808772,0.10969212896808786,Інв_№230_Щорічні_дані_про_режим_та_ресурси_вод_морів_і_морських.pdf,165
98027,м. Миколаїв,р. Південний Буг,water_level,cm,2023-11-02,478.0,,-5.0,-0.21999999999999975,0.19969212896808772,-0.020307871031912034,Інв_№230_Щорічні_дані_про_режим_та_ресурси_вод_морів_і_морських.pdf,165
98027,м. Миколаїв,р. Південний Буг,water_level,cm,2023-11-03,480.0,,-5.0,-0.20000000000000018,0.19969212896808772,-0.00030787103191246,Інв_№230_Щорічні_дані_про_режим_та_ресурси_вод_морів_і_морських.pdf,165
98027,м. Миколаїв,р. Південний Буг,water_level,cm,2023-11-04,505.0,,-5.0,0.04999999999999982,0.19969212896808772,0.24969212896808754,Інв_№230_Щорічні_дані_про_режим_та_ресурси_вод_морів_і_морських.pdf,165
98027,м. Миколаїв,р. Південний Буг,water_level,cm,2023-11-05,512.0,,-5.0,0.1200000000000001,0.19969212896808772,0.31969212896808785,Інв_№230_Щорічні_дані_про_режим_та_ресурси_вод_морів_і_морських.pdf,165
98027,м. Миколаїв,р. Південний Буг,water_level,cm,2023-11-06,498.0,,-5.0,-0.019999999999999574,0.19969212896808772,0.17969212896808814,Інв_№230_Щорічні_дані_про_режим_та_ресурси_вод_морів_і_морських.pdf,165
98027,м. Миколаїв,р. Південний Буг,water_level,cm,2023-11-07,488.0,,-5.0,-0.1200000000000001,0.19969212896808772,0.07969212896808761,Інв_№230_Щорічні_дані_про_режим_та_ресурси_вод_морів_і_морських.pdf,165
98027,м. Миколаїв,р. Південний Буг,water_level,cm,2023-11-08,503.0,,-5.0,0.03000000000000025,0.19969212896808772,0.22969212896808797,Інв_№230_Щорічні_дані_про_режим_та_ресурси_вод_морів_і_морських.pdf,165
98027,м. Миколаїв,р. Південний Буг,water_level,cm,2023-11-09,477.0,,-5.0,-0.23000000000000043,0.19969212896808772,-0.03030787103191271,Інв_№230_Щорічні_дані_про_режим_та_ресурси_вод_морів_і_морських.pdf,165
98027,м. Миколаїв,р. Південний Буг,water_level,cm,2023-11-10,490.0,,-5.0,-0.09999999999999964,0.19969212896808772,0.09969212896808807,Інв_№230_Щорічні_дані_про_режим_та_ресурси_вод_морів_і_морських.pdf,165
98027,м. Миколаїв,р. Південний Буг,water_level,cm,2023-11-11,509.0,,-5.0,0.08999999999999986,0.19969212896808772,0.2896921289680876,Інв_№230_Щорічні_дані_про_режим_та_ресурси_вод_морів_і_морських.pdf,165
98027,м. Миколаїв,р. Південний Буг,water_level,cm,2023-11-12,525.0,,-5.0,0.25,0.19969212896808772,0.44969212896808775,Інв_№230_Щорічні_дані_про_режим_та_ресурси_вод_морів_і_морських.pdf,165
98027,м. Миколаїв,р. Південний Буг,water_level,cm,2023-11-13,486.0,,-5.0,-0.13999999999999968,0.19969212896808772,0.05969212896808804,Інв_№230_Щорічні_дані_про_режим_та_ресурси_вод_морів_і_морських.pdf,165
98027,м. Миколаїв,р. Південний Буг,water_level,cm,2023-11-14,506.0,,-5.0,0.05999999999999961,0.19969212896808772,0.25969212896808735,Інв_№230_Щорічні_дані_про_режим_та_ресурси_вод_морів_і_морських.pdf,165
98027,м. Миколаїв,р. Південний Буг,water_level,cm,2023-11-15,497.0,,-5.0,-0.03000000000000025,0.19969212896808772,0.16969212896808747,Інв_№230_Щорічні_дані_про_режим_та_ресурси_вод_морів_і_морських.pdf,165
98027,м. Миколаїв,р. Південний Буг,water_level,cm,2023-11-16,482.0,,-5.0,-0.17999999999999972,0.19969212896808772,0.019692128968088002,Інв_№230_Щорічні_дані_про_режим_та_ресурси_вод_морів_і_морських.pdf,165
98027,м. Миколаїв,р. Південний Буг,water_level,cm,2023-11-17,484.0,,-5.0,-0.16000000000000014,0.19969212896808772,0.039692128968087576,Інв_№230_Щорічні_дані_про_режим_та_ресурси_вод_морів_і_морських.pdf,165
98027,м. Миколаїв,р. Південний Буг,water_level,cm,2023-11-18,457.0,,-5.0,-0.4299999999999997,0.19969212896808772,-0.230307871031912,Інв_№230_Щорічні_дані_про_режим_та_ресурси_вод_морів_і_морських.pdf,165
98027,м. Миколаїв,р. Південний Буг,water_level,cm,2023-11-19,407.0,?,-5.0,-0.9299999999999997,0.19969212896808772,-0.730307871031912,Інв_№230_Щорічні_дані_про_режим_та_ресурси_вод_морів_і_морських.pdf,165
98027,м. Миколаїв,р. Південний Буг,water_level,cm,2023-11-20,474.0,,-5.0,-0.2599999999999998,0.19969212896808772,-0.06030787103191207,Інв_№230_Щорічні_дані_про_режим_та_ресурси_вод_морів_і_морських.pdf,165
98027,м. Миколаїв,р. Південний Буг,water_level,cm,2023-11-21,480.0,,-5.0,-0.20000000000000018,0.19969212896808772,-0.00030787103191246,Інв_№230_Щорічні_дані_про_режим_та_ресурси_вод_морів_і_морських.pdf,165
98027,м. Миколаїв,р. Південний Буг,water_level,cm,2023-11-22,486.0,,-5.0,-0.13999999999999968,0.19969212896808772,0.05969212896808804,Інв_№230_Щорічні_дані_про_режим_та_ресурси_вод_морів_і_морських.pdf,165
98027,м. Миколаїв,р. Південний Буг,water_level,cm,2023-11-23,495.0,,-5.0,-0.04999999999999982,0.19969212896808772,0.1496921289680879,Інв_№230_Щорічні_дані_про_режим_та_ресурси_вод_морів_і_морських.pdf,165
98027,м. Миколаїв,р. Південний Буг,water_level,cm,2023-11-24,506.0,,-5.0,0.05999999999999961,0.19969212896808772,0.25969212896808735,Інв_№230_Щорічні_дані_про_режим_та_ресурси_вод_морів_і_морських.pdf,165
98027,м. Миколаїв,р. Південний Буг,water_level,cm,2023-11-25,473.0,,-5.0,-0.2699999999999996,0.19969212896808772,-0.07030787103191186,Інв_№230_Щорічні_дані_про_режим_та_ресурси_вод_морів_і_морських.pdf,165
98027,м. Миколаїв,р. Південний Буг,water_level,cm,2023-11-26,445.0,,-5.0,-0.5499999999999998,0.19969212896808772,-0.3503078710319121,Інв_№230_Щорічні_дані_про_режим_та_ресурси_вод_морів_і_морських.pdf,165
98027,м. Миколаїв,р. Південний Буг,water_level,cm,2023-11-27,494.0,,-5.0,-0.05999999999999961,0.19969212896808772,0.1396921289680881,Інв_№230_Щорічні_дані_про_режим_та_ресурси_вод_морів_і_морських.pdf,165
98027,м. Миколаїв,р. Південний Буг,water_level,cm,2023-11-28,514.0,,-5.0,0.13999999999999968,0.19969212896808772,0.3396921289680874,Інв_№230_Щорічні_дані_про_режим_та_ресурси_вод_морів_і_морських.pdf,165
98027,м. Миколаїв,р. Південний Буг,water_level,cm,2023-11-29,542.0,,-5.0,0.41999999999999993,0.19969212896808772,0.6196921289680877,Інв_№230_Щорічні_дані_про_режим_та_ресурси_вод_морів_і_морських.pdf,165
98027,м. Миколаїв,р. Південний Буг,water_level,cm,2023-11-30,508.0,,-5.0,0.08000000000000007,0.19969212896808772,0.2796921289680878,Інв_№230_Щорічні_дані_про_режим_та_ресурси_вод_морів_і_морських.pdf,165
98027,м. Миколаїв,р. Південний Буг,water_level,cm,2023-12-01,535.0,,-5.0,0.34999999999999964,0.19969212896808772,0.5496921289680874,Інв_№230_Щорічні_дані_про_режим_та_ресурси_вод_морів_і_морських.pdf,165
98027,м. Миколаїв,р. Південний Буг,water_level,cm,2023-12-02,514.0,,-5.0,0.13999999999999968,0.19969212896808772,0.3396921289680874,Інв_№230_Щорічні_дані_про_режим_та_ресурси_вод_морів_і_морських.pdf,165
98027,м. Миколаїв,р. Південний Буг,water_level,cm,2023-12-03,508.0,,-5.0,0.08000000000000007,0.19969212896808772,0.2796921289680878,Інв_№230_Щорічні_дані_про_режим_та_ресурси_вод_морів_і_морських.pdf,165
98027,м. Миколаїв,р. Південний Буг,water_level,cm,2023-12-04,494.0,,-5.0,-0.05999999999999961,0.19969212896808772,0.1396921289680881,Інв_№230_Щорічні_дані_про_режим_та_ресурси_вод_морів_і_морських.pdf,165
98027,м. Миколаїв,р. Південний Буг,water_level,cm,2023-12-05,506.0,,-5.0,0.05999999999999961,0.19969212896808772,0.25969212896808735,Інв_№230_Щорічні_дані_про_режим_та_ресурси_вод_морів_і_морських.pdf,165
98027,м. Миколаїв,р. Південний Буг,water_level,cm,2023-12-06,496.0,,-5.0,-0.040000000000000036,0.19969212896808772,0.15969212896808768,Інв_№230_Щорічні_дані_про_режим_та_ресурси_вод_морів_і_морських.pdf,165
98027,м. Миколаїв,р. Південний Буг,water_level,cm,2023-12-07,493.0,,-5.0,-0.07000000000000028,0.19969212896808772,0.12969212896808743,Інв_№230_Щорічні_дані_про_режим_та_ресурси_вод_морів_і_морських.pdf,165
98027,м. Миколаїв,р. Південний Буг,water_level,cm,2023-12-08,492.0,,-5.0,-0.08000000000000007,0.19969212896808772,0.11969212896808765,Інв_№230_Щорічні_дані_про_режим_та_ресурси_вод_морів_і_морських.pdf,165
98027,м. Миколаїв,р. Південний Буг,water_level,cm,2023-12-09,485.0,,-5.0,-0.15000000000000036,0.19969212896808772,0.04969212896808736,Інв_№230_Щорічні_дані_про_режим_та_ресурси_вод_морів_і_морських.pdf,165
98027,м. Миколаїв,р. Південний Буг,water_level,cm,2023-12-10,500.0,,-5.0,0.0,0.19969212896808772,0.19969212896808772,Інв_№230_Щорічні_дані_про_режим_та_ресурси_вод_морів_і_морських.pdf,165
98027,м. Миколаїв,р. Південний Буг,water_level,cm,2023-12-11,505.0,,-5.0,0.04999999999999982,0.19969212896808772,0.24969212896808754,Інв_№230_Щорічні_дані_про_режим_та_ресурси_вод_морів_і_морських.pdf,165
98027,м. Миколаїв,р. Південний Буг,water_level,cm,2023-12-12,502.0,,-5.0,0.019999999999999574,0.19969212896808772,0.2196921289680873,Інв_№230_Щорічні_дані_про_режим_та_ресурси_вод_морів_і_морських.pdf,165
98027,м. Миколаїв,р. Південний Буг,water_level,cm,2023-12-13,509.0,,-5.0,0.08999999999999986,0.19969212896808772,0.2896921289680876,Інв_№230_Щорічні_дані_про_режим_та_ресурси_вод_морів_і_морських.pdf,165
98027,м. Миколаїв,р. Південний Буг,water_level,cm,2023-12-14,533.0,,-5.0,0.33000000000000007,0.19969212896808772,0.5296921289680878,Інв_№230_Щорічні_дані_про_режим_та_ресурси_вод_морів_і_морських.pdf,165
98027,м. Миколаїв,р. Південний Буг,water_level,cm,2023-12-15,485.0,,-5.0,-0.15000000000000036,0.19969212896808772,0.04969212896808736,Інв_№230_Щорічні_дані_про_режим_та_ресурси_вод_морів_і_морських.pdf,165
98027,м. Миколаїв,р. Південний Буг,water_level,cm,2023-12-16,497.0,,-5.0,-0.03000000000000025,0.19969212896808772,0.16969212896808747,Інв_№230_Щорічні_дані_про_режим_та_ресурси_вод_морів_і_морських.pdf,165
98027,м. Миколаїв,р. Південний Буг,water_level,cm,2023-12-17,515.0,,-5.0,0.15000000000000036,0.19969212896808772,0.3496921289680881,Інв_№230_Щорічні_дані_про_режим_та_ресурси_вод_морів_і_морських.pdf,165
98027,м. Миколаїв,р. Південний Буг,water_level,cm,2023-12-18,508.0,,-5.0,0.08000000000000007,0.19969212896808772,0.2796921289680878,Інв_№230_Щорічні_дані_про_режим_та_ресурси_вод_морів_і_морських.pdf,165
98027,м. Миколаїв,р. Південний Буг,water_level,cm,2023-12-19,507.0,,-5.0,0.07000000000000028,0.19969212896808772,0.26969212896808803,Інв_№230_Щорічні_дані_про_режим_та_ресурси_вод_морів_і_морських.pdf,165
98027,м. Миколаїв,р. Південний Буг,water_level,cm,2023-12-20,523.0,,-5.0,0.23000000000000043,0.19969212896808772,0.42969212896808817,Інв_№230_Щорічні_дані_про_режим_та_ресурси_вод_морів_і_морських.pdf,165
98027,м. Миколаїв,р. Південний Буг,water_level,cm,2023-12-21,514.0,,-5.0,0.13999999999999968,0.19969212896808772,0.3396921289680874,Інв_№230_Щорічні_дані_про_режим_та_ресурси_вод_морів_і_морських.pdf,165
98027,м. Миколаїв,р. Південний Буг,water_level,cm,2023-12-22,524.0,,-5.0,0.2400000000000002,0.19969212896808772,0.43969212896808796,Інв_№230_Щорічні_дані_про_режим_та_ресурси_вод_морів_і_морських.pdf,165
98027,м. Миколаїв,р. Південний Буг,water_level,cm,2023-12-23,505.0,,-5.0,0.04999999999999982,0.19969212896808772,0.24969212896808754,Інв_№230_Щорічні_дані_про_режим_та_ресурси_вод_морів_і_морських.pdf,165
98027,м. Миколаїв,р. Південний Буг,water_level,cm,2023-12-24,500.0,,-5.0,0.0,0.19969212896808772,0.19969212896808772,Інв_№230_Щорічні_дані_про_режим_та_ресурси_вод_морів_і_морських.pdf,165
98027,м. Миколаїв,р. Південний Буг,water_level,cm,2023-12-25,509.0,,-5.0,0.08999999999999986,0.19969212896808772,0.2896921289680876,Інв_№230_Щорічні_дані_про_режим_та_ресурси_вод_морів_і_морських.pdf,165
98027,м. Миколаїв,р. Південний Буг,water_level,cm,2023-12-26,505.0,,-5.0,0.04999999999999982,0.19969212896808772,0.24969212896808754,Інв_№230_Щорічні_дані_про_режим_та_ресурси_вод_морів_і_морських.pdf,165
98027,м. Миколаїв,р. Південний Буг,water_level,cm,2023-12-27,505.0,,-5.0,0.04999999999999982,0.19969212896808772,0.24969212896808754,Інв_№230_Щорічні_дані_про_режим_та_ресурси_вод_морів_і_морських.pdf,165
98027,м. Миколаїв,р. Південний Буг,water_level,cm,2023-12-28,508.0,,-5.0,0.08000000000000007,0.19969212896808772,0.2796921289680878,Інв_№230_Щорічні_дані_про_режим_та_ресурси_вод_морів_і_морських.pdf,165
98027,м. Миколаїв,р. Південний Буг,water_level,cm,2023-12-29,516.0,,-5.0,0.16000000000000014,0.19969212896808772,0.3596921289680879,Інв_№230_Щорічні_дані_про_режим_та_ресурси_вод_морів_і_морських.pdf,165
98027,м. Миколаїв,р. Південний Буг,water_level,cm,2023-12-30,513.0,,-5.0,0.1299999999999999,0.19969212896808772,0.32969212896808764,Інв_№230_Щорічні_дані_про_режим_та_ресурси_вод_морів_і_морських.pdf,165
98027,м. Миколаїв,р. Південний Буг,water_level,cm,2023-12-31,514.0,,-5.0,0.13999999999999968,0.19969212896808772,0.3396921289680874,Інв_№230_Щорічні_дані_про_режим_та_ресурси_вод_морів_і_морських.pdf,165
98032,с. Станіслав,лим. Дніпровський,water_level,cm,2023-01-01,497.0,,-5.0,-0.03000000000000025,0.2028639569497578,0.17286395694975756,Інв_№230_Щорічні_дані_про_режим_та_ресурси_вод_морів_і_морських.pdf,167
98032,с. Станіслав,лим. Дніпровський,water_level,cm,2023-01-02,496.0,,-5.0,-0.040000000000000036,0.2028639569497578,0.16286395694975778,Інв_№230_Щорічні_дані_про_режим_та_ресурси_вод_морів_і_морських.pdf,167
98032,с. Станіслав,лим. Дніпровський,water_level,cm,2023-01-03,499.0,,-5.0,-0.009999999999999787,0.2028639569497578,0.19286395694975803,Інв_№230_Щорічні_дані_про_режим_та_ресурси_вод_морів_і_морських.pdf,167
98032,с. Станіслав,лим. Дніпровський,water_level,cm,2023-01-04,486.0,,-5.0,-0.13999999999999968,0.2028639569497578,0.06286395694975813,Інв_№230_Щорічні_дані_про_режим_та_ресурси_вод_морів_і_морських.pdf,167
98032,с. Станіслав,лим. Дніпровський,water_level,cm,2023-01-05,507.0,,-5.0,0.07000000000000028,0.2028639569497578,0.27286395694975807,Інв_№230_Щорічні_дані_про_режим_та_ресурси_вод_морів_і_морських.pdf,167
98032,с. Станіслав,лим. Дніпровський,water_level,cm,2023-01-06,490.0,,-5.0,-0.09999999999999964,0.2028639569497578,0.10286395694975817,Інв_№230_Щорічні_дані_про_режим_та_ресурси_вод_морів_і_морських.pdf,167
98032,с. Станіслав,лим. Дніпровський,water_level,cm,2023-01-07,481.0,,-5.0,-0.1900000000000004,0.2028639569497578,0.012863956949757421,Інв_№230_Щорічні_дані_про_режим_та_ресурси_вод_морів_і_морських.pdf,167
98032,с. Станіслав,лим. Дніпровський,water_level,cm,2023-01-08,480.0,,-5.0,-0.20000000000000018,0.2028639569497578,0.0028639569497576345,Інв_№230_Щорічні_дані_про_режим_та_ресурси_вод_морів_і_морських.pdf,167
98032,с. Станіслав,лим. Дніпровський,water_level,cm,2023-01-09,485.0,,-5.0,-0.15000000000000036,0.2028639569497578,0.05286395694975746,Інв_№230_Щорічні_дані_про_режим_та_ресурси_вод_морів_і_морських.pdf,167
98032,с. Станіслав,лим. Дніпровський,water_level,cm,2023-01-10,475.0,,-5.0,-0.25,0.2028639569497578,-0.04713604305024219,Інв_№230_Щорічні_дані_про_режим_та_ресурси_вод_морів_і_морських.pdf,167
98032,с. Станіслав,лим. Дніпровський,water_level,cm,2023-01-11,467.0,,-5.0,-0.33000000000000007,0.2028639569497578,-0.12713604305024226,Інв_№230_Щорічні_дані_про_режим_та_ресурси_вод_морів_і_морських.pdf,167
98032,с. Станіслав,лим. Дніпровський,water_level,cm,2023-01-12,481.0,,-5.0,-0.1900000000000004,0.2028639569497578,0.012863956949757421,Інв_№230_Щорічні_дані_про_режим_та_ресурси_вод_морів_і_морських.pdf,167
98032,с. Станіслав,лим. Дніпровський,water_level,cm,2023-01-13,483.0,,-5.0,-0.16999999999999993,0.2028639569497578,0.03286395694975788,Інв_№230_Щорічні_дані_про_режим_та_ресурси_вод_морів_і_морських.pdf,167
98032,с. Станіслав,лим. Дніпровський,water_level,cm,2023-01-14,487.0,,-5.0,-0.1299999999999999,0.2028639569497578,0.07286395694975792,Інв_№230_Щорічні_дані_про_режим_та_ресурси_вод_морів_і_морських.pdf,167
98032,с. Станіслав,лим. Дніпровський,water_level,cm,2023-01-15,490.0,,-5.0,-0.09999999999999964,0.2028639569497578,0.10286395694975817,Інв_№230_Щорічні_дані_про_режим_та_ресурси_вод_морів_і_морських.pdf,167
98032,с. Станіслав,лим. Дніпровський,water_level,cm,2023-01-16,494.0,,-5.0,-0.05999999999999961,0.2028639569497578,0.1428639569497582,Інв_№230_Щорічні_дані_про_режим_та_ресурси_вод_морів_і_морських.pdf,167
98032,с. Станіслав,лим. Дніпровський,water_level,cm,2023-01-17,507.0,,-5.0,0.07000000000000028,0.2028639569497578,0.27286395694975807,Інв_№230_Щорічні_дані_про_режим_та_ресурси_вод_морів_і_морських.pdf,167
98032,с. Станіслав,лим. Дніпровський,water_level,cm,2023-01-18,507.0,,-5.0,0.07000000000000028,0.2028639569497578,0.27286395694975807,Інв_№230_Щорічні_дані_про_режим_та_ресурси_вод_морів_і_морських.pdf,167
98032,с. Станіслав,лим. Дніпровський,water_level,cm,2023-01-19,503.0,,-5.0,0.03000000000000025,0.2028639569497578,0.23286395694975806,Інв_№230_Щорічні_дані_про_режим_та_ресурси_вод_морів_і_морських.pdf,167
98032,с. Станіслав,лим. Дніпровський,water_level,cm,2023-01-20,489.0,,-5.0,-0.11000000000000032,0.2028639569497578,0.09286395694975749,Інв_№230_Щорічні_дані_про_режим_та_ресурси_вод_морів_і_морських.pdf,167
98032,с. Станіслав,лим. Дніпровський,water_level,cm,2023-01-21,488.0,,-5.0,-0.1200000000000001,0.2028639569497578,0.0828639569497577,Інв_№230_Щорічні_дані_про_режим_та_ресурси_вод_морів_і_морських.pdf,167
98032,с. Станіслав,лим. Дніпровський,water_level,cm,2023-01-22,475.0,,-5.0,-0.25,0.2028639569497578,-0.04713604305024219,Інв_№230_Щорічні_дані_про_режим_та_ресурси_вод_морів_і_морських.pdf,167
98032,с. Станіслав,лим. Дніпровський,water_level,cm,2023-01-23,480.0,,-5.0,-0.20000000000000018,0.2028639569497578,0.0028639569497576345,Інв_№230_Щорічні_дані_про_режим_та_ресурси_вод_морів_і_морських.pdf,167
98032,с. Станіслав,лим. Дніпровський,water_level,cm,2023-01-24,480.0,,-5.0,-0.20000000000000018,0.2028639569497578,0.0028639569497576345,Інв_№230_Щорічні_дані_про_режим_та_ресурси_вод_морів_і_морських.pdf,167
98032,с. Станіслав,лим. Дніпровський,water_level,cm,2023-01-25,482.0,,-5.0,-0.17999999999999972,0.2028639569497578,0.022863956949758096,Інв_№230_Щорічні_дані_про_режим_та_ресурси_вод_морів_і_морських.pdf,167
98032,с. Станіслав,лим. Дніпровський,water_level,cm,2023-01-26,485.0,,-5.0,-0.15000000000000036,0.2028639569497578,0.05286395694975746,Інв_№230_Щорічні_дані_про_режим_та_ресурси_вод_морів_і_морських.pdf,167
98032,с. Станіслав,лим. Дніпровський,water_level,cm,2023-01-27,478.0,,-5.0,-0.21999999999999975,0.2028639569497578,-0.01713604305024194,Інв_№230_Щорічні_дані_про_режим_та_ресурси_вод_морів_і_морських.pdf,167
98032,с. Станіслав,лим. Дніпровський,water_level,cm,2023-01-28,473.0,,-5.0,-0.2699999999999996,0.2028639569497578,-0.06713604305024176,Інв_№230_Щорічні_дані_про_режим_та_ресурси_вод_морів_і_морських.pdf,167
98032,с. Станіслав,лим. Дніпровський,water_level,cm,2023-01-29,475.0,,-5.0,-0.25,0.2028639569497578,-0.04713604305024219,Інв_№230_Щорічні_дані_про_режим_та_ресурси_вод_морів_і_морських.pdf,167
98032,с. Станіслав,лим. Дніпровський,water_level,cm,2023-01-30,482.0,,-5.0,-0.17999999999999972,0.2028639569497578,0.022863956949758096,Інв_№230_Щорічні_дані_про_режим_та_ресурси_вод_морів_і_морських.pdf,167
98032,с. Станіслав,лим. Дніпровський,water_level,cm,2023-01-31,487.0,,-5.0,-0.1299999999999999,0.2028639569497578,0.07286395694975792,Інв_№230_Щорічні_дані_про_режим_та_ресурси_вод_морів_і_морських.pdf,167
98032,с. Станіслав,лим. Дніпровський,water_level,cm,2023-02-01,485.0,,-5.0,-0.15000000000000036,0.2028639569497578,0.05286395694975746,Інв_№230_Щорічні_дані_про_режим_та_ресурси_вод_морів_і_морських.pdf,167
98032,с. Станіслав,лим. Дніпровський,water_level,cm,2023-02-02,488.0,,-5.0,-0.1200000000000001,0.2028639569497578,0.0828639569497577,Інв_№230_Щорічні_дані_про_режим_та_ресурси_вод_морів_і_морських.pdf,167
98032,с. Станіслав,лим. Дніпровський,water_level,cm,2023-02-03,491.0,,-5.0,-0.08999999999999986,0.2028639569497578,0.11286395694975795,Інв_№230_Щорічні_дані_про_режим_та_ресурси_вод_морів_і_морських.pdf,167
98032,с. Станіслав,лим. Дніпровський,water_level,cm,2023-02-04,485.0,,-5.0,-0.15000000000000036,0.2028639569497578,0.05286395694975746,Інв_№230_Щорічні_дані_про_режим_та_ресурси_вод_морів_і_морських.pdf,167
98032,с. Станіслав,лим. Дніпровський,water_level,cm,2023-02-05,473.0,,-5.0,-0.2699999999999996,0.2028639569497578,-0.06713604305024176,Інв_№230_Щорічні_дані_про_режим_та_ресурси_вод_морів_і_морських.pdf,167
98032,с. Станіслав,лим. Дніпровський,water_level,cm,2023-02-06,463.0,,-5.0,-0.3700000000000001,0.2028639569497578,-0.1671360430502423,Інв_№230_Щорічні_дані_про_режим_та_ресурси_вод_морів_і_морських.pdf,167
98032,с. Станіслав,лим. Дніпровський,water_level,cm,2023-02-07,472.0,,-5.0,-0.28000000000000025,0.2028639569497578,-0.07713604305024244,Інв_№230_Щорічні_дані_про_режим_та_ресурси_вод_морів_і_морських.pdf,167
98032,с. Станіслав,лим. Дніпровський,water_level,cm,2023-02-08,462.0,,-5.0,-0.3799999999999999,0.2028639569497578,-0.17713604305024208,Інв_№230_Щорічні_дані_про_режим_та_ресурси_вод_морів_і_морських.pdf,167
98032,с. Станіслав,лим. Дніпровський,water_level,cm,2023-02-09,481.0,:,-5.0,-0.1900000000000004,0.2028639569497578,0.012863956949757421,Інв_№230_Щорічні_дані_про_режим_та_ресурси_вод_морів_і_морських.pdf,167
98032,с. Станіслав,лим. Дніпровський,water_level,cm,2023-02-10,492.0,Z,-5.0,-0.08000000000000007,0.2028639569497578,0.12286395694975774,Інв_№230_Щорічні_дані_про_режим_та_ресурси_вод_морів_і_морських.pdf,167
98032,с. Станіслав,лим. Дніпровський,water_level,cm,2023-02-11,486.0,Z,-5.0,-0.13999999999999968,0.2028639569497578,0.06286395694975813,Інв_№230_Щорічні_дані_про_режим_та_ресурси_вод_морів_і_морських.pdf,167
98032,с. Станіслав,лим. Дніпровський,water_level,cm,2023-02-12,484.0,-,-5.0,-0.16000000000000014,0.2028639569497578,0.04286395694975767,Інв_№230_Щорічні_дані_про_режим_та_ресурси_вод_морів_і_морських.pdf,167
98032,с. Станіслав,лим. Дніпровський,water_level,cm,2023-02-13,480.0,-,-5.0,-0.20000000000000018,0.2028639569497578,0.0028639569497576345,Інв_№230_Щорічні_дані_про_режим_та_ресурси_вод_морів_і_морських.pdf,167
98032,с. Станіслав,лим. Дніпровський,water_level,cm,2023-02-14,481.0,-,-5.0,-0.1900000000000004,0.2028639569497578,0.012863956949757421,Інв_№230_Щорічні_дані_про_режим_та_ресурси_вод_морів_і_морських.pdf,167
98032,с. Станіслав,лим. Дніпровський,water_level,cm,2023-02-15,472.0,,-5.0,-0.28000000000000025,0.2028639569497578,-0.07713604305024244,Інв_№230_Щорічні_дані_про_режим_та_ресурси_вод_морів_і_морських.pdf,167
98032,с. Станіслав,лим. Дніпровський,water_level,cm,2023-02-16,486.0,,-5.0,-0.13999999999999968,0.2028639569497578,0.06286395694975813,Інв_№230_Щорічні_дані_про_режим_та_ресурси_вод_морів_і_морських.pdf,167
98032,с. Станіслав,лим. Дніпровський,water_level,cm,2023-03-01,486.0,,-5.0,-0.13999999999999968,0.2028639569497578,0.06286395694975813,Інв_№230_Щорічні_дані_про_режим_та_ресурси_вод_морів_і_морських.pdf,167
98032,с. Станіслав,лим. Дніпровський,water_level,cm,2023-03-02,484.0,,-5.0,-0.16000000000000014,0.2028639569497578,0.04286395694975767,Інв_№230_Щорічні_дані_про_режим_та_ресурси_вод_морів_і_морських.pdf,167
98032,с. Станіслав,лим. Дніпровський,water_level,cm,2023-03-03,487.0,,-5.0,-0.1299999999999999,0.2028639569497578,0.07286395694975792,Інв_№230_Щорічні_дані_про_режим_та_ресурси_вод_морів_і_морських.pdf,167
98032,с. Станіслав,лим. Дніпровський,water_level,cm,2023-03-04,492.0,,-5.0,-0.08000000000000007,0.2028639569497578,0.12286395694975774,Інв_№230_Щорічні_дані_про_режим_та_ресурси_вод_морів_і_морських.pdf,167
98032,с. Станіслав,лим. Дніпровський,water_level,cm,2023-03-05,485.0,,-5.0,-0.15000000000000036,0.2028639569497578,0.05286395694975746,Інв_№230_Щорічні_дані_про_режим_та_ресурси_вод_морів_і_морських.pdf,167
98032,с. Станіслав,лим. Дніпровський,water_level,cm,2023-03-06,483.0,,-5.0,-0.16999999999999993,0.2028639569497578,0.03286395694975788,Інв_№230_Щорічні_дані_про_режим_та_ресурси_вод_морів_і_морських.pdf,167
98032,с. Станіслав,лим. Дніпровський,water_level,cm,2023-03-07,500.0,,-5.0,0.0,0.2028639569497578,0.2028639569497578,Інв_№230_Щорічні_дані_про_режим_та_ресурси_вод_морів_і_морських.pdf,167
98032,с. Станіслав,лим. Дніпровський,water_level,cm,2023-03-08,497.0,,-5.0,-0.03000000000000025,0.2028639569497578,0.17286395694975756,Інв_№230_Щорічні_дані_про_режим_та_ресурси_вод_морів_і_морських.pdf,167
98032,с. Станіслав,лим. Дніпровський,water_level,cm,2023-03-09,499.0,,-5.0,-0.009999999999999787,0.2028639569497578,0.19286395694975803,Інв_№230_Щорічні_дані_про_режим_та_ресурси_вод_морів_і_морських.pdf,167
98032,с. Станіслав,лим. Дніпровський,water_level,cm,2023-03-10,493.0,,-5.0,-0.07000000000000028,0.2028639569497578,0.13286395694975753,Інв_№230_Щорічні_дані_про_режим_та_ресурси_вод_морів_і_морських.pdf,167
98032,с. Станіслав,лим. Дніпровський,water_level,cm,2023-03-11,496.0,,-5.0,-0.040000000000000036,0.2028639569497578,0.16286395694975778,Інв_№230_Щорічні_дані_про_режим_та_ресурси_вод_морів_і_морських.pdf,167
98032,с. Станіслав,лим. Дніпровський,water_level,cm,2023-03-12,497.0,,-5.0,-0.03000000000000025,0.2028639569497578,0.17286395694975756,Інв_№230_Щорічні_дані_про_режим_та_ресурси_вод_морів_і_морських.pdf,167
98032,с. Станіслав,лим. Дніпровський,water_level,cm,2023-03-13,490.0,,-5.0,-0.09999999999999964,0.2028639569497578,0.10286395694975817,Інв_№230_Щорічні_дані_про_режим_та_ресурси_вод_морів_і_морських.pdf,167
98032,с. Станіслав,лим. Дніпровський,water_level,cm,2023-03-14,492.0,,-5.0,-0.08000000000000007,0.2028639569497578,0.12286395694975774,Інв_№230_Щорічні_дані_про_режим_та_ресурси_вод_морів_і_морських.pdf,167
98032,с. Станіслав,лим. Дніпровський,water_level,cm,2023-03-15,498.0,,-5.0,-0.019999999999999574,0.2028639569497578,0.18286395694975824,Інв_№230_Щорічні_дані_про_режим_та_ресурси_вод_морів_і_морських.pdf,167
98032,с. Станіслав,лим. Дніпровський,water_level,cm,2023-03-16,490.0,,-5.0,-0.09999999999999964,0.2028639569497578,0.10286395694975817,Інв_№230_Щорічні_дані_про_режим_та_ресурси_вод_морів_і_морських.pdf,167
98032,с. Станіслав,лим. Дніпровський,water_level,cm,2023-03-17,482.0,,-5.0,-0.17999999999999972,0.2028639569497578,0.022863956949758096,Інв_№230_Щорічні_дані_про_режим_та_ресурси_вод_морів_і_морських.pdf,167
98032,с. Станіслав,лим. Дніпровський,water_level,cm,2023-03-18,479.0,,-5.0,-0.20999999999999996,0.2028639569497578,-0.007136043050242152,Інв_№230_Щорічні_дані_про_режим_та_ресурси_вод_морів_і_морських.pdf,167
98032,с. Станіслав,лим. Дніпровський,water_level,cm,2023-03-19,485.0,,-5.0,-0.15000000000000036,0.2028639569497578,0.05286395694975746,Інв_№230_Щорічні_дані_про_режим_та_ресурси_вод_морів_і_морських.pdf,167
98032,с. Станіслав,лим. Дніпровський,water_level,cm,2023-03-20,495.0,,-5.0,-0.04999999999999982,0.2028639569497578,0.152863956949758,Інв_№230_Щорічні_дані_про_режим_та_ресурси_вод_морів_і_морських.pdf,167
98032,с. Станіслав,лим. Дніпровський,water_level,cm,2023-03-21,495.0,,-5.0,-0.04999999999999982,0.2028639569497578,0.152863956949758,Інв_№230_Щорічні_дані_про_режим_та_ресурси_вод_морів_і_морських.pdf,167
98032,с. Станіслав,лим. Дніпровський,water_level,cm,2023-03-22,489.0,,-5.0,-0.11000000000000032,0.2028639569497578,0.09286395694975749,Інв_№230_Щорічні_дані_про_режим_та_ресурси_вод_морів_і_морських.pdf,167
98032,с. Станіслав,лим. Дніпровський,water_level,cm,2023-03-23,487.0,,-5.0,-0.1299999999999999,0.2028639569497578,0.07286395694975792,Інв_№230_Щорічні_дані_про_режим_та_ресурси_вод_морів_і_морських.pdf,167
98032,с. Станіслав,лим. Дніпровський,water_level,cm,2023-03-24,493.0,,-5.0,-0.07000000000000028,0.2028639569497578,0.13286395694975753,Інв_№230_Щорічні_дані_про_режим_та_ресурси_вод_морів_і_морських.pdf,167
98032,с. Станіслав,лим. Дніпровський,water_level,cm,2023-03-25,497.0,,-5.0,-0.03000000000000025,0.2028639569497578,0.17286395694975756,Інв_№230_Щорічні_дані_про_режим_та_ресурси_вод_морів_і_морських.pdf,167
98032,с. Станіслав,лим. Дніпровський,water_level,cm,2023-03-26,501.0,,-5.0,0.009999999999999787,0.2028639569497578,0.2128639569497576,Інв_№230_Щорічні_дані_про_режим_та_ресурси_вод_морів_і_морських.pdf,167
98032,с. Станіслав,лим. Дніпровський,water_level,cm,2023-03-27,497.0,,-5.0,-0.03000000000000025,0.2028639569497578,0.17286395694975756,Інв_№230_Щорічні_дані_про_режим_та_ресурси_вод_морів_і_морських.pdf,167
98032,с. Станіслав,лим. Дніпровський,water_level,cm,2023-03-28,512.0,,-5.0,0.1200000000000001,0.2028639569497578,0.3228639569497579,Інв_№230_Щорічні_дані_про_режим_та_ресурси_вод_морів_і_морських.pdf,167
98032,с. Станіслав,лим. Дніпровський,water_level,cm,2023-03-29,490.0,,-5.0,-0.09999999999999964,0.2028639569497578,0.10286395694975817,Інв_№230_Щорічні_дані_про_режим_та_ресурси_вод_морів_і_морських.pdf,167
98032,с. Станіслав,лим. Дніпровський,water_level,cm,2023-03-30,499.0,,-5.0,-0.009999999999999787,0.2028639569497578,0.19286395694975803,Інв_№230_Щорічні_дані_про_режим_та_ресурси_вод_морів_і_морських.pdf,167
98032,с. Станіслав,лим. Дніпровський,water_level,cm,2023-03-31,504.0,,-5.0,0.040000000000000036,0.2028639569497578,0.24286395694975785,Інв_№230_Щорічні_дані_про_режим_та_ресурси_вод_морів_і_морських.pdf,167
98032,с. Станіслав,лим. Дніпровський,water_level,cm,2023-04-01,504.0,,-5.0,0.040000000000000036,0.2028639569497578,0.24286395694975785,Інв_№230_Щорічні_дані_про_режим_та_ресурси_вод_морів_і_морських.pdf,167
98032,с. Станіслав,лим. Дніпровський,water_level,cm,2023-04-02,505.0,,-5.0,0.04999999999999982,0.2028639569497578,0.2528639569497576,Інв_№230_Щорічні_дані_про_режим_та_ресурси_вод_морів_і_морських.pdf,167
98032,с. Станіслав,лим. Дніпровський,water_level,cm,2023-04-03,504.0,,-5.0,0.040000000000000036,0.2028639569497578,0.24286395694975785,Інв_№230_Щорічні_дані_про_режим_та_ресурси_вод_морів_і_морських.pdf,167
98032,с. Станіслав,лим. Дніпровський,water_level,cm,2023-04-04,490.0,,-5.0,-0.09999999999999964,0.2028639569497578,0.10286395694975817,Інв_№230_Щорічні_дані_про_режим_та_ресурси_вод_морів_і_морських.pdf,167
98032,с. Станіслав,лим. Дніпровський,water_level,cm,2023-04-05,500.0,,-5.0,0.0,0.2028639569497578,0.2028639569497578,Інв_№230_Щорічні_дані_про_режим_та_ресурси_вод_морів_і_морських.pdf,167
98032,с. Станіслав,лим. Дніпровський,water_level,cm,2023-04-06,514.0,,-5.0,0.13999999999999968,0.2028639569497578,0.34286395694975746,Інв_№230_Щорічні_дані_про_режим_та_ресурси_вод_морів_і_морських.pdf,167
98032,с. Станіслав,лим. Дніпровський,water_level,cm,2023-04-07,498.0,,-5.0,-0.019999999999999574,0.2028639569497578,0.18286395694975824,Інв_№230_Щорічні_дані_про_режим_та_ресурси_вод_морів_і_морських.pdf,167
98032,с. Станіслав,лим. Дніпровський,water_level,cm,2023-04-08,498.0,,-5.0,-0.019999999999999574,0.2028639569497578,0.18286395694975824,Інв_№230_Щорічні_дані_про_режим_та_ресурси_вод_морів_і_морських.pdf,167
98032,с. Станіслав,лим. Дніпровський,water_level,cm,2023-04-09,499.0,,-5.0,-0.009999999999999787,0.2028639569497578,0.19286395694975803,Інв_№230_Щорічні_дані_про_режим_та_ресурси_вод_морів_і_морських.pdf,167
98032,с. Станіслав,лим. Дніпровський,water_level,cm,2023-04-10,485.0,,-5.0,-0.15000000000000036,0.2028639569497578,0.05286395694975746,Інв_№230_Щорічні_дані_про_режим_та_ресурси_вод_морів_і_морських.pdf,167
98032,с. Станіслав,лим. Дніпровський,water_level,cm,2023-04-11,485.0,,-5.0,-0.15000000000000036,0.2028639569497578,0.05286395694975746,Інв_№230_Щорічні_дані_про_режим_та_ресурси_вод_морів_і_морських.pdf,167
98032,с. Станіслав,лим. Дніпровський,water_level,cm,2023-04-12,498.0,,-5.0,-0.019999999999999574,0.2028639569497578,0.18286395694975824,Інв_№230_Щорічні_дані_про_режим_та_ресурси_вод_морів_і_морських.pdf,167
98032,с. Станіслав,лим. Дніпровський,water_level,cm,2023-04-13,502.0,,-5.0,0.019999999999999574,0.2028639569497578,0.22286395694975739,Інв_№230_Щорічні_дані_про_режим_та_ресурси_вод_морів_і_морських.pdf,167
98032,с. Станіслав,лим. Дніпровський,water_level,cm,2023-04-14,502.0,,-5.0,0.019999999999999574,0.2028639569497578,0.22286395694975739,Інв_№230_Щорічні_дані_про_режим_та_ресурси_вод_морів_і_морських.pdf,167
98032,с. Станіслав,лим. Дніпровський,water_level,cm,2023-04-15,496.0,,-5.0,-0.040000000000000036,0.2028639569497578,0.16286395694975778,Інв_№230_Щорічні_дані_про_режим_та_ресурси_вод_морів_і_морських.pdf,167
98032,с. Станіслав,лим. Дніпровський,water_level,cm,2023-04-16,497.0,,-5.0,-0.03000000000000025,0.2028639569497578,0.17286395694975756,Інв_№230_Щорічні_дані_про_режим_та_ресурси_вод_морів_і_морських.pdf,167
98032,с. Станіслав,лим. Дніпровський,water_level,cm,2023-04-17,501.0,,-5.0,0.009999999999999787,0.2028639569497578,0.2128639569497576,Інв_№230_Щорічні_дані_про_режим_та_ресурси_вод_морів_і_морських.pdf,167
98032,с. Станіслав,лим. Дніпровський,water_level,cm,2023-04-18,503.0,,-5.0,0.03000000000000025,0.2028639569497578,0.23286395694975806,Інв_№230_Щорічні_дані_про_режим_та_ресурси_вод_морів_і_морських.pdf,167
98032,с. Станіслав,лим. Дніпровський,water_level,cm,2023-04-19,500.0,,-5.0,0.0,0.2028639569497578,0.2028639569497578,Інв_№230_Щорічні_дані_про_режим_та_ресурси_вод_морів_і_морських.pdf,167
98032,с. Станіслав,лим. Дніпровський,water_level,cm,2023-04-20,503.0,,-5.0,0.03000000000000025,0.2028639569497578,0.23286395694975806,Інв_№230_Щорічні_дані_про_режим_та_ресурси_вод_морів_і_морських.pdf,167
98032,с. Станіслав,лим. Дніпровський,water_level,cm,2023-04-21,501.0,,-5.0,0.009999999999999787,0.2028639569497578,0.2128639569497576,Інв_№230_Щорічні_дані_про_режим_та_ресурси_вод_морів_і_морських.pdf,167
98032,с. Станіслав,лим. Дніпровський,water_level,cm,2023-04-22,500.0,,-5.0,0.0,0.2028639569497578,0.2028639569497578,Інв_№230_Щорічні_дані_про_режим_та_ресурси_вод_морів_і_морських.pdf,167
98032,с. Станіслав,лим. Дніпровський,water_level,cm,2023-04-23,501.0,,-5.0,0.009999999999999787,0.2028639569497578,0.2128639569497576,Інв_№230_Щорічні_дані_про_режим_та_ресурси_вод_морів_і_морських.pdf,167
98032,с. Станіслав,лим. Дніпровський,water_level,cm,2023-04-24,501.0,,-5.0,0.009999999999999787,0.2028639569497578,0.2128639569497576,Інв_№230_Щорічні_дані_про_режим_та_ресурси_вод_морів_і_морських.pdf,167
98032,с. Станіслав,лим. Дніпровський,water_level,cm,2023-04-25,501.0,,-5.0,0.009999999999999787,0.2028639569497578,0.2128639569497576,Інв_№230_Щорічні_дані_про_режим_та_ресурси_вод_морів_і_морських.pdf,167
98032,с. Станіслав,лим. Дніпровський,water_level,cm,2023-04-26,506.0,,-5.0,0.05999999999999961,0.2028639569497578,0.2628639569497574,Інв_№230_Щорічні_дані_про_режим_та_ресурси_вод_морів_і_морських.pdf,167
98032,с. Станіслав,лим. Дніпровський,water_level,cm,2023-04-27,495.0,,-5.0,-0.04999999999999982,0.2028639569497578,0.152863956949758,Інв_№230_Щорічні_дані_про_режим_та_ресурси_вод_морів_і_морських.pdf,167
98032,с. Станіслав,лим. Дніпровський,water_level,cm,2023-04-28,487.0,,-5.0,-0.1299999999999999,0.2028639569497578,0.07286395694975792,Інв_№230_Щорічні_дані_про_режим_та_ресурси_вод_морів_і_морських.pdf,167
98032,с. Станіслав,лим. Дніпровський,water_level,cm,2023-04-29,491.0,,-5.0,-0.08999999999999986,0.2028639569497578,0.11286395694975795,Інв_№230_Щорічні_дані_про_режим_та_ресурси_вод_морів_і_морських.pdf,167
98032,с. Станіслав,лим. Дніпровський,water_level,cm,2023-04-30,504.0,,-5.0,0.040000000000000036,0.2028639569497578,0.24286395694975785,Інв_№230_Щорічні_дані_про_режим_та_ресурси_вод_морів_і_морських.pdf,167
98032,с. Станіслав,лим. Дніпровський,water_level,cm,2023-05-01,505.0,,-5.0,0.04999999999999982,0.2028639569497578,0.2528639569497576,Інв_№230_Щорічні_дані_про_режим_та_ресурси_вод_морів_і_морських.pdf,167
98032,с. Станіслав,лим. Дніпровський,water_level,cm,2023-05-02,502.0,,-5.0,0.019999999999999574,0.2028639569497578,0.22286395694975739,Інв_№230_Щорічні_дані_про_режим_та_ресурси_вод_морів_і_морських.pdf,167
98032,с. Станіслав,лим. Дніпровський,water_level,cm,2023-05-03,505.0,,-5.0,0.04999999999999982,0.2028639569497578,0.2528639569497576,Інв_№230_Щорічні_дані_про_режим_та_ресурси_вод_морів_і_морських.pdf,167
98032,с. Станіслав,лим. Дніпровський,water_level,cm,2023-05-04,505.0,,-5.0,0.04999999999999982,0.2028639569497578,0.2528639569497576,Інв_№230_Щорічні_дані_про_режим_та_ресурси_вод_морів_і_морських.pdf,167
98032,с. Станіслав,лим. Дніпровський,water_level,cm,2023-05-05,507.0,,-5.0,0.07000000000000028,0.2028639569497578,0.27286395694975807,Інв_№230_Щорічні_дані_про_режим_та_ресурси_вод_морів_і_морських.pdf,167
98032,с. Станіслав,лим. Дніпровський,water_level,cm,2023-05-06,496.0,,-5.0,-0.040000000000000036,0.2028639569497578,0.16286395694975778,Інв_№230_Щорічні_дані_про_режим_та_ресурси_вод_морів_і_морських.pdf,167
98032,с. Станіслав,лим. Дніпровський,water_level,cm,2023-05-07,494.0,,-5.0,-0.05999999999999961,0.2028639569497578,0.1428639569497582,Інв_№230_Щорічні_дані_про_режим_та_ресурси_вод_морів_і_морських.pdf,167
98032,с. Станіслав,лим. Дніпровський,water_level,cm,2023-05-08,499.0,,-5.0,-0.009999999999999787,0.2028639569497578,0.19286395694975803,Інв_№230_Щорічні_дані_про_режим_та_ресурси_вод_морів_і_морських.pdf,167
