post_id,post_name,water_body,variable,unit,date,value,flag,source_file,page
98022,м. Очаків,лим. Дніпро-Бузький,water_temperature,degC,2023-01-01,4.5,,Інв_№229_Щорічні_дані_про_режим_та_ресурси_вод_морів_і_морських.pdf,48
98022,м. Очаків,лим. Дніпро-Бузький,water_temperature,degC,2023-01-02,4.7,,Інв_№229_Щорічні_дані_про_режим_та_ресурси_вод_морів_і_морських.pdf,48
98022,м. Очаків,лим. Дніпро-Бузький,water_temperature,degC,2023-01-03,5.0,,Інв_№229_Щорічні_дані_про_режим_та_ресурси_вод_морів_і_морських.pdf,48
98022,м. Очаків,лим. Дніпро-Бузький,water_temperature,degC,2023-01-04,4.6,,Інв_№229_Щорічні_дані_про_режим_та_ресурси_вод_морів_і_морських.pdf,48
98022,м. Очаків,лим. Дніпро-Бузький,water_temperature,degC,2023-01-05,4.3,,Інв_№229_Щорічні_дані_про_режим_та_ресурси_вод_морів_і_морських.pdf,48
98022,м. Очаків,лим. Дніпро-Бузький,water_temperature,degC,2023-01-06,4.2,,Інв_№229_Щорічні_дані_про_режим_та_ресурси_вод_морів_і_морських.pdf,48
98022,м. Очаків,лим. Дніпро-Бузький,water_temperature,degC,2023-01-07,4.1,,Інв_№229_Щорічні_дані_про_режим_та_ресурси_вод_морів_і_морських.pdf,48
98022,м. Очаків,лим. Дніпро-Бузький,water_temperature,degC,2023-01-08,3.4,,Інв_№229_Щорічні_дані_про_режим_та_ресурси_вод_морів_і_морських.pdf,48
98022,м. Очаків,лим. Дніпро-Бузький,water_temperature,degC,2023-01-09,3.2,,Інв_№229_Щорічні_дані_про_режим_та_ресурси_вод_морів_і_морських.pdf,48
98022,м. Очаків,лим. Дніпро-Бузький,water_temperature,degC,2023-01-10,3.0,,Інв_№229_Щорічні_дані_про_режим_та_ресурси_вод_морів_і_морських.pdf,48
98022,м. Очаків,лим. Дніпро-Бузький,water_temperature,degC,2023-01-11,3.1,,Інв_№229_Щорічні_дані_про_режим_та_ресурси_вод_морів_і_морських.pdf,48
98022,м. Очаків,лим. Дніпро-Бузький,water_temperature,degC,2023-01-12,2.9,,Інв_№229_Щорічні_дані_про_режим_та_ресурси_вод_морів_і_морських.pdf,48
98022,м. Очаків,лим. Дніпро-Бузький,water_temperature,degC,2023-01-13,2.6,,Інв_№229_Щорічні_дані_про_режим_та_ресурси_вод_морів_і_морських.pdf,48
98022,м. Очаків,лим. Дніпро-Бузький,water_temperature,degC,2023-01-14,2.7,,Інв_№229_Щорічні_дані_про_режим_та_ресурси_вод_морів_і_морських.pdf,48
98022,м. Очаків,лим. Дніпро-Бузький,water_temperature,degC,2023-01-15,2.9,,Інв_№229_Щорічні_дані_про_режим_та_ресурси_вод_морів_і_морських.pdf,48
98022,м. Очаків,лим. Дніпро-Бузький,water_temperature,degC,2023-01-16,3.2,,Інв_№229_Щорічні_дані_про_режим_та_ресурси_вод_морів_і_морських.pdf,48
98022,м. Очаків,лим. Дніпро-Бузький,water_temperature,degC,2023-01-17,3.4,,Інв_№229_Щорічні_дані_про_режим_та_ресурси_вод_морів_і_морських.pdf,48
98022,м. Очаків,лим. Дніпро-Бузький,water_temperature,degC,2023-01-18,3.4,,Інв_№229_Щорічні_дані_про_режим_та_ресурси_вод_морів_і_морських.pdf,48
98022,м. Очаків,лим. Дніпро-Бузький,water_temperature,degC,2023-01-19,3.5,,Інв_№229_Щорічні_дані_про_режим_та_ресурси_вод_морів_і_морських.pdf,48
98022,м. Очаків,лим. Дніпро-Бузький,water_temperature,degC,2023-01-20,3.8,,Інв_№229_Щорічні_дані_про_режим_та_ресурси_вод_морів_і_морських.pdf,48
98022,м. Очаків,лим. Дніпро-Бузький,water_temperature,degC,2023-01-21,3.8,,Інв_№229_Щорічні_дані_про_режим_та_ресурси_вод_морів_і_морських.pdf,48
98022,м. Очаків,лим. Дніпро-Бузький,water_temperature,degC,2023-01-22,3.7,,Інв_№229_Щорічні_дані_про_режим_та_ресурси_вод_морів_і_морських.pdf,48
98022,м. Очаків,лим. Дніпро-Бузький,water_temperature,degC,2023-01-23,3.1,,Інв_№229_Щорічні_дані_про_режим_та_ресурси_вод_морів_і_морських.pdf,48
98022,м. Очаків,лим. Дніпро-Бузький,water_temperature,degC,2023-01-24,3.0,,Інв_№229_Щорічні_дані_про_режим_та_ресурси_вод_морів_і_морських.pdf,48
98022,м. Очаків,лим. Дніпро-Бузький,water_temperature,degC,2023-01-25,2.9,,Інв_№229_Щорічні_дані_про_режим_та_ресурси_вод_морів_і_морських.pdf,48
98022,м. Очаків,лим. Дніпро-Бузький,water_temperature,degC,2023-01-26,2.7,,Інв_№229_Щорічні_дані_про_режим_та_ресурси_вод_морів_і_морських.pdf,48
98022,м. Очаків,лим. Дніпро-Бузький,water_temperature,degC,2023-01-27,2.6,,Інв_№229_Щорічні_дані_про_режим_та_ресурси_вод_морів_і_морських.pdf,48
98022,м. Очаків,лим. Дніпро-Бузький,water_temperature,degC,2023-01-28,2.3,,Інв_№229_Щорічні_дані_про_режим_та_ресурси_вод_морів_і_морських.pdf,48
98022,м. Очаків,лим. Дніпро-Бузький,water_temperature,degC,2023-01-29,2.3,,Інв_№229_Щорічні_дані_про_режим_та_ресурси_вод_морів_і_морських.pdf,48
98022,м. Очаків,лим. Дніпро-Бузький,water_temperature,degC,2023-01-30,2.3,,Інв_№229_Щорічні_дані_про_режим_та_ресурси_вод_морів_і_морських.pdf,48
98022,м. Очаків,лим. Дніпро-Бузький,water_temperature,degC,2023-01-31,2.4,,Інв_№229_Щорічні_дані_про_режим_та_ресурси_вод_морів_і_морських.pdf,48
98022,м. Очаків,лим. Дніпро-Бузький,water_temperature,degC,2023-02-01,2.2,,Інв_№229_Щорічні_дані_про_режим_та_ресурси_вод_морів_і_морських.pdf,48
98022,м. Очаків,лим. Дніпро-Бузький,water_temperature,degC,2023-02-02,2.4,,Інв_№229_Щорічні_дані_про_режим_та_ресурси_вод_морів_і_морських.pdf,48
98022,м. Очаків,лим. Дніпро-Бузький,water_temperature,degC,2023-02-03,2.3,,Інв_№229_Щорічні_дані_про_режим_та_ресурси_вод_морів_і_морських.pdf,48
98022,м. Очаків,лим. Дніпро-Бузький,water_temperature,degC,2023-02-04,2.0,,Інв_№229_Щорічні_дані_про_режим_та_ресурси_вод_морів_і_морських.pdf,48
98022,м. Очаків,лим. Дніпро-Бузький,water_temperature,degC,2023-02-05,2.0,,Інв_№229_Щорічні_дані_про_режим_та_ресурси_вод_морів_і_морських.pdf,48
98022,м. Очаків,лим. Дніпро-Бузький,water_temperature,degC,2023-02-06,1.8,,Інв_№229_Щорічні_дані_про_режим_та_ресурси_вод_морів_і_морських.pdf,48
98022,м. Очаків,лим. Дніпро-Бузький,water_temperature,degC,2023-02-07,1.8,,Інв_№229_Щорічні_дані_про_режим_та_ресурси_вод_морів_і_морських.pdf,48
98022,м. Очаків,лим. Дніпро-Бузький,water_temperature,degC,2023-02-08,1.7,,Інв_№229_Щорічні_дані_про_режим_та_ресурси_вод_морів_і_морських.pdf,48
98022,м. Очаків,лим. Дніпро-Бузький,water_temperature,degC,2023-02-09,1.5,,Інв_№229_Щорічні_дані_про_режим_та_ресурси_вод_морів_і_морських.pdf,48
98022,м. Очаків,лим. Дніпро-Бузький,water_temperature,degC,2023-02-10,1.5,,Інв_№229_Щорічні_дані_про_режим_та_ресурси_вод_морів_і_морських.pdf,48
98022,м. Очаків,лим. Дніпро-Бузький,water_temperature,degC,2023-02-11,1.2,,Інв_№229_Щорічні_дані_про_режим_та_ресурси_вод_морів_і_морських.pdf,48
98022,м. Очаків,лим. Дніпро-Бузький,water_temperature,degC,2023-02-12,1.2,,Інв_№229_Щорічні_дані_про_режим_та_ресурси_вод_морів_і_морських.pdf,48
98022,м. Очаків,лим. Дніпро-Бузький,water_temperature,degC,2023-02-13,1.1,,Інв_№229_Щорічні_дані_про_режим_та_ресурси_вод_морів_і_морських.pdf,48
98022,м. Очаків,лим. Дніпро-Бузький,water_temperature,degC,2023-02-14,1.2,,Інв_№229_Щорічні_дані_про_режим_та_ресурси_вод_морів_і_морських.pdf,48
98022,м. Очаків,лим. Дніпро-Бузький,water_temperature,degC,2023-02-15,1.1,,Інв_№229_Щорічні_дані_про_режим_та_ресурси_вод_морів_і_морських.pdf,48
98022,м. Очаків,лим. Дніпро-Бузький,water_temperature,degC,2023-02-16,1.0,,Інв_№229_Щорічні_дані_про_режим_та_ресурси_вод_морів_і_морських.pdf,48
98022,м. Очаків,лим. Дніпро-Бузький,water_temperature,degC,2023-02-17,1.2,,Інв_№229_Щорічні_дані_про_режим_та_ресурси_вод_морів_і_морських.pdf,48
98022,м. Очаків,лим. Дніпро-Бузький,water_temperature,degC,2023-02-18,1.3,,Інв_№229_Щорічні_дані_про_режим_та_ресурси_вод_морів_і_морських.pdf,48
98022,м. Очаків,лим. Дніпро-Бузький,water_temperature,degC,2023-02-19,1.3,,Інв_№229_Щорічні_дані_про_режим_та_ресурси_вод_морів_і_морських.pdf,48
98022,м. Очаків,лим. Дніпро-Бузький,water_temperature,degC,2023-02-20,1.5,,Інв_№229_Щорічні_дані_про_режим_та_ресурси_вод_морів_і_морських.pdf,48
98022,м. Очаків,лим. Дніпро-Бузький,water_temperature,degC,2023-02-21,2.0,,Інв_№229_Щорічні_дані_про_режим_та_ресурси_вод_морів_і_морських.pdf,48
98022,м. Очаків,лим. Дніпро-Бузький,water_temperature,degC,2023-02-22,2.1,,Інв_№229_Щорічні_дані_про_режим_та_ресурси_вод_морів_і_морських.pdf,48
98022,м. Очаків,лим. Дніпро-Бузький,water_temperature,degC,2023-02-23,2.0,,Інв_№229_Щорічні_дані_про_режим_та_ресурси_вод_морів_і_морських.pdf,48
98022,м. Очаків,лим. Дніпро-Бузький,water_temperature,degC,2023-02-24,1.9,,Інв_№229_Щорічні_дані_про_режим_та_ресурси_вод_морів_і_морських.pdf,48
98022,м. Очаків,лим. Дніпро-Бузький,water_temperature,degC,2023-02-25,2.2,,Інв_№229_Щорічні_дані_про_режим_та_ресурси_вод_морів_і_морських.pdf,48
98022,м. Очаків,лим. Дніпро-Бузький,water_temperature,degC,2023-02-26,2.3,,Інв_№229_Щорічні_дані_про_режим_та_ресурси_вод_морів_і_морських.pdf,48
98022,м. Очаків,лим. Дніпро-Бузький,water_temperature,degC,2023-02-27,2.3,,Інв_№229_Щорічні_дані_про_режим_та_ресурси_вод_морів_і_морських.pdf,48
98022,м. Очаків,лим. Дніпро-Бузький,water_temperature,degC,2023-02-28,2.7,,Інв_№229_Щорічні_дані_про_режим_та_ресурси_вод_морів_і_морських.pdf,48
98022,м. Очаків,лим. Дніпро-Бузький,water_temperature,degC,2023-03-01,3.2,,Інв_№229_Щорічні_дані_про_режим_та_ресурси_вод_морів_і_морських.pdf,48
98022,м. Очаків,лим. Дніпро-Бузький,water_temperature,degC,2023-03-02,4.0,,Інв_№229_Щорічні_дані_про_режим_та_ресурси_вод_морів_і_морських.pdf,48
98022,м. Очаків,лим. Дніпро-Бузький,water_temperature,degC,2023-03-03,3.9,,Інв_№229_Щорічні_дані_про_режим_та_ресурси_вод_морів_і_морських.pdf,48
98022,м. Очаків,лим. Дніпро-Бузький,water_temperature,degC,2023-03-04,3.9,,Інв_№229_Щорічні_дані_про_режим_та_ресурси_вод_морів_і_морських.pdf,48
98022,м. Очаків,лим. Дніпро-Бузький,water_temperature,degC,2023-03-05,3.9,,Інв_№229_Щорічні_дані_про_режим_та_ресурси_вод_морів_і_морських.pdf,48
98022,м. Очаків,лим. Дніпро-Бузький,water_temperature,degC,2023-03-06,4.0,,Інв_№229_Щорічні_дані_про_режим_та_ресурси_вод_морів_і_морських.pdf,48
98022,м. Очаків,лим. Дніпро-Бузький,water_temperature,degC,2023-03-07,4.1,,Інв_№229_Щорічні_дані_про_режим_та_ресурси_вод_морів_і_морських.pdf,48
98022,м. Очаків,лим. Дніпро-Бузький,water_temperature,degC,2023-03-08,4.2,,Інв_№229_Щорічні_дані_про_режим_та_ресурси_вод_морів_і_морських.pdf,48
98022,м. Очаків,лим. Дніпро-Бузький,water_temperature,degC,2023-03-09,4.3,,Інв_№229_Щорічні_дані_про_режим_та_ресурси_вод_морів_і_морських.pdf,48
98022,м. Очаків,лим. Дніпро-Бузький,water_temperature,degC,2023-03-10,4.4,,Інв_№229_Щорічні_дані_про_режим_та_ресурси_вод_морів_і_морських.pdf,48
98022,м. Очаків,лим. Дніпро-Бузький,water_temperature,degC,2023-03-11,4.6,,Інв_№229_Щорічні_дані_про_режим_та_ресурси_вод_морів_і_морських.pdf,48
98022,м. Очаків,лим. Дніпро-Бузький,water_temperature,degC,2023-03-12,4.4,,Інв_№229_Щорічні_дані_про_режим_та_ресурси_вод_морів_і_морських.pdf,48
98022,м. Очаків,лим. Дніпро-Бузький,water_temperature,degC,2023-03-13,5.1,,Інв_№229_Щорічні_дані_про_режим_та_ресурси_вод_морів_і_морських.pdf,48
98022,м. Очаків,лим. Дніпро-Бузький,water_temperature,degC,2023-03-14,6.0,,Інв_№229_Щорічні_дані_про_режим_та_ресурси_вод_морів_і_морських.pdf,48
98022,м. Очаків,лим. Дніпро-Бузький,water_temperature,degC,2023-03-15,6.6,,Інв_№229_Щорічні_дані_про_режим_та_ресурси_вод_морів_і_морських.pdf,48
98022,м. Очаків,лим. Дніпро-Бузький,water_temperature,degC,2023-03-16,6.7,,Інв_№229_Щорічні_дані_про_режим_та_ресурси_вод_морів_і_морських.pdf,48
98022,м. Очаків,лим. Дніпро-Бузький,water_temperature,degC,2023-03-17,6.9,,Інв_№229_Щорічні_дані_про_режим_та_ресурси_вод_морів_і_морських.pdf,48
98022,м. Очаків,лим. Дніпро-Бузький,water_temperature,degC,2023-03-18,7.1,,Інв_№229_Щорічні_дані_про_режим_та_ресурси_вод_морів_і_морських.pdf,48
98022,м. Очаків,лим. Дніпро-Бузький,water_temperature,degC,2023-03-19,6.7,,Інв_№229_Щорічні_дані_про_режим_та_ресурси_вод_морів_і_морських.pdf,48
98022,м. Очаків,лим. Дніпро-Бузький,water_temperature,degC,2023-03-20,6.9,,Інв_№229_Щорічні_дані_про_режим_та_ресурси_вод_морів_і_морських.pdf,48
98022,м. Очаків,лим. Дніпро-Бузький,water_temperature,degC,2023-03-21,7.3,,Інв_№229_Щорічні_дані_про_режим_та_ресурси_вод_морів_і_морських.pdf,48
98022,м. Очаків,лим. Дніпро-Бузький,water_temperature,degC,2023-03-22,7.3,,Інв_№229_Щорічні_дані_про_режим_та_ресурси_вод_морів_і_морських.pdf,48
98022,м. Очаків,лим. Дніпро-Бузький,water_temperature,degC,2023-03-23,7.4,,Інв_№229_Щорічні_дані_про_режим_та_ресурси_вод_морів_і_морських.pdf,48
98022,м. Очаків,лим. Дніпро-Бузький,water_temperature,degC,2023-03-24,7.2,,Інв_№229_Щорічні_дані_про_режим_та_ресурси_вод_морів_і_морських.pdf,48
98022,м. Очаків,лим. Дніпро-Бузький,water_temperature,degC,2023-03-25,7.2,,Інв_№229_Щорічні_дані_про_режим_та_ресурси_вод_морів_і_морських.pdf,48
98022,м. Очаків,лим. Дніпро-Бузький,water_temperature,degC,2023-03-26,7.0,,Інв_№229_Щорічні_дані_про_режим_та_ресурси_вод_морів_і_морських.pdf,48
98022,м. Очаків,лим. Дніпро-Бузький,water_temperature,degC,2023-03-27,7.8,,Інв_№229_Щорічні_дані_про_режим_та_ресурси_вод_морів_і_морських.pdf,48
98022,м. Очаків,лим. Дніпро-Бузький,water_temperature,degC,2023-03-28,8.0,,Інв_№229_Щорічні_дані_про_режим_та_ресурси_вод_морів_і_морських.pdf,48
98022,м. Очаків,лим. Дніпро-Бузький,water_temperature,degC,2023-03-29,7.9,,Інв_№229_Щорічні_дані_про_режим_та_ресурси_вод_морів_і_морських.pdf,48
98022,м. Очаків,лим. Дніпро-Бузький,water_temperature,degC,2023-03-30,7.9,,Інв_№229_Щорічні_дані_про_режим_та_ресурси_вод_морів_і_морських.pdf,48
98022,м. Очаків,лим. Дніпро-Бузький,water_temperature,degC,2023-03-31,8.3,,Інв_№229_Щорічні_дані_про_режим_та_ресурси_вод_морів_і_морських.pdf,48
98022,м. Очаків,лим. Дніпро-Бузький,water_temperature,degC,2023-04-01,8.1,,Інв_№229_Щорічні_дані_про_режим_та_ресурси_вод_морів_і_морських.pdf,48
98022,м. Очаків,лим. Дніпро-Бузький,water_temperature,degC,2023-04-02,8.0,,Інв_№229_Щорічні_дані_про_режим_та_ресурси_вод_морів_і_морських.pdf,48
98022,м. Очаків,лим. Дніпро-Бузький,water_temperature,degC,2023-04-03,8.0,,Інв_№229_Щорічні_дані_про_режим_та_ресурси_вод_морів_і_морських.pdf,48
98022,м. Очаків,лим. Дніпро-Бузький,water_temperature,degC,2023-04-04,8.2,,Інв_№229_Щорічні_дані_про_режим_та_ресурси_вод_морів_і_морських.pdf,48
98022,м. Очаків,лим. Дніпро-Бузький,water_temperature,degC,2023-04-05,8.5,,Інв_№229_Щорічні_дані_про_режим_та_ресурси_вод_морів_і_морських.pdf,48
98022,м. Очаків,лим. Дніпро-Бузький,water_temperature,degC,2023-04-06,8.1,,Інв_№229_Щорічні_дані_про_режим_та_ресурси_вод_морів_і_морських.pdf,48
98022,м. Очаків,лим. Дніпро-Бузький,water_temperature,degC,2023-04-07,8.3,,Інв_№229_Щорічні_дані_про_режим_та_ресурси_вод_морів_і_морських.pdf,48
98022,м. Очаків,лим. Дніпро-Бузький,water_temperature,degC,2023-04-08,8.6,,Інв_№229_Щорічні_дані_про_режим_та_ресурси_вод_морів_і_морських.pdf,48
98022,м. Очаків,лим. Дніпро-Бузький,water_temperature,degC,2023-04-09,8.3,,Інв_№229_Щорічні_дані_про_режим_та_ресурси_вод_морів_і_морських.pdf,48
98022,м. Очаків,лим. Дніпро-Бузький,water_temperature,degC,2023-04-10,8.2,,Інв_№229_Щорічні_дані_про_режим_та_ресурси_вод_морів_і_морських.pdf,48
98022,м. Очаків,лим. Дніпро-Бузький,water_temperature,degC,2023-04-11,8.3,,Інв_№229_Щорічні_дані_про_режим_та_ресурси_вод_морів_і_морських.pdf,48
98022,м. Очаків,лим. Дніпро-Бузький,water_temperature,degC,2023-04-12,9.1,,Інв_№229_Щорічні_дані_про_режим_та_ресурси_вод_морів_і_морських.pdf,48
98022,м. Очаків,лим. Дніпро-Бузький,water_temperature,degC,2023-04-13,10.0,,Інв_№229_Щорічні_дані_про_режим_та_ресурси_вод_морів_і_морських.pdf,48
98022,м. Очаків,лим. Дніпро-Бузький,water_temperature,degC,2023-04-14,9.7,,Інв_№229_Щорічні_дані_про_режим_та_ресурси_вод_морів_і_морських.pdf,48
98022,м. Очаків,лим. Дніпро-Бузький,water_temperature,degC,2023-04-15,9.9,,Інв_№229_Щорічні_дані_про_режим_та_ресурси_вод_морів_і_морських.pdf,48
98022,м. Очаків,лим. Дніпро-Бузький,water_temperature,degC,2023-04-16,9.5,,Інв_№229_Щорічні_дані_про_режим_та_ресурси_вод_морів_і_морських.pdf,48
98022,м. Очаків,лим. Дніпро-Бузький,water_temperature,degC,2023-04-17,9.6,,Інв_№229_Щорічні_дані_про_режим_та_ресурси_вод_морів_і_морських.pdf,48
98022,м. Очаків,лим. Дніпро-Бузький,water_temperature,degC,2023-04-18,9.8,,Інв_№229_Щорічні_дані_про_режим_та_ресурси_вод_морів_і_морських.pdf,48
98022,м. Очаків,лим. Дніпро-Бузький,water_temperature,degC,2023-04-19,10.3,,Інв_№229_Щорічні_дані_про_режим_та_ресурси_вод_морів_і_морських.pdf,48
98022,м. Очаків,лим. Дніпро-Бузький,water_temperature,degC,2023-04-20,11.2,,Інв_№229_Щорічні_дані_про_режим_та_ресурси_вод_морів_і_морських.pdf,48
98022,м. Очаків,лим. Дніпро-Бузький,water_temperature,degC,2023-04-21,11.5,,Інв_№229_Щорічні_дані_про_режим_та_ресурси_вод_морів_і_морських.pdf,48
98022,м. Очаків,лим. Дніпро-Бузький,water_temperature,degC,2023-04-22,11.6,,Інв_№229_Щорічні_дані_про_режим_та_ресурси_вод_морів_і_морських.pdf,48
98022,м. Очаків,лим. Дніпро-Бузький,water_temperature,degC,2023-04-23,12.1,,Інв_№229_Щорічні_дані_про_режим_та_ресурси_вод_морів_і_морських.pdf,48
98022,м. Очаків,лим. Дніпро-Бузький,water_temperature,degC,2023-04-24,12.4,,Інв_№229_Щорічні_дані_про_режим_та_ресурси_вод_морів_і_морських.pdf,48
98022,м. Очаків,лим. Дніпро-Бузький,water_temperature,degC,2023-04-25,12.1,,Інв_№229_Щорічні_дані_про_режим_та_ресурси_вод_морів_і_морських.pdf,48
98022,м. Очаків,лим. Дніпро-Бузький,water_temperature,degC,2023-04-26,11.5,,Інв_№229_Щорічні_дані_про_режим_та_ресурси_вод_морів_і_морських.pdf,48
98022,м. Очаків,лим. Дніпро-Бузький,water_temperature,degC,2023-04-27,11.4,,Інв_№229_Щорічні_дані_про_режим_та_ресурси_вод_морів_і_морських.pdf,48
98022,м. Очаків,лим. Дніпро-Бузький,water_temperature,degC,2023-04-28,11.2,,Інв_№229_Щорічні_дані_про_режим_та_ресурси_вод_морів_і_морських.pdf,48
98022,м. Очаків,лим. Дніпро-Бузький,water_temperature,degC,2023-04-29,11.4,,Інв_№229_Щорічні_дані_про_режим_та_ресурси_вод_морів_і_морських.pdf,48
98022,м. Очаків,лим. Дніпро-Бузький,water_temperature,degC,2023-04-30,11.1,,Інв_№229_Щорічні_дані_про_режим_та_ресурси_вод_морів_і_морських.pdf,48
98022,м. Очаків,лим. Дніпро-Бузький,water_temperature,degC,2023-05-01,11.8,,Інв_№229_Щорічні_дані_про_режим_та_ресурси_вод_морів_і_морських.pdf,48
98022,м. Очаків,лим. Дніпро-Бузький,water_temperature,degC,2023-05-02,12.4,,Інв_№229_Щорічні_дані_про_режим_та_ресурси_вод_морів_і_морських.pdf,48
98022,м. Очаків,лим. Дніпро-Бузький,water_temperature,degC,2023-05-03,12.5,,Інв_№229_Щорічні_дані_про_режим_та_ресурси_вод_морів_і_морських.pdf,48
98022,м. Очаків,лим. Дніпро-Бузький,water_temperature,degC,2023-05-04,13.1,,Інв_№229_Щорічні_дані_про_режим_та_ресурси_вод_морів_і_морських.pdf,48
98022,м. Очаків,лим. Дніпро-Бузький,water_temperature,degC,2023-05-05,13.7,,Інв_№229_Щорічні_дані_про_режим_та_ресурси_вод_морів_і_морських.pdf,48
98022,м. Очаків,лим. Дніпро-Бузький,water_temperature,degC,2023-05-06,12.4,,Інв_№229_Щорічні_дані_про_режим_та_ресурси_вод_морів_і_морських.pdf,48
98022,м. Очаків,лим. Дніпро-Бузький,water_temperature,degC,2023-05-07,12.9,,Інв_№229_Щорічні_дані_про_режим_та_ресурси_вод_морів_і_морських.pdf,48
98022,м. Очаків,лим. Дніпро-Бузький,water_temperature,degC,2023-05-08,13.3,,Інв_№229_Щорічні_дані_про_режим_та_ресурси_вод_морів_і_морських.pdf,48
98022,м. Очаків,лим. Дніпро-Бузький,water_temperature,degC,2023-05-09,12.8,,Інв_№229_Щорічні_дані_про_режим_та_ресурси_вод_морів_і_морських.pdf,48
98022,м. Очаків,лим. Дніпро-Бузький,water_temperature,degC,2023-05-10,13.5,,Інв_№229_Щорічні_дані_про_режим_та_ресурси_вод_морів_і_морських.pdf,48
98022,м. Очаків,лим. Дніпро-Бузький,water_temperature,degC,2023-05-11,14.1,,Інв_№229_Щорічні_дані_про_режим_та_ресурси_вод_морів_і_морських.pdf,48
98022,м. Очаків,лим. Дніпро-Бузький,water_temperature,degC,2023-05-12,14.6,,Інв_№229_Щорічні_дані_про_режим_та_ресурси_вод_морів_і_морських.pdf,48
98022,м. Очаків,лим. Дніпро-Бузький,water_temperature,degC,2023-05-13,14.6,,Інв_№229_Щорічні_дані_про_режим_та_ресурси_вод_морів_і_морських.pdf,48
98022,м. Очаків,лим. Дніпро-Бузький,water_temperature,degC,2023-05-14,14.3,,Інв_№229_Щорічні_дані_про_режим_та_ресурси_вод_морів_і_морських.pdf,48
98022,м. Очаків,лим. Дніпро-Бузький,water_temperature,degC,2023-05-15,14.6,,Інв_№229_Щорічні_дані_про_режим_та_ресурси_вод_морів_і_морських.pdf,48
98022,м. Очаків,лим. Дніпро-Бузький,water_temperature,degC,2023-05-16,14.8,,Інв_№229_Щорічні_дані_про_режим_та_ресурси_вод_морів_і_морських.pdf,48
98022,м. Очаків,лим. Дніпро-Бузький,water_temperature,degC,2023-05-17,14.7,,Інв_№229_Щорічні_дані_про_режим_та_ресурси_вод_морів_і_морських.pdf,48
98022,м. Очаків,лим. Дніпро-Бузький,water_temperature,degC,2023-05-18,15.1,,Інв_№229_Щорічні_дані_про_режим_та_ресурси_вод_морів_і_морських.pdf,48
98022,м. Очаків,лим. Дніпро-Бузький,water_temperature,degC,2023-05-19,15.6,,Інв_№229_Щорічні_дані_про_режим_та_ресурси_вод_морів_і_морських.pdf,48
98022,м. Очаків,лим. Дніпро-Бузький,water_temperature,degC,2023-05-20,16.3,,Інв_№229_Щорічні_дані_про_режим_та_ресурси_вод_морів_і_морських.pdf,48
98022,м. Очаків,лим. Дніпро-Бузький,water_temperature,degC,2023-05-21,16.4,,Інв_№229_Щорічні_дані_про_режим_та_ресурси_вод_морів_і_морських.pdf,48
98022,м. Очаків,лим. Дніпро-Бузький,water_temperature,degC,2023-05-22,17.2,,Інв_№229_Щорічні_дані_про_режим_та_ресурси_вод_морів_і_морських.pdf,48
98022,м. Очаків,лим. Дніпро-Бузький,water_temperature,degC,2023-05-23,17.3,,Інв_№229_Щорічні_дані_про_режим_та_ресурси_вод_морів_і_морських.pdf,48
98022,м. Очаків,лим. Дніпро-Бузький,water_temperature,degC,2023-05-24,17.4,,Інв_№229_Щорічні_дані_про_режим_та_ресурси_вод_морів_і_морських.pdf,48
98022,м. Очаків,лим. Дніпро-Бузький,water_temperature,degC,2023-05-25,17.6,,Інв_№229_Щорічні_дані_про_режим_та_ресурси_вод_морів_і_морських.pdf,48
98022,м. Очаків,лим. Дніпро-Бузький,water_temperature,degC,2023-05-26,18.0,,Інв_№229_Щорічні_дані_про_режим_та_ресурси_вод_морів_і_морських.pdf,48
98022,м. Очаків,лим. Дніпро-Бузький,water_temperature,degC,2023-05-27,17.8,,Інв_№229_Щорічні_дані_про_режим_та_ресурси_вод_морів_і_морських.pdf,48
98022,м. Очаків,лим. Дніпро-Бузький,water_temperature,degC,2023-05-28,18.1,,Інв_№229_Щорічні_дані_про_режим_та_ресурси_вод_морів_і_морських.pdf,48
98022,м. Очаків,лим. Дніпро-Бузький,water_temperature,degC,2023-05-29,18.4,,Інв_№229_Щорічні_дані_про_режим_та_ресурси_вод_морів_і_морських.pdf,48
98022,м. Очаків,лим. Дніпро-Бузький,water_temperature,degC,2023-05-30,18.8,,Інв_№229_Щорічні_дані_про_режим_та_ресурси_вод_морів_і_морських.pdf,48
98022,м. Очаків,лим. Дніпро-Бузький,water_temperature,degC,2023-05-31,19.2,,Інв_№229_Щорічні_дані_про_режим_та_ресурси_вод_морів_і_морських.pdf,48
98022,м. Очаків,лим. Дніпро-Бузький,water_temperature,degC,2023-06-01,20.1,,Інв_№229_Щорічні_дані_про_режим_та_ресурси_вод_морів_і_морських.pdf,48
98022,м. Очаків,лим. Дніпро-Бузький,water_temperature,degC,2023-06-02,20.3,,Інв_№229_Щорічні_дані_про_режим_та_ресурси_вод_морів_і_морських.pdf,48
98022,м. Очаків,лим. Дніпро-Бузький,water_temperature,degC,2023-06-03,20.1,,Інв_№229_Щорічні_дані_про_режим_та_ресурси_вод_морів_і_морських.pdf,48
98022,м. Очаків,лим. Дніпро-Бузький,water_temperature,degC,2023-06-04,19.8,,Інв_№229_Щорічні_дані_про_режим_та_ресурси_вод_морів_і_морських.pdf,48
98022,м. Очаків,лим. Дніпро-Бузький,water_temperature,degC,2023-06-05,19.9,,Інв_№229_Щорічні_дані_про_режим_та_ресурси_вод_морів_і_морських.pdf,48
98022,м. Очаків,лим. Дніпро-Бузький,water_temperature,degC,2023-06-06,20.8,,Інв_№229_Щорічні_дані_про_режим_та_ресурси_вод_морів_і_морських.pdf,48
98022,м. Очаків,лим. Дніпро-Бузький,water_temperature,degC,2023-06-07,21.3,,Інв_№229_Щорічні_дані_про_режим_та_ресурси_вод_морів_і_морських.pdf,48
98022,м. Очаків,лим. Дніпро-Бузький,water_temperature,degC,2023-06-08,21.6,,Інв_№229_Щорічні_дані_про_режим_та_ресурси_вод_морів_і_морських.pdf,48
98022,м. Очаків,лим. Дніпро-Бузький,water_temperature,degC,2023-06-09,21.9,,Інв_№229_Щорічні_дані_про_режим_та_ресурси_вод_морів_і_морських.pdf,48
98022,м. Очаків,лим. Дніпро-Бузький,water_temperature,degC,2023-06-10,21.6,,Інв_№229_Щорічні_дані_про_режим_та_ресурси_вод_морів_і_морських.pdf,48
98022,м. Очаків,лим. Дніпро-Бузький,water_temperature,degC,2023-06-11,21.7,,Інв_№229_Щорічні_дані_про_режим_та_ресурси_вод_морів_і_морських.pdf,48
98022,м. Очаків,лим. Дніпро-Бузький,water_temperature,degC,2023-06-12,21.2,,Інв_№229_Щорічні_дані_про_режим_та_ресурси_вод_морів_і_морських.pdf,48
98022,м. Очаків,лим. Дніпро-Бузький,water_temperature,degC,2023-06-13,20.6,,Інв_№229_Щорічні_дані_про_режим_та_ресурси_вод_морів_і_морських.pdf,48
98022,м. Очаків,лим. Дніпро-Бузький,water_temperature,degC,2023-06-14,20.9,,Інв_№229_Щорічні_дані_про_режим_та_ресурси_вод_морів_і_морських.pdf,48
98022,м. Очаків,лим. Дніпро-Бузький,water_temperature,degC,2023-06-15,21.2,,Інв_№229_Щорічні_дані_про_режим_та_ресурси_вод_морів_і_морських.pdf,48
98022,м. Очаків,лим. Дніпро-Бузький,water_temperature,degC,2023-06-16,21.3,,Інв_№229_Щорічні_дані_про_режим_та_ресурси_вод_морів_і_морських.pdf,48
98022,м. Очаків,лим. Дніпро-Бузький,water_temperature,degC,2023-06-17,21.9,,Інв_№229_Щорічні_дані_про_режим_та_ресурси_вод_морів_і_морських.pdf,48
98022,м. Очаків,лим. Дніпро-Бузький,water_temperature,degC,2023-06-18,22.3,,Інв_№229_Щорічні_дані_про_режим_та_ресурси_вод_морів_і_морських.pdf,48
98022,м. Очаків,лим. Дніпро-Бузький,water_temperature,degC,2023-06-19,22.4,,Інв_№229_Щорічні_дані_про_режим_та_ресурси_вод_морів_і_морських.pdf,48
98022,м. Очаків,лим. Дніпро-Бузький,water_temperature,degC,2023-06-20,24.0,,Інв_№229_Щорічні_дані_про_режим_та_ресурси_вод_морів_і_морських.pdf,48
98022,м. Очаків,лим. Дніпро-Бузький,water_temperature,degC,2023-06-21,24.5,,Інв_№229_Щорічні_дані_про_режим_та_ресурси_вод_морів_і_морських.pdf,48
98022,м. Очаків,лим. Дніпро-Бузький,water_temperature,degC,2023-06-22,24.9,,Інв_№229_Щорічні_дані_про_режим_та_ресурси_вод_морів_і_морських.pdf,48
98022,м. Очаків,лим. Дніпро-Бузький,water_temperature,degC,2023-06-23,24.9,,Інв_№229_Щорічні_дані_про_режим_та_ресурси_вод_морів_і_морських.pdf,48
98022,м. Очаків,лим. Дніпро-Бузький,water_temperature,degC,2023-06-24,24.7,,Інв_№229_Щорічні_дані_про_режим_та_ресурси_вод_морів_і_морських.pdf,48
98022,м. Очаків,лим. Дніпро-Бузький,water_temperature,degC,2023-06-25,25.5,,Інв_№229_Щорічні_дані_про_режим_та_ресурси_вод_морів_і_морських.pdf,48
98022,м. Очаків,лим. Дніпро-Бузький,water_temperature,degC,2023-06-26,25.3,,Інв_№229_Щорічні_дані_про_режим_та_ресурси_вод_морів_і_морських.pdf,48
98022,м. Очаків,лим. Дніпро-Бузький,water_temperature,degC,2023-06-27,25.1,,Інв_№229_Щорічні_дані_про_режим_та_ресурси_вод_морів_і_морських.pdf,48
98022,м. Очаків,лим. Дніпро-Бузький,water_temperature,degC,2023-06-28,24.0,,Інв_№229_Щорічні_дані_про_режим_та_ресурси_вод_морів_і_морських.pdf,48
98022,м. Очаків,лим. Дніпро-Бузький,water_temperature,degC,2023-06-29,24.1,,Інв_№229_Щорічні_дані_про_режим_та_ресурси_вод_морів_і_морських.pdf,48
98022,м. Очаків,лим. Дніпро-Бузький,water_temperature,degC,2023-06-30,24.5,,Інв_№229_Щорічні_дані_про_режим_та_ресурси_вод_морів_і_морських.pdf,48
98022,м. Очаків,лим. Дніпро-Бузький,water_temperature,degC,2023-07-01,24.1,,Інв_№229_Щорічні_дані_про_режим_та_ресурси_вод_морів_і_морських.pdf,48
98022,м. Очаків,лим. Дніпро-Бузький,water_temperature,degC,2023-07-02,24.4,,Інв_№229_Щорічні_дані_про_режим_та_ресурси_вод_морів_і_морських.pdf,48
98022,м. Очаків,лим. Дніпро-Бузький,water_temperature,degC,2023-07-03,24.2,,Інв_№229_Щорічні_дані_про_режим_та_ресурси_вод_морів_і_морських.pdf,48
98022,м. Очаків,лим. Дніпро-Бузький,water_temperature,degC,2023-07-04,24.3,,Інв_№229_Щорічні_дані_про_режим_та_ресурси_вод_морів_і_морських.pdf,48
98022,м. Очаків,лим. Дніпро-Бузький,water_temperature,degC,2023-07-05,25.4,,Інв_№229_Щорічні_дані_про_режим_та_ресурси_вод_морів_і_морських.pdf,48
98022,м. Очаків,лим. Дніпро-Бузький,water_temperature,degC,2023-07-06,25.8,,Інв_№229_Щорічні_дані_про_режим_та_ресурси_вод_морів_і_морських.pdf,48
98022,м. Очаків,лим. Дніпро-Бузький,water_temperature,degC,2023-07-07,26.3,,Інв_№229_Щорічні_дані_про_режим_та_ресурси_вод_морів_і_морських.pdf,48
98022,м. Очаків,лим. Дніпро-Бузький,water_temperature,degC,2023-07-08,26.1,,Інв_№229_Щорічні_дані_про_режим_та_ресурси_вод_морів_і_морських.pdf,48
98022,м. Очаків,лим. Дніпро-Бузький,water_temperature,degC,2023-07-09,24.9,,Інв_№229_Щорічні_дані_про_режим_та_ресурси_вод_морів_і_морських.pdf,48
98022,м. Очаків,лим. Дніпро-Бузький,water_temperature,degC,2023-07-10,23.7,,Інв_№229_Щорічні_дані_про_режим_та_ресурси_вод_морів_і_морських.pdf,48
98022,м. Очаків,лим. Дніпро-Бузький,water_temperature,degC,2023-07-11,23.4,,Інв_№229_Щорічні_дані_про_режим_та_ресурси_вод_морів_і_морських.pdf,48
98022,м. Очаків,лим. Дніпро-Бузький,water_temperature,degC,2023-07-12,23.3,,Інв_№229_Щорічні_дані_про_режим_та_ресурси_вод_морів_і_морських.pdf,48
98022,м. Очаків,лим. Дніпро-Бузький,water_temperature,degC,2023-07-13,23.5,,Інв_№229_Щорічні_дані_про_режим_та_ресурси_вод_морів_і_морських.pdf,48
98022,м. Очаків,лим. Дніпро-Бузький,water_temperature,degC,2023-07-14,23.8,,Інв_№229_Щорічні_дані_про_режим_та_ресурси_вод_морів_і_морських.pdf,48
98022,м. Очаків,лим. Дніпро-Бузький,water_temperature,degC,2023-07-15,24.2,,Інв_№229_Щорічні_дані_про_режим_та_ресурси_вод_морів_і_морських.pdf,48
98022,м. Очаків,лим. Дніпро-Бузький,water_temperature,degC,2023-07-16,24.1,,Інв_№229_Щорічні_дані_про_режим_та_ресурси_вод_морів_і_морських.pdf,48
98022,м. Очаків,лим. Дніпро-Бузький,water_temperature,degC,2023-07-17,24.2,,Інв_№229_Щорічні_дані_про_режим_та_ресурси_вод_морів_і_морських.pdf,48
98022,м. Очаків,лим. Дніпро-Бузький,water_temperature,degC,2023-07-18,24.7,,Інв_№229_Щорічні_дані_про_режим_та_ресурси_вод_морів_і_морських.pdf,48
98022,м. Очаків,лим. Дніпро-Бузький,water_temperature,degC,2023-07-19,25.1,,Інв_№229_Щорічні_дані_про_режим_та_ресурси_вод_морів_і_морських.pdf,48
98022,м. Очаків,лим. Дніпро-Бузький,water_temperature,degC,2023-07-20,24.8,,Інв_№229_Щорічні_дані_про_режим_та_ресурси_вод_морів_і_морських.pdf,48
98022,м. Очаків,лим. Дніпро-Бузький,water_temperature,degC,2023-07-21,24.8,,Інв_№229_Щорічні_дані_про_режим_та_ресурси_вод_морів_і_морських.pdf,48
98022,м. Очаків,лим. Дніпро-Бузький,water_temperature,degC,2023-07-22,24.4,,Інв_№229_Щорічні_дані_про_режим_та_ресурси_вод_морів_і_морських.pdf,48
98022,м. Очаків,лим. Дніпро-Бузький,water_temperature,degC,2023-07-23,24.7,,Інв_№229_Щорічні_дані_про_режим_та_ресурси_вод_морів_і_морських.pdf,48
98022,м. Очаків,лим. Дніпро-Бузький,water_temperature,degC,2023-07-24,25.2,,Інв_№229_Щорічні_дані_про_режим_та_ресурси_вод_морів_і_морських.pdf,48
98022,м. Очаків,лим. Дніпро-Бузький,water_temperature,degC,2023-07-25,25.2,,Інв_№229_Щорічні_дані_про_режим_та_ресурси_вод_морів_і_морських.pdf,48
98022,м. Очаків,лим. Дніпро-Бузький,water_temperature,degC,2023-07-26,25.0,,Інв_№229_Щорічні_дані_про_режим_та_ресурси_вод_морів_і_морських.pdf,48
98022,м. Очаків,лим. Дніпро-Бузький,water_temperature,degC,2023-07-27,25.2,,Інв_№229_Щорічні_дані_про_режим_та_ресурси_вод_морів_і_морських.pdf,48
98022,м. Очаків,лим. Дніпро-Бузький,water_temperature,degC,2023-07-28,24.9,,Інв_№229_Щорічні_дані_про_режим_та_ресурси_вод_морів_і_морських.pdf,48
98022,м. Очаків,лим. Дніпро-Бузький,water_temperature,degC,2023-07-29,25.1,,Інв_№229_Щорічні_дані_про_режим_та_ресурси_вод_морів_і_морських.pdf,48
98022,м. Очаків,лим. Дніпро-Бузький,water_temperature,degC,2023-07-30,25.4,,Інв_№229_Щорічні_дані_про_режим_та_ресурси_вод_морів_і_морських.pdf,48
98022,м. Очаків,лим. Дніпро-Бузький,water_temperature,degC,2023-07-31,24.9,,Інв_№229_Щорічні_дані_про_режим_та_ресурси_вод_морів_і_морських.pdf,48
98022,м. Очаків,лим. Дніпро-Бузький,water_temperature,degC,2023-08-01,24.8,,Інв_№229_Щорічні_дані_про_режим_та_ресурси_вод_морів_і_морських.pdf,48
98022,м. Очаків,лим. Дніпро-Бузький,water_temperature,degC,2023-08-02,24.7,,Інв_№229_Щорічні_дані_про_режим_та_ресурси_вод_морів_і_морських.pdf,48
98022,м. Очаків,лим. Дніпро-Бузький,water_temperature,degC,2023-08-03,25.0,,Інв_№229_Щорічні_дані_про_режим_та_ресурси_вод_морів_і_морських.pdf,48
98022,м. Очаків,лим. Дніпро-Бузький,water_temperature,degC,2023-08-04,25.5,,Інв_№229_Щорічні_дані_про_режим_та_ресурси_вод_морів_і_морських.pdf,48
98022,м. Очаків,лим. Дніпро-Бузький,water_temperature,degC,2023-08-05,26.6,,Інв_№229_Щорічні_дані_про_режим_та_ресурси_вод_морів_і_морських.pdf,48
98022,м. Очаків,лим. Дніпро-Бузький,water_temperature,degC,2023-08-06,26.8,,Інв_№229_Щорічні_дані_про_режим_та_ресурси_вод_морів_і_морських.pdf,48
98022,м. Очаків,лим. Дніпро-Бузький,water_temperature,degC,2023-08-07,26.6,,Інв_№229_Щорічні_дані_про_режим_та_ресурси_вод_морів_і_морських.pdf,48
98022,м. Очаків,лим. Дніпро-Бузький,water_temperature,degC,2023-08-08,26.8,,Інв_№229_Щорічні_дані_про_режим_та_ресурси_вод_морів_і_морських.pdf,48
98022,м. Очаків,лим. Дніпро-Бузький,water_temperature,degC,2023-08-09,26.7,,Інв_№229_Щорічні_дані_про_режим_та_ресурси_вод_морів_і_морських.pdf,48
98022,м. Очаків,лим. Дніпро-Бузький,water_temperature,degC,2023-08-10,26.4,,Інв_№229_Щорічні_дані_про_режим_та_ресурси_вод_морів_і_морських.pdf,48
98022,м. Очаків,лим. Дніпро-Бузький,water_temperature,degC,2023-08-11,24.6,,Інв_№229_Щорічні_дані_про_режим_та_ресурси_вод_морів_і_морських.pdf,48
98022,м. Очаків,лим. Дніпро-Бузький,water_temperature,degC,2023-08-12,24.9,,Інв_№229_Щорічні_дані_про_режим_та_ресурси_вод_морів_і_морських.pdf,48
98022,м. Очаків,лим. Дніпро-Бузький,water_temperature,degC,2023-08-13,24.4,,Інв_№229_Щорічні_дані_про_режим_та_ресурси_вод_морів_і_морських.pdf,48
98022,м. Очаків,лим. Дніпро-Бузький,water_temperature,degC,2023-08-14,24.9,,Інв_№229_Щорічні_дані_про_режим_та_ресурси_вод_морів_і_морських.pdf,48
98022,м. Очаків,лим. Дніпро-Бузький,water_temperature,degC,2023-08-15,25.1,,Інв_№229_Щорічні_дані_про_режим_та_ресурси_вод_морів_і_морських.pdf,48
98022,м. Очаків,лим. Дніпро-Бузький,water_temperature,degC,2023-08-16,25.7,,Інв_№229_Щорічні_дані_про_режим_та_ресурси_вод_морів_і_морських.pdf,48
98022,м. Очаків,лим. Дніпро-Бузький,water_temperature,degC,2023-08-17,26.3,,Інв_№229_Щорічні_дані_про_режим_та_ресурси_вод_морів_і_морських.pdf,48
98022,м. Очаків,лим. Дніпро-Бузький,water_temperature,degC,2023-08-18,26.6,,Інв_№229_Щорічні_дані_про_режим_та_ресурси_вод_морів_і_морських.pdf,48
98022,м. Очаків,лим. Дніпро-Бузький,water_temperature,degC,2023-08-19,26.6,,Інв_№229_Щорічні_дані_про_режим_та_ресурси_вод_морів_і_морських.pdf,48
98022,м. Очаків,лим. Дніпро-Бузький,water_temperature,degC,2023-08-20,26.9,,Інв_№229_Щорічні_дані_про_режим_та_ресурси_вод_морів_і_морських.pdf,48
98022,м. Очаків,лим. Дніпро-Бузький,water_temperature,degC,2023-08-21,26.9,,Інв_№229_Щорічні_дані_про_режим_та_ресурси_вод_морів_і_морських.pdf,48
98022,м. Очаків,лим. Дніпро-Бузький,water_temperature,degC,2023-08-22,27.1,,Інв_№229_Щорічні_дані_про_режим_та_ресурси_вод_морів_і_морських.pdf,48
98022,м. Очаків,лим. Дніпро-Бузький,water_temperature,degC,2023-08-23,27.1,,Інв_№229_Щорічні_дані_про_режим_та_ресурси_вод_морів_і_морських.pdf,48
98022,м. Очаків,лим. Дніпро-Бузький,water_temperature,degC,2023-08-24,27.0,,Інв_№229_Щорічні_дані_про_режим_та_ресурси_вод_морів_і_морських.pdf,48
98022,м. Очаків,лим. Дніпро-Бузький,water_temperature,degC,2023-08-25,26.5,,Інв_№229_Щорічні_дані_про_режим_та_ресурси_вод_морів_і_морських.pdf,48
98022,м. Очаків,лим. Дніпро-Бузький,water_temperature,degC,2023-08-26,26.5,,Інв_№229_Щорічні_дані_про_режим_та_ресурси_вод_морів_і_морських.pdf,48
98022,м. Очаків,лим. Дніпро-Бузький,water_temperature,degC,2023-08-27,26.7,,Інв_№229_Щорічні_дані_про_режим_та_ресурси_вод_морів_і_морських.pdf,48
98022,м. Очаків,лим. Дніпро-Бузький,water_temperature,degC,2023-08-28,26.9,,Інв_№229_Щорічні_дані_про_режим_та_ресурси_вод_морів_і_морських.pdf,48
98022,м. Очаків,лим. Дніпро-Бузький,water_temperature,degC,2023-08-29,27.2,,Інв_№229_Щорічні_дані_про_режим_та_ресурси_вод_морів_і_морських.pdf,48
98022,м. Очаків,лим. Дніпро-Бузький,water_temperature,degC,2023-08-30,27.4,,Інв_№229_Щорічні_дані_про_режим_та_ресурси_вод_морів_і_морських.pdf,48
98022,м. Очаків,лим. Дніпро-Бузький,water_temperature,degC,2023-08-31,27.5,,Інв_№229_Щорічні_дані_про_режим_та_ресурси_вод_морів_і_морських.pdf,48
98022,м. Очаків,лим. Дніпро-Бузький,water_temperature,degC,2023-09-01,27.3,,Інв_№229_Щорічні_дані_про_режим_та_ресурси_вод_морів_і_морських.pdf,48
98022,м. Очаків,лим. Дніпро-Бузький,water_temperature,degC,2023-09-02,26.6,,Інв_№229_Щорічні_дані_про_режим_та_ресурси_вод_морів_і_морських.pdf,48
98022,м. Очаків,лим. Дніпро-Бузький,water_temperature,degC,2023-09-03,26.4,,Інв_№229_Щорічні_дані_про_режим_та_ресурси_вод_морів_і_морських.pdf,48
98022,м. Очаків,лим. Дніпро-Бузький,water_temperature,degC,2023-09-04,26.3,,Інв_№229_Щорічні_дані_про_режим_та_ресурси_вод_морів_і_морських.pdf,48
98022,м. Очаків,лим. Дніпро-Бузький,water_temperature,degC,2023-09-05,26.2,,Інв_№229_Щорічні_дані_про_режим_та_ресурси_вод_морів_і_морських.pdf,48
98022,м. Очаків,лим. Дніпро-Бузький,water_temperature,degC,2023-09-06,25.4,,Інв_№229_Щорічні_дані_про_режим_та_ресурси_вод_морів_і_морських.pdf,48
98022,м. Очаків,лим. Дніпро-Бузький,water_temperature,degC,2023-09-07,24.4,,Інв_№229_Щорічні_дані_про_режим_та_ресурси_вод_морів_і_морських.pdf,48
98022,м. Очаків,лим. Дніпро-Бузький,water_temperature,degC,2023-09-08,23.5,,Інв_№229_Щорічні_дані_про_режим_та_ресурси_вод_морів_і_морських.pdf,48
98022,м. Очаків,лим. Дніпро-Бузький,water_temperature,degC,2023-09-09,23.5,,Інв_№229_Щорічні_дані_про_режим_та_ресурси_вод_морів_і_морських.pdf,48
98022,м. Очаків,лим. Дніпро-Бузький,water_temperature,degC,2023-09-10,22.7,,Інв_№229_Щорічні_дані_про_режим_та_ресурси_вод_морів_і_морських.pdf,48
98022,м. Очаків,лим. Дніпро-Бузький,water_temperature,degC,2023-09-11,22.6,,Інв_№229_Щорічні_дані_про_режим_та_ресурси_вод_морів_і_морських.pdf,48
98022,м. Очаків,лим. Дніпро-Бузький,water_temperature,degC,2023-09-12,22.2,,Інв_№229_Щорічні_дані_про_режим_та_ресурси_вод_морів_і_морських.pdf,48
98022,м. Очаків,лим. Дніпро-Бузький,water_temperature,degC,2023-09-13,21.7,,Інв_№229_Щорічні_дані_про_режим_та_ресурси_вод_морів_і_морських.pdf,48
98022,м. Очаків,лим. Дніпро-Бузький,water_temperature,degC,2023-09-14,22.1,,Інв_№229_Щорічні_дані_про_режим_та_ресурси_вод_морів_і_морських.pdf,48
98022,м. Очаків,лим. Дніпро-Бузький,water_temperature,degC,2023-09-15,21.7,,Інв_№229_Щорічні_дані_про_режим_та_ресурси_вод_морів_і_морських.pdf,48
98022,м. Очаків,лим. Дніпро-Бузький,water_temperature,degC,2023-09-16,21.2,,Інв_№229_Щорічні_дані_про_режим_та_ресурси_вод_морів_і_морських.pdf,48
98022,м. Очаків,лим. Дніпро-Бузький,water_temperature,degC,2023-09-17,21.4,,Інв_№229_Щорічні_дані_про_режим_та_ресурси_вод_морів_і_морських.pdf,48
98022,м. Очаків,лим. Дніпро-Бузький,water_temperature,degC,2023-09-18,21.4,,Інв_№229_Щорічні_дані_про_режим_та_ресурси_вод_морів_і_морських.pdf,48
98022,м. Очаків,лим. Дніпро-Бузький,water_temperature,degC,2023-09-19,20.9,,Інв_№229_Щорічні_дані_про_режим_та_ресурси_вод_морів_і_морських.pdf,48
98022,м. Очаків,лим. Дніпро-Бузький,water_temperature,degC,2023-09-20,21.1,,Інв_№229_Щорічні_дані_про_режим_та_ресурси_вод_морів_і_морських.pdf,48
98022,м. Очаків,лим. Дніпро-Бузький,water_temperature,degC,2023-09-21,21.8,,Інв_№229_Щорічні_дані_про_режим_та_ресурси_вод_морів_і_морських.pdf,48
98022,м. Очаків,лим. Дніпро-Бузький,water_temperature,degC,2023-09-22,21.8,,Інв_№229_Щорічні_дані_про_режим_та_ресурси_вод_морів_і_морських.pdf,48
98022,м. Очаків,лим. Дніпро-Бузький,water_temperature,degC,2023-09-23,22.0,,Інв_№229_Щорічні_дані_про_режим_та_ресурси_вод_морів_і_морських.pdf,48
98022,м. Очаків,лим. Дніпро-Бузький,water_temperature,degC,2023-09-24,22.1,,Інв_№229_Щорічні_дані_про_режим_та_ресурси_вод_морів_і_морських.pdf,48
98022,м. Очаків,лим. Дніпро-Бузький,water_temperature,degC,2023-09-25,22.5,,Інв_№229_Щорічні_дані_про_режим_та_ресурси_вод_морів_і_морських.pdf,48
98022,м. Очаків,лим. Дніпро-Бузький,water_temperature,degC,2023-09-26,22.2,,Інв_№229_Щорічні_дані_про_режим_та_ресурси_вод_морів_і_морських.pdf,48
98022,м. Очаків,лим. Дніпро-Бузький,water_temperature,degC,2023-09-27,22.1,,Інв_№229_Щорічні_дані_про_режим_та_ресурси_вод_морів_і_морських.pdf,48
98022,м. Очаків,лим. Дніпро-Бузький,water_temperature,degC,2023-09-28,22.3,,Інв_№229_Щорічні_дані_про_режим_та_ресурси_вод_морів_і_морських.pdf,48
98022,м. Очаків,лим. Дніпро-Бузький,water_temperature,degC,2023-09-29,22.1,,Інв_№229_Щорічні_дані_про_режим_та_ресурси_вод_морів_і_морських.pdf,48
98022,м. Очаків,лим. Дніпро-Бузький,water_temperature,degC,2023-09-30,21.4,,Інв_№229_Щорічні_дані_про_режим_та_ресурси_вод_морів_і_морських.pdf,48
98022,м. Очаків,лим. Дніпро-Бузький,water_temperature,degC,2023-10-01,21.1,,Інв_№229_Щорічні_дані_про_режим_та_ресурси_вод_морів_і_морських.pdf,48
98022,м. Очаків,лим. Дніпро-Бузький,water_temperature,degC,2023-10-02,20.2,,Інв_№229_Щорічні_дані_про_режим_та_ресурси_вод_морів_і_морських.pdf,48
98022,м. Очаків,лим. Дніпро-Бузький,water_temperature,degC,2023-10-03,19.8,,Інв_№229_Щорічні_дані_про_режим_та_ресурси_вод_морів_і_морських.pdf,48
98022,м. Очаків,лим. Дніпро-Бузький,water_temperature,degC,2023-10-04,20.1,,Інв_№229_Щорічні_дані_про_режим_та_ресурси_вод_морів_і_морських.pdf,48
98022,м. Очаків,лим. Дніпро-Бузький,water_temperature,degC,2023-10-05,19.7,,Інв_№229_Щорічні_дані_про_режим_та_ресурси_вод_морів_і_морських.pdf,48
98022,м. Очаків,лим. Дніпро-Бузький,water_temperature,degC,2023-10-06,19.5,,Інв_№229_Щорічні_дані_про_режим_та_ресурси_вод_морів_і_морських.pdf,48
98022,м. Очаків,лим. Дніпро-Бузький,water_temperature,degC,2023-10-07,18.8,,Інв_№229_Щорічні_дані_про_режим_та_ресурси_вод_морів_і_морських.pdf,48
98022,м. Очаків,лим. Дніпро-Бузький,water_temperature,degC,2023-10-08,15.1,,Інв_№229_Щорічні_дані_про_режим_та_ресурси_вод_морів_і_морських.pdf,48
98022,м. Очаків,лим. Дніпро-Бузький,water_temperature,degC,2023-10-09,12.7,,Інв_№229_Щорічні_дані_про_режим_та_ресурси_вод_морів_і_морських.pdf,48
98022,м. Очаків,лим. Дніпро-Бузький,water_temperature,degC,2023-10-10,13.8,,Інв_№229_Щорічні_дані_про_режим_та_ресурси_вод_морів_і_морських.pdf,48
98022,м. Очаків,лим. Дніпро-Бузький,water_temperature,degC,2023-10-11,15.0,,Інв_№229_Щорічні_дані_про_режим_та_ресурси_вод_морів_і_морських.pdf,48
98022,м. Очаків,лим. Дніпро-Бузький,water_temperature,degC,2023-10-12,15.3,,Інв_№229_Щорічні_дані_про_режим_та_ресурси_вод_морів_і_морських.pdf,48
98022,м. Очаків,лим. Дніпро-Бузький,water_temperature,degC,2023-10-13,15.2,,Інв_№229_Щорічні_дані_про_режим_та_ресурси_вод_морів_і_морських.pdf,48
98022,м. Очаків,лим. Дніпро-Бузький,water_temperature,degC,2023-10-14,15.1,,Інв_№229_Щорічні_дані_про_режим_та_ресурси_вод_морів_і_морських.pdf,48
98022,м. Очаків,лим. Дніпро-Бузький,water_temperature,degC,2023-10-15,15.2,,Інв_№229_Щорічні_дані_про_режим_та_ресурси_вод_морів_і_морських.pdf,48
98022,м. Очаків,лим. Дніпро-Бузький,water_temperature,degC,2023-10-16,13.8,,Інв_№229_Щорічні_дані_про_режим_та_ресурси_вод_морів_і_морських.pdf,48
98022,м. Очаків,лим. Дніпро-Бузький,water_temperature,degC,2023-10-17,14.2,,Інв_№229_Щорічні_дані_про_режим_та_ресурси_вод_морів_і_морських.pdf,48
98022,м. Очаків,лим. Дніпро-Бузький,water_temperature,degC,2023-10-18,14.9,,Інв_№229_Щорічні_дані_про_режим_та_ресурси_вод_морів_і_морських.pdf,48
98022,м. Очаків,лим. Дніпро-Бузький,water_temperature,degC,2023-10-19,15.2,,Інв_№229_Щорічні_дані_про_режим_та_ресурси_вод_морів_і_морських.pdf,48
98022,м. Очаків,лим. Дніпро-Бузький,water_temperature,degC,2023-10-20,14.8,,Інв_№229_Щорічні_дані_про_режим_та_ресурси_вод_морів_і_морських.pdf,48
98022,м. Очаків,лим. Дніпро-Бузький,water_temperature,degC,2023-10-21,14.6,,Інв_№229_Щорічні_дані_про_режим_та_ресурси_вод_морів_і_морських.pdf,48
98022,м. Очаків,лим. Дніпро-Бузький,water_temperature,degC,2023-10-22,14.7,,Інв_№229_Щорічні_дані_про_режим_та_ресурси_вод_морів_і_морських.pdf,48
98022,м. Очаків,лим. Дніпро-Бузький,water_temperature,degC,2023-10-23,14.6,,Інв_№229_Щорічні_дані_про_режим_та_ресурси_вод_морів_і_морських.pdf,48
98022,м. Очаків,лим. Дніпро-Бузький,water_temperature,degC,2023-10-24,14.2,,Інв_№229_Щорічні_дані_про_режим_та_ресурси_вод_морів_і_морських.pdf,48
98022,м. Очаків,лим. Дніпро-Бузький,water_temperature,degC,2023-10-25,13.6,,Інв_№229_Щорічні_дані_про_режим_та_ресурси_вод_морів_і_морських.pdf,48
98022,м. Очаків,лим. Дніпро-Бузький,water_temperature,degC,2023-10-26,13.9,,Інв_№229_Щорічні_дані_про_режим_та_ресурси_вод_морів_і_морських.pdf,48
98022,м. Очаків,лим. Дніпро-Бузький,water_temperature,degC,2023-10-27,14.7,,Інв_№229_Щорічні_дані_про_режим_та_ресурси_вод_морів_і_морських.pdf,48
98022,м. Очаків,лим. Дніпро-Бузький,water_temperature,degC,2023-10-28,15.0,,Інв_№229_Щорічні_дані_про_режим_та_ресурси_вод_морів_і_морських.pdf,48
98022,м. Очаків,лим. Дніпро-Бузький,water_temperature,degC,2023-10-29,15.0,,Інв_№229_Щорічні_дані_про_режим_та_ресурси_вод_морів_і_морських.pdf,48
98022,м. Очаків,лим. Дніпро-Бузький,water_temperature,degC,2023-10-30,15.0,,Інв_№229_Щорічні_дані_про_режим_та_ресурси_вод_морів_і_морських.pdf,48
98022,м. Очаків,лим. Дніпро-Бузький,water_temperature,degC,2023-10-31,14.9,,Інв_№229_Щорічні_дані_про_режим_та_ресурси_вод_морів_і_морських.pdf,48
98022,м. Очаків,лим. Дніпро-Бузький,water_temperature,degC,2023-11-01,15.4,,Інв_№229_Щорічні_дані_про_режим_та_ресурси_вод_морів_і_морських.pdf,48
98022,м. Очаків,лим. Дніпро-Бузький,water_temperature,degC,2023-11-02,15.6,,Інв_№229_Щорічні_дані_про_режим_та_ресурси_вод_морів_і_морських.pdf,48
98022,м. Очаків,лим. Дніпро-Бузький,water_temperature,degC,2023-11-03,15.1,,Інв_№229_Щорічні_дані_про_режим_та_ресурси_вод_морів_і_морських.pdf,48
98022,м. Очаків,лим. Дніпро-Бузький,water_temperature,degC,2023-11-04,14.8,,Інв_№229_Щорічні_дані_про_режим_та_ресурси_вод_морів_і_морських.pdf,48
98022,м. Очаків,лим. Дніпро-Бузький,water_temperature,degC,2023-11-05,14.9,,Інв_№229_Щорічні_дані_про_режим_та_ресурси_вод_морів_і_морських.pdf,48
98022,м. Очаків,лим. Дніпро-Бузький,water_temperature,degC,2023-11-06,15.8,,Інв_№229_Щорічні_дані_про_режим_та_ресурси_вод_морів_і_морських.pdf,48
98022,м. Очаків,лим. Дніпро-Бузький,water_temperature,degC,2023-11-07,15.2,,Інв_№229_Щорічні_дані_про_режим_та_ресурси_вод_морів_і_морських.pdf,48
98022,м. Очаків,лим. Дніпро-Бузький,water_temperature,degC,2023-11-08,15.2,,Інв_№229_Щорічні_дані_про_режим_та_ресурси_вод_морів_і_морських.pdf,48
98022,м. Очаків,лим. Дніпро-Бузький,water_temperature,degC,2023-11-09,14.9,,Інв_№229_Щорічні_дані_про_режим_та_ресурси_вод_морів_і_морських.pdf,48
98022,м. Очаків,лим. Дніпро-Бузький,water_temperature,degC,2023-11-10,14.4,,Інв_№229_Щорічні_дані_про_режим_та_ресурси_вод_морів_і_морських.pdf,48
98022,м. Очаків,лим. Дніпро-Бузький,water_temperature,degC,2023-11-11,13.6,,Інв_№229_Щорічні_дані_про_режим_та_ресурси_вод_морів_і_морських.pdf,48
98022,м. Очаків,лим. Дніпро-Бузький,water_temperature,degC,2023-11-12,13.1,,Інв_№229_Щорічні_дані_про_режим_та_ресурси_вод_морів_і_морських.pdf,48
98022,м. Очаків,лим. Дніпро-Бузький,water_temperature,degC,2023-11-13,13.1,,Інв_№229_Щорічні_дані_про_режим_та_ресурси_вод_морів_і_морських.pdf,48
98022,м. Очаків,лим. Дніпро-Бузький,water_temperature,degC,2023-11-14,12.8,,Інв_№229_Щорічні_дані_про_режим_та_ресурси_вод_морів_і_морських.pdf,48
98022,м. Очаків,лим. Дніпро-Бузький,water_temperature,degC,2023-11-15,12.3,,Інв_№229_Щорічні_дані_про_режим_та_ресурси_вод_морів_і_морських.pdf,48
98022,м. Очаків,лим. Дніпро-Бузький,water_temperature,degC,2023-11-16,12.0,,Інв_№229_Щорічні_дані_про_режим_та_ресурси_вод_морів_і_морських.pdf,48
98022,м. Очаків,лим. Дніпро-Бузький,water_temperature,degC,2023-11-17,11.9,,Інв_№229_Щорічні_дані_про_режим_та_ресурси_вод_морів_і_морських.pdf,48
98022,м. Очаків,лим. Дніпро-Бузький,water_temperature,degC,2023-11-18,11.1,,Інв_№229_Щорічні_дані_про_режим_та_ресурси_вод_морів_і_морських.pdf,48
98022,м. Очаків,лим. Дніпро-Бузький,water_temperature,degC,2023-11-19,9.1,,Інв_№229_Щорічні_дані_про_режим_та_ресурси_вод_морів_і_морських.pdf,48
98022,м. Очаків,лим. Дніпро-Бузький,water_temperature,degC,2023-11-20,9.6,,Інв_№229_Щорічні_дані_про_режим_та_ресурси_вод_морів_і_морських.pdf,48
98022,м. Очаків,лим. Дніпро-Бузький,water_temperature,degC,2023-11-21,10.5,,Інв_№229_Щорічні_дані_про_режим_та_ресурси_вод_морів_і_морських.pdf,48
98022,м. Очаків,лим. Дніпро-Бузький,water_temperature,degC,2023-11-22,9.4,,Інв_№229_Щорічні_дані_про_режим_та_ресурси_вод_морів_і_морських.pdf,48
98022,м. Очаків,лим. Дніпро-Бузький,water_temperature,degC,2023-11-23,8.6,,Інв_№229_Щорічні_дані_про_режим_та_ресурси_вод_морів_і_морських.pdf,48
98022,м. Очаків,лим. Дніпро-Бузький,water_temperature,degC,2023-11-24,8.6,,Інв_№229_Щорічні_дані_про_режим_та_ресурси_вод_морів_і_морських.pdf,48
98022,м. Очаків,лим. Дніпро-Бузький,water_temperature,degC,2023-11-25,8.0,,Інв_№229_Щорічні_дані_про_режим_та_ресурси_вод_морів_і_морських.pdf,48
98022,м. Очаків,лим. Дніпро-Бузький,water_temperature,degC,2023-11-26,6.6,,Інв_№229_Щорічні_дані_про_режим_та_ресурси_вод_морів_і_морських.pdf,48
98022,м. Очаків,лим. Дніпро-Бузький,water_temperature,degC,2023-11-27,6.2,,Інв_№229_Щорічні_дані_про_режим_та_ресурси_вод_морів_і_морських.pdf,48
98022,м. Очаків,лим. Дніпро-Бузький,water_temperature,degC,2023-11-28,6.2,,Інв_№229_Щорічні_дані_про_режим_та_ресурси_вод_морів_і_морських.pdf,48
98022,м. Очаків,лим. Дніпро-Бузький,water_temperature,degC,2023-11-29,5.8,,Інв_№229_Щорічні_дані_про_режим_та_ресурси_вод_морів_і_морських.pdf,48
98022,м. Очаків,лим. Дніпро-Бузький,water_temperature,degC,2023-11-30,5.4,,Інв_№229_Щорічні_дані_про_режим_та_ресурси_вод_морів_і_морських.pdf,48
98022,м. Очаків,лим. Дніпро-Бузький,water_temperature,degC,2023-12-01,5.3,,Інв_№229_Щорічні_дані_про_режим_та_ресурси_вод_морів_і_морських.pdf,48
98022,м. Очаків,лим. Дніпро-Бузький,water_temperature,degC,2023-12-02,5.6,,Інв_№229_Щорічні_дані_про_режим_та_ресурси_вод_морів_і_морських.pdf,48
98022,м. Очаків,лим. Дніпро-Бузький,water_temperature,degC,2023-12-03,5.7,,Інв_№229_Щорічні_дані_про_режим_та_ресурси_вод_морів_і_морських.pdf,48
98022,м. Очаків,лим. Дніпро-Бузький,water_temperature,degC,2023-12-04,5.8,,Інв_№229_Щорічні_дані_про_режим_та_ресурси_вод_морів_і_морських.pdf,48
98022,м. Очаків,лим. Дніпро-Бузький,water_temperature,degC,2023-12-05,5.7,,Інв_№229_Щорічні_дані_про_режим_та_ресурси_вод_морів_і_морських.pdf,48
98022,м. Очаків,лим. Дніпро-Бузький,water_temperature,degC,2023-12-06,5.2,,Інв_№229_Щорічні_дані_про_режим_та_ресурси_вод_морів_і_морських.pdf,48
98022,м. Очаків,лим. Дніпро-Бузький,water_temperature,degC,2023-12-07,4.8,,Інв_№229_Щорічні_дані_про_режим_та_ресурси_вод_морів_і_морських.pdf,48
98022,м. Очаків,лим. Дніпро-Бузький,water_temperature,degC,2023-12-08,4.8,,Інв_№229_Щорічні_дані_про_режим_та_ресурси_вод_морів_і_морських.pdf,48
98022,м. Очаків,лим. Дніпро-Бузький,water_temperature,degC,2023-12-09,4.9,,Інв_№229_Щорічні_дані_про_режим_та_ресурси_вод_морів_і_морських.pdf,48
98022,м. Очаків,лим. Дніпро-Бузький,water_temperature,degC,2023-12-10,4.9,,Інв_№229_Щорічні_дані_про_режим_та_ресурси_вод_морів_і_морських.pdf,48
98022,м. Очаків,лим. Дніпро-Бузький,water_temperature,degC,2023-12-11,4.9,,Інв_№229_Щорічні_дані_про_режим_та_ресурси_вод_морів_і_морських.pdf,48
98022,м. Очаків,лим. Дніпро-Бузький,water_temperature,degC,2023-12-12,4.4,,Інв_№229_Щорічні_дані_про_режим_та_ресурси_вод_морів_і_морських.pdf,48
98022,м. Очаків,лим. Дніпро-Бузький,water_temperature,degC,2023-12-13,3.8,,Інв_№229_Щорічні_дані_про_режим_та_ресурси_вод_морів_і_морських.pdf,48
98022,м. Очаків,лим. Дніпро-Бузький,water_temperature,degC,2023-12-14,4.1,,Інв_№229_Щорічні_дані_про_режим_та_ресурси_вод_морів_і_морських.pdf,48
98022,м. Очаків,лим. Дніпро-Бузький,water_temperature,degC,2023-12-15,4.1,,Інв_№229_Щорічні_дані_про_режим_та_ресурси_вод_морів_і_морських.pdf,48
98022,м. Очаків,лим. Дніпро-Бузький,water_temperature,degC,2023-12-16,4.1,,Інв_№229_Щорічні_дані_про_режим_та_ресурси_вод_морів_і_морських.pdf,48
98022,м. Очаків,лим. Дніпро-Бузький,water_temperature,degC,2023-12-17,4.1,,Інв_№229_Щорічні_дані_про_режим_та_ресурси_вод_морів_і_морських.pdf,48
98022,м. Очаків,лим. Дніпро-Бузький,water_temperature,degC,2023-12-18,4.3,,Інв_№229_Щорічні_дані_про_режим_та_ресурси_вод_морів_і_морських.pdf,48
98022,м. Очаків,лим. Дніпро-Бузький,water_temperature,degC,2023-12-19,4.2,,Інв_№229_Щорічні_дані_про_режим_та_ресурси_вод_морів_і_морських.pdf,48
98022,м. Очаків,лим. Дніпро-Бузький,water_temperature,degC,2023-12-20,4.3,,Інв_№229_Щорічні_дані_про_режим_та_ресурси_вод_морів_і_морських.pdf,48
98022,м. Очаків,лим. Дніпро-Бузький,water_temperature,degC,2023-12-21,4.4,,Інв_№229_Щорічні_дані_про_режим_та_ресурси_вод_морів_і_морських.pdf,48
98022,м. Очаків,лим. Дніпро-Бузький,water_temperature,degC,2023-12-22,4.2,,Інв_№229_Щорічні_дані_про_режим_та_ресурси_вод_морів_і_морських.pdf,48
98022,м. Очаків,лим. Дніпро-Бузький,water_temperature,degC,2023-12-23,4.1,,Інв_№229_Щорічні_дані_про_режим_та_ресурси_вод_морів_і_морських.pdf,48
98022,м. Очаків,лим. Дніпро-Бузький,water_temperature,degC,2023-12-24,4.0,,Інв_№229_Щорічні_дані_про_режим_та_ресурси_вод_морів_і_морських.pdf,48
98022,м. Очаків,лим. Дніпро-Бузький,water_temperature,degC,2023-12-25,3.8,,Інв_№229_Щорічні_дані_про_режим_та_ресурси_вод_морів_і_морських.pdf,48
98022,м. Очаків,лим. Дніпро-Бузький,water_temperature,degC,2023-12-26,4.2,,Інв_№229_Щорічні_дані_про_режим_та_ресурси_вод_морів_і_морських.pdf,48
98022,м. Очаків,лим. Дніпро-Бузький,water_temperature,degC,2023-12-27,4.3,,Інв_№229_Щорічні_дані_про_режим_та_ресурси_вод_морів_і_морських.pdf,48
98022,м. Очаків,лим. Дніпро-Бузький,water_temperature,degC,2023-12-28,4.0,,Інв_№229_Щорічні_дані_про_режим_та_ресурси_вод_морів_і_морських.pdf,48
98022,м. Очаків,лим. Дніпро-Бузький,water_temperature,degC,2023-12-29,4.4,,Інв_№229_Щорічні_дані_про_режим_та_ресурси_вод_морів_і_морських.pdf,48
98022,м. Очаків,лим. Дніпро-Бузький,water_temperature,degC,2023-12-30,4.2,,Інв_№229_Щорічні_дані_про_режим_та_ресурси_вод_морів_і_морських.pdf,48
98022,м. Очаків,лим. Дніпро-Бузький,water_temperature,degC,2023-12-31,3.8,,Інв_№229_Щорічні_дані_про_режим_та_ресурси_вод_морів_і_морських.pdf,48
98025,с. Парутине,лим. Бузький,water_temperature,degC,2023-01-01,4.7,,Інв_№229_Щорічні_дані_про_режим_та_ресурси_вод_морів_і_морських.pdf,49
98025,с. Парутине,лим. Бузький,water_temperature,degC,2023-01-02,4.9,,Інв_№229_Щорічні_дані_про_режим_та_ресурси_вод_морів_і_морських.pdf,49
98025,с. Парутине,лим. Бузький,water_temperature,degC,2023-01-03,4.9,,Інв_№229_Щорічні_дані_про_режим_та_ресурси_вод_морів_і_морських.pdf,49
98025,с. Парутине,лим. Бузький,water_temperature,degC,2023-01-04,4.9,,Інв_№229_Щорічні_дані_про_режим_та_ресурси_вод_морів_і_морських.pdf,49
98025,с. Парутине,лим. Бузький,water_temperature,degC,2023-01-05,4.7,,Інв_№229_Щорічні_дані_про_режим_та_ресурси_вод_морів_і_морських.pdf,49
98025,с. Парутине,лим. Бузький,water_temperature,degC,2023-01-06,4.9,,Інв_№229_Щорічні_дані_про_режим_та_ресурси_вод_морів_і_морських.pdf,49
98025,с. Парутине,лим. Бузький,water_temperature,degC,2023-01-07,3.7,,Інв_№229_Щорічні_дані_про_режим_та_ресурси_вод_морів_і_морських.pdf,49
98025,с. Парутине,лим. Бузький,water_temperature,degC,2023-01-08,1.7,,Інв_№229_Щорічні_дані_про_режим_та_ресурси_вод_морів_і_морських.pdf,49
98025,с. Парутине,лим. Бузький,water_temperature,degC,2023-01-09,1.1,,Інв_№229_Щорічні_дані_про_режим_та_ресурси_вод_морів_і_морських.pdf,49
98025,с. Парутине,лим. Бузький,water_temperature,degC,2023-01-10,1.9,,Інв_№229_Щорічні_дані_про_режим_та_ресурси_вод_морів_і_морських.pdf,49
98025,с. Парутине,лим. Бузький,water_temperature,degC,2023-01-11,0.4,,Інв_№229_Щорічні_дані_про_режим_та_ресурси_вод_морів_і_морських.pdf,49
98025,с. Парутине,лим. Бузький,water_temperature,degC,2023-01-12,0.5,,Інв_№229_Щорічні_дані_про_режим_та_ресурси_вод_морів_і_морських.pdf,49
98025,с. Парутине,лим. Бузький,water_temperature,degC,2023-01-13,0.8,,Інв_№229_Щорічні_дані_про_режим_та_ресурси_вод_морів_і_морських.pdf,49
98025,с. Парутине,лим. Бузький,water_temperature,degC,2023-01-14,0.9,,Інв_№229_Щорічні_дані_про_режим_та_ресурси_вод_морів_і_морських.pdf,49
98025,с. Парутине,лим. Бузький,water_temperature,degC,2023-01-15,1.3,,Інв_№229_Щорічні_дані_про_режим_та_ресурси_вод_морів_і_морських.pdf,49
98025,с. Парутине,лим. Бузький,water_temperature,degC,2023-01-16,1.5,,Інв_№229_Щорічні_дані_про_режим_та_ресурси_вод_морів_і_морських.pdf,49
98025,с. Парутине,лим. Бузький,water_temperature,degC,2023-01-17,2.4,,Інв_№229_Щорічні_дані_про_режим_та_ресурси_вод_морів_і_морських.pdf,49
98025,с. Парутине,лим. Бузький,water_temperature,degC,2023-01-18,3.5,,Інв_№229_Щорічні_дані_про_режим_та_ресурси_вод_морів_і_морських.pdf,49
98025,с. Парутине,лим. Бузький,water_temperature,degC,2023-01-19,4.5,,Інв_№229_Щорічні_дані_про_режим_та_ресурси_вод_морів_і_морських.pdf,49
98025,с. Парутине,лим. Бузький,water_temperature,degC,2023-01-20,3.5,,Інв_№229_Щорічні_дані_про_режим_та_ресурси_вод_морів_і_морських.pdf,49
98025,с. Парутине,лим. Бузький,water_temperature,degC,2023-01-21,3.7,,Інв_№229_Щорічні_дані_про_режим_та_ресурси_вод_морів_і_морських.pdf,49
98025,с. Парутине,лим. Бузький,water_temperature,degC,2023-01-22,3.0,,Інв_№229_Щорічні_дані_про_режим_та_ресурси_вод_морів_і_морських.pdf,49
98025,с. Парутине,лим. Бузький,water_temperature,degC,2023-01-23,2.5,,Інв_№229_Щорічні_дані_про_режим_та_ресурси_вод_морів_і_морських.pdf,49
98025,с. Парутине,лим. Бузький,water_temperature,degC,2023-01-24,2.2,,Інв_№229_Щорічні_дані_про_режим_та_ресурси_вод_морів_і_морських.pdf,49
98025,с. Парутине,лим. Бузький,water_temperature,degC,2023-01-25,2.0,,Інв_№229_Щорічні_дані_про_режим_та_ресурси_вод_морів_і_морських.pdf,49
98025,с. Парутине,лим. Бузький,water_temperature,degC,2023-01-26,1.9,,Інв_№229_Щорічні_дані_про_режим_та_ресурси_вод_морів_і_морських.pdf,49
98025,с. Парутине,лим. Бузький,water_temperature,degC,2023-01-27,1.4,,Інв_№229_Щорічні_дані_про_режим_та_ресурси_вод_морів_і_морських.pdf,49
98025,с. Парутине,лим. Бузький,water_temperature,degC,2023-01-28,1.5,,Інв_№229_Щорічні_дані_про_режим_та_ресурси_вод_морів_і_морських.pdf,49
98025,с. Парутине,лим. Бузький,water_temperature,degC,2023-01-29,0.6,,Інв_№229_Щорічні_дані_про_режим_та_ресурси_вод_морів_і_морських.pdf,49
98025,с. Парутине,лим. Бузький,water_temperature,degC,2023-01-30,1.0,,Інв_№229_Щорічні_дані_про_режим_та_ресурси_вод_морів_і_морських.pdf,49
98025,с. Парутине,лим. Бузький,water_temperature,degC,2023-01-31,1.4,,Інв_№229_Щорічні_дані_про_режим_та_ресурси_вод_морів_і_морських.pdf,49
98025,с. Парутине,лим. Бузький,water_temperature,degC,2023-02-01,1.6,,Інв_№229_Щорічні_дані_про_режим_та_ресурси_вод_морів_і_морських.pdf,49
98025,с. Парутине,лим. Бузький,water_temperature,degC,2023-02-02,1.7,,Інв_№229_Щорічні_дані_про_режим_та_ресурси_вод_морів_і_морських.pdf,49
98025,с. Парутине,лим. Бузький,water_temperature,degC,2023-02-03,1.8,,Інв_№229_Щорічні_дані_про_режим_та_ресурси_вод_морів_і_морських.pdf,49
98025,с. Парутине,лим. Бузький,water_temperature,degC,2023-02-04,1.4,,Інв_№229_Щорічні_дані_про_режим_та_ресурси_вод_морів_і_морських.pdf,49
98025,с. Парутине,лим. Бузький,water_temperature,degC,2023-02-05,1.0,,Інв_№229_Щорічні_дані_про_режим_та_ресурси_вод_морів_і_морських.pdf,49
98025,с. Парутине,лим. Бузький,water_temperature,degC,2023-02-06,0.4,,Інв_№229_Щорічні_дані_про_режим_та_ресурси_вод_морів_і_морських.pdf,49
98025,с. Парутине,лим. Бузький,water_temperature,degC,2023-02-07,0.1,,Інв_№229_Щорічні_дані_про_режим_та_ресурси_вод_морів_і_морських.pdf,49
98025,с. Парутине,лим. Бузький,water_temperature,degC,2023-02-08,0.0,,Інв_№229_Щорічні_дані_про_режим_та_ресурси_вод_морів_і_морських.pdf,49
98025,с. Парутине,лим. Бузький,water_temperature,degC,2023-02-09,-0.2,,Інв_№229_Щорічні_дані_про_режим_та_ресурси_вод_морів_і_морських.pdf,49
98025,с. Парутине,лим. Бузький,water_temperature,degC,2023-02-10,0.5,,Інв_№229_Щорічні_дані_про_режим_та_ресурси_вод_морів_і_морських.pdf,49
98025,с. Парутине,лим. Бузький,water_temperature,degC,2023-02-11,0.8,,Інв_№229_Щорічні_дані_про_режим_та_ресурси_вод_морів_і_морських.pdf,49
98025,с. Парутине,лим. Бузький,water_temperature,degC,2023-02-12,1.0,,Інв_№229_Щорічні_дані_про_режим_та_ресурси_вод_морів_і_морських.pdf,49
98025,с. Парутине,лим. Бузький,water_temperature,degC,2023-02-13,0.6,,Інв_№229_Щорічні_дані_про_режим_та_ресурси_вод_морів_і_морських.pdf,49
98025,с. Парутине,лим. Бузький,water_temperature,degC,2023-02-14,1.3,,Інв_№229_Щорічні_дані_про_режим_та_ресурси_вод_морів_і_морських.pdf,49
98025,с. Парутине,лим. Бузький,water_temperature,degC,2023-02-15,0.9,,Інв_№229_Щорічні_дані_про_режим_та_ресурси_вод_морів_і_морських.pdf,49
98025,с. Парутине,лим. Бузький,water_temperature,degC,2023-02-16,0.4,,Інв_№229_Щорічні_дані_про_режим_та_ресурси_вод_морів_і_морських.pdf,49
98025,с. Парутине,лим. Бузький,water_temperature,degC,2023-02-17,1.0,,Інв_№229_Щорічні_дані_про_режим_та_ресурси_вод_морів_і_морських.pdf,49
98025,с. Парутине,лим. Бузький,water_temperature,degC,2023-02-18,1.5,,Інв_№229_Щорічні_дані_про_режим_та_ресурси_вод_морів_і_морських.pdf,49
98025,с. Парутине,лим. Бузький,water_temperature,degC,2023-02-19,1.9,,Інв_№229_Щорічні_дані_про_режим_та_ресурси_вод_морів_і_морських.pdf,49
98025,с. Парутине,лим. Бузький,water_temperature,degC,2023-02-20,2.2,,Інв_№229_Щорічні_дані_про_режим_та_ресурси_вод_морів_і_морських.pdf,49
98025,с. Парутине,лим. Бузький,water_temperature,degC,2023-02-21,2.9,,Інв_№229_Щорічні_дані_про_режим_та_ресурси_вод_морів_і_морських.pdf,49
98025,с. Парутине,лим. Бузький,water_temperature,degC,2023-02-22,3.5,,Інв_№229_Щорічні_дані_про_режим_та_ресурси_вод_морів_і_морських.pdf,49
98025,с. Парутине,лим. Бузький,water_temperature,degC,2023-02-23,2.9,,Інв_№229_Щорічні_дані_про_режим_та_ресурси_вод_морів_і_морських.pdf,49
98025,с. Парутине,лим. Бузький,water_temperature,degC,2023-02-24,2.0,,Інв_№229_Щорічні_дані_про_режим_та_ресурси_вод_морів_і_морських.pdf,49
98025,с. Парутине,лим. Бузький,water_temperature,degC,2023-02-25,3.8,,Інв_№229_Щорічні_дані_про_режим_та_ресурси_вод_морів_і_морських.pdf,49
98025,с. Парутине,лим. Бузький,water_temperature,degC,2023-02-26,3.8,,Інв_№229_Щорічні_дані_про_режим_та_ресурси_вод_морів_і_морських.pdf,49
98025,с. Парутине,лим. Бузький,water_temperature,degC,2023-02-27,4.4,,Інв_№229_Щорічні_дані_про_режим_та_ресурси_вод_морів_і_морських.pdf,49
98025,с. Парутине,лим. Бузький,water_temperature,degC,2023-02-28,4.3,,Інв_№229_Щорічні_дані_про_режим_та_ресурси_вод_морів_і_морських.pdf,49
98025,с. Парутине,лим. Бузький,water_temperature,degC,2023-03-01,4.4,,Інв_№229_Щорічні_дані_про_режим_та_ресурси_вод_морів_і_морських.pdf,49
98025,с. Парутине,лим. Бузький,water_temperature,degC,2023-03-02,3.9,,Інв_№229_Щорічні_дані_про_режим_та_ресурси_вод_морів_і_морських.pdf,49
98025,с. Парутине,лим. Бузький,water_temperature,degC,2023-03-03,3.8,,Інв_№229_Щорічні_дані_про_режим_та_ресурси_вод_морів_і_морських.pdf,49
98025,с. Парутине,лим. Бузький,water_temperature,degC,2023-03-04,4.2,,Інв_№229_Щорічні_дані_про_режим_та_ресурси_вод_морів_і_морських.pdf,49
98025,с. Парутине,лим. Бузький,water_temperature,degC,2023-03-05,4.4,,Інв_№229_Щорічні_дані_про_режим_та_ресурси_вод_морів_і_морських.pdf,49
98025,с. Парутине,лим. Бузький,water_temperature,degC,2023-03-06,4.4,,Інв_№229_Щорічні_дані_про_режим_та_ресурси_вод_морів_і_морських.pdf,49
98025,с. Парутине,лим. Бузький,water_temperature,degC,2023-03-07,5.0,,Інв_№229_Щорічні_дані_про_режим_та_ресурси_вод_морів_і_морських.pdf,49
98025,с. Парутине,лим. Бузький,water_temperature,degC,2023-03-08,6.2,,Інв_№229_Щорічні_дані_про_режим_та_ресурси_вод_морів_і_морських.pdf,49
98025,с. Парутине,лим. Бузький,water_temperature,degC,2023-03-09,6.4,,Інв_№229_Щорічні_дані_про_режим_та_ресурси_вод_морів_і_морських.pdf,49
98025,с. Парутине,лим. Бузький,water_temperature,degC,2023-03-10,7.2,,Інв_№229_Щорічні_дані_про_режим_та_ресурси_вод_морів_і_морських.pdf,49
98025,с. Парутине,лим. Бузький,water_temperature,degC,2023-03-11,7.8,,Інв_№229_Щорічні_дані_про_режим_та_ресурси_вод_морів_і_морських.pdf,49
98025,с. Парутине,лим. Бузький,water_temperature,degC,2023-03-12,6.6,,Інв_№229_Щорічні_дані_про_режим_та_ресурси_вод_морів_і_морських.pdf,49
98025,с. Парутине,лим. Бузький,water_temperature,degC,2023-03-13,6.1,,Інв_№229_Щорічні_дані_про_режим_та_ресурси_вод_морів_і_морських.pdf,49
98025,с. Парутине,лим. Бузький,water_temperature,degC,2023-03-14,6.0,,Інв_№229_Щорічні_дані_про_режим_та_ресурси_вод_морів_і_морських.pdf,49
98025,с. Парутине,лим. Бузький,water_temperature,degC,2023-03-15,6.9,,Інв_№229_Щорічні_дані_про_режим_та_ресурси_вод_морів_і_морських.pdf,49
98025,с. Парутине,лим. Бузький,water_temperature,degC,2023-03-16,7.3,,Інв_№229_Щорічні_дані_про_режим_та_ресурси_вод_морів_і_морських.pdf,49
98025,с. Парутине,лим. Бузький,water_temperature,degC,2023-03-17,7.1,,Інв_№229_Щорічні_дані_про_режим_та_ресурси_вод_морів_і_морських.pdf,49
98025,с. Парутине,лим. Бузький,water_temperature,degC,2023-03-18,7.1,,Інв_№229_Щорічні_дані_про_режим_та_ресурси_вод_морів_і_морських.pdf,49
98025,с. Парутине,лим. Бузький,water_temperature,degC,2023-03-19,7.0,,Інв_№229_Щорічні_дані_про_режим_та_ресурси_вод_морів_і_морських.pdf,49
98025,с. Парутине,лим. Бузький,water_temperature,degC,2023-03-20,7.5,,Інв_№229_Щорічні_дані_про_режим_та_ресурси_вод_морів_і_морських.pdf,49
98025,с. Парутине,лим. Бузький,water_temperature,degC,2023-03-21,7.8,,Інв_№229_Щорічні_дані_про_режим_та_ресурси_вод_морів_і_морських.pdf,49
98025,с. Парутине,лим. Бузький,water_temperature,degC,2023-03-22,7.8,,Інв_№229_Щорічні_дані_про_режим_та_ресурси_вод_морів_і_морських.pdf,49
98025,с. Парутине,лим. Бузький,water_temperature,degC,2023-03-23,7.5,,Інв_№229_Щорічні_дані_про_режим_та_ресурси_вод_морів_і_морських.pdf,49
98025,с. Парутине,лим. Бузький,water_temperature,degC,2023-03-24,8.2,,Інв_№229_Щорічні_дані_про_режим_та_ресурси_вод_морів_і_морських.pdf,49
98025,с. Парутине,лим. Бузький,water_temperature,degC,2023-03-25,9.0,,Інв_№229_Щорічні_дані_про_режим_та_ресурси_вод_морів_і_морських.pdf,49
98025,с. Парутине,лим. Бузький,water_temperature,degC,2023-03-26,8.6,,Інв_№229_Щорічні_дані_про_режим_та_ресурси_вод_морів_і_морських.pdf,49
98025,с. Парутине,лим. Бузький,water_temperature,degC,2023-03-27,9.6,,Інв_№229_Щорічні_дані_про_режим_та_ресурси_вод_морів_і_морських.pdf,49
98025,с. Парутине,лим. Бузький,water_temperature,degC,2023-03-28,9.2,,Інв_№229_Щорічні_дані_про_режим_та_ресурси_вод_морів_і_морських.pdf,49
98025,с. Парутине,лим. Бузький,water_temperature,degC,2023-03-29,8.1,,Інв_№229_Щорічні_дані_про_режим_та_ресурси_вод_морів_і_морських.pdf,49
98025,с. Парутине,лим. Бузький,water_temperature,degC,2023-03-30,8.4,,Інв_№229_Щорічні_дані_про_режим_та_ресурси_вод_морів_і_морських.pdf,49
98025,с. Парутине,лим. Бузький,water_temperature,degC,2023-03-31,8.3,,Інв_№229_Щорічні_дані_про_режим_та_ресурси_вод_морів_і_морських.pdf,49
98025,с. Парутине,лим. Бузький,water_temperature,degC,2023-04-01,8.3,,Інв_№229_Щорічні_дані_про_режим_та_ресурси_вод_морів_і_морських.pdf,49
98025,с. Парутине,лим. Бузький,water_temperature,degC,2023-04-02,9.1,,Інв_№229_Щорічні_дані_про_режим_та_ресурси_вод_морів_і_морських.pdf,49
98025,с. Парутине,лим. Бузький,water_temperature,degC,2023-04-03,8.8,,Інв_№229_Щорічні_дані_про_режим_та_ресурси_вод_морів_і_морських.pdf,49
98025,с. Парутине,лим. Бузький,water_temperature,degC,2023-04-04,9.6,,Інв_№229_Щорічні_дані_про_режим_та_ресурси_вод_морів_і_морських.pdf,49
98025,с. Парутине,лим. Бузький,water_temperature,degC,2023-04-05,10.2,,Інв_№229_Щорічні_дані_про_режим_та_ресурси_вод_морів_і_морських.pdf,49
98025,с. Парутине,лим. Бузький,water_temperature,degC,2023-04-06,8.8,,Інв_№229_Щорічні_дані_про_режим_та_ресурси_вод_морів_і_морських.pdf,49
98025,с. Парутине,лим. Бузький,water_temperature,degC,2023-04-07,9.0,,Інв_№229_Щорічні_дані_про_режим_та_ресурси_вод_морів_і_морських.pdf,49
98025,с. Парутине,лим. Бузький,water_temperature,degC,2023-04-08,9.3,,Інв_№229_Щорічні_дані_про_режим_та_ресурси_вод_морів_і_морських.pdf,49
98025,с. Парутине,лим. Бузький,water_temperature,degC,2023-04-09,11.0,,Інв_№229_Щорічні_дані_про_режим_та_ресурси_вод_морів_і_морських.pdf,49
98025,с. Парутине,лим. Бузький,water_temperature,degC,2023-04-10,10.7,,Інв_№229_Щорічні_дані_про_режим_та_ресурси_вод_морів_і_морських.pdf,49
98025,с. Парутине,лим. Бузький,water_temperature,degC,2023-04-11,10.3,,Інв_№229_Щорічні_дані_про_режим_та_ресурси_вод_морів_і_морських.pdf,49
98025,с. Парутине,лим. Бузький,water_temperature,degC,2023-04-12,10.3,,Інв_№229_Щорічні_дані_про_режим_та_ресурси_вод_морів_і_морських.pdf,49
98025,с. Парутине,лим. Бузький,water_temperature,degC,2023-04-13,10.3,,Інв_№229_Щорічні_дані_про_режим_та_ресурси_вод_морів_і_морських.pdf,49
98025,с. Парутине,лим. Бузький,water_temperature,degC,2023-04-14,11.4,,Інв_№229_Щорічні_дані_про_режим_та_ресурси_вод_морів_і_морських.pdf,49
98025,с. Парутине,лим. Бузький,water_temperature,degC,2023-04-15,12.4,,Інв_№229_Щорічні_дані_про_режим_та_ресурси_вод_морів_і_морських.pdf,49
98025,с. Парутине,лим. Бузький,water_temperature,degC,2023-04-16,13.0,,Інв_№229_Щорічні_дані_про_режим_та_ресурси_вод_морів_і_морських.pdf,49
98025,с. Парутине,лим. Бузький,water_temperature,degC,2023-04-17,11.9,,Інв_№229_Щорічні_дані_про_режим_та_ресурси_вод_морів_і_морських.pdf,49
98025,с. Парутине,лим. Бузький,water_temperature,degC,2023-04-18,12.7,,Інв_№229_Щорічні_дані_про_режим_та_ресурси_вод_морів_і_морських.pdf,49
98025,с. Парутине,лим. Бузький,water_temperature,degC,2023-04-19,12.7,,Інв_№229_Щорічні_дані_про_режим_та_ресурси_вод_морів_і_морських.pdf,49
98025,с. Парутине,лим. Бузький,water_temperature,degC,2023-04-20,12.5,,Інв_№229_Щорічні_дані_про_режим_та_ресурси_вод_морів_і_морських.pdf,49
98025,с. Парутине,лим. Бузький,water_temperature,degC,2023-04-21,12.2,,Інв_№229_Щорічні_дані_про_режим_та_ресурси_вод_морів_і_морських.pdf,49
98025,с. Парутине,лим. Бузький,water_temperature,degC,2023-04-22,12.8,,Інв_№229_Щорічні_дані_про_режим_та_ресурси_вод_морів_і_морських.pdf,49
98025,с. Парутине,лим. Бузький,water_temperature,degC,2023-04-23,12.5,,Інв_№229_Щорічні_дані_про_режим_та_ресурси_вод_морів_і_морських.pdf,49
98025,с. Парутине,лим. Бузький,water_temperature,degC,2023-04-24,12.3,,Інв_№229_Щорічні_дані_про_режим_та_ресурси_вод_морів_і_морських.pdf,49
98025,с. Парутине,лим. Бузький,water_temperature,degC,2023-04-25,13.4,,Інв_№229_Щорічні_дані_про_режим_та_ресурси_вод_морів_і_морських.pdf,49
98025,с. Парутине,лим. Бузький,water_temperature,degC,2023-04-26,13.8,,Інв_№229_Щорічні_дані_про_режим_та_ресурси_вод_морів_і_морських.pdf,49
98025,с. Парутине,лим. Бузький,water_temperature,degC,2023-04-27,13.5,,Інв_№229_Щорічні_дані_про_режим_та_ресурси_вод_морів_і_морських.pdf,49
98025,с. Парутине,лим. Бузький,water_temperature,degC,2023-04-28,12.0,,Інв_№229_Щорічні_дані_про_режим_та_ресурси_вод_морів_і_морських.pdf,49
98025,с. Парутине,лим. Бузький,water_temperature,degC,2023-04-29,11.7,,Інв_№229_Щорічні_дані_про_режим_та_ресурси_вод_морів_і_морських.pdf,49
98025,с. Парутине,лим. Бузький,water_temperature,degC,2023-04-30,11.7,,Інв_№229_Щорічні_дані_про_режим_та_ресурси_вод_морів_і_морських.pdf,49
98025,с. Парутине,лим. Бузький,water_temperature,degC,2023-05-01,12.9,,Інв_№229_Щорічні_дані_про_режим_та_ресурси_вод_морів_і_морських.pdf,49
98025,с. Парутине,лим. Бузький,water_temperature,degC,2023-05-02,12.5,,Інв_№229_Щорічні_дані_про_режим_та_ресурси_вод_морів_і_морських.pdf,49
98025,с. Парутине,лим. Бузький,water_temperature,degC,2023-05-03,13.3,,Інв_№229_Щорічні_дані_про_режим_та_ресурси_вод_морів_і_морських.pdf,49
98025,с. Парутине,лим. Бузький,water_temperature,degC,2023-05-04,13.3,,Інв_№229_Щорічні_дані_про_режим_та_ресурси_вод_морів_і_морських.pdf,49
98025,с. Парутине,лим. Бузький,water_temperature,degC,2023-05-05,15.0,,Інв_№229_Щорічні_дані_про_режим_та_ресурси_вод_морів_і_морських.pdf,49
98025,с. Парутине,лим. Бузький,water_temperature,degC,2023-05-06,16.1,,Інв_№229_Щорічні_дані_про_режим_та_ресурси_вод_морів_і_морських.pdf,49
98025,с. Парутине,лим. Бузький,water_temperature,degC,2023-05-07,14.8,,Інв_№229_Щорічні_дані_про_режим_та_ресурси_вод_морів_і_морських.pdf,49
98025,с. Парутине,лим. Бузький,water_temperature,degC,2023-05-08,14.8,,Інв_№229_Щорічні_дані_про_режим_та_ресурси_вод_морів_і_морських.pdf,49
98025,с. Парутине,лим. Бузький,water_temperature,degC,2023-05-09,14.4,,Інв_№229_Щорічні_дані_про_режим_та_ресурси_вод_морів_і_морських.pdf,49
98025,с. Парутине,лим. Бузький,water_temperature,degC,2023-05-10,14.8,,Інв_№229_Щорічні_дані_про_режим_та_ресурси_вод_морів_і_морських.pdf,49
98025,с. Парутине,лим. Бузький,water_temperature,degC,2023-05-11,15.3,,Інв_№229_Щорічні_дані_про_режим_та_ресурси_вод_морів_і_морських.pdf,49
98025,с. Парутине,лим. Бузький,water_temperature,degC,2023-05-12,15.3,,Інв_№229_Щорічні_дані_про_режим_та_ресурси_вод_морів_і_морських.pdf,49
98025,с. Парутине,лим. Бузький,water_temperature,degC,2023-05-13,16.0,,Інв_№229_Щорічні_дані_про_режим_та_ресурси_вод_морів_і_морських.pdf,49
98025,с. Парутине,лим. Бузький,water_temperature,degC,2023-05-14,15.9,,Інв_№229_Щорічні_дані_про_режим_та_ресурси_вод_морів_і_морських.pdf,49
98025,с. Парутине,лим. Бузький,water_temperature,degC,2023-05-15,15.8,,Інв_№229_Щорічні_дані_про_режим_та_ресурси_вод_морів_і_морських.pdf,49
98025,с. Парутине,лим. Бузький,water_temperature,degC,2023-05-16,16.4,,Інв_№229_Щорічні_дані_про_режим_та_ресурси_вод_морів_і_морських.pdf,49
98025,с. Парутине,лим. Бузький,water_temperature,degC,2023-05-17,18.2,,Інв_№229_Щорічні_дані_про_режим_та_ресурси_вод_морів_і_морських.pdf,49
98025,с. Парутине,лим. Бузький,water_temperature,degC,2023-05-18,19.3,,Інв_№229_Щорічні_дані_про_режим_та_ресурси_вод_морів_і_морських.pdf,49
98025,с. Парутине,лим. Бузький,water_temperature,degC,2023-05-19,18.4,,Інв_№229_Щорічні_дані_про_режим_та_ресурси_вод_морів_і_морських.pdf,49
98025,с. Парутине,лим. Бузький,water_temperature,degC,2023-05-20,19.0,,Інв_№229_Щорічні_дані_про_режим_та_ресурси_вод_морів_і_морських.pdf,49
98025,с. Парутине,лим. Бузький,water_temperature,degC,2023-05-21,19.4,,Інв_№229_Щорічні_дані_про_режим_та_ресурси_вод_морів_і_морських.pdf,49
98025,с. Парутине,лим. Бузький,water_temperature,degC,2023-05-22,18.3,,Інв_№229_Щорічні_дані_про_режим_та_ресурси_вод_морів_і_морських.pdf,49
98025,с. Парутине,лим. Бузький,water_temperature,degC,2023-05-23,18.6,,Інв_№229_Щорічні_дані_про_режим_та_ресурси_вод_морів_і_морських.pdf,49
98025,с. Парутине,лим. Бузький,water_temperature,degC,2023-05-24,18.9,,Інв_№229_Щорічні_дані_про_режим_та_ресурси_вод_морів_і_морських.pdf,49
98025,с. Парутине,лим. Бузький,water_temperature,degC,2023-05-25,20.7,,Інв_№229_Щорічні_дані_про_режим_та_ресурси_вод_морів_і_морських.pdf,49
98025,с. Парутине,лим. Бузький,water_temperature,degC,2023-05-26,21.5,,Інв_№229_Щорічні_дані_про_режим_та_ресурси_вод_морів_і_морських.pdf,49
98025,с. Парутине,лим. Бузький,water_temperature,degC,2023-05-27,21.7,,Інв_№229_Щорічні_дані_про_режим_та_ресурси_вод_морів_і_морських.pdf,49
98025,с. Парутине,лим. Бузький,water_temperature,degC,2023-05-28,21.7,,Інв_№229_Щорічні_дані_про_режим_та_ресурси_вод_морів_і_морських.pdf,49
98025,с. Парутине,лим. Бузький,water_temperature,degC,2023-05-29,22.0,,Інв_№229_Щорічні_дані_про_режим_та_ресурси_вод_морів_і_морських.pdf,49
98025,с. Парутине,лим. Бузький,water_temperature,degC,2023-05-30,21.9,,Інв_№229_Щорічні_дані_про_режим_та_ресурси_вод_морів_і_морських.pdf,49
98025,с. Парутине,лим. Бузький,water_temperature,degC,2023-05-31,21.3,,Інв_№229_Щорічні_дані_про_режим_та_ресурси_вод_морів_і_морських.pdf,49
98025,с. Парутине,лим. Бузький,water_temperature,degC,2023-06-01,21.9,,Інв_№229_Щорічні_дані_про_режим_та_ресурси_вод_морів_і_морських.pdf,49
98025,с. Парутине,лим. Бузький,water_temperature,degC,2023-06-02,21.3,,Інв_№229_Щорічні_дані_про_режим_та_ресурси_вод_морів_і_морських.pdf,49
98025,с. Парутине,лим. Бузький,water_temperature,degC,2023-06-03,21.6,,Інв_№229_Щорічні_дані_про_режим_та_ресурси_вод_морів_і_морських.pdf,49
98025,с. Парутине,лим. Бузький,water_temperature,degC,2023-06-04,19.5,,Інв_№229_Щорічні_дані_про_режим_та_ресурси_вод_морів_і_морських.pdf,49
98025,с. Парутине,лим. Бузький,water_temperature,degC,2023-06-05,20.5,,Інв_№229_Щорічні_дані_про_режим_та_ресурси_вод_морів_і_морських.pdf,49
98025,с. Парутине,лим. Бузький,water_temperature,degC,2023-06-06,20.7,,Інв_№229_Щорічні_дані_про_режим_та_ресурси_вод_морів_і_морських.pdf,49
98025,с. Парутине,лим. Бузький,water_temperature,degC,2023-06-07,20.4,,Інв_№229_Щорічні_дані_про_режим_та_ресурси_вод_морів_і_морських.pdf,49
98025,с. Парутине,лим. Бузький,water_temperature,degC,2023-06-08,21.9,,Інв_№229_Щорічні_дані_про_режим_та_ресурси_вод_морів_і_морських.pdf,49
98025,с. Парутине,лим. Бузький,water_temperature,degC,2023-06-09,22.1,,Інв_№229_Щорічні_дані_про_режим_та_ресурси_вод_морів_і_морських.pdf,49
98025,с. Парутине,лим. Бузький,water_temperature,degC,2023-06-10,22.5,,Інв_№229_Щорічні_дані_про_режим_та_ресурси_вод_морів_і_морських.pdf,49
98025,с. Парутине,лим. Бузький,water_temperature,degC,2023-06-11,21.0,,Інв_№229_Щорічні_дані_про_режим_та_ресурси_вод_морів_і_морських.pdf,49
98025,с. Парутине,лим. Бузький,water_temperature,degC,2023-06-12,20.0,,Інв_№229_Щорічні_дані_про_режим_та_ресурси_вод_морів_і_морських.pdf,49
98025,с. Парутине,лим. Бузький,water_temperature,degC,2023-06-13,20.8,,Інв_№229_Щорічні_дані_про_режим_та_ресурси_вод_морів_і_морських.pdf,49
98025,с. Парутине,лим. Бузький,water_temperature,degC,2023-06-14,21.0,,Інв_№229_Щорічні_дані_про_режим_та_ресурси_вод_морів_і_морських.pdf,49
98025,с. Парутине,лим. Бузький,water_temperature,degC,2023-06-15,20.8,,Інв_№229_Щорічні_дані_про_режим_та_ресурси_вод_морів_і_морських.pdf,49
98025,с. Парутине,лим. Бузький,water_temperature,degC,2023-06-16,21.8,,Інв_№229_Щорічні_дані_про_режим_та_ресурси_вод_морів_і_морських.pdf,49
98025,с. Парутине,лим. Бузький,water_temperature,degC,2023-06-17,23.7,,Інв_№229_Щорічні_дані_про_режим_та_ресурси_вод_морів_і_морських.pdf,49
98025,с. Парутине,лим. Бузький,water_temperature,degC,2023-06-18,24.4,,Інв_№229_Щорічні_дані_про_режим_та_ресурси_вод_морів_і_морських.pdf,49
98025,с. Парутине,лим. Бузький,water_temperature,degC,2023-06-19,24.8,,Інв_№229_Щорічні_дані_про_режим_та_ресурси_вод_морів_і_морських.pdf,49
98025,с. Парутине,лим. Бузький,water_temperature,degC,2023-06-20,24.2,,Інв_№229_Щорічні_дані_про_режим_та_ресурси_вод_морів_і_морських.pdf,49
98025,с. Парутине,лим. Бузький,water_temperature,degC,2023-06-21,24.8,,Інв_№229_Щорічні_дані_про_режим_та_ресурси_вод_морів_і_морських.pdf,49
98025,с. Парутине,лим. Бузький,water_temperature,degC,2023-06-22,24.1,,Інв_№229_Щорічні_дані_про_режим_та_ресурси_вод_морів_і_морських.pdf,49
98025,с. Парутине,лим. Бузький,water_temperature,degC,2023-06-23,24.2,,Інв_№229_Щорічні_дані_про_режим_та_ресурси_вод_морів_і_морських.pdf,49
98025,с. Парутине,лим. Бузький,water_temperature,degC,2023-06-24,24.6,,Інв_№229_Щорічні_дані_про_режим_та_ресурси_вод_морів_і_морських.pdf,49
98025,с. Парутине,лим. Бузький,water_temperature,degC,2023-06-25,24.6,,Інв_№229_Щорічні_дані_про_режим_та_ресурси_вод_морів_і_морських.pdf,49
98025,с. Парутине,лим. Бузький,water_temperature,degC,2023-06-26,25.4,,Інв_№229_Щорічні_дані_про_режим_та_ресурси_вод_морів_і_морських.pdf,49
98025,с. Парутине,лим. Бузький,water_temperature,degC,2023-06-27,24.7,,Інв_№229_Щорічні_дані_про_режим_та_ресурси_вод_морів_і_морських.pdf,49
98025,с. Парутине,лим. Бузький,water_temperature,degC,2023-06-28,23.7,,Інв_№229_Щорічні_дані_про_режим_та_ресурси_вод_морів_і_морських.pdf,49
98025,с. Парутине,лим. Бузький,water_temperature,degC,2023-06-29,23.7,,Інв_№229_Щорічні_дані_про_режим_та_ресурси_вод_морів_і_морських.pdf,49
98025,с. Парутине,лим. Бузький,water_temperature,degC,2023-06-30,23.1,,Інв_№229_Щорічні_дані_про_режим_та_ресурси_вод_морів_і_морських.pdf,49
98025,с. Парутине,лим. Бузький,water_temperature,degC,2023-07-01,22.8,,Інв_№229_Щорічні_дані_про_режим_та_ресурси_вод_морів_і_морських.pdf,49
98025,с. Парутине,лим. Бузький,water_temperature,degC,2023-07-02,24.4,,Інв_№229_Щорічні_дані_про_режим_та_ресурси_вод_морів_і_морських.pdf,49
98025,с. Парутине,лим. Бузький,water_temperature,degC,2023-07-03,24.4,,Інв_№229_Щорічні_дані_про_режим_та_ресурси_вод_морів_і_морських.pdf,49
98025,с. Парутине,лим. Бузький,water_temperature,degC,2023-07-04,24.8,,Інв_№229_Щорічні_дані_про_режим_та_ресурси_вод_морів_і_морських.pdf,49
98025,с. Парутине,лим. Бузький,water_temperature,degC,2023-07-05,25.5,,Інв_№229_Щорічні_дані_про_режим_та_ресурси_вод_морів_і_морських.pdf,49
98025,с. Парутине,лим. Бузький,water_temperature,degC,2023-07-06,27.3,,Інв_№229_Щорічні_дані_про_режим_та_ресурси_вод_морів_і_морських.pdf,49
98025,с. Парутине,лим. Бузький,water_temperature,degC,2023-07-07,27.1,,Інв_№229_Щорічні_дані_про_режим_та_ресурси_вод_морів_і_морських.pdf,49
98025,с. Парутине,лим. Бузький,water_temperature,degC,2023-07-08,25.1,,Інв_№229_Щорічні_дані_про_режим_та_ресурси_вод_морів_і_морських.pdf,49
98025,с. Парутине,лим. Бузький,water_temperature,degC,2023-07-09,23.2,,Інв_№229_Щорічні_дані_про_режим_та_ресурси_вод_морів_і_морських.pdf,49
98025,с. Парутине,лим. Бузький,water_temperature,degC,2023-07-10,23.1,,Інв_№229_Щорічні_дані_про_режим_та_ресурси_вод_морів_і_морських.pdf,49
98025,с. Парутине,лим. Бузький,water_temperature,degC,2023-07-11,23.1,,Інв_№229_Щорічні_дані_про_режим_та_ресурси_вод_морів_і_морських.pdf,49
98025,с. Парутине,лим. Бузький,water_temperature,degC,2023-07-12,22.9,,Інв_№229_Щорічні_дані_про_режим_та_ресурси_вод_морів_і_морських.pdf,49
98025,с. Парутине,лим. Бузький,water_temperature,degC,2023-07-13,23.7,,Інв_№229_Щорічні_дані_про_режим_та_ресурси_вод_морів_і_морських.pdf,49
98025,с. Парутине,лим. Бузький,water_temperature,degC,2023-07-14,24.2,,Інв_№229_Щорічні_дані_про_режим_та_ресурси_вод_морів_і_морських.pdf,49
98025,с. Парутине,лим. Бузький,water_temperature,degC,2023-07-15,24.3,,Інв_№229_Щорічні_дані_про_режим_та_ресурси_вод_морів_і_морських.pdf,49
98025,с. Парутине,лим. Бузький,water_temperature,degC,2023-07-16,24.0,,Інв_№229_Щорічні_дані_про_режим_та_ресурси_вод_морів_і_морських.pdf,49
98025,с. Парутине,лим. Бузький,water_temperature,degC,2023-07-17,24.0,,Інв_№229_Щорічні_дані_про_режим_та_ресурси_вод_морів_і_морських.pdf,49
98025,с. Парутине,лим. Бузький,water_temperature,degC,2023-07-18,24.3,,Інв_№229_Щорічні_дані_про_режим_та_ресурси_вод_морів_і_морських.pdf,49
98025,с. Парутине,лим. Бузький,water_temperature,degC,2023-07-19,24.5,,Інв_№229_Щорічні_дані_про_режим_та_ресурси_вод_морів_і_морських.pdf,49
98025,с. Парутине,лим. Бузький,water_temperature,degC,2023-07-20,25.0,,Інв_№229_Щорічні_дані_про_режим_та_ресурси_вод_морів_і_морських.pdf,49
98025,с. Парутине,лим. Бузький,water_temperature,degC,2023-07-21,25.2,,Інв_№229_Щорічні_дані_про_режим_та_ресурси_вод_морів_і_морських.pdf,49
98025,с. Парутине,лим. Бузький,water_temperature,degC,2023-07-22,25.0,,Інв_№229_Щорічні_дані_про_режим_та_ресурси_вод_морів_і_морських.pdf,49
98025,с. Парутине,лим. Бузький,water_temperature,degC,2023-07-23,24.5,,Інв_№229_Щорічні_дані_про_режим_та_ресурси_вод_морів_і_морських.pdf,49
98025,с. Парутине,лим. Бузький,water_temperature,degC,2023-07-24,24.4,,Інв_№229_Щорічні_дані_про_режим_та_ресурси_вод_морів_і_морських.pdf,49
98025,с. Парутине,лим. Бузький,water_temperature,degC,2023-07-25,25.2,,Інв_№229_Щорічні_дані_про_режим_та_ресурси_вод_морів_і_морських.pdf,49
98025,с. Парутине,лим. Бузький,water_temperature,degC,2023-07-26,25.7,,Інв_№229_Щорічні_дані_про_режим_та_ресурси_вод_морів_і_морських.pdf,49
98025,с. Парутине,лим. Бузький,water_temperature,degC,2023-07-27,24.7,,Інв_№229_Щорічні_дані_про_режим_та_ресурси_вод_морів_і_морських.pdf,49
98025,с. Парутине,лим. Бузький,water_temperature,degC,2023-07-28,23.0,,Інв_№229_Щорічні_дані_про_режим_та_ресурси_вод_морів_і_морських.pdf,49
98025,с. Парутине,лим. Бузький,water_temperature,degC,2023-07-29,23.2,,Інв_№229_Щорічні_дані_про_режим_та_ресурси_вод_морів_і_морських.pdf,49
98025,с. Парутине,лим. Бузький,water_temperature,degC,2023-07-30,23.6,,Інв_№229_Щорічні_дані_про_режим_та_ресурси_вод_морів_і_морських.pdf,49
98025,с. Парутине,лим. Бузький,water_temperature,degC,2023-07-31,24.2,,Інв_№229_Щорічні_дані_про_режим_та_ресурси_вод_морів_і_морських.pdf,49
98025,с. Парутине,лим. Бузький,water_temperature,degC,2023-08-01,24.4,,Інв_№229_Щорічні_дані_про_режим_та_ресурси_вод_морів_і_морських.pdf,49
98025,с. Парутине,лим. Бузький,water_temperature,degC,2023-08-02,24.6,,Інв_№229_Щорічні_дані_про_режим_та_ресурси_вод_морів_і_морських.pdf,49
98025,с. Парутине,лим. Бузький,water_temperature,degC,2023-08-03,25.2,,Інв_№229_Щорічні_дані_про_режим_та_ресурси_вод_морів_і_морських.pdf,49
98025,с. Парутине,лим. Бузький,water_temperature,degC,2023-08-04,25.3,,Інв_№229_Щорічні_дані_про_режим_та_ресурси_вод_морів_і_морських.pdf,49
98025,с. Парутине,лим. Бузький,water_temperature,degC,2023-08-05,28.4,,Інв_№229_Щорічні_дані_про_режим_та_ресурси_вод_морів_і_морських.pdf,49
98025,с. Парутине,лим. Бузький,water_temperature,degC,2023-08-06,26.7,,Інв_№229_Щорічні_дані_про_режим_та_ресурси_вод_морів_і_морських.pdf,49
98025,с. Парутине,лим. Бузький,water_temperature,degC,2023-08-07,26.9,,Інв_№229_Щорічні_дані_про_режим_та_ресурси_вод_морів_і_морських.pdf,49
98025,с. Парутине,лим. Бузький,water_temperature,degC,2023-08-08,25.8,,Інв_№229_Щорічні_дані_про_режим_та_ресурси_вод_морів_і_морських.pdf,49
98025,с. Парутине,лим. Бузький,water_temperature,degC,2023-08-09,24.7,,Інв_№229_Щорічні_дані_про_режим_та_ресурси_вод_морів_і_морських.pdf,49
98025,с. Парутине,лим. Бузький,water_temperature,degC,2023-08-10,23.4,,Інв_№229_Щорічні_дані_про_режим_та_ресурси_вод_морів_і_морських.pdf,49
98025,с. Парутине,лим. Бузький,water_temperature,degC,2023-08-11,22.4,,Інв_№229_Щорічні_дані_про_режим_та_ресурси_вод_морів_і_морських.pdf,49
98025,с. Парутине,лим. Бузький,water_temperature,degC,2023-08-12,23.8,,Інв_№229_Щорічні_дані_про_режим_та_ресурси_вод_морів_і_морських.pdf,49
98025,с. Парутине,лим. Бузький,water_temperature,degC,2023-08-13,23.4,,Інв_№229_Щорічні_дані_про_режим_та_ресурси_вод_морів_і_морських.pdf,49
98025,с. Парутине,лим. Бузький,water_temperature,degC,2023-08-14,24.6,,Інв_№229_Щорічні_дані_про_режим_та_ресурси_вод_морів_і_морських.pdf,49
98025,с. Парутине,лим. Бузький,water_temperature,degC,2023-08-15,25.4,,Інв_№229_Щорічні_дані_про_режим_та_ресурси_вод_морів_і_морських.pdf,49
98025,с. Парутине,лим. Бузький,water_temperature,degC,2023-08-16,26.2,,Інв_№229_Щорічні_дані_про_режим_та_ресурси_вод_морів_і_морських.pdf,49
98025,с. Парутине,лим. Бузький,water_temperature,degC,2023-08-17,26.0,,Інв_№229_Щорічні_дані_про_режим_та_ресурси_вод_морів_і_морських.pdf,49
98025,с. Парутине,лим. Бузький,water_temperature,degC,2023-08-18,26.0,,Інв_№229_Щорічні_дані_про_режим_та_ресурси_вод_морів_і_морських.pdf,49
98025,с. Парутине,лим. Бузький,water_temperature,degC,2023-08-19,26.4,,Інв_№229_Щорічні_дані_про_режим_та_ресурси_вод_морів_і_морських.pdf,49
98025,с. Парутине,лим. Бузький,water_temperature,degC,2023-08-20,28.9,,Інв_№229_Щорічні_дані_про_режим_та_ресурси_вод_морів_і_морських.pdf,49
98025,с. Парутине,лим. Бузький,water_temperature,degC,2023-08-21,26.6,,Інв_№229_Щорічні_дані_про_режим_та_ресурси_вод_морів_і_морських.pdf,49
98025,с. Парутине,лим. Бузький,water_temperature,degC,2023-08-22,27.4,,Інв_№229_Щорічні_дані_про_режим_та_ресурси_вод_морів_і_морських.pdf,49
98025,с. Парутине,лим. Бузький,water_temperature,degC,2023-08-23,26.9,,Інв_№229_Щорічні_дані_про_режим_та_ресурси_вод_морів_і_морських.pdf,49
98025,с. Парутине,лим. Бузький,water_temperature,degC,2023-08-24,25.3,,Інв_№229_Щорічні_дані_про_режим_та_ресурси_вод_морів_і_морських.pdf,49
98025,с. Парутине,лим. Бузький,water_temperature,degC,2023-08-25,25.4,,Інв_№229_Щорічні_дані_про_режим_та_ресурси_вод_морів_і_морських.pdf,49
98025,с. Парутине,лим. Бузький,water_temperature,degC,2023-08-26,25.8,,Інв_№229_Щорічні_дані_про_режим_та_ресурси_вод_морів_і_морських.pdf,49
98025,с. Парутине,лим. Бузький,water_temperature,degC,2023-08-27,26.2,,Інв_№229_Щорічні_дані_про_режим_та_ресурси_вод_морів_і_морських.pdf,49
98025,с. Парутине,лим. Бузький,water_temperature,degC,2023-08-28,25.7,,Інв_№229_Щорічні_дані_про_режим_та_ресурси_вод_морів_і_морських.pdf,49
98025,с. Парутине,лим. Бузький,water_temperature,degC,2023-08-29,26.4,,Інв_№229_Щорічні_дані_про_режим_та_ресурси_вод_морів_і_морських.pdf,49
98025,с. Парутине,лим. Бузький,water_temperature,degC,2023-08-30,26.2,,Інв_№229_Щорічні_дані_про_режим_та_ресурси_вод_морів_і_морських.pdf,49
98025,с. Парутине,лим. Бузький,water_temperature,degC,2023-08-31,25.8,,Інв_№229_Щорічні_дані_про_режим_та_ресурси_вод_морів_і_морських.pdf,49
98025,с. Парутине,лим. Бузький,water_temperature,degC,2023-09-01,26.1,,Інв_№229_Щорічні_дані_про_режим_та_ресурси_вод_морів_і_морських.pdf,49
98025,с. Парутине,лим. Бузький,water_temperature,degC,2023-09-02,24.7,,Інв_№229_Щорічні_дані_про_режим_та_ресурси_вод_морів_і_морських.pdf,49
98025,с. Парутине,лим. Бузький,water_temperature,degC,2023-09-03,24.5,,Інв_№229_Щорічні_дані_про_режим_та_ресурси_вод_морів_і_морських.pdf,49
98025,с. Парутине,лим. Бузький,water_temperature,degC,2023-09-04,23.2,,Інв_№229_Щорічні_дані_про_режим_та_ресурси_вод_морів_і_морських.pdf,49
98025,с. Парутине,лим. Бузький,water_temperature,degC,2023-09-05,22.1,,Інв_№229_Щорічні_дані_про_режим_та_ресурси_вод_морів_і_морських.pdf,49
98025,с. Парутине,лим. Бузький,water_temperature,degC,2023-09-06,22.5,,Інв_№229_Щорічні_дані_про_режим_та_ресурси_вод_морів_і_морських.pdf,49
98025,с. Парутине,лим. Бузький,water_temperature,degC,2023-09-07,22.5,,Інв_№229_Щорічні_дані_про_режим_та_ресурси_вод_морів_і_морських.pdf,49
98025,с. Парутине,лим. Бузький,water_temperature,degC,2023-09-08,20.7,,Інв_№229_Щорічні_дані_про_режим_та_ресурси_вод_морів_і_морських.pdf,49
98025,с. Парутине,лим. Бузький,water_temperature,degC,2023-09-09,21.2,,Інв_№229_Щорічні_дані_про_режим_та_ресурси_вод_морів_і_морських.pdf,49
98025,с. Парутине,лим. Бузький,water_temperature,degC,2023-09-10,19.8,,Інв_№229_Щорічні_дані_про_режим_та_ресурси_вод_морів_і_морських.pdf,49
98025,с. Парутине,лим. Бузький,water_temperature,degC,2023-09-11,19.9,,Інв_№229_Щорічні_дані_про_режим_та_ресурси_вод_морів_і_морських.pdf,49
98025,с. Парутине,лим. Бузький,water_temperature,degC,2023-09-12,20.8,,Інв_№229_Щорічні_дані_про_режим_та_ресурси_вод_морів_і_морських.pdf,49
98025,с. Парутине,лим. Бузький,water_temperature,degC,2023-09-13,20.5,,Інв_№229_Щорічні_дані_про_режим_та_ресурси_вод_морів_і_морських.pdf,49
98025,с. Парутине,лим. Бузький,water_temperature,degC,2023-09-14,21.3,,Інв_№229_Щорічні_дані_про_режим_та_ресурси_вод_морів_і_морських.pdf,49
98025,с. Парутине,лим. Бузький,water_temperature,degC,2023-09-15,21.4,,Інв_№229_Щорічні_дані_про_режим_та_ресурси_вод_морів_і_морських.pdf,49
98025,с. Парутине,лим. Бузький,water_temperature,degC,2023-09-16,20.9,,Інв_№229_Щорічні_дані_про_режим_та_ресурси_вод_морів_і_морських.pdf,49
98025,с. Парутине,лим. Бузький,water_temperature,degC,2023-09-17,20.8,,Інв_№229_Щорічні_дані_про_режим_та_ресурси_вод_морів_і_морських.pdf,49
98025,с. Парутине,лим. Бузький,water_temperature,degC,2023-09-18,20.3,,Інв_№229_Щорічні_дані_про_режим_та_ресурси_вод_морів_і_морських.pdf,49
98025,с. Парутине,лим. Бузький,water_temperature,degC,2023-09-19,20.6,,Інв_№229_Щорічні_дані_про_режим_та_ресурси_вод_морів_і_морських.pdf,49
98025,с. Парутине,лим. Бузький,water_temperature,degC,2023-09-20,20.0,,Інв_№229_Щорічні_дані_про_режим_та_ресурси_вод_морів_і_морських.pdf,49
98025,с. Парутине,лим. Бузький,water_temperature,degC,2023-09-21,20.8,,Інв_№229_Щорічні_дані_про_режим_та_ресурси_вод_морів_і_морських.pdf,49
98025,с. Парутине,лим. Бузький,water_temperature,degC,2023-09-22,20.8,,Інв_№229_Щорічні_дані_про_режим_та_ресурси_вод_морів_і_морських.pdf,49
98025,с. Парутине,лим. Бузький,water_temperature,degC,2023-09-23,21.0,,Інв_№229_Щорічні_дані_про_режим_та_ресурси_вод_морів_і_морських.pdf,49
98025,с. Парутине,лим. Бузький,water_temperature,degC,2023-09-24,21.5,,Інв_№229_Щорічні_дані_про_режим_та_ресурси_вод_морів_і_морських.pdf,49
98025,с. Парутине,лим. Бузький,water_temperature,degC,2023-09-25,20.9,,Інв_№229_Щорічні_дані_про_режим_та_ресурси_вод_морів_і_морських.pdf,49
98025,с. Парутине,лим. Бузький,water_temperature,degC,2023-09-26,20.1,,Інв_№229_Щорічні_дані_про_режим_та_ресурси_вод_морів_і_морських.pdf,49
98025,с. Парутине,лим. Бузький,water_temperature,degC,2023-09-27,20.1,,Інв_№229_Щорічні_дані_про_режим_та_ресурси_вод_морів_і_морських.pdf,49
98025,с. Парутине,лим. Бузький,water_temperature,degC,2023-09-28,19.4,,Інв_№229_Щорічні_дані_про_режим_та_ресурси_вод_морів_і_морських.pdf,49
98025,с. Парутине,лим. Бузький,water_temperature,degC,2023-09-29,19.1,,Інв_№229_Щорічні_дані_про_режим_та_ресурси_вод_морів_і_морських.pdf,49
98025,с. Парутине,лим. Бузький,water_temperature,degC,2023-09-30,18.9,,Інв_№229_Щорічні_дані_про_режим_та_ресурси_вод_морів_і_морських.pdf,49
98025,с. Парутине,лим. Бузький,water_temperature,degC,2023-10-01,19.1,,Інв_№229_Щорічні_дані_про_режим_та_ресурси_вод_морів_і_морських.pdf,49
98025,с. Парутине,лим. Бузький,water_temperature,degC,2023-10-02,18.1,,Інв_№229_Щорічні_дані_про_режим_та_ресурси_вод_морів_і_морських.pdf,49
98025,с. Парутине,лим. Бузький,water_temperature,degC,2023-10-03,18.3,,Інв_№229_Щорічні_дані_про_режим_та_ресурси_вод_морів_і_морських.pdf,49
98025,с. Парутине,лим. Бузький,water_temperature,degC,2023-10-04,18.3,,Інв_№229_Щорічні_дані_про_режим_та_ресурси_вод_морів_і_морських.pdf,49
98025,с. Парутине,лим. Бузький,water_temperature,degC,2023-10-05,18.0,,Інв_№229_Щорічні_дані_про_режим_та_ресурси_вод_морів_і_морських.pdf,49
98025,с. Парутине,лим. Бузький,water_temperature,degC,2023-10-06,17.2,,Інв_№229_Щорічні_дані_про_режим_та_ресурси_вод_морів_і_морських.pdf,49
98025,с. Парутине,лим. Бузький,water_temperature,degC,2023-10-07,17.2,,Інв_№229_Щорічні_дані_про_режим_та_ресурси_вод_морів_і_морських.pdf,49
98025,с. Парутине,лим. Бузький,water_temperature,degC,2023-10-08,17.3,,Інв_№229_Щорічні_дані_про_режим_та_ресурси_вод_морів_і_морських.pdf,49
98025,с. Парутине,лим. Бузький,water_temperature,degC,2023-10-09,14.9,,Інв_№229_Щорічні_дані_про_режим_та_ресурси_вод_морів_і_морських.pdf,49
98025,с. Парутине,лим. Бузький,water_temperature,degC,2023-10-10,15.0,,Інв_№229_Щорічні_дані_про_режим_та_ресурси_вод_морів_і_морських.pdf,49
98025,с. Парутине,лим. Бузький,water_temperature,degC,2023-10-11,14.6,,Інв_№229_Щорічні_дані_про_режим_та_ресурси_вод_морів_і_морських.pdf,49
98025,с. Парутине,лим. Бузький,water_temperature,degC,2023-10-12,13.4,,Інв_№229_Щорічні_дані_про_режим_та_ресурси_вод_морів_і_морських.pdf,49
98025,с. Парутине,лим. Бузький,water_temperature,degC,2023-10-13,14.9,,Інв_№229_Щорічні_дані_про_режим_та_ресурси_вод_морів_і_морських.pdf,49
98025,с. Парутине,лим. Бузький,water_temperature,degC,2023-10-14,14.2,,Інв_№229_Щорічні_дані_про_режим_та_ресурси_вод_морів_і_морських.pdf,49
98025,с. Парутине,лим. Бузький,water_temperature,degC,2023-10-15,15.4,,Інв_№229_Щорічні_дані_про_режим_та_ресурси_вод_морів_і_морських.pdf,49
98025,с. Парутине,лим. Бузький,water_temperature,degC,2023-10-16,14.6,,Інв_№229_Щорічні_дані_про_режим_та_ресурси_вод_морів_і_морських.pdf,49
98025,с. Парутине,лим. Бузький,water_temperature,degC,2023-10-17,13.7,,Інв_№229_Щорічні_дані_про_режим_та_ресурси_вод_морів_і_морських.pdf,49
98025,с. Парутине,лим. Бузький,water_temperature,degC,2023-10-18,14.1,,Інв_№229_Щорічні_дані_про_режим_та_ресурси_вод_морів_і_морських.pdf,49
98025,с. Парутине,лим. Бузький,water_temperature,degC,2023-10-19,13.5,,Інв_№229_Щорічні_дані_про_режим_та_ресурси_вод_морів_і_морських.pdf,49
98025,с. Парутине,лим. Бузький,water_temperature,degC,2023-10-20,14.4,,Інв_№229_Щорічні_дані_про_режим_та_ресурси_вод_морів_і_морських.pdf,49
98025,с. Парутине,лим. Бузький,water_temperature,degC,2023-10-21,14.8,,Інв_№229_Щорічні_дані_про_режим_та_ресурси_вод_морів_і_морських.pdf,49
98025,с. Парутине,лим. Бузький,water_temperature,degC,2023-10-22,15.7,,Інв_№229_Щорічні_дані_про_режим_та_ресурси_вод_морів_і_морських.pdf,49
98025,с. Парутине,лим. Бузький,water_temperature,degC,2023-10-23,16.0,,Інв_№229_Щорічні_дані_про_режим_та_ресурси_вод_морів_і_морських.pdf,49
98025,с. Парутине,лим. Бузький,water_temperature,degC,2023-10-24,15.4,,Інв_№229_Щорічні_дані_про_режим_та_ресурси_вод_морів_і_морських.pdf,49
98025,с. Парутине,лим. Бузький,water_temperature,degC,2023-10-25,15.4,,Інв_№229_Щорічні_дані_про_режим_та_ресурси_вод_морів_і_морських.pdf,49
98025,с. Парутине,лим. Бузький,water_temperature,degC,2023-10-26,15.3,,Інв_№229_Щорічні_дані_про_режим_та_ресурси_вод_морів_і_морських.pdf,49
98025,с. Парутине,лим. Бузький,water_temperature,degC,2023-10-27,16.0,,Інв_№229_Щорічні_дані_про_режим_та_ресурси_вод_морів_і_морських.pdf,49
98025,с. Парутине,лим. Бузький,water_temperature,degC,2023-10-28,16.0,,Інв_№229_Щорічні_дані_про_режим_та_ресурси_вод_морів_і_морських.pdf,49
98025,с. Парутине,лим. Бузький,water_temperature,degC,2023-10-29,15.8,,Інв_№229_Щорічні_дані_про_режим_та_ресурси_вод_морів_і_морських.pdf,49
98025,с. Парутине,лим. Бузький,water_temperature,degC,2023-10-30,15.7,,Інв_№229_Щорічні_дані_про_режим_та_ресурси_вод_морів_і_морських.pdf,49
98025,с. Парутине,лим. Бузький,water_temperature,degC,2023-10-31,16.4,,Інв_№229_Щорічні_дані_про_режим_та_ресурси_вод_морів_і_морських.pdf,49
98025,с. Парутине,лим. Бузький,water_temperature,degC,2023-11-01,16.1,,Інв_№229_Щорічні_дані_про_режим_та_ресурси_вод_морів_і_морських.pdf,49
98025,с. Парутине,лим. Бузький,water_temperature,degC,2023-11-02,15.4,,Інв_№229_Щорічні_дані_про_режим_та_ресурси_вод_морів_і_морських.pdf,49
98025,с. Парутине,лим. Бузький,water_temperature,degC,2023-11-03,13.8,,Інв_№229_Щорічні_дані_про_режим_та_ресурси_вод_морів_і_морських.pdf,49
98025,с. Парутине,лим. Бузький,water_temperature,degC,2023-11-04,16.2,,Інв_№229_Щорічні_дані_про_режим_та_ресурси_вод_морів_і_морських.pdf,49
98025,с. Парутине,лим. Бузький,water_temperature,degC,2023-11-05,15.8,,Інв_№229_Щорічні_дані_про_режим_та_ресурси_вод_морів_і_морських.pdf,49
98025,с. Парутине,лим. Бузький,water_temperature,degC,2023-11-06,15.7,,Інв_№229_Щорічні_дані_про_режим_та_ресурси_вод_морів_і_морських.pdf,49
98025,с. Парутине,лим. Бузький,water_temperature,degC,2023-11-07,15.0,,Інв_№229_Щорічні_дані_про_режим_та_ресурси_вод_морів_і_морських.pdf,49
98025,с. Парутине,лим. Бузький,water_temperature,degC,2023-11-08,14.4,,Інв_№229_Щорічні_дані_про_режим_та_ресурси_вод_морів_і_морських.pdf,49
98025,с. Парутине,лим. Бузький,water_temperature,degC,2023-11-09,14.3,,Інв_№229_Щорічні_дані_про_режим_та_ресурси_вод_морів_і_морських.pdf,49
98025,с. Парутине,лим. Бузький,water_temperature,degC,2023-11-10,12.8,,Інв_№229_Щорічні_дані_про_режим_та_ресурси_вод_морів_і_морських.pdf,49
98025,с. Парутине,лим. Бузький,water_temperature,degC,2023-11-11,12.3,,Інв_№229_Щорічні_дані_про_режим_та_ресурси_вод_морів_і_морських.pdf,49
98025,с. Парутине,лим. Бузький,water_temperature,degC,2023-11-12,13.2,,Інв_№229_Щорічні_дані_про_режим_та_ресурси_вод_морів_і_морських.pdf,49
98025,с. Парутине,лим. Бузький,water_temperature,degC,2023-11-13,13.1,,Інв_№229_Щорічні_дані_про_режим_та_ресурси_вод_морів_і_морських.pdf,49
98025,с. Парутине,лим. Бузький,water_temperature,degC,2023-11-14,11.8,,Інв_№229_Щорічні_дані_про_режим_та_ресурси_вод_морів_і_морських.pdf,49
98025,с. Парутине,лим. Бузький,water_temperature,degC,2023-11-15,12.3,,Інв_№229_Щорічні_дані_про_режим_та_ресурси_вод_морів_і_морських.pdf,49
98025,с. Парутине,лим. Бузький,water_temperature,degC,2023-11-16,12.1,,Інв_№229_Щорічні_дані_про_режим_та_ресурси_вод_морів_і_морських.pdf,49
98025,с. Парутине,лим. Бузький,water_temperature,degC,2023-11-17,10.5,,Інв_№229_Щорічні_дані_про_режим_та_ресурси_вод_морів_і_морських.pdf,49
98025,с. Парутине,лим. Бузький,water_temperature,degC,2023-11-18,8.5,,Інв_№229_Щорічні_дані_про_режим_та_ресурси_вод_морів_і_морських.pdf,49
98025,с. Парутине,лим. Бузький,water_temperature,degC,2023-11-19,4.5,,Інв_№229_Щорічні_дані_про_режим_та_ресурси_вод_морів_і_морських.pdf,49
98025,с. Парутине,лим. Бузький,water_temperature,degC,2023-11-20,6.5,,Інв_№229_Щорічні_дані_про_режим_та_ресурси_вод_морів_і_морських.pdf,49
98025,с. Парутине,лим. Бузький,water_temperature,degC,2023-11-21,6.5,,Інв_№229_Щорічні_дані_про_режим_та_ресурси_вод_морів_і_морських.pdf,49
98025,с. Парутине,лим. Бузький,water_temperature,degC,2023-11-22,5.7,,Інв_№229_Щорічні_дані_про_режим_та_ресурси_вод_морів_і_морських.pdf,49
98025,с. Парутине,лим. Бузький,water_temperature,degC,2023-11-23,7.1,,Інв_№229_Щорічні_дані_про_режим_та_ресурси_вод_морів_і_морських.pdf,49
98025,с. Парутине,лим. Бузький,water_temperature,degC,2023-11-24,6.8,,Інв_№229_Щорічні_дані_про_режим_та_ресурси_вод_морів_і_морських.pdf,49
98025,с. Парутине,лим. Бузький,water_temperature,degC,2023-11-25,5.4,,Інв_№229_Щорічні_дані_про_режим_та_ресурси_вод_морів_і_морських.pdf,49
98025,с. Парутине,лим. Бузький,water_temperature,degC,2023-11-26,4.7,,Інв_№229_Щорічні_дані_про_режим_та_ресурси_вод_морів_і_морських.pdf,49
98025,с. Парутине,лим. Бузький,water_temperature,degC,2023-11-27,4.2,,Інв_№229_Щорічні_дані_про_режим_та_ресурси_вод_морів_і_морських.pdf,49
98025,с. Парутине,лим. Бузький,water_temperature,degC,2023-11-28,3.9,,Інв_№229_Щорічні_дані_про_режим_та_ресурси_вод_морів_і_морських.pdf,49
98025,с. Парутине,лим. Бузький,water_temperature,degC,2023-11-29,4.9,,Інв_№229_Щорічні_дані_про_режим_та_ресурси_вод_морів_і_морських.pdf,49
98025,с. Парутине,лим. Бузький,water_temperature,degC,2023-11-30,4.4,,Інв_№229_Щорічні_дані_про_режим_та_ресурси_вод_морів_і_морських.pdf,49
98025,с. Парутине,лим. Бузький,water_temperature,degC,2023-12-01,4.7,,Інв_№229_Щорічні_дані_про_режим_та_ресурси_вод_морів_і_морських.pdf,49
98025,с. Парутине,лим. Бузький,water_temperature,degC,2023-12-02,5.4,,Інв_№229_Щорічні_дані_про_режим_та_ресурси_вод_морів_і_морських.pdf,49
98025,с. Парутине,лим. Бузький,water_temperature,degC,2023-12-03,5.6,,Інв_№229_Щорічні_дані_про_режим_та_ресурси_вод_морів_і_морських.pdf,49
98025,с. Парутине,лим. Бузький,water_temperature,degC,2023-12-04,5.0,,Інв_№229_Щорічні_дані_про_режим_та_ресурси_вод_морів_і_морських.pdf,49
98025,с. Парутине,лим. Бузький,water_temperature,degC,2023-12-05,4.0,,Інв_№229_Щорічні_дані_про_режим_та_ресурси_вод_морів_і_морських.pdf,49
98025,с. Парутине,лим. Бузький,water_temperature,degC,2023-12-06,3.3,,Інв_№229_Щорічні_дані_про_режим_та_ресурси_вод_морів_і_морських.pdf,49
98025,с. Парутине,лим. Бузький,water_temperature,degC,2023-12-07,3.1,,Інв_№229_Щорічні_дані_про_режим_та_ресурси_вод_морів_і_морських.pdf,49
98025,с. Парутине,лим. Бузький,water_temperature,degC,2023-12-08,3.4,,Інв_№229_Щорічні_дані_про_режим_та_ресурси_вод_морів_і_морських.pdf,49
98025,с. Парутине,лим. Бузький,water_temperature,degC,2023-12-09,3.2,,Інв_№229_Щорічні_дані_про_режим_та_ресурси_вод_морів_і_морських.pdf,49
98025,с. Парутине,лим. Бузький,water_temperature,degC,2023-12-10,3.3,,Інв_№229_Щорічні_дані_про_режим_та_ресурси_вод_морів_і_морських.pdf,49
98025,с. Парутине,лим. Бузький,water_temperature,degC,2023-12-11,3.6,,Інв_№229_Щорічні_дані_про_режим_та_ресурси_вод_морів_і_морських.pdf,49
98025,с. Парутине,лим. Бузький,water_temperature,degC,2023-12-12,4.0,,Інв_№229_Щорічні_дані_про_режим_та_ресурси_вод_морів_і_морських.pdf,49
98025,с. Парутине,лим. Бузький,water_temperature,degC,2023-12-13,4.1,,Інв_№229_Щорічні_дані_про_режим_та_ресурси_вод_морів_і_морських.pdf,49
98025,с. Парутине,лим. Бузький,water_temperature,degC,2023-12-14,4.3,,Інв_№229_Щорічні_дані_про_режим_та_ресурси_вод_морів_і_морських.pdf,49
98025,с. Парутине,лим. Бузький,water_temperature,degC,2023-12-15,4.1,,Інв_№229_Щорічні_дані_про_режим_та_ресурси_вод_морів_і_морських.pdf,49
98025,с. Парутине,лим. Бузький,water_temperature,degC,2023-12-16,3.8,,Інв_№229_Щорічні_дані_про_режим_та_ресурси_вод_морів_і_морських.pdf,49
98025,с. Парутине,лим. Бузький,water_temperature,degC,2023-12-17,4.4,,Інв_№229_Щорічні_дані_про_режим_та_ресурси_вод_морів_і_морських.pdf,49
98025,с. Парутине,лим. Бузький,water_temperature,degC,2023-12-18,4.5,,Інв_№229_Щорічні_дані_про_режим_та_ресурси_вод_морів_і_морських.pdf,49
98025,с. Парутине,лим. Бузький,water_temperature,degC,2023-12-19,4.5,,Інв_№229_Щорічні_дані_про_режим_та_ресурси_вод_морів_і_морських.pdf,49
98025,с. Парутине,лим. Бузький,water_temperature,degC,2023-12-20,4.5,,Інв_№229_Щорічні_дані_про_режим_та_ресурси_вод_морів_і_морських.pdf,49
98025,с. Парутине,лим. Бузький,water_temperature,degC,2023-12-21,4.8,,Інв_№229_Щорічні_дані_про_режим_та_ресурси_вод_морів_і_морських.pdf,49
98025,с. Парутине,лим. Бузький,water_temperature,degC,2023-12-22,4.5,,Інв_№229_Щорічні_дані_про_режим_та_ресурси_вод_морів_і_морських.pdf,49
98025,с. Парутине,лим. Бузький,water_temperature,degC,2023-12-23,4.6,,Інв_№229_Щорічні_дані_про_режим_та_ресурси_вод_морів_і_морських.pdf,49
98025,с. Парутине,лим. Бузький,water_temperature,degC,2023-12-24,4.4,,Інв_№229_Щорічні_дані_про_режим_та_ресурси_вод_морів_і_морських.pdf,49
98025,с. Парутине,лим. Бузький,water_temperature,degC,2023-12-25,3.7,,Інв_№229_Щорічні_дані_про_режим_та_ресурси_вод_морів_і_морських.pdf,49
98025,с. Парутине,лим. Бузький,water_temperature,degC,2023-12-26,4.0,,Інв_№229_Щорічні_дані_про_режим_та_ресурси_вод_морів_і_морських.pdf,49
98025,с. Парутине,лим. Бузький,water_temperature,degC,2023-12-27,4.2,,Інв_№229_Щорічні_дані_про_режим_та_ресурси_вод_морів_і_морських.pdf,49
98025,с. Парутине,лим. Бузький,water_temperature,degC,2023-12-28,4.1,,Інв_№229_Щорічні_дані_про_режим_та_ресурси_вод_морів_і_морських.pdf,49
98025,с. Парутине,лим. Бузький,water_temperature,degC,2023-12-29,4.4,,Інв_№229_Щорічні_дані_про_режим_та_ресурси_вод_морів_і_морських.pdf,49
98025,с. Парутине,лим. Бузький,water_temperature,degC,2023-12-30,4.2,,Інв_№229_Щорічні_дані_про_режим_та_ресурси_вод_морів_і_морських.pdf,49
98025,с. Парутине,лим. Бузький,water_temperature,degC,2023-12-31,4.5,,Інв_№229_Щорічні_дані_про_режим_та_ресурси_вод_морів_і_морських.pdf,49
