date,rgt,beam,period,n_points,lat_mean,lon_mean,chain_km,wse_m
2018-10-16,265,gt3l,PRE_BREACH,303,47.46305958900803,34.20309943036546,128.04920428475623,15.842887604120651
2018-10-16,265,gt3r,PRE_BREACH,1061,47.48121620666255,34.20454559143788,127.98661545888864,15.824927526499865
2018-10-16,265,gt2l,PRE_BREACH,171,47.508992924898,34.25244100641945,130.81230696607645,15.813001779500658
2018-10-16,265,gt2r,PRE_BREACH,584,47.50610205745557,34.25097646304269,130.57591358067754,15.819869718849286
2018-10-16,265,gt1l,PRE_BREACH,181,47.48381230784081,34.29175938193631,135.33138851423715,15.784129092365408
2018-10-16,265,gt1r,PRE_BREACH,671,47.49017448377422,34.29161348919426,135.20103761395754,15.79825350011209
2018-10-20,325,gt1l,PRE_BREACH,104,46.80748372314973,33.41753620746624,4.10651259355483,15.760556412876529
2018-10-20,325,gt1r,PRE_BREACH,364,46.81046257509121,33.416904247185705,4.288654927979265,15.762757770321732
2018-10-20,325,gt2l,PRE_BREACH,151,46.78765025082144,33.37242837224915,0.3172987376249669,15.813416824312402
2018-10-20,325,gt2r,PRE_BREACH,239,46.78637047610655,33.371211778025696,0.1477463970689102,15.746818498417843
2018-11-03,545,gt3l,PRE_BREACH,92,47.48930734516264,34.89463283911139,194.4243356698289,15.74598238023426
2018-11-03,545,gt3r,PRE_BREACH,348,47.48999501095988,34.89543089569188,194.51730265162783,15.68960354208538
2018-11-03,545,gt2r,PRE_BREACH,268,47.51177243804751,34.849378796712614,195.5279051278346,15.75205540151264
2018-11-03,545,gt2l,PRE_BREACH,89,47.513587156092605,34.84822450461175,195.6848944183498,15.777442979326215
2018-11-03,545,gt1l,PRE_BREACH,78,47.51623084129076,34.80489957802503,187.4785378893688,15.783068054087185
2018-11-03,545,gt1r,PRE_BREACH,292,47.515560609908846,34.805940638408714,187.58632283393135,15.77994899529184
2018-11-07,609,gt1l,PRE_BREACH,175,47.4681720934205,34.033125753486495,112.42375932863868,15.795489274373432
2018-11-07,609,gt3l,PRE_BREACH,171,47.46792861580921,34.11894030921246,111.48535301234176,15.81084383314755
2018-11-07,609,gt2l,PRE_BREACH,136,47.49258318766312,34.07260071065095,115.35442906078931,15.80061177776799
2018-11-07,609,gt1r,PRE_BREACH,675,47.4703200522713,34.033816629263086,112.65272247536284,15.781521257857143
2018-11-07,609,gt3r,PRE_BREACH,704,47.46698922684697,34.12005450724294,111.37018867238,15.773295506038728
2018-11-07,609,gt2r,PRE_BREACH,431,47.49228208407583,34.073571887779,115.3511392767156,15.723110921768582
2018-11-11,669,gt2l,PRE_BREACH,36,46.78389213190908,33.393694425641975,0.9476209983137596,15.8417423802218
2018-11-11,669,gt3l,PRE_BREACH,23,46.81465623526231,33.43159963848852,5.438686774542938,15.867857827086665
2018-11-11,669,gt2r,PRE_BREACH,74,46.79019508133577,33.393604545390694,1.5063760758819826,15.81574779525496
2018-11-11,669,gt3r,PRE_BREACH,98,46.81616861470512,33.43232715132413,5.59125174952921,15.75512948673188
2018-12-02,989,gt3l,PRE_BREACH,1011,47.57175729373414,35.142614636075024,229.07854883781056,15.830034462021946
2018-12-02,989,gt2l,PRE_BREACH,561,47.56673799104069,35.100387107005375,224.53982005242537,15.82033445439346
2018-12-02,989,gt1l,PRE_BREACH,417,47.53622251721261,35.06176284186438,220.89512078174351,15.84279329363186
2018-12-02,989,gt3r,PRE_BREACH,3768,47.57034901278556,35.143831530587164,229.25042981981156,15.803794713496693
2018-12-02,989,gt2r,PRE_BREACH,1890,47.56527537433266,35.10155173719038,224.38655685117052,15.825181222388617
2018-12-02,989,gt1r,PRE_BREACH,1611,47.53604660979677,35.06277154803624,220.8825608884468,15.814493963984322
2018-12-10,1109,gt1l,PRE_BREACH,2,47.00680960889044,33.57959429325907,40.0788328876888,15.8728553908576
2018-12-10,1109,gt3r,PRE_BREACH,4,47.04540380607052,33.66027968114423,44.78736727378004,15.833424876757793
2018-12-16,1209,gt1l,PRE_BREACH,88,47.46680450563101,34.030514494303226,112.30114083352277,15.953851457616157
2018-12-16,1209,gt2l,PRE_BREACH,55,47.49143544616157,33.99109367664241,114.36249479921132,15.916611792743678
2018-12-16,1209,gt1r,PRE_BREACH,369,47.468811000412366,34.0297248425415,112.53032833025526,15.919789823766758
2018-12-16,1209,gt2r,PRE_BREACH,185,47.48746095025541,33.98946634818004,114.36249479921132,15.930582102410373
2018-12-16,1209,gt3l,PRE_BREACH,25,47.50953608414186,33.95071713966009,114.36249479921132,15.947335510032955
2018-12-16,1209,gt3r,PRE_BREACH,100,47.5090745136547,33.9494806356666,114.36249479921132,15.966617835191911
2019-01-08,165,gt1l,PRE_BREACH,32,47.1253010001532,33.78629897239681,64.27531911329154,15.755447653489718
2019-01-08,165,gt1r,PRE_BREACH,11,47.13680543997948,33.7856404668379,65.14456616580934,15.804716426426875
2019-03-03,989,gt1l,PRE_BREACH,615,47.50301911336973,35.019899896130774,207.1627589563252,15.57131182277429
2019-03-03,989,gt3l,PRE_BREACH,849,47.58011775900332,35.09473883624802,225.9786675361213,15.604236770662965
2019-03-03,989,gt1r,PRE_BREACH,156,47.50464652418557,35.02083372903077,212.159399520542,15.606610285445951
2019-03-03,989,gt2l,PRE_BREACH,517,47.54060288701584,35.057416106929665,221.35028017309887,15.62858155933498
2019-03-03,989,gt3r,PRE_BREACH,217,47.58075875770171,35.09583156582387,226.04580889262547,15.62819658547094
2019-03-03,989,gt2r,PRE_BREACH,166,47.54022896743904,35.058665219574664,221.3174408775279,15.61563745135046
2019-03-07,1049,gt2l,PRE_BREACH,67,47.49304761116618,34.285592924573734,134.70004410786538,15.595178353024329
2019-03-07,1049,gt1l,PRE_BREACH,177,47.53764276059965,34.23634362992091,131.06886847761368,15.55927598241443
2019-03-07,1049,gt3l,PRE_BREACH,67,47.530961593969934,34.32312107206812,136.7724236891841,15.562224964246012
2019-03-07,1049,gt1r,PRE_BREACH,33,47.532599697917696,34.2382407629503,130.95981439732708,15.578266947294937
2019-03-07,1049,gt2r,PRE_BREACH,13,47.48059074409458,34.28854463285107,135.15316016455702,15.57023101255391
2019-03-07,1049,gt3r,PRE_BREACH,16,47.55107132663782,34.32145610266072,138.34058926489618,15.591772423660837
2019-03-13,1149,gt2l,PRE_BREACH,434,47.52489106850428,34.78359145722279,185.62482682854613,15.609944758104673
2019-03-13,1149,gt1l,PRE_BREACH,573,47.51975384688247,34.82582397367955,190.4995223652414,15.595214730622152
2019-03-13,1149,gt3l,PRE_BREACH,587,47.52403280307507,34.74052367259834,183.15630467829843,15.58374597773972
2019-03-13,1149,gt1r,PRE_BREACH,137,47.5210631940724,34.82484850403481,190.4108481487557,15.625658176824356
2019-03-13,1149,gt2r,PRE_BREACH,133,47.52625003893426,34.78264602678923,185.47470981915197,15.61355106052221
2019-03-13,1149,gt3r,PRE_BREACH,153,47.52503794203074,34.73949359717251,183.02587975855863,15.59332948550297
2019-03-17,1209,gt1l,PRE_BREACH,2987,47.459047492563975,34.05392744592543,111.19815495370638,15.518047885150068
2019-03-17,1209,gt2l,PRE_BREACH,7409,47.40967809485423,34.00400061466482,102.96081134837738,15.543769010710442
2019-03-17,1209,gt3l,PRE_BREACH,7209,47.3949247664319,33.959066916640175,100.01737776164887,15.537598110868837
2019-03-17,1209,gt1r,PRE_BREACH,859,47.46738809356797,34.0539572836441,112.11555273232376,15.5741177401935
2019-03-17,1209,gt2r,PRE_BREACH,2076,47.41884017130494,34.004137809243,103.52379438006348,15.51311953156548
2019-03-17,1209,gt3r,PRE_BREACH,2271,47.414580393660266,33.960667713318635,101.6838432346947,15.601869410972956
2019-04-01,45,gt1l,PRE_BREACH,649,47.543186496823246,35.29208801283363,240.58305779654967,15.69398194851097
2019-04-01,45,gt2l,PRE_BREACH,24,47.52939779999463,35.337037377854514,238.5340100292404,15.672305754567123
2019-04-01,45,gt1r,PRE_BREACH,161,47.54224744718665,35.29341885340212,240.45016166988628,15.700072286210546
2019-04-05,105,gt1l,PRE_BREACH,1597,47.58027086262437,34.50809306463649,157.81716791832582,15.724928745208937
2019-04-05,105,gt2l,PRE_BREACH,730,47.57048209987525,34.55249961266298,161.4342284984637,15.802956331069758
2019-04-05,105,gt3l,PRE_BREACH,1462,47.57576326351804,34.59474132393694,164.2667111573807,15.750138133344306
2019-04-05,105,gt1r,PRE_BREACH,401,47.58100165243508,34.50920323837564,157.86973426089278,15.749083092411189
2019-04-05,105,gt2r,PRE_BREACH,216,47.57095199048208,34.5535931561567,161.52568087370486,15.77182862217259
2019-04-05,105,gt3r,PRE_BREACH,371,47.57543821689689,34.59595978749277,164.36144718378176,15.785698136829224
2019-04-09,165,gt1l,PRE_BREACH,286,47.11459751331752,33.79573565203724,63.05355391422995,15.871983309742353
2019-04-09,165,gt2l,PRE_BREACH,205,47.13432576893373,33.83559758416065,65.92112618220388,15.886515003224275
2019-04-09,165,gt1r,PRE_BREACH,77,47.1161373414078,33.796680251822984,63.22113854027973,15.893387931802872
2019-04-09,165,gt2r,PRE_BREACH,69,47.13488936350515,33.836686036786794,66.00406073591294,15.86974929107856
2019-04-09,165,gt3l,PRE_BREACH,126,47.176597164353495,33.872291966989906,72.52163612149862,15.85445073870518
2019-04-09,165,gt3r,PRE_BREACH,35,47.17736676078554,33.87337200610693,72.6349524685036,15.900373846784063
2019-04-11,205,gt2l,PRE_BREACH,96,47.86113998845121,35.072456458633305,277.1919485298338,15.76382273441635
2019-04-11,205,gt2r,PRE_BREACH,55,47.83825085213223,35.06802970932975,276.2264503781801,15.74788594944373
2019-04-11,205,gt1l,PRE_BREACH,170,47.81852037219687,35.10956984329928,276.70036548164626,15.677039586039133
2019-04-11,205,gt1r,PRE_BREACH,54,47.82615302404762,35.1094608679578,277.1919485298338,15.693584971644912
2019-04-19,325,gt1l,PRE_BREACH,14,46.80922812921729,33.40900035225705,3.744981400922504,15.95253581098059
2019-05-04,545,gt3l,PRE_BREACH,713,47.47273183545357,34.86894084011291,193.1548887792986,15.819141921636666
2019-05-04,545,gt3r,PRE_BREACH,185,47.47326582610268,34.8700650821506,193.1548887792986,15.8724879572495
2019-05-04,545,gt2l,PRE_BREACH,322,47.51513778935298,34.820068291879345,190.1237358093155,15.84605504239302
2019-05-04,545,gt1l,PRE_BREACH,394,47.5195740218613,34.77651186948029,185.5795045462076,15.8771627087269
2019-05-04,545,gt2r,PRE_BREACH,103,47.51334489207534,34.821499524665114,190.2523098448796,15.855556441851247
2019-05-04,545,gt1r,PRE_BREACH,99,47.51889176761123,34.77776211521356,185.70039818655667,15.89304317861215
2019-05-10,645,gt3l,PRE_BREACH,1188,47.58444189145855,35.249715080979065,245.99677140463533,15.808999867185708
2019-05-10,645,gt3r,PRE_BREACH,301,47.58364864166991,35.24843146853197,245.9480885647832,15.847492057338712
2019-05-10,645,gt2l,PRE_BREACH,207,47.50493538025314,35.281397791423814,238.5340100292404,15.844909785199413
2019-05-10,645,gt2r,PRE_BREACH,68,47.499277283097015,35.279446769692754,238.5340100292404,15.831150980980528
2019-05-10,645,gt1l,PRE_BREACH,118,47.53412783451752,35.32846387104821,238.680332777296,15.824003977833872
2019-05-10,645,gt1r,PRE_BREACH,35,47.53489655019796,35.32736276821107,238.78941492443624,15.795478558302836
2019-05-12,669,gt3l,PRE_BREACH,1037,46.8003211950826,33.40578652061129,2.963954926165324,15.67135597738517
2019-05-12,669,gt2l,PRE_BREACH,117,46.78724088189296,33.36532500143348,0.0,15.73018515619971
2019-05-12,669,gt3r,PRE_BREACH,238,46.80095091558863,33.406864187169994,3.0691368551556417,15.712148677433827
2019-05-12,669,gt2r,PRE_BREACH,47,46.78680374021919,33.36652776817524,0.0,15.767136268099629
2019-05-14,705,gt1l,PRE_BREACH,32,47.56669702827594,34.55451447270533,161.49332794828538,15.779023588333857
2019-05-14,705,gt3l,PRE_BREACH,54,47.53739025289375,34.46453694287279,148.9587437832243,15.831609154452217
2019-05-14,705,gt2l,PRE_BREACH,38,47.54011603407218,34.50782888771256,158.58251513986562,15.82129837726759
2019-05-14,705,gt3r,PRE_BREACH,4,47.52448781173378,34.46149912951583,148.42739157254573,15.856901939298863
2019-05-18,769,gt1l,PRE_BREACH,305,46.95504628980013,33.689157567273426,34.976144927655206,15.876497824690189
2019-05-18,769,gt1r,PRE_BREACH,73,46.95779550093312,33.688346977594065,35.2735995125305,15.835811148460362
2019-05-18,769,gt3l,PRE_BREACH,267,46.89629040227015,33.59608819676936,25.765664762859927,15.86670473303001
2019-05-18,769,gt2l,PRE_BREACH,234,46.90498650630201,33.63968719934685,29.05902282675699,15.859705611595848
2019-05-18,769,gt3r,PRE_BREACH,56,46.89835602776085,33.5952176653632,25.961838821374265,15.884331477688542
2019-05-18,769,gt2r,PRE_BREACH,84,46.90492748981632,33.63854294878338,29.04414131944349,15.854162533687576
2019-06-02,989,gt1l,PRE_BREACH,333,47.52420487185972,35.03564135123489,212.03144916095584,16.005107407031836
2019-06-02,989,gt3l,PRE_BREACH,887,47.60999115230339,35.109295916240775,226.04580889262547,16.035641771616113
2019-06-02,989,gt2l,PRE_BREACH,948,47.59203187276852,35.068906477898615,226.04580889262547,16.005242295214916
2019-06-02,989,gt1r,PRE_BREACH,81,47.52339939349341,35.03689697824959,212.1581889684473,16.02052070783481
2019-06-02,989,gt3r,PRE_BREACH,220,47.61317722436122,35.110057058264225,226.04580889262547,16.0666482761765
2019-06-02,989,gt2r,PRE_BREACH,266,47.58989527616699,35.07040751164431,226.04580889262547,16.011662978979174
2019-06-06,1049,gt2l,PRE_BREACH,1,47.43752403238002,34.31202244803643,137.15429152499593,16.18856725909356
2019-06-06,1049,gt3l,PRE_BREACH,2,47.48592727006537,34.34801281911146,137.15429152499593,16.153010710124086
2019-06-10,1109,gt1l,PRE_BREACH,109,46.83810571790645,33.57548573209097,18.27956964107188,16.233693677690482
2019-06-10,1109,gt2l,PRE_BREACH,302,46.89877799191534,33.60934890804678,26.64271661298889,16.226621847912543
2019-06-10,1109,gt1r,PRE_BREACH,26,46.83729711054354,33.57673754792136,18.404798603161616,16.235225929548516
2019-06-10,1109,gt2r,PRE_BREACH,97,46.90029111658283,33.61029425178604,26.820563786254905,16.215772476245064
2019-06-10,1109,gt3l,PRE_BREACH,257,46.933315530177055,33.64692126502502,32.24548791279095,16.212314296915288
2019-06-10,1109,gt3r,PRE_BREACH,65,46.93587028274056,33.64774312435581,32.534086621794266,16.242236960929674
2019-06-12,1149,gt1l,PRE_BREACH,299,47.517939345716506,34.80710981846626,187.4892375378344,16.128828406463587
2019-06-12,1149,gt2l,PRE_BREACH,188,47.527952179781984,34.765566808389366,184.35375106665603,16.142100206745013
2019-06-12,1149,gt3l,PRE_BREACH,218,47.53194862703607,34.723190976653875,181.5878162068032,16.143431079002468
2019-06-12,1149,gt1r,PRE_BREACH,77,47.51935617353191,34.80614464436739,187.33390154485625,16.141358307129956
2019-06-12,1149,gt2r,PRE_BREACH,59,47.53076252939405,34.76477762930209,184.11179238581417,16.116561130249615
2019-06-12,1149,gt3r,PRE_BREACH,59,47.53273395050644,34.722096089785474,181.46889500099837,16.17010999933581
2019-06-16,1209,gt1l,PRE_BREACH,636,47.42346775224741,34.01518980229409,104.50309633714193,16.19840197189848
2019-06-16,1209,gt2l,PRE_BREACH,434,47.41262167782821,33.970761760264935,101.6838432346947,16.18439183709779
2019-06-16,1209,gt1r,PRE_BREACH,186,47.41531644781,34.012851108466855,103.86204146693332,16.184083477811374
2019-06-16,1209,gt2r,PRE_BREACH,153,47.39681162069181,33.96735643365934,100.18040847871912,16.18700953194533
2019-06-16,1209,gt3l,PRE_BREACH,361,47.362579987815074,33.92088684895577,95.3766701565874,16.200347952329807
2019-06-16,1209,gt3r,PRE_BREACH,96,47.352982546424734,33.918353615088826,94.29306015724944,16.218877080404546
2019-07-11,205,gt3l,PRE_BREACH,467,47.587339877182266,35.07548988350937,226.04580889262547,15.94933633495534
2019-07-11,205,gt2l,PRE_BREACH,342,47.55645207727845,35.11416875825437,223.50318649635733,15.896466453437675
2019-07-11,205,gt3r,PRE_BREACH,115,47.58598629968174,35.07416303216763,226.04580889262547,15.973790496898642
2019-07-11,205,gt2r,PRE_BREACH,122,47.55720324181178,35.1130774395973,223.57825808937875,15.981663805988058
2019-07-11,205,gt1l,PRE_BREACH,712,47.56853972858502,35.15872416022653,230.2272775181656,16.084439927089125
2019-07-11,205,gt1r,PRE_BREACH,197,47.57322583522222,35.15815099986739,247.25127151463775,15.931301590895824
2019-07-15,265,gt3l,PRE_BREACH,109,47.529967056151214,34.29430901633873,134.65348160880333,15.928219392233762
2019-07-15,265,gt2l,PRE_BREACH,31,47.54186922198956,34.33902620963311,139.0865670100645,15.914509561586623
2019-07-15,265,gt3r,PRE_BREACH,14,47.547008485896136,34.29551290492922,134.42255073230825,15.953708927325833
2019-07-15,265,gt1l,PRE_BREACH,12,47.53339124706215,34.380710134326115,141.3756563724321,15.881093396030128
2019-07-15,265,gt2r,PRE_BREACH,3,47.56830427134884,34.341646496185,141.31860297976692,16.08126896209172
2019-07-15,265,gt1r,PRE_BREACH,3,47.550414410831785,34.382016825690386,142.57912214552738,16.01109432256529
2019-07-19,325,gt1l,PRE_BREACH,201,46.84184562105249,33.50415962977964,11.649224372056594,15.826930904723875
2019-07-19,325,gt1r,PRE_BREACH,49,46.841479792332905,33.50298182055055,11.55742212984204,15.970541884380689
2019-07-19,325,gt2l,PRE_BREACH,60,46.82847167206728,33.45996381398605,8.080258644565117,15.922510098217437
2019-07-19,325,gt3l,PRE_BREACH,168,46.81038154404731,33.41502580599306,4.17501119476752,15.920190862916565
2019-07-19,325,gt2r,PRE_BREACH,22,46.83004555069404,33.4589274780875,8.08693110796078,15.819938409511147
2019-07-19,325,gt3r,PRE_BREACH,44,46.81475429239237,33.41435670908125,4.457225465197748,15.928125337789163
2019-08-02,545,gt3l,PRE_BREACH,284,47.52869277745382,34.73126965546703,182.28869164719904,16.00367689924957
2019-08-02,545,gt2l,PRE_BREACH,442,47.53391921058385,34.68759743179337,179.3604228587314,16.00743952396223
2019-08-02,545,gt3r,PRE_BREACH,67,47.52796097290758,34.73257009489078,182.41596595025032,16.0288359940796
2019-08-02,545,gt2r,PRE_BREACH,122,47.53572719878528,34.68855980645894,179.29124775834092,16.033940247033616
2019-08-02,545,gt1l,PRE_BREACH,193,47.56518537777862,34.64026777168222,175.6430642335245,15.939736550933988
2019-08-02,545,gt1r,PRE_BREACH,47,47.564180360034776,34.64156660851379,175.545305652529,16.04573883310985
2019-08-06,609,gt1l,PRE_BREACH,430,47.20751697919132,33.9125917740074,77.69125948970174,15.95632123713397
2019-08-06,609,gt1r,PRE_BREACH,99,47.20798518328342,33.91366433304196,77.78663673422994,16.090834192368394
2019-08-06,609,gt2l,PRE_BREACH,397,47.26498875118405,33.947054376486875,84.77025752931976,16.059540310650107
2019-08-06,609,gt2r,PRE_BREACH,119,47.26310399690064,33.94849268643532,84.60321905370691,16.051789816162117
2019-08-06,609,gt3l,PRE_BREACH,1851,47.40348109142,33.97028615970228,100.90337353677435,15.997377819496526
2019-08-06,609,gt3r,PRE_BREACH,439,47.40246836991521,33.97159883727822,100.78383315912497,16.082256209762182
2019-08-09,645,gt3l,PRE_BREACH,1696,47.56964515175251,35.11790352281242,227.83091903402516,15.96134417790026
2019-08-09,645,gt3r,PRE_BREACH,548,47.551796220903135,35.11414272214677,222.9878791350977,16.010818716248572
2019-08-09,645,gt2l,PRE_BREACH,2958,47.54128850075603,35.15682355843998,232.1102201594604,15.984752211071656
2019-08-09,645,gt2r,PRE_BREACH,899,47.53798652376992,35.155102971384565,232.2537875216713,16.031925236786687
2019-08-09,645,gt1l,PRE_BREACH,4110,47.54618219701447,35.20041360276532,243.317837995969,15.973630063726592
2019-08-09,645,gt1r,PRE_BREACH,1053,47.54307739136619,35.19880290710411,243.0373491214405,15.956005171565543
2019-08-13,705,gt3l,PRE_BREACH,943,47.51298484746855,34.33138952247709,137.17300964605445,15.908526083458918
2019-08-13,705,gt1l,PRE_BREACH,282,47.53481018244324,34.42027761548214,145.48715608882466,15.931611561975798
2019-08-13,705,gt2l,PRE_BREACH,260,47.517568633877566,34.37494472857843,139.9814176511505,15.95455727545009
2019-08-13,705,gt3r,PRE_BREACH,255,47.51437836348795,34.330349242151975,137.1698152413095,15.97327749947267
2019-08-13,705,gt1r,PRE_BREACH,73,47.53552696376729,34.41921835697733,145.3867466718445,15.931136827555637
2019-08-13,705,gt2r,PRE_BREACH,85,47.51855102214006,34.373855697809326,139.98036289776883,15.96652454536186
2019-08-17,769,gt2l,PRE_BREACH,127,46.8487506028173,33.50222342631257,12.095589240306548,15.890409073016947
2019-08-17,769,gt1l,PRE_BREACH,91,46.83575711866289,33.54278029530005,16.15338701960392,15.849764125718451
2019-08-17,769,gt2r,PRE_BREACH,37,46.846026391369534,33.5006527515422,11.795228038784918,15.89623913551212
2019-08-17,769,gt3l,PRE_BREACH,114,46.824161407565214,33.45645593778771,7.6281101947213745,15.828153886889108
2019-08-17,769,gt1r,PRE_BREACH,22,46.83440354091002,33.54141680109142,16.125971952684196,15.856626903425374
2019-08-17,769,gt3r,PRE_BREACH,31,46.82340673672722,33.455117010016366,7.4993888882530975,15.899120418885223
2019-08-31,989,gt2l,PRE_BREACH,2212,47.47308301324798,34.955865126316866,205.1722264750768,15.722455332820996
2019-08-31,989,gt1l,PRE_BREACH,1942,47.47328537338751,34.91291991572933,193.2591208814864,15.79221522542945
2019-08-31,989,gt3l,PRE_BREACH,2899,47.48701883899668,34.99674268489409,206.2362418148087,15.719945210104612
2019-08-31,989,gt2r,PRE_BREACH,647,47.47239379467783,34.957101121521056,205.28842528102567,15.780251988537644
2019-08-31,989,gt1r,PRE_BREACH,483,47.470976807794536,34.914420024615865,193.1548887792986,15.813272305288612
2019-08-31,989,gt3r,PRE_BREACH,716,47.48577148738003,34.99807338600157,206.2362418148087,15.778919672862164
2019-09-08,1109,gt1l,PRE_BREACH,37,46.821107223368585,33.44792565261166,6.894410506794693,15.622372187140286
2019-09-08,1109,gt3l,PRE_BREACH,33,46.83941975744986,33.5300321888564,15.101245772550415,15.718597472004276
2019-09-08,1109,gt2l,PRE_BREACH,25,46.83862375199267,33.487787494709124,10.521429555902191,15.670111016830392
2019-09-08,1109,gt1r,PRE_BREACH,149,46.82035919369701,33.44916731738505,6.942451239933229,15.736215058560898
2019-09-08,1109,gt3r,PRE_BREACH,135,46.839240969455794,33.53128622673205,15.195893265428388,15.74450357259672
2019-09-08,1109,gt2r,PRE_BREACH,85,46.838915783751965,33.48899696664352,10.609040235510852,15.71462945673432
2019-09-11,1149,gt3l,PRE_BREACH,66,47.567832263440266,34.59852109256136,165.02840532129616,15.732197930279208
2019-09-11,1149,gt1l,PRE_BREACH,59,47.549857713062366,34.68200953509625,177.92416340147366,15.664596654499489
2019-09-11,1149,gt3r,PRE_BREACH,279,47.56924776253626,34.59751350677678,164.87256719213963,15.696701061649614
2019-09-11,1149,gt2l,PRE_BREACH,33,47.565587733531714,34.64125811360442,175.6972821889468,15.634640345088911
2019-09-11,1149,gt1r,PRE_BREACH,217,47.55115867862775,34.68093334087257,177.77052493329327,15.697675110663186
2019-09-11,1149,gt2r,PRE_BREACH,99,47.56721967098972,34.64023168343706,175.8668321213491,15.726984941533004
2019-09-15,1209,gt1l,PRE_BREACH,106,47.147377848708096,33.84623142246626,69.8088107662046,15.697437262862968
2019-09-15,1209,gt1r,PRE_BREACH,421,47.1539785565702,33.845960743410565,70.11169499570254,15.686716755063827
2019-09-15,1209,gt2l,PRE_BREACH,113,47.11810275729864,33.799465874907256,63.429436402134726,15.654728526278198
2019-09-15,1209,gt3l,PRE_BREACH,72,47.06294812971856,33.74913344508871,54.4327636976082,15.621227585090734
2019-09-15,1209,gt2r,PRE_BREACH,339,47.119421654256016,33.79843378669947,63.579512000810496,15.695164595077172
2019-09-15,1209,gt3r,PRE_BREACH,280,47.06073588552224,33.74760510132115,54.17581414392947,15.648253441616797
2019-09-29,45,gt1l,PRE_BREACH,124,47.61566474650712,35.15197747941217,251.51396017329117,15.689068066050377
2019-09-29,45,gt2l,PRE_BREACH,112,47.59658737088489,35.19770867285507,248.6352609916123,15.683671740430125
2019-09-29,45,gt3l,PRE_BREACH,73,47.5725480636785,35.244110103753094,244.90666151778345,15.794598265702904
2019-09-29,45,gt1r,PRE_BREACH,544,47.62042072157893,35.152515794302055,251.91956989171243,15.747314626969375
2019-09-29,45,gt2r,PRE_BREACH,375,47.59407226521373,35.19930331613568,248.331331845843,15.796009465258985
2019-09-29,45,gt3r,PRE_BREACH,305,47.57256140056765,35.24533266765815,244.87575435093208,15.721830683717837
2019-10-03,105,gt1l,PRE_BREACH,144,47.56687349046599,34.5101375186287,158.44655484561972,15.69857057180196
2019-10-03,105,gt2l,PRE_BREACH,95,47.57347460178077,34.552188833328835,161.48178126073373,15.701998486064811
2019-10-03,105,gt3l,PRE_BREACH,97,47.57556483338609,34.59486336447846,164.28740846668904,15.72345614480581
2019-10-03,105,gt1r,PRE_BREACH,558,47.56835681023901,34.51104575520782,158.45758705969118,15.71579731745078
2019-10-03,105,gt2r,PRE_BREACH,327,47.57337698464914,34.553320011699306,161.5626456789161,15.722329543031073
2019-10-03,105,gt3r,PRE_BREACH,410,47.574772691094935,34.59617946120499,164.41953959667302,15.754340302313022
2019-10-07,165,gt2r,PRE_BREACH,19,47.02961513349634,33.72174801247965,52.408120428593534,15.72384952182396
2019-10-07,165,gt1r,PRE_BREACH,111,47.02048516858892,33.68047384813988,42.10195833012972,15.654834802326246
2019-10-07,165,gt1l,PRE_BREACH,24,47.03320292725133,33.67746796196934,43.46104441928643,15.642412001751069
2019-10-07,165,gt2l,PRE_BREACH,3,47.05490426784363,33.71702028874404,51.15876100165891,15.68113005107378
2019-10-07,165,gt3l,PRE_BREACH,15,47.06133635804503,33.75870071125153,54.81251530356764,15.70934025604445
2019-10-07,165,gt3r,PRE_BREACH,67,47.06144955246496,33.75991591426153,54.886021106316775,15.681635318590915
2019-10-10,205,gt3l,PRE_BREACH,90,47.51366143703503,34.85040120041469,195.7515346555796,15.675400078498097
2019-10-10,205,gt1l,PRE_BREACH,130,47.47608096769782,34.93090186871532,203.31678868105897,15.696105252782775
2019-10-10,205,gt2l,PRE_BREACH,108,47.48066465892345,34.88867644956625,193.3664183008396,15.641572582714812
2019-10-10,205,gt3r,PRE_BREACH,349,47.51441564748728,34.84927886477314,195.7993811154193,15.680126830976976
2019-10-10,205,gt1r,PRE_BREACH,478,47.47730463909577,34.9298418211424,203.1887068278036,15.705465957273214
2019-10-10,205,gt2r,PRE_BREACH,335,47.4818481715396,34.88757043928028,193.45915997604084,15.75450274062944
2019-10-14,265,gt3l,PRE_BREACH,147,47.45560639933756,34.06376833682611,110.71480293805442,15.68417718824792
2019-10-14,265,gt2l,PRE_BREACH,90,47.46040606627046,34.10732200366684,110.78056956091083,15.676252937537614
2019-10-14,265,gt3r,PRE_BREACH,595,47.45100955093736,34.061903375905345,110.22884553535953,15.670634828720734
2019-10-14,265,gt2r,PRE_BREACH,305,47.46330670260311,34.106481912546265,111.10866030671072,15.802039501026334
2019-10-14,265,gt1l,PRE_BREACH,187,47.41073338956004,34.1431071539332,108.64883206063676,15.732125626511277
2019-10-14,265,gt1r,PRE_BREACH,575,47.41875035300673,34.1430149628784,108.64883206063676,15.70816450514246
2019-11-01,545,gt3l,PRE_BREACH,61,47.52931516112318,34.731209928040634,182.2418826828041,15.749783912591925
2019-11-01,545,gt2l,PRE_BREACH,68,47.53759656053322,34.68708072548048,179.07440649184196,15.751639656007692
2019-11-01,545,gt3r,PRE_BREACH,240,47.5306103636676,34.732264406370284,182.21368387624184,15.756309699865954
2019-11-01,545,gt2r,PRE_BREACH,230,47.53623188878747,34.68848915787354,179.25200904441584,15.810618318277257
2019-11-01,545,gt1l,PRE_BREACH,34,47.564531414278605,34.64037452551488,175.57207973084576,15.761884556433992
2019-11-01,545,gt1r,PRE_BREACH,144,47.56493240623005,34.64143445659891,175.62684251604915,15.777610132221705
2019-11-05,609,gt1l,PRE_BREACH,60,47.196934667661104,33.91400421818879,76.9960045756953,15.750112556189489
2019-11-05,609,gt1r,PRE_BREACH,240,47.19796213962538,33.91508820467649,77.13303743470873,15.80325736143352
2019-11-05,609,gt2l,PRE_BREACH,92,47.25361527484321,33.948644250403724,83.2667958128013,15.79054371779244
2019-11-05,609,gt2r,PRE_BREACH,330,47.26846323263828,33.94773632569359,85.15404246434683,15.798103515049544
2019-11-05,609,gt3l,PRE_BREACH,321,47.40143079191515,33.97056690831766,100.67455889343104,15.73823769589024
2019-11-05,609,gt3r,PRE_BREACH,1343,47.40164638050757,33.971741120693046,100.69193358423766,15.774051762222244
2019-11-09,669,gt3l,PRE_BREACH,30,46.79594239203134,33.406405835914285,2.6011187070400976,15.723175290145956
2019-11-09,669,gt2l,PRE_BREACH,4,46.78708801682397,33.36532971090476,0.0,15.735161187499072
2019-11-09,669,gt3r,PRE_BREACH,109,46.799841942751776,33.407036889584475,2.977966032567056,15.726875990856438
2019-11-09,669,gt2r,PRE_BREACH,16,46.78780118075388,33.366358506198125,0.0551489422522854,15.715827011270909
2019-11-12,705,gt3l,PRE_BREACH,96,47.578438525611375,34.60018874152827,164.41125205291718,15.800427962797302
2019-11-12,705,gt1l,PRE_BREACH,54,47.55840080435492,34.68324784503099,177.40295613967606,15.87155685646644
2019-11-12,705,gt3r,PRE_BREACH,449,47.58197152155319,34.599530127768446,164.1331655074243,15.776821777669552
2019-11-12,705,gt2l,PRE_BREACH,41,47.56555565535939,34.64133346008206,175.69450034590548,15.87353689332812
2019-11-12,705,gt1r,PRE_BREACH,228,47.55787150087523,34.68197213765871,177.36485262467963,15.788012365555552
2019-11-12,705,gt2r,PRE_BREACH,131,47.5679256773463,34.64042322159406,175.901041796667,15.771197892084864
2019-11-16,769,gt1l,PRE_BREACH,79,47.14606348919863,33.84601803398744,69.73028128534082,15.842416977352745
2019-11-16,769,gt1r,PRE_BREACH,313,47.14925764545283,33.8453404302598,69.83959498714928,15.748627809560006
2019-11-16,769,gt2l,PRE_BREACH,85,47.11651986343293,33.7992486065446,63.25448693008964,15.781874199823902
2019-11-16,769,gt3l,PRE_BREACH,54,47.05583933520715,33.74817722042116,53.81700511185337,15.736442339747478
2019-11-16,769,gt2r,PRE_BREACH,259,47.11697289595714,33.798167630741915,63.30861498665449,15.735111871601925
2019-11-16,769,gt3r,PRE_BREACH,211,47.05506533558643,33.74699299072631,53.69262405921011,15.702417181563415
2019-11-30,989,gt3r,PRE_BREACH,975,47.57214884144737,35.115775425149344,227.5273852968704,15.651310684446942
2019-11-30,989,gt3l,PRE_BREACH,245,47.57687011032994,35.11398541805344,227.0811476146582,15.680637024704431
2019-11-30,989,gt2l,PRE_BREACH,274,47.57711091552947,35.070991359226745,225.471881203399,15.637376341972294
2019-11-30,989,gt1l,PRE_BREACH,36,47.54616500831148,35.03248462291338,210.59941026550703,15.671023261848145
2019-11-30,989,gt2r,PRE_BREACH,801,47.57334614715453,35.07270533279396,225.06788402582777,15.676845016870963
2019-11-30,989,gt1r,PRE_BREACH,224,47.546677257569954,35.03356018271408,210.64079615919815,15.649942517495424
2019-12-04,1049,gt2l,PRE_BREACH,94,47.46447113172419,34.17843779597314,124.94156426810262,15.625072698808976
2019-12-04,1049,gt2r,PRE_BREACH,291,47.46850042496832,34.179109645880594,125.04782182136807,15.63337531617626
2019-12-04,1049,gt1l,PRE_BREACH,160,47.44723192882599,34.13802720638076,109.00591913192837,15.6138919432214
2019-12-04,1049,gt1r,PRE_BREACH,658,47.44481851446974,34.13955990322105,108.72413056160062,15.6682687584967
2019-12-04,1049,gt3l,PRE_BREACH,76,47.47624614257388,34.21965076663399,129.16761868285852,15.638308811145974
2019-12-04,1049,gt3r,PRE_BREACH,298,47.47558845287665,34.220928296877766,129.26975535764086,15.66924055316314
2019-12-08,1109,gt1l,PRE_BREACH,99,46.8262793804492,33.44726909834216,7.10436184068407,15.557101471480031
2019-12-08,1109,gt3l,PRE_BREACH,190,46.837217206028605,33.530440219724056,15.236594863235316,15.58577554548314
2019-12-08,1109,gt2l,PRE_BREACH,55,46.83556672651952,33.48831438929988,10.306183709710394,15.604851809352924
2019-12-08,1109,gt1r,PRE_BREACH,337,46.827180299094906,33.44830646828633,7.219670917643698,15.650525666530031
2019-12-08,1109,gt3r,PRE_BREACH,710,46.8363250378,33.53173990549657,15.369157165592783,15.613290220301032
2019-12-08,1109,gt2r,PRE_BREACH,220,46.83626940974944,33.48943692938682,10.421851860421423,15.588084198227506
2020-01-02,105,gt3r,PRE_BREACH,2,47.53677656588818,34.601556661587686,167.30846282523655,15.789886413606151
2020-01-06,165,gt1r,PRE_BREACH,9,47.15753201996333,33.85585910350959,70.95923738693845,15.831241228284645
2020-01-06,165,gt2r,PRE_BREACH,3,47.165222042648736,33.897420804513125,72.25703857337672,15.828446096402883
2020-01-09,205,gt1l,PRE_BREACH,94,47.83822930561576,35.04787391716188,275.2087854620562,15.880707833311652
2020-01-09,205,gt2l,PRE_BREACH,22,47.53433955439398,34.96135147935245,202.7937106026595,15.702432786973914
2020-01-09,205,gt1r,PRE_BREACH,11,47.566786800590606,35.007764663574186,209.73083156962457,15.68340804209019
2020-01-09,205,gt2r,PRE_BREACH,87,47.53506578137294,34.96027095488117,202.6866460094288,15.70074080849142
2020-01-09,205,gt3l,PRE_BREACH,52,47.50563119650857,34.91440559728947,200.8517252117177,15.625851870260067
2020-01-09,205,gt3r,PRE_BREACH,245,47.50407647272157,34.91292910812035,200.8198676185354,15.702801307357785
2020-01-13,265,gt1l,PRE_BREACH,306,47.48810715387174,34.21913144397636,129.01653898966708,15.67275564644165
2020-01-13,265,gt1r,PRE_BREACH,1313,47.49648742551087,34.219131123677194,128.93731805713125,15.633761414839148
2020-01-13,265,gt3l,PRE_BREACH,115,47.46097884903232,34.129524287234794,110.60861027180675,15.63409136634744
2020-01-13,265,gt2l,PRE_BREACH,118,47.43579535242706,34.16881187609407,108.64883206063676,15.64135945942035
2020-01-13,265,gt3r,PRE_BREACH,459,47.465009965158025,34.12888373141987,111.05899240318884,15.630822994666094
2020-01-13,265,gt2r,PRE_BREACH,449,47.426086132628086,34.16621422638389,108.64883206063676,15.6989899941584
2020-01-31,545,gt3l,PRE_BREACH,147,47.46816366178267,34.934542623718855,203.9237354254943,15.717007703604445
2020-01-31,545,gt2l,PRE_BREACH,141,47.47424610889578,34.890795021783624,193.1548887792986,15.741107751874594
2020-01-31,545,gt3r,PRE_BREACH,605,47.468273483820326,34.93567955490398,203.99717365408327,15.738474106087043
2020-01-31,545,gt2r,PRE_BREACH,465,47.47332197665294,34.89210950958449,193.1548887792986,15.807294825012931
2020-01-31,545,gt1l,PRE_BREACH,111,47.508142353142176,34.843087170625424,194.98100653678955,15.771623731932022
2020-01-31,545,gt1r,PRE_BREACH,453,47.50691896890813,34.8444053783583,194.8897891319823,15.773666137605336
2020-02-04,609,gt3l,PRE_BREACH,143,47.45857254989481,34.15720829569076,123.27187459715324,15.827407427536556
2020-02-04,609,gt1l,PRE_BREACH,125,47.4698506324949,34.06981532233645,112.21783590116824,15.814970968254444
2020-02-04,609,gt2l,PRE_BREACH,98,47.44023356854058,34.11688386092532,108.64883206063676,15.783698036594627
2020-02-04,609,gt3r,PRE_BREACH,583,47.45709344434535,34.158516276893764,123.34908553044792,15.78277669190861
2020-02-04,609,gt2r,PRE_BREACH,377,47.42712619180497,34.119929784669345,108.64883206063676,15.82819124117598
2020-02-04,609,gt1r,PRE_BREACH,485,47.472497233749486,34.07060956394171,112.50060982347104,15.830841784581525
2020-02-08,669,gt1l,PRE_BREACH,45,46.78870076485658,33.387811392196866,1.1097800678904115,15.860866207779845
2020-02-08,669,gt1r,PRE_BREACH,202,46.7889639500422,33.38892257880978,1.1837571203318047,15.845811997890578
2020-02-08,669,gt2l,PRE_BREACH,44,46.8174719038994,33.42609002739183,5.3291528572760125,15.804244218779544
2020-02-08,669,gt2r,PRE_BREACH,135,46.81783570630704,33.427190630428136,5.418923315897326,15.863629795277514
2020-02-08,669,gt3l,PRE_BREACH,31,46.83422020980564,33.46614611655784,8.786042632724635,15.884186247536189
2020-02-08,669,gt3r,PRE_BREACH,126,46.83503758837252,33.46711084597606,8.892248308382108,15.811232433989966
2020-02-15,769,gt1l,PRE_BREACH,11,47.04488223789348,33.637168346496566,44.69057244591183,15.946768716644955
2020-02-15,769,gt1r,PRE_BREACH,10,47.04495296891496,33.636004080237385,44.696487659737535,15.93653394434363
2020-02-29,989,gt3l,PRE_BREACH,879,47.58813354737574,35.17708057273233,248.30124807634252,15.914257484715073
2020-02-29,989,gt2l,PRE_BREACH,1236,47.55781528831735,35.13847803422278,229.86211585840584,15.858151203082125
2020-02-29,989,gt1l,PRE_BREACH,1368,47.55086029954997,35.09654753815544,222.7548971179407,15.909361214739269
2020-02-29,989,gt3r,PRE_BREACH,3428,47.58987471071819,35.17799805913744,248.45815457513015,15.909392318561526
2020-02-29,989,gt2r,PRE_BREACH,4359,47.556416350971205,35.139825297953195,230.0407260411124,15.920843741151147
2020-02-29,989,gt1r,PRE_BREACH,5220,47.54799035741077,35.098097509410245,222.44875691581777,15.838196269349137
2020-03-04,1049,gt1l,PRE_BREACH,505,47.51897722627884,34.32245943652131,136.94900671291157,15.91008235225863
2020-03-04,1049,gt1r,PRE_BREACH,1984,47.51934855242963,34.3235446965096,137.02254790924562,15.88905362366178
2020-03-04,1049,gt2l,PRE_BREACH,302,47.52254846670912,34.36485163410151,139.80786591148245,15.903763940539466
2020-03-04,1049,gt3l,PRE_BREACH,125,47.5284044434318,34.406885878280015,144.74750972486802,15.89028773097112
2020-03-04,1049,gt2r,PRE_BREACH,1048,47.52276028370928,34.36597091086422,139.80786591148245,15.933608183083646
2020-03-04,1049,gt3r,PRE_BREACH,508,47.52869810388317,34.40801211652969,144.81811649584586,15.904706538834564
2020-03-08,1109,gt1l,PRE_BREACH,133,46.91442046148355,33.6295293272537,30.02847134112939,15.905058177859129
2020-03-08,1109,gt1r,PRE_BREACH,515,46.91531906328576,33.63053471521699,30.1352018609335,15.894491083076176
2020-03-08,1109,gt2l,PRE_BREACH,137,46.97879985460354,33.66290282646618,37.39438319105136,15.89980896982937
2020-03-08,1109,gt2r,PRE_BREACH,444,46.97926099919304,33.66398379745534,37.45387153850399,15.934953674503925
2020-03-08,1109,gt3l,PRE_BREACH,79,47.02054677573813,33.6995228311731,42.205561988471366,15.90051858596432
2020-03-08,1109,gt3r,PRE_BREACH,310,47.01935359454664,33.70082270047607,42.07987720460324,15.888074487508511
2020-03-11,1149,gt3r,PRE_BREACH,1,47.56034837457911,34.66122469019811,175.31961931663966,16.00017157508764
2020-03-29,45,gt1r,PRE_BREACH,585,47.60594359326048,35.21952400033829,249.03240425734984,15.970343567256831
2020-03-29,45,gt1l,PRE_BREACH,160,47.60543789549846,35.21839387438825,249.0096281809521,15.987756050253733
2020-03-29,45,gt2r,PRE_BREACH,34,47.57156765226182,35.267463210788094,244.187922180256,15.992888208366123
2020-03-29,45,gt2l,PRE_BREACH,12,47.63188902496797,35.25770791153401,260.76768651403466,15.933426518882758
2020-04-02,105,gt2l,PRE_BREACH,87,47.55542811019225,34.489849542877266,157.41621546783512,15.948451898842958
2020-04-02,105,gt1l,PRE_BREACH,81,47.5520508773898,34.447331249267926,150.63779723172243,16.022243616613654
2020-04-02,105,gt2r,PRE_BREACH,263,47.55495192307789,34.491100826411085,157.5224554774193,16.007871406715264
2020-04-02,105,gt1r,PRE_BREACH,280,47.54899184174256,34.448948278007954,150.29325874530352,15.987539902185109
2020-04-02,105,gt3l,PRE_BREACH,70,47.57159859766391,34.5305027974379,159.8433528408269,16.02101917568104
2020-04-02,105,gt3r,PRE_BREACH,259,47.57263112636542,34.53161079860199,159.9491282073403,15.976206965973608
2020-04-06,165,gt1l,PRE_BREACH,80,47.046932056475285,33.74050895105446,52.8650873316906,15.959622177254351
2020-04-06,165,gt1r,PRE_BREACH,300,47.049714991437725,33.741303747996035,52.96534936438906,15.923882324250409
2020-04-06,165,gt2l,PRE_BREACH,84,47.086899091447336,33.777484085605046,57.28636894078028,15.912767014233417
2020-04-06,165,gt2r,PRE_BREACH,270,47.0889740481806,33.778376365165045,57.41978265905377,15.941284230403117
2020-04-06,165,gt3l,PRE_BREACH,121,47.13125547440821,33.81380007531325,64.83880834726945,15.97967212347096
2020-04-06,165,gt3r,PRE_BREACH,521,47.13638398822311,33.81431088363242,65.69696275529326,15.912627109789897
2020-04-08,205,gt3l,PRE_BREACH,231,47.645702763773365,35.06369300387945,226.04580889262547,16.09522484337282
2020-04-08,205,gt2l,PRE_BREACH,243,47.63918759865508,35.10580795978844,253.6043013729272,16.05073163193265
2020-04-08,205,gt3r,PRE_BREACH,998,47.6510949318326,35.06334505784401,254.56844219648545,16.048275964959423
2020-04-08,205,gt2r,PRE_BREACH,725,47.62245333748111,35.10229932661733,226.04580889262547,16.08451612776412
2020-04-08,205,gt1r,PRE_BREACH,1004,47.62862548837592,35.14621451305155,252.7735077299059,16.079407317296102
2020-04-08,205,gt1l,PRE_BREACH,245,47.62952203082132,35.14747466886899,252.88307581134143,16.102951177493132
2020-04-12,265,gt2l,PRE_BREACH,193,47.501880225689206,34.24288844670158,129.82507155939743,16.02969870350567
2020-04-12,265,gt3l,PRE_BREACH,139,47.44683890666889,34.19224963293602,127.3870079740231,16.02979035937181
2020-04-12,265,gt2r,PRE_BREACH,677,47.50597268480665,34.24235192030142,129.98185513283272,16.005956516574336
2020-04-12,265,gt3r,PRE_BREACH,564,47.448317136963446,34.19126024308987,127.2987696987622,16.06024061557022
2020-04-12,265,gt1l,PRE_BREACH,110,47.50705381787274,34.28654250915874,134.50753080854787,16.005513001567227
2020-04-12,265,gt1r,PRE_BREACH,449,47.50637045590285,34.28531306809413,134.42910173256146,16.028676716694644
2020-04-16,325,gt1l,PRE_BREACH,14,46.83410765224546,33.477563004666536,9.561028170822407,15.61364752127034
2020-04-16,325,gt2l,PRE_BREACH,25,46.81138815160611,33.431994680559086,5.221808743213278,15.60465734478691
2020-04-16,325,gt1r,PRE_BREACH,61,46.83255606846933,33.47624519079584,9.394539016790423,15.626731399817414
2020-04-16,325,gt2r,PRE_BREACH,75,46.812364336746136,33.431044284045775,5.238857169511225,15.658388960049576
2020-04-16,325,gt3l,PRE_BREACH,29,46.78464278475266,33.3859434585092,0.6625397703092629,15.670467667623557
2020-04-16,325,gt3r,PRE_BREACH,101,46.78656422973088,33.385086652557035,0.7952136424210936,15.624995107055048
2020-05-01,545,gt3l,PRE_BREACH,207,47.546899343403005,34.79377652055877,184.6897911172097,15.888454246154586
2020-05-01,545,gt3r,PRE_BREACH,828,47.54950467206972,34.79461947893426,184.55778562361257,15.883759579119673
2020-05-01,545,gt2l,PRE_BREACH,38,47.54436473572204,34.751126458458764,182.36379802022452,15.911984682953962
2020-05-01,545,gt1l,PRE_BREACH,112,47.54410240059303,34.70819825045994,179.8621157242646,15.963431510209256
2020-05-01,545,gt2r,PRE_BREACH,134,47.54205978397509,34.752725508183815,182.6180656742818,15.934010431412917
2020-05-01,545,gt1r,PRE_BREACH,406,47.541720669798,34.70979245415894,180.12136783838264,15.8982459092602
2020-05-05,609,gt3l,PRE_BREACH,3,47.3311432330768,34.04533806457149,92.53037018664791,15.90079250721152
2020-05-05,609,gt3r,PRE_BREACH,25,47.35770368367378,34.042899140271366,96.58117455621952,15.887231744102436
2020-05-11,705,gt2l,PRE_BREACH,60,47.56470646656109,34.57619862026388,163.90606896201425,15.846052917775712
2020-05-11,705,gt3l,PRE_BREACH,60,47.56642557137866,34.533546723846285,159.94529151120136,15.905372403029656
2020-05-11,705,gt1l,PRE_BREACH,39,47.56910726633989,34.619770914441446,166.211356955958,15.8739624065141
2020-05-11,705,gt2r,PRE_BREACH,195,47.56636981619817,34.57534811706331,163.74289357351867,15.916147393265147
2020-05-11,705,gt3r,PRE_BREACH,246,47.565179055037326,34.53219002510831,159.816183218943,15.872701095327042
2020-05-11,705,gt1r,PRE_BREACH,190,47.56426294649881,34.61799515033781,166.4327856301801,15.90190577688392
2020-05-15,769,gt2l,PRE_BREACH,192,47.03990843080688,33.72365331646574,52.17484582455615,15.937879117097216
2020-05-15,769,gt1l,PRE_BREACH,263,47.08276066814774,33.77225484130595,56.77031970100629,15.956699687094645
2020-05-15,769,gt2r,PRE_BREACH,58,47.04937595871707,33.723879933770355,51.8505756250881,15.923013585944206
2020-05-15,769,gt1r,PRE_BREACH,62,47.07346257593963,33.769758594578164,56.28119412053409,15.914100550912943
2020-05-15,769,gt3l,PRE_BREACH,318,46.99193247227403,33.67443856541222,38.90536222237721,15.90560774313156
2020-05-15,769,gt3r,PRE_BREACH,89,46.97323393309512,33.67071573974928,36.84076570029406,15.93240394689338
2020-05-30,989,gt2l,PRE_BREACH,80,47.466392619553744,35.02153606398883,206.2362418148087,15.952590624072352
2020-05-30,989,gt1l,PRE_BREACH,229,47.4990892735556,34.974189831727415,205.26440771332364,15.858248349864695
2020-05-30,989,gt2r,PRE_BREACH,24,47.46257143637371,35.02339216889454,206.2362418148087,15.85926198297864
2020-05-30,989,gt1r,PRE_BREACH,54,47.49337873186326,34.97619802527303,205.6598278021018,15.915317176912986
2020-06-03,1049,gt1l,PRE_BREACH,354,47.48782978670153,34.19688863903667,127.3494683161372,15.919996929327004
2020-06-03,1049,gt3l,PRE_BREACH,534,47.51233072613398,34.27918611328471,133.86242567907368,15.928923920437535
2020-06-03,1049,gt2l,PRE_BREACH,488,47.53079251628079,34.233715657085405,130.56610186462402,15.992789568496764
2020-06-03,1049,gt3r,PRE_BREACH,138,47.51204516420284,34.2804937442246,133.9648420091471,15.952393294836138
2020-06-03,1049,gt1r,PRE_BREACH,92,47.48969335593316,34.19788870720752,127.40698598283883,15.98430161391912
2020-06-03,1049,gt2r,PRE_BREACH,166,47.53117557195102,34.23493242603508,130.66710764832283,15.907149283026564
2020-06-07,1109,gt2l,PRE_BREACH,110,46.8377214418086,33.55281149542675,16.74489681569383,16.040343953039645
2020-06-07,1109,gt3l,PRE_BREACH,122,46.845857502161245,33.594058093371395,21.20130648436638,15.973713887834023
2020-06-07,1109,gt1l,PRE_BREACH,195,46.84679693901271,33.5093732304474,12.320690678827734,15.93773741493609
2020-06-07,1109,gt2r,PRE_BREACH,37,46.83778218245711,33.55424050500403,16.839842481439366,15.93656299425592
2020-06-07,1109,gt3r,PRE_BREACH,47,46.858368291691725,33.59370252577465,22.46105345230926,15.992348377295794
2020-06-07,1109,gt1r,PRE_BREACH,47,46.84476170890433,33.51094581085333,12.24247222991015,15.987666068165822
2020-06-09,1149,gt3l,PRE_BREACH,3081,47.5258114175797,34.78728033813357,185.77723619948733,15.901881303133337
2020-06-09,1149,gt2l,PRE_BREACH,2903,47.51648112334762,34.828937851036464,190.7717684351519,15.952137310352342
2020-06-09,1149,gt1l,PRE_BREACH,2650,47.504071967965565,34.87011075172794,195.2907519250034,15.876514192150635
2020-06-09,1149,gt3r,PRE_BREACH,743,47.525652281457695,34.786109380608714,185.71959648383677,15.973546321579263
2020-06-09,1149,gt2r,PRE_BREACH,722,47.51678551035248,34.82782048815566,190.68447249788355,15.890276056543293
2020-06-09,1149,gt1r,PRE_BREACH,703,47.50171561824275,34.86861737446583,195.0058804239664,15.910995608431088
2020-06-28,45,gt1l,PRE_BREACH,1948,47.54664301535312,35.32400553003845,240.10119584427247,16.03551260121559
2020-06-28,45,gt1r,PRE_BREACH,464,47.54640650738892,35.32514470479608,240.04653918201265,16.05564713120553
2020-07-02,105,gt2l,PRE_BREACH,379,47.56686485034253,34.585335842476,164.3061467971904,16.050119253665336
2020-07-02,105,gt1l,PRE_BREACH,392,47.57255211509364,34.54159485370816,160.68124174656992,16.014320406841925
2020-07-02,105,gt3l,PRE_BREACH,253,47.572157118719154,34.62758239593868,166.47161757558104,16.012318654438356
2020-07-02,105,gt2r,PRE_BREACH,113,47.56975806063702,34.5861847951716,164.16138918298353,16.058052276232
2020-07-02,105,gt1r,PRE_BREACH,100,47.57273505335953,34.542740802284854,160.76979341223725,16.066815067109392
2020-07-02,105,gt3r,PRE_BREACH,67,47.57195727532001,34.62884700999547,166.56063820161933,16.09604677748069
2020-07-06,165,gt1l,PRE_BREACH,276,47.135051863942216,33.82520034577723,65.7817455923836,16.00734022709936
2020-07-06,165,gt1r,PRE_BREACH,80,47.13598386779804,33.826205055086234,65.90228752234447,16.02837831940509
2020-07-06,165,gt2l,PRE_BREACH,121,47.173685879923376,33.862405058556,71.89396496622017,16.018653714936793
2020-07-06,165,gt3l,PRE_BREACH,172,47.20108477269186,33.90122264336581,76.57252810328093,16.010033905740418
2020-07-06,165,gt2r,PRE_BREACH,40,47.17779273351813,33.8629806982302,72.32069476263823,16.022815884056772
2020-07-06,165,gt3r,PRE_BREACH,54,47.20363832694862,33.90199538835695,76.80372148302023,16.057347701847316
2020-07-08,205,gt1l,PRE_BREACH,800,47.6243806452231,35.049505220338375,226.04580889262547,15.990331048780927
2020-07-08,205,gt1r,PRE_BREACH,223,47.662651710679526,35.05383794844375,255.76699199729669,16.01377414705172
2020-07-08,205,gt2l,PRE_BREACH,365,47.51687897744653,34.991180132997854,207.84813191433287,15.95108046383028
2020-07-08,205,gt3l,PRE_BREACH,378,47.49405551578179,34.94500120366996,203.48011090636632,15.94141869234886
2020-07-08,205,gt2r,PRE_BREACH,108,47.51673420226467,34.98992825838906,207.8000471404333,15.979970827555338
2020-07-08,205,gt3r,PRE_BREACH,93,47.49654648488592,34.94413831980283,203.3086189281548,15.991142217495712
2020-07-16,325,gt1l,PRE_BREACH,47,46.80730258332195,33.40896802464306,3.608643781386475,15.91794410907166
2020-07-16,325,gt1r,PRE_BREACH,7,46.81502614546777,33.408906457733885,4.164699048614988,15.90241608043855
2020-07-16,325,gt2l,PRE_BREACH,14,46.78795276643961,33.36389606628482,0.0,15.8976632833205
2020-07-31,545,gt2l,PRE_BREACH,3,47.42035255661054,34.86591312872398,193.1548887792986,15.96025364590055
2020-08-04,609,gt3l,PRE_BREACH,1332,47.45573592955076,34.125043574521754,110.07903757914757,15.930475383127147
2020-08-04,609,gt1l,PRE_BREACH,782,47.49019275673528,34.03436269613648,114.36249479921132,15.952966802526808
2020-08-04,609,gt2l,PRE_BREACH,990,47.52612800418428,34.07217318371063,117.6055672826687,15.95676408630836
2020-08-04,609,gt3r,PRE_BREACH,359,47.44916693938149,34.127137140086816,109.33400376301788,15.99501531519529
2020-08-04,609,gt2r,PRE_BREACH,302,47.52449482627673,34.073599089463265,117.71854717255998,15.946875803710594
2020-08-04,609,gt1r,PRE_BREACH,199,47.48785371615662,34.035833499739525,114.36249479921132,15.983678463562072
2020-08-06,645,gt3l,PRE_BREACH,753,47.544274309316926,35.244221725278464,241.96048549328884,15.921331893048707
2020-08-06,645,gt3r,PRE_BREACH,187,47.54426876725481,35.24303524514938,241.99127004169463,15.97344060410566
2020-08-06,645,gt2l,PRE_BREACH,455,47.51147723438289,35.282496154238906,238.5340100292404,15.965281740509187
2020-08-06,645,gt2r,PRE_BREACH,169,47.50379556174139,35.28020887481095,238.5340100292404,15.940956724143376
2020-08-06,645,gt1l,PRE_BREACH,166,47.53181834828121,35.32828262209193,238.5340100292404,15.950350451705406
2020-08-06,645,gt1r,PRE_BREACH,46,47.533939180325525,35.327439503314,238.6876903638584,15.989478144808292
2020-08-08,669,gt2l,PRE_BREACH,93,46.78980073031663,33.397212465844014,1.635063093779222,16.035553756089598
2020-08-08,669,gt2r,PRE_BREACH,31,46.79030826203535,33.39835261484276,1.732179612709725,16.03291442755031
2020-08-08,669,gt3l,PRE_BREACH,89,46.81824437154549,33.43560413250737,5.9312929403950845,15.994045326602452
2020-08-08,669,gt3r,PRE_BREACH,24,46.81839066548656,33.436756656772175,6.008101850481613,16.062130426363836
2020-08-10,705,gt1l,PRE_BREACH,2845,47.57141992853266,34.522798946156115,159.27280267924812,15.921395797835713
2020-08-10,705,gt2l,PRE_BREACH,2314,47.56719837818124,34.47931527582549,156.24180718738052,15.914514026545612
2020-08-10,705,gt3l,PRE_BREACH,1033,47.5361856049218,34.43198591733309,146.27841211554207,15.9041245720596
2020-08-10,705,gt1r,PRE_BREACH,774,47.5743800312613,34.52204735559841,159.2873146456788,16.001701209148713
2020-08-10,705,gt2r,PRE_BREACH,583,47.56511051944546,34.47775916993592,156.20641168496255,15.919132789733425
2020-08-10,705,gt3r,PRE_BREACH,239,47.53264615746029,34.430268943464206,146.27678342348855,15.994384404297255
2020-08-14,769,gt1l,PRE_BREACH,487,46.962632480257,33.65781590543052,35.56730246949832,15.97199208377472
2020-08-14,769,gt1r,PRE_BREACH,117,46.96297675868469,33.656634960355234,35.596055674493286,15.981716262189346
2020-08-14,769,gt3l,PRE_BREACH,238,46.91576380614656,33.56638051787633,26.201139275061404,15.978201825790569
2020-08-14,769,gt3r,PRE_BREACH,57,46.91520410740007,33.56513811065813,26.09474976888972,16.00168168324562
2020-08-14,769,gt2l,PRE_BREACH,284,46.90818298020723,33.607733225140066,27.40709349822584,15.97477846358994
2020-08-14,769,gt2r,PRE_BREACH,88,46.911328159929504,33.6069973801798,27.65381998846101,15.965464301175832
2020-08-29,989,gt3l,PRE_BREACH,4982,47.58042599197607,35.145770655038014,228.62439662128796,15.871540097248385
2020-08-29,989,gt2l,PRE_BREACH,3658,47.567991307683634,35.10459966465517,224.7094557981708,15.891064193426244
2020-08-29,989,gt1l,PRE_BREACH,2781,47.5518995504622,35.06396349406186,222.630980225748,15.87852735542177
2020-08-29,989,gt3r,PRE_BREACH,1258,47.58227350595332,35.146659227528794,228.539842231268,15.924234655155294
2020-08-29,989,gt2r,PRE_BREACH,983,47.56420408543585,35.1063094651796,224.3030151303996,15.878408442567787
2020-08-29,989,gt1r,PRE_BREACH,709,47.55363944727269,35.064857068442485,222.83002630356333,15.90469148822466
2020-09-02,1049,gt1l,PRE_BREACH,722,47.51635095870526,34.29033777358119,134.61460758192183,15.869897886795222
2020-09-02,1049,gt2l,PRE_BREACH,438,47.505179122411846,34.334752777976746,137.15429152499593,15.8787605113671
2020-09-02,1049,gt1r,PRE_BREACH,182,47.51544467189607,34.291611539982746,134.72616674594522,15.894665996223
2020-09-02,1049,gt2r,PRE_BREACH,106,47.52244703495664,34.3335367739511,137.77589848328944,15.908894270015344
2020-09-02,1049,gt3l,PRE_BREACH,287,47.52315100752983,34.37511506262656,140.3604854394259,15.859083178452728
2020-09-02,1049,gt3r,PRE_BREACH,53,47.52532760830752,34.37600235686203,140.55798962995073,15.914059695951952
2020-09-08,1149,gt3l,PRE_BREACH,61,47.55680549534937,34.694374899773514,178.16714517044488,15.810081886392432
2020-09-08,1149,gt1l,PRE_BREACH,130,47.54408312502164,34.778502881108494,183.98985825811656,15.814627830424822
2020-09-08,1149,gt3r,PRE_BREACH,12,47.56178728995948,34.693851262482184,177.79000330384844,15.876119572380352
2020-09-08,1149,gt1r,PRE_BREACH,30,47.54589289687566,34.77759215678789,183.810413713232,15.819387663793892
2020-09-08,1149,gt2l,PRE_BREACH,11,47.5153747446817,34.73149371818227,183.2284410998323,15.793018563553913
2020-09-12,1209,gt1l,PRE_BREACH,1991,47.41926822896835,33.982281254112166,102.16675911868028,15.864338103728109
2020-09-12,1209,gt1r,PRE_BREACH,465,47.42778354822788,33.98224276492663,102.67971669343514,15.850945789057846
2020-09-12,1209,gt2l,PRE_BREACH,1022,47.41191338426162,33.93834809619419,101.6838432346947,15.86526708215368
2020-09-12,1209,gt2r,PRE_BREACH,308,47.41070388380534,33.93698890496813,101.6838432346947,15.842192329547242
2020-09-12,1209,gt3l,PRE_BREACH,270,47.174366647238486,33.862036446113656,71.94878444720882,15.895908319524915
2020-09-12,1209,gt3r,PRE_BREACH,70,47.1692019416838,33.860149386639804,71.37223250372112,15.884265865797904
2020-09-27,45,gt1l,PRE_BREACH,29,47.53544196443914,35.26067418773722,240.6062416635656,15.603267011894593
2020-09-27,45,gt1r,PRE_BREACH,3,47.45813884506563,35.27287780429324,238.5340100292404,15.719072970981712
2020-09-27,45,gt2l,PRE_BREACH,6,47.57831221111266,35.297500493553024,244.09774382265385,15.673320599069388
2020-10-01,105,gt1l,PRE_BREACH,332,47.540192568746,34.48136472691351,149.22065233044293,15.78333499472352
2020-10-01,105,gt3l,PRE_BREACH,151,47.54636126894866,34.56638675389155,164.55883331227838,15.79328252449553
2020-10-01,105,gt2l,PRE_BREACH,151,47.55049085111194,34.522846534477715,158.78306012609195,15.822171753395176
2020-10-01,105,gt1r,PRE_BREACH,77,47.53774321196246,34.482879817615725,148.944173152128,15.84549470369407
2020-10-01,105,gt3r,PRE_BREACH,39,47.54704371469563,34.56750880772652,164.57981019178513,15.833732319310997
2020-10-01,105,gt2r,PRE_BREACH,49,47.55171903786324,34.523903566776205,158.88974049394196,15.761430069691988
2020-10-05,165,gt1l,PRE_BREACH,153,47.079274741449815,33.76814066510638,56.35665103290527,15.913901320929826
2020-10-05,165,gt2l,PRE_BREACH,224,47.11332704412562,33.805940356216205,62.87632232652287,15.905845037822246
2020-10-05,165,gt3l,PRE_BREACH,283,47.13458943941909,33.84558669567621,66.15783660867953,15.915861955993927
2020-10-05,165,gt1r,PRE_BREACH,38,47.08563523951282,33.76841225851413,56.58721131278691,15.909117624669513
2020-10-05,165,gt2r,PRE_BREACH,67,47.11687706479045,33.80664039463173,63.26794013984906,15.890522938160323
2020-10-05,165,gt3r,PRE_BREACH,75,47.133082048106665,33.84697878082991,66.02585884288837,15.931316527871044
2020-10-07,205,gt3l,PRE_BREACH,423,47.48567906594021,35.00857237506623,206.2362418148087,15.803249930997076
2020-10-07,205,gt2l,PRE_BREACH,579,47.558317786329205,35.06182987509193,223.32551113450643,15.83729023437199
2020-10-07,205,gt1l,PRE_BREACH,776,47.594858721172415,35.11001537386463,226.04580889262547,15.821018155694144
2020-10-07,205,gt2r,PRE_BREACH,177,47.56361625699508,35.06137744829797,223.90844639650453,15.80868669971131
2020-10-07,205,gt1r,PRE_BREACH,182,47.59331789434435,35.10864187450935,226.04580889262547,15.842253031856892
2020-10-07,205,gt3r,PRE_BREACH,104,47.484479067749255,35.00722224752035,206.2362418148087,15.812840333643992
2020-10-11,265,gt3l,PRE_BREACH,388,47.44590200211438,34.224540077911335,129.42342139196643,15.844556720445503
2020-10-11,265,gt2l,PRE_BREACH,166,47.46241809244558,34.26977952076616,129.79538906961255,15.870359900327244
2020-10-11,265,gt3r,PRE_BREACH,99,47.44493005486894,34.223214939637735,129.42342139196643,15.859423444432474
2020-10-11,265,gt2r,PRE_BREACH,49,47.46438400669683,34.26884939177737,129.82474010643867,15.832100554776302
2020-10-15,325,gt1l,PRE_BREACH,74,46.80606469421411,33.44117663317764,5.3582573191203,15.824855777979783
2020-10-15,325,gt2l,PRE_BREACH,118,46.77579599160979,33.394616146829364,0.2665380910643598,15.856470404776507
2020-10-15,325,gt1r,PRE_BREACH,15,46.80211297685205,33.43952172136722,4.973731675360384,15.865042889236213
2020-10-15,325,gt2r,PRE_BREACH,22,46.77150984222965,33.39282898764294,0.0,15.833430695947325
2020-11-28,989,gt1l,PRE_BREACH,22,47.47564079898904,35.04256291219632,215.1949961468253,15.748245817752604
2020-11-28,989,gt3l,PRE_BREACH,35,47.62397651084815,35.10733247693135,251.93624945926487,15.763135093109728
2020-11-28,989,gt2l,PRE_BREACH,41,47.47811368292032,35.085078520900105,216.9201662281432,15.763859042150004
2020-11-28,989,gt1r,PRE_BREACH,3,47.47967576332095,35.043174215497025,215.0094277676175,15.77376253374578
2020-11-28,989,gt3r,PRE_BREACH,11,47.49211094922031,35.12710461293116,216.9201662281432,15.754517986846496
2020-11-28,989,gt2r,PRE_BREACH,11,47.47553903562691,35.08658020229179,216.9201662281432,15.738587259721063
2020-12-05,1109,gt2l,PRE_BREACH,78,46.83182024810352,33.574301895362744,18.505281126191985,15.952239341334115
2020-12-05,1109,gt3l,PRE_BREACH,269,46.88635865343873,33.60907907512512,25.497650499196748,15.92578502871623
2020-12-05,1109,gt1l,PRE_BREACH,71,46.83853018866988,33.53100902618491,15.211554712891164,15.985991056873562
2020-12-05,1109,gt2r,PRE_BREACH,18,46.83684329922702,33.574888366711704,18.3002698678642,15.956599085325056
2020-12-05,1109,gt3r,PRE_BREACH,66,46.88669304659098,33.61023568137624,25.580945779803336,15.960162553613795
2020-12-05,1109,gt1r,PRE_BREACH,17,46.83741393497584,33.53248437361359,15.367078588511228,15.98873026052896
2020-12-08,1149,gt2l,PRE_BREACH,151,47.524306230061065,34.78591358358987,185.80183918139727,15.7178408406126
2020-12-08,1149,gt1l,PRE_BREACH,299,47.51499338626478,34.82750637535192,190.68237386456383,15.685905342560073
2020-12-08,1149,gt3l,PRE_BREACH,143,47.53102193292213,34.743958360137505,182.87161342620072,15.705939047274274
2020-12-08,1149,gt1r,PRE_BREACH,73,47.51560493405248,34.826338660884964,190.58763549760724,15.681036281450888
2020-12-08,1149,gt2r,PRE_BREACH,47,47.52370301005321,34.7846361019276,185.76886783803664,15.657907320871676
2020-12-08,1149,gt3r,PRE_BREACH,39,47.532928452002544,34.743031091968305,182.68450497078788,15.705500786793534
2020-12-30,105,gt3l,PRE_BREACH,197,47.53282329503644,34.69823826101008,180.06161436635904,15.860606366732378
2020-12-30,105,gt3r,PRE_BREACH,49,47.53076523950087,34.699615397555114,180.28561101729144,15.803985912331504
2020-12-30,105,gt2l,PRE_BREACH,76,47.55559667596806,34.65195771996162,174.70343204980813,15.812748560706632
2020-12-30,105,gt1l,PRE_BREACH,247,47.568274448124846,34.607256512603044,165.52027304855216,15.864204614390996
2020-12-30,105,gt2r,PRE_BREACH,22,47.55495488509518,34.653095318538654,174.64409773971946,15.830079758053534
2020-12-30,105,gt1r,PRE_BREACH,68,47.56433793852513,34.608903774733655,165.88472049062818,15.8714904385938
2021-01-06,205,gt1l,PRE_BREACH,16,47.49098729342875,34.96565972039766,205.04147286036965,15.83684983605405
2021-01-06,205,gt3l,PRE_BREACH,5,47.5043798486816,34.881622014301534,195.6346887898521,15.892504918063066
2021-01-06,205,gt3r,PRE_BREACH,1,47.52919041592924,34.883927262766655,197.86157793237143,15.895022567983416
2021-01-06,205,gt1r,PRE_BREACH,2,47.45623154068181,34.95941869039849,206.17541390234956,15.855549954628309
2021-01-06,205,gt2l,PRE_BREACH,6,47.468008237677545,34.91941412428307,193.1548887792986,15.899713217988149
2021-01-06,205,gt2r,PRE_BREACH,4,47.46808500929641,34.91827699776649,193.1548887792986,15.828396721529543
2021-01-10,265,gt3l,PRE_BREACH,632,47.49912600033068,34.10240661464669,119.97561427287138,15.891451795545477
2021-01-10,265,gt3r,PRE_BREACH,164,47.49649366294309,34.10087711676233,119.86973648319744,15.840454849719418
2021-01-10,265,gt1l,PRE_BREACH,398,47.45359012716354,34.181809543824485,126.53924623867478,15.84260905102738
2021-01-10,265,gt2l,PRE_BREACH,360,47.450652282502574,34.13849315790363,109.37739803680086,15.891466316976867
2021-01-10,265,gt1r,PRE_BREACH,100,47.45779581638325,34.18118856118299,126.45308634852977,15.887353263696024
2021-01-10,265,gt2r,PRE_BREACH,112,47.45386845122239,34.137767715725786,109.7389967195267,15.82223087102418
2021-02-05,669,gt3r,PRE_BREACH,8,46.81778789251096,33.40453810181139,4.116779560839425,16.05218047804989
2021-02-26,989,gt2l,PRE_BREACH,179,47.62468828806213,35.16138836147782,252.46518015702165,16.045466033677133
2021-02-26,989,gt1l,PRE_BREACH,335,47.69933537883039,35.10771424926448,269.22105866224007,16.101637159372487
2021-02-26,989,gt3l,PRE_BREACH,154,47.58007306719667,35.21080935725417,246.57006278154205,16.118291029008475
2021-02-26,989,gt2r,PRE_BREACH,618,47.62998429205636,35.16180621413018,253.0538025759296,16.08511390347288
2021-02-26,989,gt1r,PRE_BREACH,1333,47.69848578473852,35.10899176375512,269.09432584289215,16.0707293478394
2021-02-26,989,gt3r,PRE_BREACH,698,47.591580483003845,35.21027540104405,247.7818771275171,16.047848557903485
2021-03-09,1149,gt2l,PRE_BREACH,20,47.56332290757916,34.67336293690084,176.4804232430593,16.036558618610055
2021-03-09,1149,gt3l,PRE_BREACH,24,47.57524958656331,34.63199975080977,175.901041796667,16.112330321226334
2021-03-09,1149,gt1l,PRE_BREACH,52,47.52840990297042,34.71133044013536,181.1374617737659,16.080623409078424
2021-03-09,1149,gt2r,PRE_BREACH,77,47.57005429139224,34.67305894385504,175.99467678947258,16.113872212389552
2021-03-09,1149,gt3r,PRE_BREACH,99,47.57362359057698,34.63056339461389,175.901041796667,16.07042988036255
2021-03-09,1149,gt1r,PRE_BREACH,203,47.527942408309656,34.710028172600374,181.0934935739736,16.088960091534112
2021-03-13,1209,gt1l,PRE_BREACH,24,47.18809536106493,33.88449829943923,74.07978659933515,15.948542443968286
2021-03-13,1209,gt2l,PRE_BREACH,29,47.130521931939256,33.83371296579953,64.68721627939865,15.904044658526496
2021-03-13,1209,gt1r,PRE_BREACH,88,47.1842285310105,33.882741888749095,73.63637169252637,15.922085012008209
2021-03-13,1209,gt3l,PRE_BREACH,76,47.11277769718816,33.78853845374803,62.87712140798206,15.972791766350817
2021-03-13,1209,gt2r,PRE_BREACH,118,47.13605930861705,33.83327707605726,66.05791247562016,15.924053283308083
2021-03-13,1209,gt3r,PRE_BREACH,327,47.10965122796586,33.78690143061212,62.53587619105569,15.974720512303207
2021-03-27,45,gt1l,PRE_BREACH,39,47.57107904836744,35.2882872092604,243.58756703464093,16.11257180684752
2021-03-27,45,gt1r,PRE_BREACH,107,47.57069809458059,35.28950866033289,243.51568276793893,16.08538064040452
2021-03-31,105,gt2l,PRE_BREACH,400,47.53682190371136,34.46010782152581,148.9086514334684,16.110423421320544
2021-03-31,105,gt3l,PRE_BREACH,715,47.56096346804194,34.49969613566714,157.9170830192331,16.084655675072803
2021-03-31,105,gt1l,PRE_BREACH,143,47.51751852379166,34.419883185951655,146.05132793632535,16.184580767951296
2021-03-31,105,gt2r,PRE_BREACH,1520,47.5349402247984,34.461590865510566,148.6952902832943,16.13249087089372
2021-03-31,105,gt1r,PRE_BREACH,578,47.518718545807,34.42092262564859,146.0846714378709,16.13900961316437
2021-03-31,105,gt3r,PRE_BREACH,2893,47.56202583044144,34.5007573476201,157.95423294800045,16.055587823809716
2021-04-04,165,gt1l,PRE_BREACH,16,47.03873148608015,33.70919878237923,51.17810647043491,16.235397417340067
2021-04-04,165,gt1r,PRE_BREACH,182,47.03391987713494,33.71107247740015,51.48579833309037,16.20940547368303
2021-04-04,165,gt2l,PRE_BREACH,91,47.05900587276574,33.748921113852056,54.10816714016583,16.187659855951882
2021-04-04,165,gt3l,PRE_BREACH,411,47.08641451797108,33.78769786999331,58.0103348618348,16.126686818693557
2021-04-04,165,gt2r,PRE_BREACH,620,47.06290058600356,33.74957400541649,54.45236888665628,16.180002829958887
2021-04-04,165,gt3r,PRE_BREACH,2155,47.09122505167436,33.788222453042,60.48566772830845,16.07730914902286
2021-04-07,205,gt3l,PRE_BREACH,178,47.58917834254077,35.0881964765386,226.04580889262547,16.218120715773594
2021-04-07,205,gt3r,PRE_BREACH,912,47.60853472319149,35.08976001619212,226.04580889262547,16.195490887598304
2021-04-07,205,gt2l,PRE_BREACH,321,47.67612502146995,35.14357422836988,256.3062540174871,16.265758537162032
2021-04-07,205,gt2r,PRE_BREACH,1027,47.68145979139332,35.14321041306185,256.3062540174871,16.26002684204204
2021-04-07,205,gt1l,PRE_BREACH,257,47.619750916767686,35.17858604832823,252.06353238843687,16.251418687580124
2021-04-07,205,gt1r,PRE_BREACH,966,47.62175308963762,35.177764748285746,252.2778622032905,16.295300439581528
2021-04-11,265,gt3l,PRE_BREACH,114,47.497901156592,34.29683027353976,135.4431863692805,16.15808692301872
2021-04-11,265,gt2l,PRE_BREACH,80,47.503732851789366,34.34057495138019,137.34888211781129,16.15724212704963
2021-04-11,265,gt1l,PRE_BREACH,35,47.52857233406864,34.38705436288285,141.44151586025112,16.19136999293228
2021-04-11,265,gt3r,PRE_BREACH,449,47.49935934737105,34.295865859857585,135.34418534903,16.127971922104734
2021-04-11,265,gt2r,PRE_BREACH,250,47.50472783407244,34.33959597222651,137.33055613480772,16.173079117703306
2021-04-11,265,gt1r,PRE_BREACH,145,47.52771873679748,34.385821960410055,141.31051562178877,16.20325129135741
2021-05-03,609,gt1r,PRE_BREACH,1,47.26812881701107,33.93762550103947,84.88858004705652,15.812264097843729
2021-05-03,609,gt2r,PRE_BREACH,14,47.48387000165928,33.94985478107562,114.36249479921132,15.78691907243761
2021-05-03,609,gt3r,PRE_BREACH,12,47.51438980997955,33.98847927042908,115.20384994124048,15.763226907321233
2021-05-03,609,gt2l,PRE_BREACH,4,47.50263204520116,33.94596519108415,114.36249479921132,15.819771031747552
2021-05-10,705,gt3l,PRE_BREACH,105,47.58072520132304,34.56853749868941,162.366370249818,15.79151553910132
2021-05-10,705,gt2l,PRE_BREACH,70,47.57376438185954,34.610458704200944,165.3404526615884,15.72144289997422
2021-05-10,705,gt3r,PRE_BREACH,417,47.58110452438018,34.56738986231276,162.2721974541508,15.705592552628488
2021-05-10,705,gt1l,PRE_BREACH,78,47.56805664926951,34.65261831965643,175.901041796667,15.780660304828244
2021-05-10,705,gt2r,PRE_BREACH,228,47.57439932822153,34.60942547576269,165.23583475541233,15.759630226798672
2021-05-10,705,gt1r,PRE_BREACH,298,47.56880908053114,34.651612916920755,175.901041796667,15.763489834045997
2021-05-14,769,gt1l,PRE_BREACH,329,47.11927151247103,33.80997975081275,63.52193569167813,15.905121447289092
2021-05-14,769,gt2l,PRE_BREACH,247,47.08074878726969,33.762019980744114,56.06393026839954,15.843158307597276
2021-05-14,769,gt1r,PRE_BREACH,1271,47.116581917019175,33.808475898187936,63.22867716253037,15.823072225619535
2021-05-14,769,gt2r,PRE_BREACH,801,47.08018974246801,33.76080068180417,56.06393026839954,15.811020075257249
2021-05-14,769,gt3l,PRE_BREACH,173,47.038694696197645,33.713574148301376,51.49396260342987,15.796410603224396
2021-05-14,769,gt3r,PRE_BREACH,788,47.026185700539216,33.71078263089464,51.743030108505096,15.760568728527472
2021-05-28,989,gt1l,PRE_BREACH,79,47.47205625357587,34.945637578653546,204.5134804813271,16.255925092374216
2021-05-28,989,gt2l,PRE_BREACH,76,47.476849691517344,34.98783798253227,206.2362418148087,16.199754281477485
2021-05-28,989,gt1r,PRE_BREACH,305,47.46935495130866,34.947205471610985,204.7430596660776,16.247205488095055
2021-05-28,989,gt2r,PRE_BREACH,241,47.48065152497944,34.98850034048947,206.2362418148087,16.235157475917145
2021-05-28,989,gt3l,PRE_BREACH,46,47.51732543322728,35.02494462388394,211.71916229366164,16.27842605574012
2021-05-28,989,gt3r,PRE_BREACH,199,47.51356442910638,35.02674921469285,212.04670406186384,16.187801690745836
2021-06-05,1109,gt3l,PRE_BREACH,11,46.83117109445242,33.56360486759393,17.804038001506495,16.28367647099629
2021-06-05,1109,gt1l,PRE_BREACH,7,46.83129952761177,33.478855851292515,9.5111696549162,16.39175826190159
2021-06-05,1109,gt2l,PRE_BREACH,10,46.83686378110099,33.5204132821036,14.56669849939645,16.322637604795784
2021-06-05,1109,gt3r,PRE_BREACH,42,46.8336378960867,33.564432455177126,17.74036342211436,16.26779368123427
2021-06-05,1109,gt1r,PRE_BREACH,31,46.82948686318091,33.48031319112277,9.521575047012696,16.28719947462088
2021-06-05,1109,gt2r,PRE_BREACH,29,46.83813314892512,33.521446453362856,14.575625966058606,16.32452777682627
2021-06-08,1149,gt3l,PRE_BREACH,92,47.52125368556731,34.819118973155526,187.96303042732924,16.291551040942068
2021-06-08,1149,gt2l,PRE_BREACH,82,47.50579205176973,34.85992959904392,195.193315713034,16.31257526182725
2021-06-08,1149,gt1l,PRE_BREACH,116,47.47562399334621,34.89856905428593,193.1548887792986,16.34480657589825
2021-06-08,1149,gt3r,PRE_BREACH,371,47.52183245384628,34.81810054050947,187.8629502753231,16.294630878502385
2021-06-08,1149,gt2r,PRE_BREACH,257,47.506179491818585,34.85882568820655,195.20360006513465,16.295964075824973
2021-06-08,1149,gt1r,PRE_BREACH,457,47.47521720746609,34.89735567174837,193.1548887792986,16.28649928146204
2021-06-12,1209,gt3l,PRE_BREACH,371,47.47641387238537,34.03441231091167,113.31684864442931,16.33415767171175
2021-06-12,1209,gt2l,PRE_BREACH,210,47.47093532157901,34.07653020984692,112.26584105084576,16.28982319286283
2021-06-12,1209,gt1l,PRE_BREACH,186,47.48095462624013,34.120892331375295,121.43176820539168,16.359215122268758
2021-06-12,1209,gt3r,PRE_BREACH,1538,47.472836436307794,34.03274554745748,112.94101030606863,16.265973642061574
2021-06-12,1209,gt2r,PRE_BREACH,706,47.467481409917525,34.07492226346983,111.90287207723946,16.329528298465284
2021-06-12,1209,gt1r,PRE_BREACH,728,47.48006698810429,34.11964374219029,121.34088693510218,16.340137215667824
2021-06-26,45,gt1l,PRE_BREACH,318,47.56080144785877,35.28959140788067,242.4830408572605,16.436509678656147
2021-06-26,45,gt2l,PRE_BREACH,10,47.52974695128683,35.33694958813634,238.5340100292404,16.427485680768264
2021-06-26,45,gt1r,PRE_BREACH,1200,47.56049592258773,35.29083022534731,242.418546834243,16.39434095273527
2021-06-30,105,gt1l,PRE_BREACH,62,47.55481587832177,34.51187250209568,158.58251513986562,16.390991709975726
2021-06-30,105,gt2l,PRE_BREACH,49,47.56370246146389,34.55355548694057,161.35237181004103,16.38353971060847
2021-06-30,105,gt3l,PRE_BREACH,45,47.57504488503755,34.59498219375079,164.3296400768941,16.400350624579055
2021-06-30,105,gt1r,PRE_BREACH,207,47.55850594750395,34.51254216653988,158.58251513986562,16.367454581196814
2021-06-30,105,gt2r,PRE_BREACH,137,47.566539358418446,34.55437641853036,161.47946838254765,16.38633934564779
2021-06-30,105,gt3r,PRE_BREACH,183,47.57135910509999,34.59664495234605,164.67801421989105,16.384289541517482
2021-07-04,165,gt1r,PRE_BREACH,1,47.06655925094063,33.80376617795138,58.517256017318594,16.29262139345561
2021-07-04,165,gt2r,PRE_BREACH,7,47.071946020435554,33.84556695023269,59.06344515130376,16.29375510511919
2021-07-11,265,gt3l,PRE_BREACH,165,47.47055081004518,34.19572695049892,127.42497300544588,16.288177835949813
2021-07-11,265,gt2l,PRE_BREACH,161,47.48667660410287,34.240949536411,129.42342139196643,16.250099813585102
2021-07-11,265,gt2r,PRE_BREACH,604,47.48590978909717,34.23962486724398,129.42342139196643,16.28531782259134
2021-07-11,265,gt3r,PRE_BREACH,580,47.45510051015181,34.192418017478595,127.32190734369142,16.231246001507976
2021-07-11,265,gt1l,PRE_BREACH,114,47.51062720624568,34.287262263732515,134.49384922986056,16.27736814484017
2021-07-11,265,gt1r,PRE_BREACH,462,47.51155229615208,34.28619509188899,134.39726725960082,16.235854207092906
2021-07-15,325,gt2l,PRE_BREACH,7,46.78694873543505,33.36384149927012,0.0,16.340583633716907
2021-07-15,325,gt1r,PRE_BREACH,250,46.78008515857446,33.404015693758325,1.07665698066527,16.252250904724388
2021-07-15,325,gt1l,PRE_BREACH,40,46.77325344033809,33.404234431681644,0.4766022740586492,16.288299247001415
2021-07-15,325,gt2r,PRE_BREACH,15,46.78629442788302,33.3625499209723,0.0,16.29189125515968
2021-08-02,609,gt1l,PRE_BREACH,157,47.4470362505994,34.00821258990858,105.20548311710272,16.230375709014073
2021-08-02,609,gt3l,PRE_BREACH,116,47.4920546184538,34.08764898042687,115.72915848561126,16.213846106362155
2021-08-02,609,gt1r,PRE_BREACH,516,47.450770589014894,34.008890486966145,105.20548311710272,16.17772766882209
2021-08-02,609,gt2l,PRE_BREACH,108,47.491366874061264,34.04478363408242,114.4366085942051,16.178089572091725
2021-08-02,609,gt3r,PRE_BREACH,420,47.48949730805721,34.08915329138172,115.50899628790116,16.15961307638917
2021-08-02,609,gt2r,PRE_BREACH,300,47.49091131493007,34.04609421143522,114.42706624930403,16.21733824849219
2021-08-05,645,gt2r,PRE_BREACH,189,47.47087186136905,35.27542029463166,238.5340100292404,16.200452230285862
2021-08-05,645,gt3r,PRE_BREACH,21,47.52377239694468,35.23999567450208,239.93806157176348,16.1930544274392
2021-08-05,645,gt2l,PRE_BREACH,44,47.46761681628028,35.27609011190611,238.5340100292404,16.18291127271486
2021-08-06,669,gt3l,PRE_BREACH,31,46.79702652068448,33.406321657580186,2.694093042034914,16.22514023380463
2021-08-06,669,gt2l,PRE_BREACH,5,46.78739616672297,33.365308166123135,0.0,16.24239197494267
2021-08-06,669,gt3r,PRE_BREACH,108,46.798691276738566,33.40719278952414,2.8823095955417037,16.21379902664429
2021-08-06,669,gt2r,PRE_BREACH,16,46.787776701465006,33.36645807694224,0.0574836780730938,16.231832930436944
2021-08-09,705,gt1l,PRE_BREACH,32,47.58421139248401,34.55705751217984,162.03789812171806,16.112588964485294
2021-08-09,705,gt2l,PRE_BREACH,29,47.57723805319929,34.5131208475254,158.28435321708278,16.07823905159688
2021-08-09,705,gt3l,PRE_BREACH,45,47.56067186332393,34.46790856640798,151.53470254162124,16.097331644544816
2021-08-09,705,gt1r,PRE_BREACH,128,47.58252107920048,34.5556894724151,161.95192006746902,16.086471602823146
2021-08-09,705,gt2r,PRE_BREACH,110,47.56840878600618,34.510753976858474,158.4349512090616,16.101826480664133
2021-08-09,705,gt3r,PRE_BREACH,197,47.562488516446656,34.46692793569451,151.7393558662736,16.095724813910437
2021-08-13,769,gt1l,PRE_BREACH,85,46.98993066088831,33.694143967363345,38.78344481730922,16.06574733327696
2021-08-13,769,gt2r,PRE_BREACH,243,46.96213503894168,33.64668236379705,35.42468899478572,16.082186504000465
2021-08-13,769,gt1r,PRE_BREACH,335,46.98645411526463,33.6925442435981,38.38982518664022,16.08092665743675
2021-08-13,769,gt2l,PRE_BREACH,61,46.94875166381426,33.64590352938897,33.94553611896517,16.08236339448921
2021-08-13,769,gt3l,PRE_BREACH,81,46.92329040948991,33.59999152562664,30.79477298335864,16.078658092793937
2021-08-13,769,gt3r,PRE_BREACH,358,46.94600171324625,33.601949886587505,33.32134655945119,16.087939607645076
2021-08-27,989,gt1r,PRE_BREACH,135,47.51988682519567,35.03728817023436,212.37986036107023,15.985747728782645
2021-08-27,989,gt3r,PRE_BREACH,180,47.570581096817314,35.115855764176544,227.64639969730047,15.977819520133703
2021-08-27,989,gt2r,PRE_BREACH,207,47.57539743690771,35.07230249924958,225.2918953077578,15.992393884581707
2021-08-27,989,gt2l,PRE_BREACH,29,47.6038636040447,35.06704289349225,226.04580889262547,15.994834274645282
2021-08-27,989,gt3l,PRE_BREACH,30,47.61313759049976,35.10866911447015,226.04580889262547,15.985530363503134
2021-08-31,1049,gt2l,PRE_BREACH,95,47.4994048494136,34.303217292297184,135.88908743874197,15.883437561859168
2021-08-31,1049,gt1l,PRE_BREACH,115,47.51184360497762,34.25859209587322,131.36626413916895,15.912326296169503
2021-08-31,1049,gt2r,PRE_BREACH,281,47.50174847239712,34.3040902313422,135.90982382448416,15.909311152102967
2021-08-31,1049,gt1r,PRE_BREACH,436,47.513652583200965,34.25952424406244,131.51523852002208,15.8896217387938
2021-08-31,1049,gt3l,PRE_BREACH,61,47.52591434753782,34.34236783546076,138.5422012068129,15.882386759167442
2021-08-31,1049,gt3r,PRE_BREACH,226,47.527016189011626,34.34333175376831,138.66079056822122,15.855882029759018
2021-09-04,1109,gt2l,PRE_BREACH,41,46.90867463183087,33.60783199331111,27.455392713729303,15.81386929684374
2021-09-04,1109,gt1l,PRE_BREACH,14,46.84652753853719,33.57421551187856,17.781459383594942,15.805269067662127
2021-09-04,1109,gt1r,PRE_BREACH,61,46.845185115250175,33.57557108815622,17.939839576261,15.817697380140816
2021-09-04,1109,gt2r,PRE_BREACH,134,46.91471563241789,33.6081884040803,29.90577212170215,15.80358326115301
2021-09-04,1109,gt3l,PRE_BREACH,37,46.9431782506722,33.64545244663297,33.32573391199978,15.81472522805439
2021-09-04,1109,gt3r,PRE_BREACH,158,46.94808532797534,33.6458782966475,33.871644471941664,15.785934945873803
2021-09-06,1149,gt1l,PRE_BREACH,71,47.52784118717391,34.80858348511441,186.88593982524225,15.804682717823766
2021-09-06,1149,gt2l,PRE_BREACH,56,47.53608342283462,34.76680602702753,183.8604360817276,15.810244087180337
2021-09-06,1149,gt3l,PRE_BREACH,58,47.54026775454314,34.72449006916708,181.08536043119943,15.822575141563306
2021-09-06,1149,gt1r,PRE_BREACH,282,47.5279871899734,34.80748719009386,186.8114459927778,15.81483969658604
2021-09-06,1149,gt2r,PRE_BREACH,180,47.53596851943918,34.76565504148963,183.80088510263,15.84660936532221
2021-09-06,1149,gt3r,PRE_BREACH,244,47.53940111172889,34.72316613754765,181.06792219007255,15.845114909024543
2021-09-29,105,gt3r,PRE_BREACH,56,47.55864792875781,34.71189681660644,179.06757911533307,15.846546284297796
2021-09-29,105,gt3l,PRE_BREACH,10,47.56081274556284,34.710608443638634,178.8413893306642,15.71710313206581
2021-09-29,105,gt1l,PRE_BREACH,15,47.58051648375706,34.62160351847247,165.54948589853626,15.80525363397106
2021-09-29,105,gt2l,PRE_BREACH,1,47.5588347621887,34.66796822771037,175.22035808790528,15.797556913962293
2021-09-29,105,gt2r,PRE_BREACH,12,47.561158130087925,34.66843549661088,176.34157385124,15.779626226754887
2021-09-29,105,gt1r,PRE_BREACH,66,47.57818892582839,34.62294491558856,165.78692714478137,15.77051251831256
2021-10-03,165,gt1l,PRE_BREACH,82,47.19970319892561,33.897402267272014,76.25375884578676,15.786464754258557
2021-10-03,165,gt1r,PRE_BREACH,17,47.20251309651021,33.89828515046652,76.51002503963079,15.884516749095194
2021-10-03,165,gt2l,PRE_BREACH,81,47.2524578876448,33.93274264445075,82.38725368773972,15.827198040079477
2021-10-03,165,gt3l,PRE_BREACH,304,47.3868518526266,33.95653774447782,99.13667182134186,15.808422140140836
2021-10-03,165,gt3r,PRE_BREACH,96,47.39544345860103,33.95635372930096,100.08997418488988,15.83775797793078
2021-10-03,165,gt2r,PRE_BREACH,26,47.25933005315849,33.932561200360844,82.95899804455638,15.805839249638728
2021-10-28,545,gt3l,PRE_BREACH,999,47.48197403626241,34.86780255391102,193.1548887792986,15.894830656132376
2021-10-28,545,gt3r,PRE_BREACH,272,47.4802484135494,34.86921937986128,193.1548887792986,15.9398700075626
2021-10-28,545,gt2l,PRE_BREACH,636,47.5108954394849,34.82080601576308,190.2296343421192,15.922849270922212
2021-10-28,545,gt1l,PRE_BREACH,889,47.5244190371751,34.775902164618934,185.2063815396585,15.898316584164029
2021-10-28,545,gt2r,PRE_BREACH,191,47.51173688398376,34.82181591553582,190.2952051828325,15.899962615323426
2021-10-28,545,gt1r,PRE_BREACH,216,47.52394617895598,34.77706862340211,185.30777104584527,15.940693968684698
2021-11-03,645,gt3l,PRE_BREACH,446,47.55451632811954,35.13192032986024,229.730926340292,15.97408570836252
2021-11-03,645,gt1l,PRE_BREACH,530,47.54719336501401,35.216742223627406,242.9909805723877,15.957036142746764
2021-11-03,645,gt2l,PRE_BREACH,337,47.54256885293128,35.17318915268719,232.9452662597551,15.966981780284565
2021-11-03,645,gt1r,PRE_BREACH,139,47.54753997355792,35.21557904161358,243.05782877577644,15.997627149274653
2021-11-03,645,gt3r,PRE_BREACH,106,47.55051918425654,35.130173462579016,229.92367454000532,15.946757642654726
2021-11-03,645,gt2r,PRE_BREACH,100,47.54107879705583,35.171746145109175,232.9722713003973,15.94620050451433
2021-11-05,669,gt3l,PRE_BREACH,947,46.795475698091934,33.40651416936679,2.5643708218627133,15.844412004312469
2021-11-05,669,gt2l,PRE_BREACH,47,46.78798337471268,33.36520912157205,0.0192329186199645,15.90862275138702
2021-11-05,669,gt3r,PRE_BREACH,212,46.79683444294783,33.407564351230604,2.7334003303249186,15.906751318568617
2021-11-05,669,gt2r,PRE_BREACH,18,46.78831254123979,33.36641474191179,0.1033773676587575,15.89532857414743
2021-11-11,769,gt1l,PRE_BREACH,243,46.89143118570509,33.56683198412469,23.975861441068588,15.847095042220095
2021-11-11,769,gt1r,PRE_BREACH,56,46.90021582699213,33.566786472994046,24.74639753027744,15.92825277969131
2021-11-11,769,gt2l,PRE_BREACH,91,46.83689462128009,33.51676914835871,14.3154588578822,15.904677734011509
2021-11-11,769,gt3l,PRE_BREACH,112,46.83059509773796,33.47353397091418,9.112619104875114,15.928322726600154
2021-11-11,769,gt2r,PRE_BREACH,29,46.8366969535944,33.51559200798949,14.244420900039634,15.824263057699971
2021-11-11,769,gt3r,PRE_BREACH,29,46.83006698958496,33.47231633154737,9.003363717682705,15.834506728596144
2021-11-26,989,gt2l,PRE_BREACH,784,47.63667916521712,35.17593207516391,253.91160613799929,16.03877046901114
2021-11-26,989,gt1l,PRE_BREACH,755,47.60821502570448,35.137026274177,251.451462339316,16.0355865815474
2021-11-26,989,gt3l,PRE_BREACH,704,47.599083828528,35.22426447890189,248.1931446056211,16.01420940140003
2021-11-26,989,gt2r,PRE_BREACH,239,47.63351621866059,35.17755722142265,253.5757544929561,16.0782756253586
2021-11-26,989,gt1r,PRE_BREACH,187,47.61170043868116,35.137721942314265,251.51396017329117,16.05887281746379
2021-11-26,989,gt3r,PRE_BREACH,171,47.59075124999815,35.22660365617496,247.2640124614045,16.09331816883973
2021-11-30,1049,gt3l,PRE_BREACH,259,47.56036348817511,34.45103015698576,151.5501343146126,15.995473734708842
2021-11-30,1049,gt2l,PRE_BREACH,89,47.537170598954944,34.41148918179194,144.7769709479405,16.014448361983433
2021-11-30,1049,gt1l,PRE_BREACH,60,47.543408884637714,34.36772774931764,141.25151836407676,16.00146328399541
2021-11-30,1049,gt3r,PRE_BREACH,64,47.5573601103101,34.45262141406875,151.21185911284397,16.09938341569726
2021-11-30,1049,gt2r,PRE_BREACH,28,47.54110172959143,34.4119895432169,144.67816005116325,16.076517525803105
2021-11-30,1049,gt1r,PRE_BREACH,13,47.547170085855456,34.36812646542732,141.52413133212585,15.998657379843165
2021-12-10,1209,gt1l,PRE_BREACH,20,47.16564922761496,33.865227036554586,71.3119779724185,15.99421916181459
2021-12-10,1209,gt2l,PRE_BREACH,5,47.08853365849954,33.81159665884735,60.103922679908365,16.13663147729554
2021-12-10,1209,gt3l,PRE_BREACH,9,47.06216087334805,33.76526950739354,55.226758080394845,16.06201333531072
2021-12-25,45,gt1l,PRE_BREACH,6,47.61414216413457,35.16829837778411,251.2401488610508,15.935209025095606
2021-12-25,45,gt2l,PRE_BREACH,20,47.69648994525669,35.199562330587426,265.94415133607004,16.080790661243093
2021-12-25,45,gt3l,PRE_BREACH,3,47.54043221985389,35.26477393082816,241.0174514015344,16.072686665981283
2021-12-25,45,gt2r,PRE_BREACH,6,47.74494300185831,35.19394291945281,270.9813127217759,15.978095451645444
2022-01-04,205,gt3l,PRE_BREACH,2,47.43683613880394,34.96931514174331,206.2362418148087,16.125361676993553
2022-01-08,265,gt2l,PRE_BREACH,72,47.583323612689725,34.254309161789244,132.6900733832366,16.039813019823384
2022-01-08,265,gt3l,PRE_BREACH,53,47.50341524536167,34.20003189885702,127.43855869763328,16.105154201779776
2022-01-08,265,gt2r,PRE_BREACH,15,47.59124743659176,34.25430276005325,132.6900733832366,16.067417351558127
2022-01-08,265,gt3r,PRE_BREACH,9,47.47197394799969,34.194469612750474,127.31715852818378,16.098556257688397
2022-01-08,265,gt1l,PRE_BREACH,51,47.56043645510566,34.29409785103311,134.06526655606814,16.06367715684176
2022-01-08,265,gt1r,PRE_BREACH,9,47.57466707568797,34.294952174404074,133.86118322519337,16.057172377520285
2022-02-06,705,gt1l,PRE_BREACH,366,47.56260136490735,34.55386683753786,161.34936355744225,16.115428008760354
2022-02-06,705,gt2l,PRE_BREACH,455,47.55163065069768,34.509467377583846,158.58251513986562,16.131548538345573
2022-02-06,705,gt3l,PRE_BREACH,403,47.54798687548284,34.46607072083625,150.1311892977377,16.112719199634096
2022-02-06,705,gt1r,PRE_BREACH,87,47.56338397038213,34.552819655002445,161.2907729574037,16.1246377281903
2022-02-06,705,gt2r,PRE_BREACH,139,47.55137609304807,34.50820350726514,158.58251513986562,16.11223674938385
2022-02-06,705,gt3r,PRE_BREACH,99,47.54804372028919,34.46487768828779,150.14100898509403,16.121792889686557
2022-02-10,769,gt3l,PRE_BREACH,20,46.83136341498504,33.58717150660038,19.516079080313244,16.003408662906295
2022-02-10,769,gt2l,PRE_BREACH,13,46.84441697972812,33.631286889132994,22.207140981747905,16.003760635005488
2022-02-10,769,gt2r,PRE_BREACH,4,46.84388111262052,33.63003264832666,22.11388687720836,16.030803067351076
2022-02-10,769,gt3r,PRE_BREACH,2,46.82579771637422,33.58524166811095,19.297735199494703,16.04022517144342
2022-03-05,1109,gt2l,PRE_BREACH,200,46.94291643875065,33.60299243434705,32.9876179301796,16.04408997344292
2022-03-05,1109,gt3l,PRE_BREACH,202,46.9580853179742,33.643242923812835,34.950010413753034,16.02942303367313
2022-03-05,1109,gt3r,PRE_BREACH,61,46.9658769078385,33.6432974936968,35.811674621591145,16.06329151759442
2022-03-05,1109,gt2r,PRE_BREACH,54,46.9481849452216,33.6033748133199,33.573203370345304,16.018421071696135
2022-03-11,1209,gt1l,PRE_BREACH,9,47.36997311793684,34.00776647930393,97.41872502027488,16.1314270428678
2022-03-11,1209,gt3l,PRE_BREACH,24,47.40612829515379,33.927190404906405,101.43703848300608,16.13418625265493
2022-03-11,1209,gt3r,PRE_BREACH,1,47.53300991183374,33.943843345001206,115.8530185789716,16.203497762539474
2022-03-11,1209,gt2l,PRE_BREACH,7,47.223039297201694,33.944152734428904,80.82739101244753,16.17238051338708
2022-03-26,45,gt1l,PRE_BREACH,1022,47.58171235653354,35.17295810020436,247.74218169066316,15.972851736772174
2022-03-26,45,gt3l,PRE_BREACH,1977,47.57494476664772,35.25983871472165,244.74078585785028,16.077941923748305
2022-03-26,45,gt2l,PRE_BREACH,1535,47.61050466806366,35.21179424768211,249.7113840927719,16.129893143668433
2022-03-26,45,gt1r,PRE_BREACH,246,47.582210845756855,35.17406310843839,247.7647993197684,16.091905522078463
2022-03-26,45,gt3r,PRE_BREACH,518,47.572253467872926,35.26144647677091,244.4181562090282,16.12973007525599
2022-03-26,45,gt2r,PRE_BREACH,487,47.6162149079635,35.212253006802584,250.2935960624904,16.04045542435412
2022-03-30,105,gt3l,PRE_BREACH,573,47.57767843039682,34.48090068413122,155.97645129286164,16.105110155758545
2022-03-30,105,gt2l,PRE_BREACH,232,47.52294430327568,34.44565658566003,147.71137768661552,16.128453463444377
2022-03-30,105,gt1l,PRE_BREACH,113,47.52392082224149,34.40262870927263,144.59610563946774,15.987319678430923
2022-03-30,105,gt3r,PRE_BREACH,141,47.577396061545855,34.482174129399176,156.07723376977364,16.121361409023226
2022-03-30,105,gt2r,PRE_BREACH,70,47.52637861657227,34.44644001715216,147.64970043761136,16.04543415642557
2022-03-30,105,gt1r,PRE_BREACH,26,47.52522437595346,34.403606901269065,144.62154148258918,16.10772497837261
2022-04-03,165,gt1l,PRE_BREACH,192,47.00425037119291,33.69754996145458,40.38855844507775,16.15459141809876
2022-04-03,165,gt2l,PRE_BREACH,89,47.019416193271375,33.737918103238655,52.8650873316906,16.25601495156328
2022-04-03,165,gt2r,PRE_BREACH,32,47.0076351382848,33.74080962007316,52.8650873316906,16.142360063766937
2022-04-03,165,gt1r,PRE_BREACH,35,47.00425282180756,33.69873440375493,40.39485833193987,16.20757487981096
2022-04-03,165,gt3l,PRE_BREACH,66,47.06871149001549,33.7735899866777,56.40135857035347,16.17620128196209
2022-04-03,165,gt3r,PRE_BREACH,25,47.1204838971826,33.767549719017936,63.80749161150953,16.203793899065186
2022-04-27,545,gt3l,PRE_BREACH,252,47.53492990404202,34.746715530191445,182.7615144103472,16.197285807637922
2022-04-27,545,gt2l,PRE_BREACH,236,47.540401757225936,34.702859513319346,179.8060015146196,16.234548504023575
2022-04-27,545,gt3r,PRE_BREACH,61,47.534192941558736,34.74802082775283,182.88942475952533,16.27343969973977
2022-04-27,545,gt2r,PRE_BREACH,72,47.54036839487995,34.704040688727304,179.8776814628394,16.273458778342807
2022-04-27,545,gt1l,PRE_BREACH,248,47.55857573577094,34.65715101537693,175.08357309313402,16.350014886888605
2022-04-27,545,gt1r,PRE_BREACH,60,47.55809250643408,34.65845737183994,175.04340155756285,16.19499143843094
2022-05-08,705,gt3l,PRE_BREACH,634,47.55548957906006,34.580712615333645,164.79842134734736,16.204766071911756
2022-05-08,705,gt2l,PRE_BREACH,165,47.56999299340543,34.62571796676371,166.506606168198,16.217962880279675
2022-05-08,705,gt3r,PRE_BREACH,170,47.55547253123733,34.579531525931294,164.72899599548143,16.192761562228313
2022-05-08,705,gt1l,PRE_BREACH,379,47.55549530182511,34.66650801996825,174.83782916740822,16.21016629181066
2022-05-08,705,gt2r,PRE_BREACH,56,47.57094624170697,34.624640833005664,166.37784054498474,16.186817917825337
2022-05-08,705,gt1r,PRE_BREACH,97,47.554382485279966,34.66521194818173,174.70225479967604,16.272839492523374
2022-05-12,769,gt1l,PRE_BREACH,425,47.13110702135739,33.82769832242062,64.77332060115283,16.20093528688442
2022-05-12,769,gt3l,PRE_BREACH,277,47.03937741722831,33.72968175151961,52.62728133782695,16.202800865695615
2022-05-12,769,gt2l,PRE_BREACH,359,47.10459721671376,33.78143277944456,61.99431453759332,16.257122740431203
2022-05-12,769,gt1r,PRE_BREACH,110,47.13025647983635,33.826404233387414,64.68345343919913,16.16651885640854
2022-05-12,769,gt3r,PRE_BREACH,70,47.049457690691696,33.72994989476244,52.283872138963766,16.219512643896913
2022-05-12,769,gt2r,PRE_BREACH,113,47.10293443655771,33.7800101905427,61.81480328165372,16.17415309086989
2022-05-26,989,gt1l,PRE_BREACH,4,47.57291557124365,35.02850096832498,209.73083156962457,16.22976321375647
2022-05-26,989,gt1r,PRE_BREACH,1,47.5853080464253,35.02793273983929,226.04580889262547,16.229869953986675
2022-05-26,989,gt2l,PRE_BREACH,1,47.61978357245866,35.06475662068752,226.04580889262547,16.237700227739595
2022-05-30,1049,gt2l,PRE_BREACH,1101,47.489693191434654,34.19087782099201,126.88071608776822,16.39408847957365
2022-05-30,1049,gt2r,PRE_BREACH,386,47.48285631602898,34.19313476633556,127.11449023878278,16.298388246347173
2022-05-30,1049,gt1l,PRE_BREACH,1237,47.493350892363615,34.14766949707487,123.04356516346218,16.287316354552246
2022-05-30,1049,gt3l,PRE_BREACH,1792,47.48093169537041,34.23503927463533,129.42342139196643,16.27632983190231
2022-05-30,1049,gt1r,PRE_BREACH,326,47.48833117563839,34.14948621938672,123.10934330633158,16.42635697005684
2022-05-30,1049,gt3r,PRE_BREACH,440,47.486055223729984,34.23550478785878,129.42342139196643,16.318988045615452
2022-06-03,1109,gt3l,PRE_BREACH,97,46.840231373229656,33.54600677639162,16.15623122545249,16.260821965505457
2022-06-03,1109,gt2l,PRE_BREACH,84,46.84425464741215,33.50318921567079,11.789253021913764,16.318210693771043
2022-06-03,1109,gt1l,PRE_BREACH,72,46.83199274658418,33.4626964960902,8.44050942007582,16.29523070232598
2022-06-03,1109,gt3r,PRE_BREACH,25,46.84067713634237,33.54711208047483,16.210217651848783,16.32026944672423
2022-06-03,1109,gt2r,PRE_BREACH,23,46.84159804951911,33.50477269975023,11.662159350224192,16.29768947885609
2022-06-03,1109,gt1r,PRE_BREACH,17,46.83153343521276,33.46389121777059,8.499565276363322,16.40739806596886
2022-06-06,1149,gt3l,PRE_BREACH,127,47.532259796176135,34.837040132120975,196.9491563042612,16.291105329530954
2022-06-06,1149,gt2l,PRE_BREACH,92,47.50715548804537,34.876375397284825,195.78035063720236,16.28410311573455
2022-06-06,1149,gt1l,PRE_BREACH,119,47.50404858291696,34.91880314252191,201.2258223685655,16.256717006785408
2022-06-06,1149,gt3r,PRE_BREACH,32,47.54862150576828,34.83824953501464,196.9491563042612,16.30521152799553
2022-06-06,1149,gt2r,PRE_BREACH,18,47.52734150807042,34.87812403870581,197.3964435121184,16.279927498621237
2022-06-06,1149,gt1r,PRE_BREACH,16,47.53189890934334,34.921654981039495,200.1704315154837,16.212672739001064
2022-06-10,1209,gt3l,PRE_BREACH,83,47.44889185941953,34.04670741666575,110.157640945042,16.495530784905107
2022-06-10,1209,gt2l,PRE_BREACH,66,47.47355635834634,34.0930682740087,112.37872038460496,16.513691039751308
2022-06-10,1209,gt3r,PRE_BREACH,340,47.44836559780982,34.04553717864676,110.11220754095638,16.48071468274027
2022-06-10,1209,gt2r,PRE_BREACH,199,47.48100282909691,34.09294493455116,113.19942851277264,16.445957003312877
2022-06-10,1209,gt1l,PRE_BREACH,59,47.4571660548194,34.13362851495635,110.14563561849609,16.540648932795747
2022-06-10,1209,gt1r,PRE_BREACH,207,47.45622262286693,34.13234312012894,110.05540167893577,16.47580428317056
2022-06-24,45,gt1l,PRE_BREACH,75,47.566420706669966,35.2888743056794,243.0870460211925,16.38989254350548
2022-06-24,45,gt2l,PRE_BREACH,14,47.52972882962212,35.336997671106545,238.5340100292404,16.353469184487302
2022-06-24,45,gt1r,PRE_BREACH,301,47.56582735597119,35.290119641803535,242.99241396799516,16.332255788691988
2022-06-28,105,gt2l,PRE_BREACH,524,47.55262341762046,34.49016172049809,150.57567195237996,16.428511933690185
2022-06-28,105,gt1l,PRE_BREACH,357,47.53861052064388,34.44923168568378,147.43005738784436,16.465393696245002
2022-06-28,105,gt2r,PRE_BREACH,2026,47.55383684737672,34.49123385499917,157.57217448638065,16.406413275014728
2022-06-28,105,gt1r,PRE_BREACH,1439,47.53777144747629,34.45060785720364,147.55736755386226,16.381141488056922
2022-06-28,105,gt3l,PRE_BREACH,490,47.58111377480529,34.52917755013795,159.9700861082675,16.411359582077928
2022-06-28,105,gt3r,PRE_BREACH,1901,47.57964712315578,34.53051487035019,160.0338323972938,16.345620295233868
2022-07-02,165,gt1l,PRE_BREACH,71,47.04064603113618,33.74127462368043,52.8650873316906,16.449486669408316
2022-07-02,165,gt1r,PRE_BREACH,287,47.0436280065338,33.74208526955981,52.8650873316906,16.350699259191504
2022-07-02,165,gt2l,PRE_BREACH,95,47.08602208236194,33.77746903712402,57.2562123982391,16.41685785351993
2022-07-02,165,gt2r,PRE_BREACH,348,47.09225435055525,33.7778346106123,57.4892487532432,16.364409290626686
2022-07-02,165,gt3l,PRE_BREACH,145,47.12294897071197,33.81494748303904,63.91262123492999,16.414350077255
2022-07-02,165,gt3r,PRE_BREACH,686,47.13064684606172,33.81500344411562,64.76699167328555,16.365635225640556
2022-07-05,205,gt3l,PRE_BREACH,1059,47.53948653460916,35.04854924201756,212.0179745391374,16.28844040960545
2022-07-05,205,gt2l,PRE_BREACH,342,47.61747786782892,35.10279124105177,226.04580889262547,16.353214952130198
2022-07-05,205,gt3r,PRE_BREACH,5109,47.52429261788304,35.04530117482691,212.6554363518541,16.240467534432426
2022-07-05,205,gt2r,PRE_BREACH,978,47.61756291294757,35.10157610332551,226.04580889262547,16.28282520670028
2022-07-05,205,gt1l,PRE_BREACH,319,47.65222481917228,35.1509330315556,255.42029137560652,16.35851496224171
2022-07-05,205,gt1r,PRE_BREACH,1143,47.64969176380682,35.14938901513548,255.1275413719465,16.295308249691715
2022-07-09,265,gt3r,PRE_BREACH,781,47.5013043693474,34.2636070843946,131.21046485762133,16.316394103512526
2022-07-09,265,gt3l,PRE_BREACH,190,47.49783554861633,34.26422837590281,131.08902936501863,16.371021892344622
2022-07-09,265,gt2l,PRE_BREACH,187,47.49557976709613,34.30700489226347,136.24220950796797,16.384682695970877
2022-07-09,265,gt1l,PRE_BREACH,132,47.51066011347212,34.35219487609761,138.47168445192463,16.424617590116846
2022-07-09,265,gt2r,PRE_BREACH,588,47.49522895207728,34.30573396875455,136.1544501953736,16.33832138501891
2022-07-09,265,gt1r,PRE_BREACH,563,47.508643311721066,34.35072841812162,138.27480113429385,16.33899205936609
2022-07-13,325,gt1l,PRE_BREACH,21,46.83084287746649,33.47727007849594,9.380263923001849,16.239370752218534
2022-07-13,325,gt2l,PRE_BREACH,33,46.813570315337934,33.4323746244877,5.40353541042278,16.19695111198232
2022-07-13,325,gt1r,PRE_BREACH,91,46.83259257177682,33.476346748645426,9.403279771616416,16.168018792220263
2022-07-13,325,gt2r,PRE_BREACH,107,46.81336759667307,33.43114695521172,5.318278506772151,16.183686493516234
2022-07-13,325,gt3l,PRE_BREACH,33,46.78324764938206,33.385699873239446,0.5268834132568011,16.215826558548002
2022-07-13,325,gt3r,PRE_BREACH,133,46.7849812121771,33.3848369578349,0.6425004886149849,16.165617896304425
2022-07-27,545,gt3l,PRE_BREACH,358,47.512970049386304,34.86355367428441,196.0360222999556,16.139525466173257
2022-07-27,545,gt3r,PRE_BREACH,3356,47.50364729143077,34.866015861013466,195.13574330301023,16.04522172386882
2022-07-27,545,gt2l,PRE_BREACH,465,47.498947615691314,34.82240307247864,190.4919262504568,16.10989686364227
2022-07-27,545,gt1l,PRE_BREACH,143,47.51731418169029,34.7767181690591,185.74895687935327,16.136902866084803
2022-07-27,545,gt2r,PRE_BREACH,1985,47.501093689180365,34.82333405968041,190.536018491438,16.093341519485236
2022-07-27,545,gt1r,PRE_BREACH,349,47.5176289969564,34.77786712120827,185.7944847301989,16.096557538196123
2022-07-31,609,gt3l,PRE_BREACH,1,47.34139475097479,34.10901015153602,95.74861618589745,16.13870042939685
2022-07-31,609,gt1l,PRE_BREACH,13,47.444875466970906,34.008365985179424,105.20548311710272,16.1344865286767
2022-07-31,609,gt3r,PRE_BREACH,8,47.34497503886947,34.1096447165628,96.14839588901827,16.12902193356249
2022-07-31,609,gt1r,PRE_BREACH,28,47.51268363479683,33.999862398128,115.35183482871156,16.075161864785194
2022-07-31,609,gt2l,PRE_BREACH,3,47.57259623489245,34.033260254698725,117.53497103049442,16.140093490148633
2022-07-31,609,gt2r,PRE_BREACH,17,47.567321387157655,34.03520552222511,117.53497103049442,16.09441051045897
2022-08-03,645,gt3r,PRE_BREACH,48,47.53636733826752,35.306870885377386,239.48296452069343,16.07860310517703
2022-08-03,645,gt3l,PRE_BREACH,9,47.5201568824902,35.30573429273626,238.5340100292404,16.121488341636308
2022-08-04,669,gt3l,PRE_BREACH,51,46.78989069155752,33.407389144826844,2.105459381159475,16.121214524480113
2022-08-04,669,gt2l,PRE_BREACH,16,46.78937851325674,33.36503270125076,0.1358382974911641,16.095173598709
2022-08-04,669,gt3r,PRE_BREACH,188,46.79026861447319,33.408502750794284,2.1898023645105704,16.086185532479938
2022-08-04,669,gt2r,PRE_BREACH,48,46.789527035355206,33.36614287853791,0.199512313574943,16.070652510014003
2022-08-07,705,gt2l,PRE_BREACH,163,47.56936870265493,34.57685241390692,163.6301876409063,16.087807595879017
2022-08-07,705,gt3l,PRE_BREACH,160,47.57039781472323,34.53424504525013,160.09018476824232,16.072811907253467
2022-08-07,705,gt1l,PRE_BREACH,96,47.56810137842001,34.61945556811737,166.26052455243394,16.114662713672857
2022-08-07,705,gt2r,PRE_BREACH,517,47.56984979439294,34.575795494174905,163.53454687426648,16.07752743148321
2022-08-07,705,gt3r,PRE_BREACH,625,47.57013205798015,34.5330472072159,159.99586396927796,16.058132803197353
2022-08-07,705,gt1r,PRE_BREACH,408,47.56620546599801,34.618046654617466,166.30454837246504,16.12313544784807
2022-08-11,769,gt2r,PRE_BREACH,65,47.03117677477711,33.721284569655445,52.318632105662296,16.049832516996265
2022-08-11,769,gt1l,PRE_BREACH,14,47.0881373907185,33.7728043849839,56.9883691249014,16.075294081669444
2022-08-11,769,gt1r,PRE_BREACH,86,47.08588098441616,33.771364515826086,56.80925169383947,16.033430987596507
2022-08-11,769,gt2l,PRE_BREACH,7,46.94364293576916,33.71012369585271,33.85135642852528,16.125318950142233
2022-08-11,769,gt3r,PRE_BREACH,155,46.96364615216957,33.66958472644462,35.77210389922186,16.03500763864833
2022-08-11,769,gt3l,PRE_BREACH,23,46.93783530011802,33.66714172668962,32.893326675073894,16.103761168683413
2022-08-29,1049,gt1l,PRE_BREACH,214,47.48661448270252,34.19754439247346,127.4101414891723,15.98837974442336
2022-08-29,1049,gt1r,PRE_BREACH,915,47.48832091839031,34.19847692612683,127.46406992300334,15.95226677002775
2022-08-29,1049,gt3l,PRE_BREACH,781,47.53121738156103,34.27668062089385,133.32204218748302,15.89904664012978
2022-08-29,1049,gt2l,PRE_BREACH,541,47.505711213405455,34.237517265556285,129.63992801301305,15.910659981890582
2022-08-29,1049,gt3r,PRE_BREACH,3159,47.53258808162602,34.27764724234438,133.3680379987296,15.867239731062298
2022-08-29,1049,gt2r,PRE_BREACH,2164,47.50737429087424,34.238481412212536,129.78423762490465,15.910484871305009
2022-09-02,1109,gt1l,PRE_BREACH,15,46.84118471013257,33.575245916232376,18.112842759443133,15.990059164074635
2022-09-02,1109,gt2l,PRE_BREACH,21,46.91363220569641,33.60721734759378,29.77886488696425,15.974310469593728
2022-09-02,1109,gt1r,PRE_BREACH,63,46.84093956689858,33.576431408035475,18.206017549284397,15.940499716557124
2022-09-02,1109,gt2r,PRE_BREACH,130,46.920926368508525,33.60738149593442,30.58694044230524,15.968734657151376
2022-09-02,1109,gt3l,PRE_BREACH,24,46.917924282728926,33.64889179124716,30.557376649629283,15.982933000594867
2022-09-02,1109,gt3r,PRE_BREACH,124,46.9332067813781,33.64787995077177,32.240461534798754,15.93964790335296
2022-09-05,1149,gt3l,PRE_BREACH,101,47.52308253847197,34.787050074821394,185.95375450719064,15.92860353836982
2022-09-05,1149,gt2l,PRE_BREACH,126,47.52689622058224,34.83055838045805,196.58741499386105,15.961360835168586
2022-09-05,1149,gt1l,PRE_BREACH,119,47.51429261721813,34.87168812912499,196.393581108242,15.95809979958391
2022-09-05,1149,gt3r,PRE_BREACH,392,47.523209269802585,34.785952481812856,185.88051016825395,15.920634474397712
2022-09-05,1149,gt2r,PRE_BREACH,393,47.5267935768472,34.82931723168939,196.54319198996103,15.888139317257606
2022-09-05,1149,gt1r,PRE_BREACH,462,47.5165059533081,34.870827319895675,196.5998248479616,15.915017924279706
2022-09-09,1209,gt2l,PRE_BREACH,157,47.4469249434787,34.04070549752812,107.16308338587956,15.9517114333388
2022-09-09,1209,gt1l,PRE_BREACH,115,47.473411993880056,34.087426695739275,112.42268224564113,16.023914974111577
2022-09-09,1209,gt3l,PRE_BREACH,267,47.37904962805944,33.98828073589099,98.09555206983632,15.994454486382562
2022-09-09,1209,gt2r,PRE_BREACH,496,47.44429824110888,34.03919337222094,106.97238626626348,15.991551231360209
2022-09-09,1209,gt1r,PRE_BREACH,454,47.469706057189335,34.085783625647835,112.03232792273168,16.023253868425456
2022-09-09,1209,gt3r,PRE_BREACH,1073,47.37585779308476,33.98662409168374,97.75982333690509,15.947930625593608
2022-10-01,165,gt1l,PRE_BREACH,80,47.13964787143202,33.84110225624151,66.60465116160663,16.425244412785364
2022-10-01,165,gt1r,PRE_BREACH,319,47.13974955033096,33.84219320641056,66.63828893182112,16.420628291841414
2022-10-01,165,gt2l,PRE_BREACH,45,47.186240637718505,33.87721135145088,73.64599463236134,16.425934904550616
2022-10-01,165,gt3l,PRE_BREACH,49,47.213483445763366,33.91612280678095,78.4714741692248,16.443451571545364
2022-10-01,165,gt2r,PRE_BREACH,143,47.18735826335679,33.87818162733513,73.79002693811128,16.43070320692177
2022-10-01,165,gt3r,PRE_BREACH,225,47.21633373742813,33.916879448666585,78.69422111611996,16.485425633702906
2022-10-04,205,gt1l,PRE_BREACH,192,47.56608361031264,35.025136683830944,209.73083156962457,16.495761433589472
2022-10-04,205,gt1r,PRE_BREACH,753,47.56438966692232,35.023682725196004,209.73083156962457,16.49215965102326
2022-10-04,205,gt2l,PRE_BREACH,137,47.47282367562108,34.96872692459692,206.0703372328085,16.447850549711493
2022-10-04,205,gt3l,PRE_BREACH,134,47.47073429544402,34.925350492377575,203.17448460074883,16.4392076961569
2022-10-04,205,gt2r,PRE_BREACH,456,47.47167473860725,34.967303916825976,206.02397709110403,16.515179191298742
2022-10-04,205,gt3r,PRE_BREACH,558,47.46988700366973,34.924039507473246,203.12219513392316,16.428729257492847
2022-10-08,265,gt1l,PRE_BREACH,83,47.49644424223797,34.2367222491612,129.42342139196643,16.395625837227275
2022-10-08,265,gt1r,PRE_BREACH,375,47.51933530563139,34.238763089451666,130.3686279173233,16.36650857254655
2022-10-08,265,gt2l,PRE_BREACH,38,47.47105919184405,34.19007769923801,126.9959746824214,16.343956927868536
2022-10-08,265,gt3l,PRE_BREACH,60,47.46753990281364,34.146491606837444,122.59551728584984,16.435295080199353
2022-10-08,265,gt2r,PRE_BREACH,135,47.47821912201987,34.18982497867875,126.90963627933172,16.448907547412926
2022-10-08,265,gt3r,PRE_BREACH,266,47.46139696698973,34.144466251500134,122.3583765968682,16.380209218597187
2022-10-26,545,gt3r,PRE_BREACH,5,47.51766058445924,34.912821816594075,199.79290541021007,15.51993959389448
2022-10-26,545,gt1r,PRE_BREACH,12,47.550468894802805,34.821878157884875,196.9491563042612,15.44870588894096
2022-10-30,609,gt1l,PRE_BREACH,15,47.42771529283011,34.05946455111242,107.9284783082282,15.374469190629814
2022-10-30,609,gt1r,PRE_BREACH,108,47.48336301504852,34.05267160842097,113.8869575092166,15.367938100650145
2022-10-30,609,gt3l,PRE_BREACH,10,47.40692144222975,34.14846139325237,108.64883206063676,15.442379060227568
2022-10-30,609,gt3r,PRE_BREACH,35,47.41668704433009,34.14819826366693,108.64883206063676,15.402288516056196
2022-10-30,609,gt2r,PRE_BREACH,1,47.46817239328404,34.09790524593418,111.7349831715917,15.382950786013998
2022-11-02,645,gt3l,PRE_BREACH,368,47.58987184410235,35.20199388402058,247.8230183104621,15.336594646286104
2022-11-02,645,gt3r,PRE_BREACH,1536,47.59258775813763,35.20119126173316,248.12690461606672,15.3046165094521
2022-11-02,645,gt2l,PRE_BREACH,244,47.55198629397512,35.239419023742336,242.89021577160383,15.309986097726163
2022-11-02,645,gt2r,PRE_BREACH,821,47.55216407339451,35.238209423770776,242.9406943677984,15.378470823895071
2022-11-02,645,gt1l,PRE_BREACH,283,47.52093436702162,35.277769370638175,238.6442387184541,15.343838210334685
2022-11-02,645,gt1r,PRE_BREACH,979,47.52794765964264,35.27756898105864,239.3797150415365,15.310107081036447
2022-11-10,769,gt1l,PRE_BREACH,461,46.96021082786132,33.689877525593616,35.55266175421661,15.320427753631524
2022-11-10,769,gt2r,PRE_BREACH,1637,46.90593786564224,33.638831530982905,29.158011794724874,15.32889387372699
2022-11-10,769,gt1r,PRE_BREACH,1832,46.96051801251708,33.68874723419722,35.57767706021593,15.281495656500866
2022-11-10,769,gt2l,PRE_BREACH,223,46.95400675386037,33.64678970296122,34.52708631735098,15.28665660101327
2022-11-10,769,gt3l,PRE_BREACH,262,46.90614698943336,33.59785891239999,26.77625894409953,15.320672059954164
2022-11-10,769,gt3r,PRE_BREACH,754,46.91040992190141,33.597326738744485,27.13188025526763,15.269344320956812
2022-12-05,1149,gt3l,PRE_BREACH,34,47.562150617649,34.67899936553454,176.89283808228532,15.757492847274792
2022-12-05,1149,gt1l,PRE_BREACH,28,47.54401476026438,34.76220797474144,183.03847819716864,15.766655829808627
2022-12-05,1149,gt2l,PRE_BREACH,26,47.542395661725486,34.71907131287301,180.6192042403732,15.771458387018164
2022-12-05,1149,gt3r,PRE_BREACH,139,47.56578796668106,34.678253928769934,176.59621975130747,15.819840555222395
2022-12-05,1149,gt1r,PRE_BREACH,124,47.53739788836397,34.76010696049719,183.3757692052628,15.735627014177856
2022-12-05,1149,gt2r,PRE_BREACH,93,47.539998134874914,34.71755710079552,180.69707532352265,15.785315298647712
2022-12-31,165,gt2l,PRE_BREACH,3,47.17984176026683,33.82924393074018,70.23210763122871,15.165324325809332
2022-12-31,165,gt1l,PRE_BREACH,7,47.18061521870679,33.7864726123156,68.09159715451258,15.20775975219344
2022-12-31,165,gt2r,PRE_BREACH,1,47.17936652865017,33.83046787808682,70.29232703373802,15.18035219243715
2022-12-31,165,gt1r,PRE_BREACH,30,47.18090121282314,33.78753907125989,68.09159715451258,15.147470218584964
2023-01-02,205,gt2l,PRE_BREACH,421,47.54028299045211,35.02690272487787,210.56461704094625,14.991335315182994
2023-01-02,205,gt2r,PRE_BREACH,1510,47.538415056338536,35.02539785582669,210.5709763022068,15.00349308358754
2023-01-02,205,gt1l,PRE_BREACH,370,47.576114431857405,35.07519240400484,225.3923882665109,15.042194731988232
2023-01-02,205,gt1r,PRE_BREACH,1555,47.57672721671727,35.07410064075501,225.45219269065112,15.002527496582042
2023-01-02,205,gt3l,PRE_BREACH,385,47.52131678878639,34.98102751698831,208.0426031873177,15.01995311720253
2023-01-02,205,gt3r,PRE_BREACH,1568,47.519386473271474,34.97962582185853,207.8046446266669,14.948091118952592
2023-02-04,705,gt1l,PRE_BREACH,201,47.59486243548326,34.55841057360162,162.03789812171806,14.016346523197866
2023-02-04,705,gt2l,PRE_BREACH,243,47.591051484182174,34.51511921280857,157.92740065947507,14.055382280642878
2023-02-04,705,gt3l,PRE_BREACH,164,47.560495492398346,34.46792115650075,151.51507618464387,14.026814657259704
2023-02-04,705,gt1r,PRE_BREACH,781,47.59475787647492,34.55717236936388,162.03789812171806,14.014306587203407
2023-02-04,705,gt2r,PRE_BREACH,826,47.5929408688407,34.51413483026836,157.78913537397992,14.008824308735612
2023-02-04,705,gt3r,PRE_BREACH,660,47.55981529275616,34.46675622678977,151.44294710155597,14.008467231473247
2023-02-08,769,gt1l,PRE_BREACH,106,46.9619906169466,33.69007018247116,35.75090091535604,14.106575957333414
2023-02-08,769,gt1r,PRE_BREACH,418,46.96058004653138,33.68874540789449,35.584519098783595,14.10563118750246
2023-02-08,769,gt2l,PRE_BREACH,70,46.94618155904951,33.64562284370511,33.65919199484647,14.12061901505619
2023-02-08,769,gt2r,PRE_BREACH,233,46.93925959139536,33.64353857589859,32.87829426461903,14.124708872564517
2023-02-08,769,gt3l,PRE_BREACH,70,46.91129941470668,33.598566287950554,27.26754625936962,14.1773715755307
2023-02-08,769,gt3r,PRE_BREACH,246,46.92293025269004,33.5990781561905,30.74830113604573,14.131974811589814
2023-02-23,989,gt1l,PRE_BREACH,561,47.51616767282367,35.03688727553407,212.5614969161107,14.36591753765458
2023-02-23,989,gt3l,PRE_BREACH,1351,47.59318712591762,35.11135820459923,226.04580889262547,14.3564704972771
2023-02-23,989,gt2l,PRE_BREACH,1213,47.56224729974985,35.07302330602709,223.84220454471904,14.310433055231025
2023-02-23,989,gt1r,PRE_BREACH,142,47.5168193194606,35.03785706808161,212.58824560701757,14.331219995177614
2023-02-23,989,gt3r,PRE_BREACH,324,47.58866018812762,35.11310117075375,226.17025334829145,14.362030275101798
2023-02-23,989,gt2r,PRE_BREACH,379,47.560120493826055,35.07442417276387,223.6171497113575,14.351269118515162
2023-02-27,1049,gt1l,PRE_BREACH,139,47.54580631043733,34.253827960245886,132.64566235025288,14.404342772859614
2023-02-27,1049,gt2l,PRE_BREACH,96,47.5467627257363,34.29626374819853,134.48286068656685,14.4380760208983
2023-02-27,1049,gt3l,PRE_BREACH,15,47.53928605835274,34.33999291753464,139.0272766774809,14.421933789106417
2023-02-27,1049,gt1r,PRE_BREACH,20,47.53858789391877,34.25593976876692,132.44860051595512,14.472699814019244
2023-02-27,1049,gt3r,PRE_BREACH,2,47.53857196243807,34.34127556045269,139.07971590415485,14.459692624224408
2023-02-27,1049,gt2r,PRE_BREACH,34,47.55098526833654,34.29686593570321,134.44816353731812,14.420728075760843
2023-03-03,1109,gt1l,PRE_BREACH,260,46.83764944785818,33.57555868611075,18.30683996131749,14.417617357932825
2023-03-03,1109,gt2l,PRE_BREACH,570,46.88214978300358,33.61132112700663,25.23209682715617,14.406270510516128
2023-03-03,1109,gt1r,PRE_BREACH,66,46.83751823218075,33.57660626215129,18.385010504898077,14.42678639645335
2023-03-03,1109,gt2r,PRE_BREACH,181,46.885075316934845,33.612157230725806,25.52826421513128,14.430435078519084
2023-03-03,1109,gt3l,PRE_BREACH,355,46.94034878125143,33.64545575156483,33.01277359816664,14.423447812430044
2023-03-03,1109,gt3r,PRE_BREACH,101,46.94599107930266,33.64589511325537,33.6401098707463,14.430037105116911
2023-03-05,1149,gt1l,PRE_BREACH,2510,47.52659119902565,34.80830819482105,186.95686387818213,14.431413685120544
2023-03-05,1149,gt2l,PRE_BREACH,2014,47.53761457434886,34.76697266865104,183.7636246384631,14.468538369495604
2023-03-05,1149,gt3l,PRE_BREACH,1362,47.54475522110478,34.7250452900507,180.8057731107182,14.446088219849807
2023-03-05,1149,gt1r,PRE_BREACH,626,47.52804979821969,34.807299844856615,186.79609248059143,14.440812078325171
2023-03-05,1149,gt2r,PRE_BREACH,554,47.5387063053164,34.76594574680933,183.6273580578347,14.448763624096223
2023-03-05,1149,gt3r,PRE_BREACH,346,47.54508986196196,34.72395620705949,180.7185601594672,14.46352456635184
2023-03-09,1209,gt1l,PRE_BREACH,687,47.424570755136735,34.01612907837032,104.62924904514934,14.542024718638816
2023-03-09,1209,gt2l,PRE_BREACH,370,47.4040093132996,33.970245018503,100.96215018766615,14.538637825525704
2023-03-09,1209,gt1r,PRE_BREACH,170,47.42066347502512,34.01428994830739,104.27653090455188,14.53033231095556
2023-03-09,1209,gt2r,PRE_BREACH,113,47.39826019921003,33.9682862637966,100.33580098941916,14.498134239591742
2023-03-09,1209,gt3l,PRE_BREACH,190,47.3738951077104,33.92309734339886,96.6432089151755,14.54369627325147
2023-03-09,1209,gt3r,PRE_BREACH,42,47.38926887822267,33.92413312625359,99.58554718513102,14.526042292134935
2023-03-24,45,gt1l,PRE_BREACH,273,47.5401686915524,35.24402766186464,241.53823312638,14.675935586729512
2023-03-24,45,gt1r,PRE_BREACH,67,47.523487499246336,35.24756808320412,239.70816562722692,14.757056828476667
2023-03-24,45,gt2l,PRE_BREACH,1079,47.55773580227679,35.28435867713388,242.3019117049563,14.704865299478564
2023-03-24,45,gt3l,PRE_BREACH,1477,47.5452300853509,35.32905605198425,239.82093589069635,14.66098683550654
2023-03-24,45,gt2r,PRE_BREACH,260,47.55866948641282,35.28540748065702,242.37145064775368,14.674311239174562
2023-03-24,45,gt3r,PRE_BREACH,364,47.54605793463214,35.33011989307728,239.87911368145623,14.706673364215872
2023-04-26,545,gt3l,PRE_BREACH,486,47.48870592182927,34.8668627056882,193.608940319414,16.73785277167786
2023-04-26,545,gt3r,PRE_BREACH,133,47.48614848085442,34.868438539707114,193.38639131291785,16.767126357997906
2023-04-26,545,gt2l,PRE_BREACH,255,47.51695511657084,34.81966996159185,190.07221142220607,16.77166006730871
2023-04-26,545,gt1l,PRE_BREACH,291,47.521387475659054,34.77592092439832,185.41855421968197,16.727561421000665
2023-04-26,545,gt2r,PRE_BREACH,85,47.51665945104917,34.8209672516623,190.1728715309094,16.756918945986367
2023-04-26,545,gt1r,PRE_BREACH,76,47.52151501677358,34.77704553837992,185.47568805825875,16.765423670648733
2023-05-02,645,gt3l,PRE_BREACH,2784,47.543406175363934,35.244150453717886,241.87199922574416,17.246355078991733
2023-05-02,645,gt3r,PRE_BREACH,718,47.54393313659063,35.24302936802235,241.95648745732535,17.30436546510264
2023-05-02,645,gt2l,PRE_BREACH,1271,47.50756683199786,35.2818454681065,238.5340100292404,17.304574664246264
2023-05-02,645,gt2r,PRE_BREACH,394,47.50375473868706,35.28006867969091,238.5340100292404,17.25580038010253
2023-05-02,645,gt1l,PRE_BREACH,534,47.53136270662635,35.32787907665935,238.5340100292404,17.216980348899757
2023-05-02,645,gt1r,PRE_BREACH,142,47.532963659446985,35.326968356829404,238.59851937636796,17.293046516870756
2023-05-04,669,gt3l,PRE_BREACH,302,46.7953960895396,33.406536841536926,2.5582928678959886,17.29464288612309
2023-05-04,669,gt2l,PRE_BREACH,42,46.7869422760474,33.36518768572562,0.0,17.345495844830456
2023-05-04,669,gt3r,PRE_BREACH,70,46.79836339708448,33.40731653249473,2.858656097109785,17.348906936913384
2023-05-04,669,gt2r,PRE_BREACH,15,46.78717745163571,33.3663890480804,0.0008240282849856,17.311873215343123
2023-05-06,705,gt2l,PRE_BREACH,201,47.58244536439263,34.56258752272952,162.03789812171806,17.453266189231243
2023-05-06,705,gt3l,PRE_BREACH,288,47.571789702231726,34.51830025927308,158.95080878856044,17.375096757661208
2023-05-06,705,gt1l,PRE_BREACH,258,47.573460047574926,34.60400496344238,164.97560854423807,17.374400913958294
2023-05-06,705,gt2r,PRE_BREACH,55,47.58056191245104,34.56112497255426,162.03789812171806,17.37019372976188
2023-05-06,705,gt3r,PRE_BREACH,72,47.5710960561039,34.51704745700855,158.84236061209987,17.40888022593723
2023-05-06,705,gt1r,PRE_BREACH,66,47.57416578576427,34.6029463805689,164.86469268152916,17.38733396987439
2023-05-10,769,gt1l,PRE_BREACH,5,47.18321972727681,33.76969239891288,68.09159715451258,17.347162636236444
2023-05-10,769,gt3l,PRE_BREACH,610,46.99796057357633,33.65907111886457,39.49602236916135,17.321309915716864
2023-05-10,769,gt2l,PRE_BREACH,594,46.984121369957016,33.69938148974118,38.16596273596945,17.385705237638412
2023-05-10,769,gt3r,PRE_BREACH,134,46.99282098038353,33.65720946148738,38.91671872975138,17.358894943481797
2023-05-10,769,gt2r,PRE_BREACH,173,46.985990894297416,33.69846065268196,38.36856793193069,17.31664455374895
2023-05-25,989,gt1l,PRE_BREACH,1633,47.46329413875928,34.99548566259956,206.2362418148087,17.38733379788318
2023-05-25,989,gt1r,PRE_BREACH,403,47.46254854734304,34.99682006360052,206.2362418148087,17.348549826297074
2023-05-25,989,gt2l,PRE_BREACH,1423,47.47293585042194,35.03684982258411,214.97378675143617,17.357966572504985
2023-05-25,989,gt2r,PRE_BREACH,396,47.47608217374602,35.037560397175525,214.84435579342585,17.3442091827859
2023-05-25,989,gt3r,PRE_BREACH,245,47.49939102092755,35.076981816610136,216.1098113281321,17.402453740231714
2023-05-29,1049,gt1l,PRE_BREACH,210,47.4845624512115,34.2138943726067,128.65688673308418,17.35134944405175
2023-05-29,1049,gt3l,PRE_BREACH,255,47.51739259101554,34.294594926654625,134.9109805589775,17.328720646259274
2023-05-29,1049,gt2l,PRE_BREACH,215,47.53880035659467,34.2488601870081,131.97629198628383,17.365098201812366
2023-05-29,1049,gt1r,PRE_BREACH,53,47.48338255736229,34.21518829355964,128.7651659690117,17.4189855407569
2023-05-29,1049,gt3r,PRE_BREACH,71,47.51542201115896,34.29604677086463,135.05575944042812,17.351064788122834
2023-05-29,1049,gt2r,PRE_BREACH,66,47.5363606786042,34.250397813697795,131.96580750749334,17.32555083078742
2023-06-02,1109,gt3l,PRE_BREACH,3383,46.877594132822026,33.60540641652149,24.555922842746245,17.203015153737418
2023-06-02,1109,gt2l,PRE_BREACH,1023,46.83572457486487,33.56911742044134,17.959510773913124,17.26270602470019
2023-06-02,1109,gt1l,PRE_BREACH,255,46.82779595508456,33.52821482153808,15.543420262066936,17.202645970659972
2023-06-02,1109,gt3r,PRE_BREACH,882,46.88274607112643,33.605878899095245,25.030908397752004,17.26720988407656
2023-06-02,1109,gt2r,PRE_BREACH,260,46.83584081504124,33.57032713622287,18.03671624325528,17.209625801250898
2023-06-02,1109,gt1r,PRE_BREACH,45,46.82794715229684,33.52933071960929,15.612530443650344,17.246847472359896
2023-06-04,1149,gt2l,PRE_BREACH,248,47.53017925798585,34.81461939069302,187.0771825485865,17.144126706550065
2023-06-04,1149,gt3l,PRE_BREACH,271,47.53392070931965,34.77224513434989,184.3302098799176,17.170911359452095
2023-06-04,1149,gt1l,PRE_BREACH,330,47.51724453079749,34.85569641600643,196.26658834502828,17.195619843581
2023-06-04,1149,gt2r,PRE_BREACH,76,47.52959960326027,34.81338991237893,187.04543576023127,17.162636695569695
2023-06-04,1149,gt3r,PRE_BREACH,70,47.53544687126074,34.771327090833616,184.17008049649127,17.16303685587023
2023-06-04,1149,gt1r,PRE_BREACH,83,47.51810927152274,34.85461173205225,196.3269140301934,17.108892496010622
2023-06-08,1209,gt1l,BREACH_DRAWDOWN,1072,47.41421332053753,34.01384384340759,103.85814453043824,12.59180651041444
2023-06-08,1209,gt2l,BREACH_DRAWDOWN,708,47.3902844065169,33.96770460574313,99.45500004561084,12.659675660879811
2023-06-08,1209,gt1r,BREACH_DRAWDOWN,252,47.42028776434907,34.0135453968216,104.2066877333352,12.650691912239944
2023-06-08,1209,gt2r,BREACH_DRAWDOWN,227,47.3875771295194,33.96606896215128,99.1640202735602,12.629058398576634
2023-06-08,1209,gt3l,BREACH_DRAWDOWN,490,47.3358879210342,33.91721707051818,93.23045910098216,12.404570805077148
2023-06-08,1209,gt3r,BREACH_DRAWDOWN,122,47.3285511865985,33.91497460046149,92.56322049041223,12.47134952047215
2023-06-23,45,gt1l,BREACH_DRAWDOWN,182,47.54527368748777,35.32438606912618,239.94856357712703,11.064881029360604
2023-06-23,45,gt1r,BREACH_DRAWDOWN,51,47.546217690033146,35.32540795193274,240.0199370431424,11.139584273834094
2023-06-27,105,gt3l,BREACH_DRAWDOWN,158,47.57667554099471,34.626992711065014,166.13091655824377,9.32384951000897
2023-06-27,105,gt1r,BREACH_DRAWDOWN,78,47.5618497613379,34.54432939007681,160.63037174480326,8.7107223632331
2023-06-27,105,gt1l,BREACH_DRAWDOWN,196,47.58606574704596,34.53974000826238,160.86303500334333,8.007309054934542
2023-06-27,105,gt2r,BREACH_DRAWDOWN,118,47.58782113529113,34.583613284392605,162.78742824312965,8.849313368397436
2023-06-27,105,gt3r,BREACH_DRAWDOWN,39,47.57839104107455,34.62789131153755,175.901041796667,9.350926198294044
2023-07-01,165,gt1l,BREACH_DRAWDOWN,510,47.14504287083471,33.82384967421107,66.82107995515211,1.9830748912281253
2023-07-01,165,gt1r,BREACH_DRAWDOWN,116,47.14605225285407,33.824808528966564,66.94892861938092,2.037624672022341
2023-07-01,165,gt2l,BREACH_DRAWDOWN,482,47.17264813940103,33.86255933397316,71.79641790188016,2.633054882959781
2023-07-01,165,gt3l,BREACH_DRAWDOWN,249,47.2070071527769,33.90044091659707,76.96221085729516,3.2376682302467623
2023-07-01,165,gt2r,BREACH_DRAWDOWN,88,47.16711901577208,33.86455367187064,71.31690762763738,2.675494592007066
2023-07-01,165,gt3r,BREACH_DRAWDOWN,62,47.207308010443846,33.90159113462019,77.04973830951548,3.4141625225261065
2023-07-03,205,gt1l,BREACH_DRAWDOWN,1899,47.59553615125305,35.04547376576654,226.04580889262547,10.615888401814102
2023-07-03,205,gt1r,BREACH_DRAWDOWN,525,47.58592981452585,35.04295316623738,226.04580889262547,10.650429292931422
2023-07-03,205,gt2l,BREACH_DRAWDOWN,1034,47.45429477146571,34.982181864839255,206.2362418148087,9.80911674057862
2023-07-03,205,gt3l,BREACH_DRAWDOWN,890,47.46058133577986,34.939972449953544,204.63903488448815,9.72475934033451
2023-07-03,205,gt2r,BREACH_DRAWDOWN,356,47.46020330014886,34.9818023836343,206.2362418148087,9.89060198442876
2023-07-03,205,gt3r,BREACH_DRAWDOWN,218,47.462220291670896,34.93899910469735,204.49822339003305,9.760190052001764
2023-07-07,265,gt2l,BREACH_DRAWDOWN,295,47.45368822519791,34.20363917118442,128.1780867646004,5.699561317960407
2023-07-07,265,gt2r,BREACH_DRAWDOWN,93,47.4670928411141,34.20437027442464,128.1066198173629,6.036362010787159
2023-07-07,265,gt1l,BREACH_DRAWDOWN,326,47.531178701716016,34.25780277130074,132.2256144652423,6.496497041968108
2023-07-07,265,gt1r,BREACH_DRAWDOWN,91,47.52810389852805,34.25612098388797,131.96578890504676,6.510145427153892
2023-07-07,265,gt3r,BREACH_DRAWDOWN,39,47.47292285545876,34.162101247649034,123.8376455843418,5.931275477734945
2023-07-07,265,gt3l,BREACH_DRAWDOWN,2,47.365049106274114,34.14806514997561,108.64883206063676,13.116989188843082
2023-07-11,325,gt1l,BREACH_DRAWDOWN,7,46.79181495267858,33.374511038425126,0.7838433325574327,0.5921760491946247
2023-07-11,325,gt1r,BREACH_DRAWDOWN,1,46.79797469400571,33.37415930635046,1.3180221732366768,0.6021372503592051
2023-07-26,545,gt3l,BREACH_DRAWDOWN,199,47.46205588749695,34.90306482084941,193.1548887792986,9.38965775200936
2023-07-26,545,gt3r,BREACH_DRAWDOWN,53,47.45616520201855,34.905069055237355,193.1548887792986,9.486679458272585
2023-07-26,545,gt2l,BREACH_DRAWDOWN,114,47.47142580246507,34.85862554716918,193.1548887792986,9.344813546056296
2023-07-26,545,gt2r,BREACH_DRAWDOWN,35,47.470863548087344,34.859902936841266,193.1548887792986,9.42984583575174
2023-07-26,545,gt1l,BREACH_DRAWDOWN,121,47.481771937331885,34.814065092388915,190.07237172769368,8.781952981443249
2023-07-26,545,gt1r,BREACH_DRAWDOWN,34,47.48751596754065,34.814351344892856,190.02528218835045,8.860161477595234
2023-07-30,609,gt1l,BREACH_DRAWDOWN,50,47.34297771208604,34.0551699764281,95.14958820034124,4.622090018705797
2023-07-30,609,gt3l,BREACH_DRAWDOWN,410,47.48521980549527,34.121100410711364,121.43230015202714,5.57033294858986
2023-07-30,609,gt2l,BREACH_DRAWDOWN,445,47.52525510311979,34.072315342818975,117.61930227176283,4.716113117565382
2023-07-30,609,gt3r,BREACH_DRAWDOWN,118,47.474485097808405,34.12377727702124,121.5780998602408,5.302009526073357
2023-07-30,609,gt1r,BREACH_DRAWDOWN,192,47.482887262064175,34.03634733452048,114.00846476466693,4.339938367207721
2023-07-30,609,gt2r,BREACH_DRAWDOWN,124,47.52324377650432,34.073778153234386,117.73637821130446,4.630325608608234
2023-08-01,645,gt3l,BREACH_DRAWDOWN,338,47.52174341729404,35.20851845097678,236.47175520682643,10.38207336876765
2023-08-01,645,gt3r,BREACH_DRAWDOWN,101,47.54145433267462,35.21013752143624,242.5684161058939,10.707256323190046
2023-08-01,645,gt1l,BREACH_DRAWDOWN,203,47.517857710959504,35.29347829731141,238.5340100292404,10.39598495887344
2023-08-01,645,gt2l,BREACH_DRAWDOWN,828,47.499742135519845,35.24813132349026,238.5340100292404,10.310801437465331
2023-08-01,645,gt1r,BREACH_DRAWDOWN,55,47.51812804405132,35.29236285014683,238.5340100292404,10.407129454165728
2023-08-01,645,gt2r,BREACH_DRAWDOWN,228,47.50222536366376,35.24730752003385,238.5340100292404,10.321845184882768
2023-08-05,705,gt1l,BREACH_DRAWDOWN,235,47.556234003708354,34.52027712514389,158.72947254135988,8.283112802940082
2023-08-05,705,gt3l,BREACH_DRAWDOWN,110,47.54486412154757,34.433207456563494,146.0683878464275,6.905343739667083
2023-08-05,705,gt1r,BREACH_DRAWDOWN,65,47.55402299871549,34.5188158610439,158.58251513986562,8.27387416794594
2023-08-05,705,gt3r,BREACH_DRAWDOWN,22,47.53775706480429,34.43103082414616,146.15616037684893,6.710932000933034
2023-08-05,705,gt2r,BREACH_DRAWDOWN,65,47.55826999140072,34.47663694484354,151.24234244154286,7.660372599341014
2023-08-09,769,gt1l,BREACH_DRAWDOWN,587,46.96775517923464,33.65837634183432,36.13793856707284,1.338537795745951
2023-08-09,769,gt1r,BREACH_DRAWDOWN,151,46.97680347017267,33.6585196946037,37.13919374705185,1.420981252036183
2023-08-09,769,gt3l,BREACH_DRAWDOWN,67,46.86045326304379,33.55898304985792,16.058570927418554,0.9127911468843752
2023-08-09,769,gt3r,BREACH_DRAWDOWN,34,46.89169350293166,33.56218402294692,23.78252875714436,0.9199978975189028
2023-08-09,769,gt2l,BREACH_DRAWDOWN,300,46.88958885236202,33.60518409198987,25.60016385588745,1.1038003830436496
2023-08-09,769,gt2r,BREACH_DRAWDOWN,120,46.88907490893906,33.603944070363085,25.49720139393831,0.975637259253802
2023-08-24,989,gt3l,BREACH_DRAWDOWN,727,47.61194075891509,35.10872083956585,226.04580889262547,12.490027648558216
2023-08-24,989,gt2l,BREACH_DRAWDOWN,568,47.548394288427886,35.074875677092386,222.32304123472247,12.347976669334134
2023-08-24,989,gt3r,BREACH_DRAWDOWN,177,47.63029832339828,35.10729394122612,252.63444046169096,12.540904937079048
2023-08-24,989,gt2r,BREACH_DRAWDOWN,152,47.56062303882493,35.0743756738842,223.6723973178988,12.454730413377147
2023-08-24,989,gt1l,BREACH_DRAWDOWN,425,47.56458912119021,35.02982196867981,209.73083156962457,12.294332313807214
2023-08-24,989,gt1r,BREACH_DRAWDOWN,111,47.56524745516239,35.030875398030055,209.73083156962457,12.30425591932128
2023-08-28,1049,gt1l,BREACH_DRAWDOWN,2255,47.51567410482799,34.290603498162525,134.64704320707693,6.968013657393558
2023-08-28,1049,gt2l,BREACH_DRAWDOWN,505,47.530782896880936,34.33123323555614,138.0225835799257,7.058729796077214
2023-08-28,1049,gt1r,BREACH_DRAWDOWN,562,47.51526634644669,34.29185906533292,134.74788742189864,7.042215162436152
2023-08-28,1049,gt2r,BREACH_DRAWDOWN,130,47.529453914081415,34.33249800377734,138.0440958779865,7.0341654913889045
2023-08-28,1049,gt3l,BREACH_DRAWDOWN,113,47.537607813101374,34.3730298872734,141.18922501303615,7.5657601845387985
2023-08-28,1049,gt3r,BREACH_DRAWDOWN,26,47.53176332786197,34.37490367989175,140.9165876671222,7.5056127266802415
2023-09-01,1109,gt1l,BREACH_DRAWDOWN,1704,46.88721410491801,33.60111194065194,25.20163799876304,1.404981368248253
2023-09-01,1109,gt1r,BREACH_DRAWDOWN,401,46.89063719440056,33.601848592086526,25.53693510532293,1.3648611557256851
2023-09-01,1109,gt3l,BREACH_DRAWDOWN,421,46.97421761897896,33.67327815238571,36.969705901942696,1.609779574469207
2023-09-01,1109,gt2l,BREACH_DRAWDOWN,579,46.9301559519349,33.63727678486639,31.825584763184544,1.2890151736962492
2023-09-01,1109,gt3r,BREACH_DRAWDOWN,129,46.97225844687934,33.67465223361795,36.764000612787626,1.536619161639012
2023-09-01,1109,gt2r,BREACH_DRAWDOWN,137,46.93053087011271,33.63830989348633,31.874594329332236,1.3186719343111255
2023-09-03,1149,gt3l,BREACH_DRAWDOWN,261,47.5528932874892,34.69382466215396,178.406869402201,9.770459659033522
2023-09-03,1149,gt1l,BREACH_DRAWDOWN,465,47.525023676304215,34.7755502111179,185.1436255720377,9.429351907812796
2023-09-03,1149,gt2l,BREACH_DRAWDOWN,178,47.54294689081734,34.73527684103238,181.532190286986,9.96346507470381
2023-09-03,1149,gt3r,BREACH_DRAWDOWN,78,47.55254383121745,34.69261819200376,178.3603322768852,9.759191474209649
2023-09-03,1149,gt1r,BREACH_DRAWDOWN,107,47.522450620826326,34.77410828893943,185.2381333562301,9.428445889090373
2023-09-03,1149,gt2r,BREACH_DRAWDOWN,58,47.54722881595296,34.73469798929628,181.20028027002184,9.958993720379068
2023-09-07,1209,gt1l,BREACH_DRAWDOWN,1165,47.46301572423278,33.988563934122524,105.20548311710272,3.40381605730952
2023-09-07,1209,gt1r,BREACH_DRAWDOWN,237,47.4683607038212,33.988119609494206,105.20548311710272,3.458820235511715
2023-09-07,1209,gt2l,BREACH_DRAWDOWN,381,47.38972255761851,33.9353527395419,99.5730556311152,3.135653650214009
2023-09-07,1209,gt2r,BREACH_DRAWDOWN,127,47.38656066167528,33.93371381738153,99.23176816107032,3.3256284305921686
2023-09-07,1209,gt3l,BREACH_DRAWDOWN,101,47.17305161528107,33.862090245624934,71.82031110764994,2.1369117464707
2023-09-07,1209,gt3r,BREACH_DRAWDOWN,12,47.16173922516669,33.859321624338,71.3119779724185,2.294569095596919
2023-09-21,45,gt1l,BREACH_DRAWDOWN,234,47.55698120261695,35.29034277063444,242.06544612241987,11.366706197157884
2023-09-21,45,gt2l,BREACH_DRAWDOWN,4,47.530748375862416,35.3368072714332,238.5340100292404,12.862414317812382
2023-09-21,45,gt1r,BREACH_DRAWDOWN,64,47.556637625436935,35.29151076283991,241.9988568035997,11.39039536837839
2023-09-25,105,gt1l,BREACH_DRAWDOWN,54,47.50715760475446,34.51867934276206,148.42739157254573,12.191177413422254
2023-09-25,105,gt2l,BREACH_DRAWDOWN,251,47.55570535872872,34.55460105595965,163.22334444501297,7.817671716600409
2023-09-25,105,gt1r,BREACH_DRAWDOWN,63,47.56715549784764,34.5112554439141,158.51590305427194,7.798123603703558
2023-09-25,105,gt3l,BREACH_DRAWDOWN,277,47.56864840523739,34.59571220077524,164.80547517438555,8.126486638734711
2023-09-25,105,gt2r,BREACH_DRAWDOWN,66,47.55867921755682,34.55543226065284,163.07220983360682,7.611318246404574
2023-09-25,105,gt3r,BREACH_DRAWDOWN,83,47.57334306685564,34.59623868659784,164.5196832252773,8.18941079236424
2023-09-29,165,gt2l,BREACH_DRAWDOWN,133,47.17199627522577,33.846374560201575,71.01701778386253,1.5505193590072104
2023-09-29,165,gt1l,BREACH_DRAWDOWN,218,47.144998073255934,33.807570113217324,66.47687380735908,2.8037398243637206
2023-09-29,165,gt1r,BREACH_DRAWDOWN,43,47.15321588998493,33.80750213820104,67.35355984125948,1.379317126882006
2023-09-29,165,gt3l,BREACH_DRAWDOWN,44,47.170282438426895,33.88935508115108,72.48150159468005,0.8046274821557332
2023-09-29,165,gt2r,BREACH_DRAWDOWN,30,47.16390926426679,33.84873143611253,70.7839281581953,1.7158773841019757
2023-09-29,165,gt3r,BREACH_DRAWDOWN,10,47.16865840161979,33.89074868972618,72.36843028064636,0.8793321722052954
2023-10-02,205,gt2l,BREACH_DRAWDOWN,111,47.55350050153682,35.01261329518839,209.73083156962457,9.862292924500464
2023-10-02,205,gt1l,BREACH_DRAWDOWN,116,47.57296510775235,35.05865997083722,224.92297674509143,9.98162125779744
2023-10-02,205,gt2r,BREACH_DRAWDOWN,33,47.51694353204047,35.00621842177284,208.25149252343803,9.52695046965979
2023-10-02,205,gt1r,BREACH_DRAWDOWN,30,47.58299303118075,35.058924094580526,226.03444149695648,10.513406436117997
2023-10-02,205,gt3l,BREACH_DRAWDOWN,74,47.43139346028908,34.952055223751564,206.2362418148087,9.4895718146574
2023-10-02,205,gt3r,BREACH_DRAWDOWN,9,47.43379033378121,34.95122768229331,206.2362418148087,9.46922383694937
2023-10-06,265,gt2l,BREACH_DRAWDOWN,239,47.51027535182314,34.227937977250775,129.42342139196643,5.890935945287352
2023-10-06,265,gt2r,BREACH_DRAWDOWN,117,47.50854245041029,34.22654652720864,129.37981202021595,5.8679826522001735
2023-10-06,265,gt1r,BREACH_DRAWDOWN,32,47.54117616431235,34.27439044333983,132.9652641906739,7.497876170676871
2023-10-06,265,gt1l,BREACH_DRAWDOWN,189,47.49052563722658,34.26835815196978,131.02550296186018,5.411049336113129
2023-10-06,265,gt3l,BREACH_DRAWDOWN,85,47.46949510573226,34.17899324583709,125.05294670869998,4.417094976277058
2023-10-06,265,gt3r,BREACH_DRAWDOWN,32,47.44699116377852,34.174751172218684,124.42275498857038,3.8603726923439776
2023-10-10,325,gt1l,BREACH_DRAWDOWN,6,46.77798470978049,33.388977674505384,0.2057974679550588,0.1596501807347083
2023-10-24,545,gt3l,BREACH_DRAWDOWN,426,47.45065705231275,34.888706944949774,193.1548887792986,9.254048674278447
2023-10-24,545,gt3r,BREACH_DRAWDOWN,93,47.44514522681501,34.89061779319168,193.1548887792986,9.228953272395149
2023-10-24,545,gt2l,BREACH_DRAWDOWN,250,47.47675025277475,34.8417977000888,192.2102193650213,9.23559815449355
2023-10-24,545,gt2r,BREACH_DRAWDOWN,79,47.4773706218685,34.84281511033165,192.27902306030435,9.221453390586746
2023-10-24,545,gt1r,BREACH_DRAWDOWN,169,47.54031801909071,34.79061985554327,184.96295617743803,10.083854682905242
2023-11-04,705,gt3l,BREACH_DRAWDOWN,4,47.575337021197136,34.453877749642594,153.20481882064803,7.720361329820726
2023-11-04,705,gt2r,BREACH_DRAWDOWN,17,47.57023904390745,34.494729255908375,157.22877486962182,7.32462475537451
2023-11-04,705,gt1r,BREACH_DRAWDOWN,12,47.58417315176731,34.53957638526554,160.80645155653838,8.033948672759413
2023-11-04,705,gt2l,BREACH_DRAWDOWN,5,47.56700023065848,34.49545677095681,157.3974686640236,7.24407032878979
2023-11-04,705,gt1l,BREACH_DRAWDOWN,3,47.53166653248022,34.533252795931304,159.1049979611661,8.59344448014139
2023-11-04,705,gt3r,BREACH_DRAWDOWN,6,47.50545718510279,34.44279410393344,148.10602451268346,6.385919305015094
2023-11-30,1109,gt2r,BREACH_DRAWDOWN,54,46.93280174397714,33.60565578389007,31.88806231965792,1.804589898109878
2023-11-30,1109,gt1r,BREACH_DRAWDOWN,1,46.83719837533198,33.576819589524895,18.41523881158723,1.4422073959410449
2023-11-30,1109,gt3l,BREACH_DRAWDOWN,3,46.93369752058528,33.64665441294361,32.28579291069911,1.8023656427620989
2023-11-30,1109,gt2l,BREACH_DRAWDOWN,15,46.938701489822506,33.60361737947285,32.52589289798344,1.775532897150154
2023-11-30,1109,gt3r,BREACH_DRAWDOWN,17,46.91682202315331,33.650072510570624,30.444079757670877,1.7528227117167647
2023-12-03,1149,gt2l,BREACH_DRAWDOWN,2,47.50206617393277,34.74576028823749,184.9924377924539,10.033813639218067
2023-12-03,1149,gt2r,BREACH_DRAWDOWN,15,47.50288629110839,34.74467465318303,184.8715972787442,9.972494984070222
2023-12-03,1149,gt1r,BREACH_DRAWDOWN,6,47.47793957221027,34.78381983991436,188.90759102740915,10.053167540519928
2024-01-01,205,gt2l,POST_BREACH,316,47.52719186078305,35.02510904966307,211.17890857017275,10.207544018290715
2024-01-01,205,gt2r,POST_BREACH,1233,47.51305646993982,35.02192530674925,211.7609126274361,10.118958592520992
2024-01-01,205,gt1l,POST_BREACH,177,47.56029130098335,35.07297285101767,223.6254179688977,10.170438585980513
2024-01-01,205,gt1r,POST_BREACH,693,47.5612154684988,35.071936167505086,223.7200784930814,10.208058955968063
2024-01-01,205,gt3l,POST_BREACH,412,47.45525787166883,34.9717581990997,206.2362418148087,9.709699930186316
2024-01-01,205,gt3r,POST_BREACH,1642,47.45157121877426,34.97012179250475,206.2362418148087,9.634690481850711
2024-01-05,265,gt2l,POST_BREACH,24,47.54139992139062,34.24857204487374,132.07946308160712,6.360618849011988
2024-01-05,265,gt1r,POST_BREACH,14,47.54285683329595,34.29079728446095,134.15077826826763,6.756612217625553
2024-01-05,265,gt1l,POST_BREACH,2,47.50647725962539,34.28675606498328,134.5342102638997,6.254659414249167
2024-01-05,265,gt3l,POST_BREACH,111,47.45837533639118,34.19363334505441,127.382369948796,5.567379771385477
2024-01-05,265,gt3r,POST_BREACH,370,47.44753813435372,34.1909806650239,127.28509623928154,5.36805789571445
2024-01-05,265,gt2r,POST_BREACH,1,47.31176651434841,34.214926934904646,108.64883206063676,14.825960398808622
2024-01-09,325,gt1l,POST_BREACH,53,46.808303902618114,33.409367749377694,3.6982832414489897,0.7418428889072676
2024-01-09,325,gt1r,POST_BREACH,199,46.80493855929448,33.407754111446444,3.4656051975432525,0.7006180252481775
2024-01-09,325,gt2r,POST_BREACH,3,46.78656999586078,33.36259848715935,0.0,0.7363414133403139
2024-01-27,609,gt3r,POST_BREACH,5,47.468223033714175,34.09267521076534,111.7960180305174,4.808901156080494
2024-01-27,609,gt2r,POST_BREACH,16,47.480662807893225,34.04787266565499,113.64093845455456,4.550468963449687
2024-01-30,645,gt3r,POST_BREACH,474,47.59828803359498,35.250661933341206,247.41318239465176,12.664581618454216
2024-01-30,645,gt2l,POST_BREACH,65,47.56714122595518,35.290491325800666,243.11941291431103,11.588282116132271
2024-01-30,645,gt2r,POST_BREACH,287,47.56966597870828,35.289690110012856,243.40343045113693,11.567145630389785
2024-01-30,645,gt3l,POST_BREACH,29,47.490455463580766,35.23660545496361,238.5340100292404,10.485879621882129
2024-01-31,669,gt2l,POST_BREACH,7,46.786979294386015,33.36523099923022,0.0,1.0922629630515874
2024-01-31,669,gt3l,POST_BREACH,11,46.81494866157951,33.403884815920875,3.8711496011296114,1.0513038087347704
2024-01-31,669,gt2r,POST_BREACH,11,46.78721623970173,33.36633180710414,0.0016894122425651,1.091469051445049
2024-01-31,669,gt3r,POST_BREACH,50,46.812197110057305,33.40546746774046,3.760125031015416,1.115241118113812
2024-02-03,705,gt1l,POST_BREACH,25,47.59630613998777,34.558892626788754,162.03789812171806,8.190163401569658
2024-02-03,705,gt2l,POST_BREACH,69,47.57882994186448,34.51343548240057,158.2492204726096,8.050344579605941
2024-02-03,705,gt3l,POST_BREACH,38,47.56531384094672,34.4685295196933,152.04846178359782,7.821953491858412
2024-02-03,705,gt1r,POST_BREACH,164,47.590314278446,34.55683786961104,162.03789812171806,8.358337280820285
2024-02-07,769,gt1l,POST_BREACH,17,46.97468535144923,33.6919769343185,37.169096264904105,1.5877067030075167
2024-02-07,769,gt1r,POST_BREACH,103,46.97532397207072,33.69088281401151,37.23103033341629,1.562644422414348
2024-02-07,769,gt2l,POST_BREACH,65,46.908846428714,33.64034906243294,29.49082423562646,1.8207112445950324
2024-02-07,769,gt2r,POST_BREACH,226,46.89572878450958,33.63728809709296,27.64342450242168,1.7605488817228852
2024-02-07,769,gt3r,POST_BREACH,296,46.84665757720638,33.58820443956096,21.10153313289595,1.1036776751647324
2024-02-07,769,gt3l,POST_BREACH,78,46.848011409323846,33.58951820586898,21.27967629008759,1.1651008135636451
2024-02-25,1049,gt2l,POST_BREACH,227,47.50882178463564,34.30188209623184,135.6129216894538,7.066608656123246
2024-02-25,1049,gt1l,POST_BREACH,119,47.47729558866512,34.26347455260848,130.0677032753737,6.4242229989625
2024-02-25,1049,gt2r,POST_BREACH,844,47.508304632899495,34.30309076974383,135.71235852755984,7.100734287520395
2024-02-25,1049,gt1r,POST_BREACH,568,47.48054781592472,34.26412757389633,130.26582165508117,6.3876040546953385
2024-02-25,1049,gt3l,POST_BREACH,104,47.536862930206674,34.34082875863736,138.9668544205375,7.210330057287952
2024-02-25,1049,gt3r,POST_BREACH,388,47.53694344876227,34.342003661207926,139.05038752904235,7.174626250820054
2024-02-29,1109,gt1l,POST_BREACH,37,46.83459364709365,33.576032277908624,18.48845277422292,1.4477934985094194
2024-02-29,1109,gt2l,POST_BREACH,381,46.8904468721986,33.610496428097925,25.952722795810363,1.5694060506279508
2024-02-29,1109,gt1r,POST_BREACH,124,46.833045373454986,33.57737238105715,18.655844183619337,1.414387693562294
2024-02-29,1109,gt2r,POST_BREACH,1413,46.8942574251978,33.61110200726225,26.319786623860917,1.5546331094559591
2024-02-29,1109,gt3l,POST_BREACH,172,46.93395147951653,33.646804226583164,32.31497898096487,1.6966803800159431
2024-02-29,1109,gt3r,POST_BREACH,688,46.93279678545018,33.648111955014855,32.196804508332164,1.6668401923772536
2024-03-03,1149,gt2l,POST_BREACH,54,47.52284982863228,34.76498767889878,184.6749440444732,10.549930563994138
2024-03-03,1149,gt1l,POST_BREACH,82,47.52552627996324,34.808012699088366,187.0137093320548,10.964524055661157
2024-03-03,1149,gt1r,POST_BREACH,329,47.52809977306868,34.807196702867444,186.78655951627863,10.891975322181509
2024-03-03,1149,gt2r,POST_BREACH,126,47.51354235769299,34.76245944017899,185.1744093558761,10.55135031939551
2024-03-03,1149,gt3r,POST_BREACH,95,47.50748638790306,34.71898139890124,183.0422235389478,10.38969888744112
2024-03-03,1149,gt3l,POST_BREACH,6,47.50876100694365,34.72027571910092,183.02959938924792,10.475050556817768
2024-03-29,165,gt1l,POST_BREACH,10,47.07876043670916,33.78482162083482,57.54833751211118,3.2505819498237027
2024-03-29,165,gt1r,POST_BREACH,29,47.0693483406702,33.78734952330382,57.41970623490386,3.1600261543750343
2024-03-29,165,gt2r,POST_BREACH,1,47.07438710419452,33.82898760959336,59.06344515130376,15.002718919743137
2024-04-01,205,gt2l,POST_BREACH,45,47.835172384438174,35.08532162496605,276.84528922012305,12.837694807744905
2024-04-01,205,gt2r,POST_BREACH,197,47.83750928007619,35.08440140462251,276.9909034314874,12.807772351873671
2024-04-01,205,gt1l,POST_BREACH,80,47.52799406087667,35.08460098636783,220.14097529056212,10.983439992717216
2024-04-01,205,gt1r,POST_BREACH,308,47.54338871525784,35.085608042930126,221.84791020997665,10.979495160902497
2024-04-01,205,gt3l,POST_BREACH,263,47.48920462249277,34.993012671871035,206.2362418148087,10.853975782622417
2024-04-01,205,gt3r,POST_BREACH,1192,47.487230098612095,34.99162673895036,206.2362418148087,10.83800850247138
2024-04-05,265,gt2l,POST_BREACH,6,47.5388546317256,34.26459982931518,132.6900733832366,7.179563703978901
2024-04-05,265,gt2r,POST_BREACH,25,47.53752165647403,34.26322157624826,132.6900733832366,7.18238631319606
2024-04-09,325,gt1l,POST_BREACH,8,46.813955663659705,33.42634316810094,5.085926771187994,1.3578632759581426
2024-04-09,325,gt1r,POST_BREACH,37,46.81919415919212,33.42595128504178,5.447439878842629,1.350006230872855
2024-04-09,325,gt2l,POST_BREACH,53,46.786255395206254,33.379922277322294,0.5330613859278261,1.1552741027710005
2024-04-09,325,gt2r,POST_BREACH,228,46.78559093538778,33.37869423553306,0.417942417033329,1.1422550383032672
2024-04-23,545,gt3l,POST_BREACH,500,47.51791636303329,34.84652276843306,196.0878993263464,11.508544089776592
2024-04-23,545,gt2l,POST_BREACH,496,47.51722680592901,34.80360131020938,187.33296961253112,11.473274835465888
2024-04-23,545,gt3r,POST_BREACH,2094,47.51673283800942,34.8479006361937,196.0024315943643,11.449013866502534
2024-04-23,545,gt1l,POST_BREACH,232,47.52254036241669,34.75980668866276,184.39232992843245,11.478499186756062
2024-04-23,545,gt2r,POST_BREACH,1840,47.516395237694965,34.804883591328824,187.4661482600269,11.500910652493332
2024-04-23,545,gt1r,POST_BREACH,843,47.5221096976282,34.76101088111428,184.4930026502772,11.46413950848731
2024-04-27,609,gt2l,POST_BREACH,981,47.47564098519174,34.0308247887145,113.27006486936598,6.284452766486234
2024-04-27,609,gt3l,POST_BREACH,628,47.49185587001445,34.071548290516574,115.24960117605087,6.337403433971407
2024-04-27,609,gt1l,POST_BREACH,443,47.45209404729241,33.991126366384194,104.71282983329056,6.329123641032783
2024-04-27,609,gt2r,POST_BREACH,3645,47.48125895294645,34.03124982892892,113.88365048377676,6.304093284831002
2024-04-27,609,gt3r,POST_BREACH,2454,47.49087307855553,34.07295189995291,115.18850813416714,6.316782158489911
2024-04-27,609,gt1r,POST_BREACH,1704,47.45994844854132,33.99119171473486,105.19226656019616,6.298212601408655
2024-04-30,645,gt3l,POST_BREACH,256,47.58200758731204,35.265445262368985,245.3280869451664,11.934995022246769
2024-04-30,645,gt3r,POST_BREACH,814,47.58893064918894,35.26533704208661,246.0517014872909,11.96072178636359
2024-04-30,645,gt2l,POST_BREACH,49,47.55940822276117,35.30546366300796,241.9193332914136,11.535276265146978
2024-04-30,645,gt2r,POST_BREACH,24,47.51958530041259,35.298562726845624,238.5340100292404,11.412120820571689
2024-05-01,669,gt3l,POST_BREACH,77,46.794039475542014,33.39077965760146,1.721358916121742,1.967366599050412
2024-05-01,669,gt3r,POST_BREACH,353,46.791956942099866,33.39219088155456,1.5994911568738654,1.8853718967171864
2024-05-04,705,gt1l,POST_BREACH,115,47.579725832885615,34.556639182125444,161.9559857613316,10.14311242272819
2024-05-04,705,gt2l,POST_BREACH,214,47.56545637673706,34.51153234169357,158.58251513986562,9.7990451485252
2024-05-04,705,gt3l,POST_BREACH,358,47.53193162093465,34.46368752351614,148.42739157254573,8.950041801092027
2024-05-04,705,gt1r,POST_BREACH,495,47.57854704692229,34.55531371513709,161.83082535244702,10.064691424024623
2024-05-04,705,gt3r,POST_BREACH,1459,47.53750838898189,34.46331286684463,148.97546506585462,8.878732571466845
2024-06-24,105,gt1l,POST_BREACH,54,47.56995971578336,34.51002436143681,158.32701797757002,8.67206885859598
2024-06-24,105,gt1r,POST_BREACH,164,47.56897927756821,34.51132792527832,158.45517470847182,8.684910543797915
2024-06-24,105,gt2l,POST_BREACH,22,47.58042316776716,34.551149764506086,161.56887326531032,9.264288875338565
2024-06-24,105,gt3l,POST_BREACH,6,47.56736013027525,34.59566756290641,164.88986250910452,9.760821005164464
2024-06-24,105,gt3r,POST_BREACH,72,47.58594601419192,34.594111625422244,163.54102873142563,9.339509624436008
2024-06-28,165,gt1l,POST_BREACH,322,47.06920544357116,33.76990606228273,56.15074452063023,1.9607633726935865
2024-06-28,165,gt2l,POST_BREACH,432,47.14385530700297,33.801924321939616,66.23710917927276,2.819348885357782
2024-06-28,165,gt1r,POST_BREACH,86,47.06903879987703,33.771039969309534,56.22739804723041,1.983630900726881
2024-06-28,165,gt2r,POST_BREACH,137,47.145828219092,33.80280546188922,66.4662858572203,2.858151798258073
2024-06-28,165,gt3l,POST_BREACH,302,47.1664057684692,33.84109315876233,70.3850253164847,2.8695574008026337
2024-06-28,165,gt3r,POST_BREACH,81,47.16847644072368,33.84189989479863,70.5408045650283,2.877633384591189
2024-07-04,265,gt2l,POST_BREACH,9,47.54517165579385,34.249197372197656,132.30023632309468,13.059984062914474
2024-07-04,265,gt3l,POST_BREACH,849,47.47783138046555,34.19638259740679,127.4056427370728,6.725907670700556
2024-07-04,265,gt2r,POST_BREACH,3,47.61229918475533,34.25744534010333,132.6900733832366,13.0188489444416
2024-07-04,265,gt1l,POST_BREACH,856,47.50567695338509,34.286690756167694,134.54439146437684,6.658102918947531
2024-07-04,265,gt1r,POST_BREACH,169,47.50571225704169,34.28557151607226,134.46064583368795,6.757726510610311
2024-07-04,265,gt3r,POST_BREACH,423,47.44737393549395,34.19088050225997,127.2791163998015,5.864809260692914
2024-07-08,325,gt1l,POST_BREACH,74,46.8280474731012,33.44473118703658,7.017980715168688,0.8120448802966557
2024-07-08,325,gt2l,POST_BREACH,255,46.798118489795336,33.39783800868923,2.406208890513176,0.8328398987765198
2024-07-08,325,gt1r,POST_BREACH,25,46.82754882333058,33.44343894045829,6.905068714908528,0.8169335277336448
2024-07-08,325,gt2r,POST_BREACH,52,46.7960661058865,33.39634122202967,2.1549523299070885,0.774475535450314
2024-07-23,545,gt3l,POST_BREACH,729,47.51513704334061,34.830685794528975,190.91870836490816,9.78350988194235
2024-07-23,545,gt2l,POST_BREACH,767,47.52306448320712,34.78644401052057,185.91944114312747,9.560784965498671
2024-07-23,545,gt3r,POST_BREACH,181,47.49617790343364,34.83453217335974,191.43347311805127,9.765714468586877
2024-07-23,545,gt2r,POST_BREACH,216,47.51874693344784,34.78828060167837,186.3279005346277,9.57634612237328
2024-07-23,545,gt1r,POST_BREACH,61,47.546893273500274,34.74123372006624,181.6072298102929,10.069484361290709
2024-07-27,609,gt1l,POST_BREACH,653,47.43446034339208,33.977104677415404,102.758859006742,3.205610797265257
2024-07-27,609,gt1r,POST_BREACH,184,47.43142196565192,33.978713916027594,102.6767268559394,3.188179011784768
2024-07-27,609,gt2l,POST_BREACH,20,47.329072156390346,34.03536662632624,92.3242589050449,3.980942443532322
2024-07-27,609,gt3l,POST_BREACH,372,47.46934690145543,34.05845569319362,112.28320920796658,3.9804139476016
2024-07-27,609,gt2r,POST_BREACH,9,47.43543594637746,34.02148526644185,105.4157937287704,4.07531833941795
2024-07-27,609,gt3r,POST_BREACH,136,47.47471348286975,34.05888557540351,112.86912670871286,3.992504779809411
2024-07-29,645,gt3l,POST_BREACH,114,47.53816562381872,35.275406948930446,240.5006437806859,10.86630461533942
2024-07-29,645,gt3r,POST_BREACH,35,47.554772624767104,35.276588971185845,242.19845907701443,11.465935851941824
2024-07-29,645,gt2l,POST_BREACH,23,47.54405277108256,35.319458811147435,239.9513097618077,10.887644724654187
2024-07-29,645,gt2r,POST_BREACH,9,47.53533761494523,35.31697988560028,239.1091075835412,10.760751535073556
2024-07-31,669,gt3l,POST_BREACH,174,46.7872910128575,33.37548873710442,0.4241954413813488,0.3128802037410947
2024-07-31,669,gt3r,POST_BREACH,38,46.78796372972605,33.37653566269966,0.5318234138492521,0.381947651111524
2024-08-02,705,gt1l,POST_BREACH,63,47.565417388057135,34.5871275581522,164.51097868834086,7.820753412840194
2024-08-02,705,gt2l,POST_BREACH,256,47.567950418871234,34.54440524881214,160.77954133219242,7.442414670909474
2024-08-02,705,gt1r,POST_BREACH,28,47.57328229494872,34.58714277733997,163.98050309651316,8.430577496209072
2024-08-02,705,gt3r,POST_BREACH,98,47.57424843514105,34.501050704067666,157.53372953161107,7.73917096627529
2024-08-02,705,gt2r,POST_BREACH,44,47.56297929932524,34.54251199780474,160.5233259442172,7.528742594228688
2024-08-06,769,gt1l,POST_BREACH,8,47.04919864154984,33.73509402636186,52.66288452064075,1.216726111307877
2024-08-06,769,gt2l,POST_BREACH,118,46.96947640277357,33.68136699052403,36.50951293109596,0.5683242246947422
2024-08-06,769,gt1r,POST_BREACH,3,47.04900185486012,33.73397270197929,52.58938068281982,1.279399552104042
2024-08-06,769,gt2r,POST_BREACH,45,46.973760453968026,33.68083775171265,36.9788450071212,0.7601688713420586
2024-08-06,769,gt3l,POST_BREACH,552,46.89492668228039,33.62851464262697,27.17236015398079,0.6005857088692973
2024-08-06,769,gt3r,POST_BREACH,136,46.8893761455383,33.626644342941944,26.592743562641587,0.6004317117564958
2024-08-21,989,gt1l,POST_BREACH,61,47.47855516259795,35.00922232742127,206.2362418148087,10.090591123250036
2024-08-21,989,gt1r,POST_BREACH,14,47.45180510086628,35.01427464422056,206.2362418148087,9.43331562170284
2024-08-21,989,gt3l,POST_BREACH,17,47.479424923597136,35.09531882974244,216.9201662281432,10.002797938144775
2024-08-21,989,gt2l,POST_BREACH,84,47.578051365627154,35.03820463784699,225.3364558501027,10.331852371352568
2024-08-21,989,gt3r,POST_BREACH,2,47.4690614077921,35.097971821682066,216.9201662281432,9.802197682339392
2024-08-21,989,gt2r,POST_BREACH,11,47.57622180427948,35.03966356372096,225.14465536142603,10.341004445091412
2024-08-25,1049,gt2l,POST_BREACH,748,47.525073149298606,34.267081867129654,132.56966529645533,6.096062058786155
2024-08-25,1049,gt1l,POST_BREACH,221,47.48227413509471,34.23022815723674,129.42342139196643,5.460676556382615
2024-08-25,1049,gt3l,POST_BREACH,202,47.5225077066803,34.31045447900238,135.99172315133333,5.992633761695668
2024-08-25,1049,gt2r,POST_BREACH,219,47.51789557919377,34.2693017106706,133.02440021628914,6.116837741134814
2024-08-25,1049,gt1r,POST_BREACH,75,47.486747553928325,34.23073056705649,129.42342139196643,5.509988994624487
2024-08-25,1049,gt3r,POST_BREACH,59,47.51924351573338,34.31211930588773,136.1766772906896,6.079754935188776
2024-09-04,1209,gt2l,POST_BREACH,15,47.47560392029031,34.01210547044116,113.46579158702168,4.074738289445356
2024-09-04,1209,gt1l,POST_BREACH,2,47.54342493932798,34.06427148066884,117.53497103049442,6.17541438798539
2024-09-04,1209,gt3l,POST_BREACH,328,47.44841470587167,33.96575370932275,102.8858501387516,3.7890549254251873
2024-09-04,1209,gt3r,POST_BREACH,81,47.44647438418885,33.96437035574732,102.6809103828347,3.834020543036972
2024-09-23,105,gt3l,POST_BREACH,40,47.50619800222935,34.68526305220877,171.43933908592675,15.000895895505534
2024-09-23,105,gt3r,POST_BREACH,16,47.5421579967589,34.68128931051113,178.4171416175057,9.7459624353928
2024-09-23,105,gt2l,POST_BREACH,94,47.55801941793888,34.635335030854705,167.890487437525,8.107958786014882
2024-09-23,105,gt1l,POST_BREACH,153,47.56910093700148,34.59122267447224,164.50672526939618,8.052519768863796
2024-09-23,105,gt2r,POST_BREACH,20,47.55647461991991,34.63669064095256,168.0759056957492,8.11059255955563
2024-09-23,105,gt1r,POST_BREACH,43,47.56735233009749,34.5926248424039,164.70863538935663,8.284351190564339
2024-09-27,165,gt1l,POST_BREACH,17,47.1499972270488,33.8721583952395,71.3119779724185,1.0957191315364831
2024-09-27,165,gt2l,POST_BREACH,4,47.167598920723655,33.91194887293966,72.99146458900417,1.2196234978064993
2024-09-27,165,gt1r,POST_BREACH,4,47.15053500399235,33.87324077708318,71.3119779724185,1.1526851642432954
2024-09-27,165,gt3l,POST_BREACH,26,47.24260487658632,33.943735394149144,82.09523742253958,2.467553956292796
2024-09-27,165,gt3r,POST_BREACH,3,47.24397250144417,33.94462041005162,82.2542998099072,2.699813498059492
2024-09-29,205,gt1l,POST_BREACH,358,47.502381590502544,34.983470255664656,205.75538512505423,9.910056381832684
2024-09-29,205,gt2l,POST_BREACH,343,47.47857959621589,34.937004627880995,203.62507386768849,9.70222451418463
2024-09-29,205,gt3l,POST_BREACH,253,47.484077376538345,34.894679290874805,193.8832039793444,9.523908393525186
2024-09-29,205,gt1r,POST_BREACH,90,47.51306671517842,34.98384629197464,207.25778954797173,9.945517747124358
2024-09-29,205,gt2r,POST_BREACH,81,47.48063376335081,34.936065025638115,203.4679441735505,9.728286907410668
2024-09-29,205,gt3r,POST_BREACH,58,47.48956609420341,34.89424907035105,194.4407591230228,9.483885735971684
2024-10-03,265,gt2l,POST_BREACH,330,47.5185716032635,34.2452550745354,130.77499077077027,4.369573967952406
2024-10-03,265,gt3l,POST_BREACH,110,47.450408677765815,34.19242295933995,127.36643409117067,6.729469006839901
2024-10-03,265,gt2r,POST_BREACH,108,47.52174494951907,34.24447565624915,130.87179520703174,4.521711332136758
2024-10-03,265,gt1l,POST_BREACH,207,47.490554743330144,34.284375074975976,134.6564241998273,5.898160304214632
2024-10-03,265,gt1r,POST_BREACH,43,47.489507056786366,34.28303746557812,134.5767712871896,5.887447949251652
2024-10-03,265,gt3r,POST_BREACH,16,47.425541991554695,34.18773094838624,108.64883206063676,4.532556350662667
2024-10-22,545,gt3l,POST_BREACH,80,47.43856256695921,34.95509697662449,206.2362418148087,9.891528619650806
2024-10-22,545,gt2l,POST_BREACH,81,47.44332908014802,34.911311212902376,193.1548887792986,9.619589379444555
2024-10-22,545,gt3r,POST_BREACH,17,47.43211669619383,34.95708734727925,206.2362418148087,9.846231205489625
2024-10-22,545,gt2r,POST_BREACH,20,47.43896453496376,34.913028342402015,193.1548887792986,9.380587540484312
2024-10-22,545,gt1l,POST_BREACH,172,47.51562667001631,34.857862916556286,196.15744330455908,10.408893226482006
2024-10-22,545,gt1r,POST_BREACH,45,47.490471818494015,34.862573905955514,193.6758727723665,10.399816378202134
2024-10-26,609,gt3l,POST_BREACH,6,47.47138643516962,34.171919695204615,124.5503563520258,5.5634992917986255
2024-10-28,645,gt3l,POST_BREACH,8,47.61321088950998,35.17219482273266,251.0401360501623,13.502690229009264
2024-10-28,645,gt2l,POST_BREACH,8,47.51587844861089,35.2017252494426,236.51504807399505,12.07346871746554
2024-10-28,645,gt1l,POST_BREACH,13,47.504749486111216,35.24338823854111,238.5340100292404,9.697277500834709
2024-10-28,645,gt1r,POST_BREACH,7,47.50220734701978,35.241882445176444,238.5340100292404,9.713522069010414
2024-10-28,645,gt3r,POST_BREACH,2,47.457104702123246,35.1489453355685,216.9201662281432,9.7439972343694
2024-10-28,645,gt2r,POST_BREACH,1,47.45344291033569,35.191634464878604,238.5340100292404,9.791157334741005
2024-10-30,669,gt1l,POST_BREACH,120,46.81075190946462,33.40035186699854,3.608643781386475,0.4903061213344029
2024-10-30,669,gt1r,POST_BREACH,28,46.81152899375,33.40129803136137,3.608643781386475,0.5145918879056025
2024-10-30,669,gt3l,POST_BREACH,67,46.83729253636003,33.48206854029437,10.1111208400723,0.5440154005867436
2024-10-30,669,gt2l,POST_BREACH,113,46.8301355554926,33.44032084980512,6.819387191112322,0.5480293432683767
2024-10-30,669,gt3r,POST_BREACH,16,46.8372740471356,33.48318949230327,10.169305138910095,0.6093538838812981
2024-10-30,669,gt2r,POST_BREACH,32,46.830986157585095,33.44134341210057,6.931204224085659,0.5252992091012124
2024-11-01,705,gt1l,POST_BREACH,55,47.579631572268696,34.55677401393217,161.9636801788465,7.4390137422061935
2024-11-01,705,gt2l,POST_BREACH,66,47.575925004398655,34.51304412435461,158.32633393693027,7.308978796055242
2024-11-01,705,gt3l,POST_BREACH,215,47.58296634672505,34.47073084506276,155.06221284589273,7.024946152300572
2024-11-01,705,gt1r,POST_BREACH,12,47.57871965352614,34.55554523484431,161.8519043757184,8.01705394620258
2024-11-01,705,gt2r,POST_BREACH,19,47.58105616869892,34.51253936710916,158.10505233648198,7.414349650442354
2024-11-01,705,gt3r,POST_BREACH,77,47.58407176730952,34.469699291591816,154.94896019383052,7.047938830783821
2024-11-05,769,gt2l,POST_BREACH,142,46.83773514477664,33.54916908967851,16.49466392664928,0.2961776170072966
2024-11-05,769,gt1l,POST_BREACH,1092,46.87771630432686,33.59727755032515,24.18786309956361,0.3947173151384868
2024-11-05,769,gt1r,POST_BREACH,313,46.89120098279968,33.59797988381226,25.406275329836127,0.4220321577104238
2024-11-05,769,gt3l,POST_BREACH,141,46.84298889461356,33.50732640463839,11.908757699746266,0.376429452644567
2024-11-05,769,gt3r,POST_BREACH,36,46.84240474745318,33.50606791034535,11.795289752862637,0.3946690918506104
2024-11-05,769,gt2r,POST_BREACH,43,46.83067115869788,33.54696083459062,16.687926000015118,0.3128159367854172
2024-11-20,989,gt3l,POST_BREACH,232,47.64055566030911,35.18637863835124,254.42736668764343,12.716008060133516
2024-11-20,989,gt2l,POST_BREACH,161,47.66512222594306,35.139461358164,256.3062540174871,12.433166061770631
2024-11-20,989,gt3r,POST_BREACH,47,47.60991282811836,35.19180034048454,250.178319648314,13.265751881180387
2024-11-20,989,gt1l,POST_BREACH,198,47.61545457881274,35.10315609370371,226.04580889262547,11.898059039450883
2024-11-20,989,gt2r,POST_BREACH,59,47.66351924295698,35.140809757267164,256.3062540174871,12.389729954560494
2024-11-20,989,gt1r,POST_BREACH,55,47.63623643747978,35.10134378100634,253.24117284420956,11.952531635225732
2024-11-24,1049,gt3l,POST_BREACH,15,47.54818591203512,34.420663817764066,145.05653395919342,6.930782070225887
2024-11-24,1049,gt2l,POST_BREACH,6,47.52822147515828,34.38016833762708,141.00138705429623,6.595906147255414
2024-11-24,1049,gt3r,POST_BREACH,2,47.56284465482245,34.419751737000894,144.4890119448338,7.023107583470018
2024-12-19,45,gt1l,POST_BREACH,6,47.52891285653161,35.294526832891705,239.03247795893063,11.58137698569121
2025-01-02,265,gt3l,POST_BREACH,309,47.48946196486556,34.19847638776123,127.45327990699072,6.340571831191727
2025-01-02,265,gt2l,POST_BREACH,455,47.525526902071846,34.246457119845374,131.1855022270152,6.192706370637471
2025-01-02,265,gt2r,POST_BREACH,112,47.528866555288594,34.245710557623475,131.29240372262737,6.146980798467372
2025-01-02,265,gt3r,POST_BREACH,70,47.4695969950766,34.194476463782685,127.34005103244463,6.153544492399343
2025-01-02,265,gt1l,POST_BREACH,568,47.50619886806204,34.28656643012609,134.52536155483125,6.159400253320418
2025-01-02,265,gt1r,POST_BREACH,123,47.5086598776196,34.285702050462255,134.4149857431831,6.191455708501878
2025-02-18,989,gt3l,POST_BREACH,363,47.65990556319855,35.10233403161025,255.8646640580744,11.337460429585938
2025-02-18,989,gt3r,POST_BREACH,90,47.67441907933373,35.10147893347171,256.3062540174871,12.089660921464713
2025-02-18,989,gt1r,POST_BREACH,28,47.464106133246,35.04499354929837,215.99775997454324,9.780746290244329
2025-02-18,989,gt2l,POST_BREACH,76,47.531978219016615,35.07719773655175,220.53115998450824,11.807601721481426
2025-02-18,989,gt1l,POST_BREACH,217,47.54419033924798,35.03236850582415,210.70214305996868,11.236265697366884
2025-02-18,989,gt2r,POST_BREACH,38,47.50625217659939,35.082136210108395,216.0618222568442,10.82887820696994
2025-02-22,1049,gt2l,POST_BREACH,64,47.5073877368935,34.30210887100318,135.65671550696842,6.487814163593876
2025-02-22,1049,gt1l,POST_BREACH,366,47.52409183016264,34.25648477679388,131.80109193799922,6.219061620952092
2025-02-22,1049,gt2r,POST_BREACH,13,47.51413028413528,34.302278597889924,135.54254474397266,6.158465811376432
2025-02-22,1049,gt3l,POST_BREACH,27,47.53076978730595,34.34203976333196,138.75455114845505,6.998716993804344
2025-02-22,1049,gt1r,POST_BREACH,71,47.512064519189714,34.25944150669498,131.43460060958802,6.0981057029340855
2025-02-22,1049,gt3r,POST_BREACH,1,47.56931768504635,34.33776524874125,141.1508512187698,8.6094115657441
2025-02-26,1109,gt1l,POST_BREACH,259,46.83006698593951,33.57622688006489,18.722754667949143,0.6592192901773911
2025-02-26,1109,gt2l,POST_BREACH,714,46.89104438266225,33.61036418875746,25.99993483614121,0.8226777462558694
2025-02-26,1109,gt1r,POST_BREACH,76,46.83210324261045,33.57719724496607,18.689836836064632,0.6561334427941666
2025-02-26,1109,gt2r,POST_BREACH,207,46.88817999805925,33.61186559432023,25.78762613846632,0.7654253557392098
2025-02-26,1109,gt3l,POST_BREACH,109,46.95066615089789,33.644731896174704,34.14875556107403,1.992320608168669
2025-02-26,1109,gt3r,POST_BREACH,63,46.93378826551513,33.6481924472411,32.30706556168734,0.9203471263928612
2025-03-01,1149,gt2l,POST_BREACH,139,47.54501999483788,34.76827519263989,183.32452283567383,9.596992542791613
2025-03-01,1149,gt1l,POST_BREACH,43,47.51702971673996,34.80719397597404,187.5575409816032,9.815282341518168
2025-03-01,1149,gt3l,POST_BREACH,7,47.51248490967614,34.72070170371469,182.79558396432307,8.827065361452485
2025-03-01,1149,gt2r,POST_BREACH,54,47.54667519530034,34.76730529228578,183.1523830778177,9.440490430015158
2025-03-01,1149,gt1r,POST_BREACH,3,47.56762782350233,34.81321295897063,196.9491563042612,10.185488183029545
2025-03-01,1149,gt3r,POST_BREACH,3,47.50251307331717,34.71813303365551,183.33831870832984,8.7872626869405
2025-03-05,1209,gt2l,POST_BREACH,78,47.41732474090619,33.97151827777149,101.6838432346947,3.391866555707161
2025-03-05,1209,gt2r,POST_BREACH,316,47.44288111822496,33.973915122221406,103.06688658391852,3.3812389677057784
2025-03-05,1209,gt1r,POST_BREACH,149,47.42748297448921,34.01458628233788,104.70777387140949,4.560105797768634
2025-03-05,1209,gt3l,POST_BREACH,20,47.451241186416055,33.93344952076747,101.6838432346947,3.7409392836458566
2025-03-05,1209,gt3r,POST_BREACH,107,47.41709583070983,33.927566768211925,101.6838432346947,3.687169724201793
2025-03-05,1209,gt1l,POST_BREACH,17,47.44616050304276,34.018412633310746,105.5250242068772,3.375683572215046
2025-03-23,105,gt1r,POST_BREACH,149,47.565451672507606,34.495223685190204,157.43679297144075,6.573830063764421
2025-03-23,105,gt3l,POST_BREACH,44,47.57432856622833,34.57882430219156,163.41292926571575,7.264202385694937
2025-03-23,105,gt2l,POST_BREACH,48,47.57139203680848,34.53616353825833,160.25463966286148,7.038107978084749
2025-03-23,105,gt3r,POST_BREACH,178,47.56488094163656,34.581267052821225,164.1971007102081,7.31328589527779
2025-03-23,105,gt1l,POST_BREACH,32,47.58339922157897,34.49145357210745,156.5206540904042,6.786467256161436
2025-03-23,105,gt2r,POST_BREACH,223,47.57245089179263,34.537291251361665,160.36247761068302,7.002761584477748
2025-04-21,545,gt3l,POST_BREACH,61,47.50242801053109,34.84842876458742,194.53287495118428,9.06665148014456
2025-04-21,545,gt3r,POST_BREACH,280,47.49196552464289,34.850996976048755,192.7171446579083,9.000202883741345
2025-04-21,545,gt2l,POST_BREACH,229,47.52629397194978,34.802304248035384,186.62527794566552,8.990745345371112
2025-04-21,545,gt2r,POST_BREACH,752,47.524668349794254,34.80379467059878,186.82596786174705,9.14874017312053
2025-04-21,545,gt1l,POST_BREACH,52,47.53679969555795,34.75812307444804,183.3009694331267,8.561824247142715
2025-04-21,545,gt1r,POST_BREACH,219,47.53934744953253,34.758942826985695,183.1717434601984,8.574729632811188
2025-04-25,609,gt3r,POST_BREACH,391,47.53674746558124,34.08225722888514,118.32722745443162,5.10514291041235
2025-04-25,609,gt1l,POST_BREACH,102,47.47071572840276,34.005090340201335,113.00295941879516,3.384866950471282
2025-04-25,609,gt2r,POST_BREACH,278,47.46151445628245,34.05023573666444,111.5089018573338,2.996883338383828
2025-04-25,609,gt2l,POST_BREACH,53,47.46296809483086,34.04885140585114,111.683586874669,2.979777594908118
2025-04-25,609,gt3l,POST_BREACH,106,47.54959582207024,34.079359612333526,118.06438539568678,5.159589311208064
2025-04-28,645,gt2l,POST_BREACH,64,47.555187375310005,35.30478436723296,241.49772913167888,11.188267645503696
2025-04-28,645,gt2r,POST_BREACH,195,47.55739819574443,35.303888848826894,241.75155700300525,11.197216314978094
2025-04-28,645,gt3l,POST_BREACH,157,47.49894165089627,35.25377835719522,238.5340100292404,9.95491026104231
2025-04-28,645,gt3r,POST_BREACH,490,47.49760586333495,35.252340969652685,238.5340100292404,9.899957395432931
2025-04-29,669,gt3l,POST_BREACH,39,46.791548920788536,33.390556253301966,1.4888045069546405,0.2751264939481935
2025-04-29,669,gt3r,POST_BREACH,207,46.79331629240844,33.39157698819777,1.6929949903637818,0.178357672102371
2025-05-02,705,gt1l,POST_BREACH,40,47.54911742774635,34.56857695004066,164.50359349707907,7.002192118389898
2025-05-02,705,gt2l,POST_BREACH,34,47.54327816775933,34.524591687701324,158.74143458185034,8.253792375328821
2025-05-02,705,gt1r,POST_BREACH,124,47.54958718551827,34.56758225106115,164.41241243765694,6.975501551600731
2025-05-02,705,gt3l,POST_BREACH,28,47.55423451435514,34.48300646222667,150.77549560466295,6.21334954988255
2025-05-02,705,gt2r,POST_BREACH,144,47.55265018597225,34.524757231869664,158.97446226818084,8.089389272609523
2025-05-06,769,gt1l,POST_BREACH,24,47.04007102307713,33.71780209060919,51.748395686156265,0.5333903515417693
2025-05-06,769,gt2l,POST_BREACH,11,47.0019548361771,33.66969458243889,39.99264510700284,0.7850507425716017
2025-05-06,769,gt1r,POST_BREACH,73,47.04305759267789,33.71709657510823,51.590277171333405,0.5009820094767617
2025-05-06,769,gt2r,POST_BREACH,52,47.00406490398172,33.66879489129494,40.22206274220228,0.6885535178635771
2025-05-06,769,gt3r,POST_BREACH,11,46.91473519624119,33.61366722148198,29.94777704899291,0.5162848092079478
2025-05-06,769,gt3l,POST_BREACH,3,46.89531675389418,33.61209956002964,26.459584507422058,0.4908530960207689
2025-05-20,989,gt3l,POST_BREACH,1,47.45907087259647,35.114546694362495,216.9201662281432,9.560830984123111
2025-05-20,989,gt1l,POST_BREACH,1,47.45718478520769,35.028729633015864,206.2362418148087,9.404741157264482
2025-05-20,989,gt3r,POST_BREACH,3,47.45730424396524,35.11596638234531,216.9201662281432,9.745271172314428
2025-05-20,989,gt1r,POST_BREACH,7,47.46698703627974,35.028509960471304,206.2362418148087,10.22231549638725
2025-05-20,989,gt2r,POST_BREACH,1,47.55031786684877,35.059793968921,222.42548039377445,13.174199707933134
2025-05-24,1049,gt2l,POST_BREACH,19,47.446285645394006,34.310895365646495,137.15429152499593,5.880448110944808
2025-05-24,1049,gt1l,POST_BREACH,6,47.50033156085141,34.2601252319379,130.92711746644406,4.431282279052801
2025-05-24,1049,gt3l,POST_BREACH,47,47.51838048990802,34.343811305799406,138.27608379238757,5.151199239356499
2025-05-24,1049,gt3r,POST_BREACH,185,47.51862914450325,34.34492623760576,138.363702218501,5.129670718264973
2025-05-24,1049,gt1r,POST_BREACH,30,47.50247139511971,34.261018416910744,131.0890708695413,4.401407069136808
2025-05-24,1049,gt2r,POST_BREACH,78,47.51840299254497,34.301915204132136,135.43524348380726,4.622303377117542
2025-05-28,1109,gt1l,POST_BREACH,19,46.82954075855257,33.56018476554434,17.649243848261833,0.3351666575916203
2025-05-28,1109,gt2l,POST_BREACH,52,46.86656611289429,33.59759336489898,23.22215801334147,0.3777209513119809
2025-05-28,1109,gt1r,POST_BREACH,65,46.82988483781475,33.56132812975152,17.710800513551906,0.3175864545823383
2025-05-28,1109,gt2r,POST_BREACH,159,46.86717803337596,33.59876614562826,23.330622081300287,0.3158769589531349
2025-05-28,1109,gt3r,POST_BREACH,263,46.91961729602977,33.634012323187065,30.63601920570482,0.3235597848362548
2025-05-28,1109,gt3l,POST_BREACH,43,46.919374374315,33.63291341256508,30.601133593107782,0.3653891491661717
2025-05-31,1149,gt3l,POST_BREACH,19,47.55328668878519,34.74267907336184,181.2471525905133,8.752663197994158
2025-05-31,1149,gt2l,POST_BREACH,53,47.537593980671,34.783389704342824,184.72843719988865,8.905788804446532
2025-05-31,1149,gt3r,POST_BREACH,40,47.540549212729935,34.739712174737406,181.95937636728948,8.623842215749532
2025-05-31,1149,gt2r,POST_BREACH,174,47.53785978203323,34.78218048247458,184.638975107052,8.898435713215111
2025-05-31,1149,gt1r,POST_BREACH,41,47.47329446336385,34.815925772739575,190.31294351856877,7.894581946753682
2025-06-04,1209,gt1l,POST_BREACH,28,47.514627715335855,34.04446305015162,116.82085954939863,4.99103287535534
2025-06-04,1209,gt2l,POST_BREACH,45,47.44782313871709,33.992178780941146,104.52093062200044,2.747545019291155
2025-06-04,1209,gt3l,POST_BREACH,27,47.45878826512384,33.95095728100014,102.57867096279983,2.5003771426655037
2025-06-04,1209,gt1r,POST_BREACH,122,47.49927967209951,34.04107968208317,115.14529836848176,4.447367247772414
2025-06-04,1209,gt2r,POST_BREACH,150,47.46339670506579,33.993142288439486,105.20548311710272,3.198200387991124
2025-06-04,1209,gt3r,POST_BREACH,92,47.40146454189402,33.941712185342595,100.83896785805536,2.680387826153816
2025-06-18,45,gt1l,POST_BREACH,31,47.55883479189404,35.28995055252312,242.26879366659736,11.889039444615396
2025-06-18,45,gt1r,POST_BREACH,134,47.55683267636925,35.2913733859833,242.0227904053813,11.688199290047695
2025-06-22,105,gt1l,POST_BREACH,2,47.51709655291633,34.51728290577255,148.42739157254573,6.360644715063709
2025-06-22,105,gt1r,POST_BREACH,11,47.51324415026544,34.51895528149321,148.42739157254573,6.339150456864276
2025-06-22,105,gt2r,POST_BREACH,2,47.53602334616252,34.55867078645397,164.79572066501544,7.851951123874337
2025-06-22,105,gt3l,POST_BREACH,1,47.5700948361194,34.59556253379457,164.6987945696641,7.762326542245716
2025-06-22,105,gt3r,POST_BREACH,7,47.577309086563794,34.59578238052198,164.22442911786695,7.774147747107495
2025-06-26,165,gt1l,POST_BREACH,23,47.13391955603032,33.79310722174328,65.12899624070931,0.7319377878371618
2025-06-26,165,gt1r,POST_BREACH,69,47.136088983868966,33.793895904253034,65.23995325462788,0.7171660820711978
2025-06-26,165,gt2l,POST_BREACH,22,47.15535836033193,33.83265806427943,69.27234431802992,0.7411619988442715
2025-06-26,165,gt3l,POST_BREACH,13,47.16929263504309,33.87325454271984,71.830839250979,0.8263844608661101
2025-06-26,165,gt2r,POST_BREACH,57,47.15725212654199,33.83352093178307,69.42336436391206,0.7624140524253736
2025-06-26,165,gt3r,POST_BREACH,49,47.169700386462765,33.8744098213126,71.9108870408183,0.7986618851582642
2025-07-03,265,gt3l,POST_BREACH,67,47.47195840517444,34.196134634267025,127.44233154152376,3.724303522920658
2025-07-03,265,gt2l,POST_BREACH,44,47.52788447012829,34.246750845046776,131.3168949910888,4.58880450059442
2025-07-03,265,gt2r,POST_BREACH,155,47.53999203877486,34.2472319360818,131.92165624814768,4.781244528900341
2025-07-03,265,gt3r,POST_BREACH,208,47.42993620256808,34.189094187174724,108.64883206063676,3.514741190948681
2025-07-03,265,gt1l,POST_BREACH,29,47.52278757705905,34.28870516811102,134.37254707935415,4.554066866316392
2025-07-03,265,gt1r,POST_BREACH,98,47.515551456044015,34.28647517454507,134.34295521369123,4.479051398590628
2025-07-07,325,gt1l,POST_BREACH,29,46.81030877182481,33.40925869070541,3.8390233222336274,0.2796861093561963
2025-07-07,325,gt1r,POST_BREACH,104,46.8142807076039,33.40864552689507,4.095086178726243,0.2195190398707999
2025-07-07,325,gt2l,POST_BREACH,17,46.78681536530237,33.36383250078849,0.0,0.2583223010596161
2025-07-07,325,gt2r,POST_BREACH,29,46.78650657343987,33.36257256016345,0.0,0.187419270567033
2025-07-25,609,gt3l,POST_BREACH,123,47.55500789511728,34.07852646601398,117.9828343562719,5.137709433310483
2025-07-25,609,gt2l,POST_BREACH,47,47.46385624493407,34.04869998524764,111.78292159756136,3.038287486349892
2025-07-25,609,gt3r,POST_BREACH,5,47.34166452551367,34.10969940519051,95.78795101406864,4.630243323553194
2025-07-25,609,gt1l,POST_BREACH,18,47.44355793436191,34.008971589759774,105.20548311710272,2.6996141297894067
2025-07-25,609,gt1r,POST_BREACH,72,47.44033586144111,34.010609542195326,105.20548311710272,2.651507935352342
2025-07-25,609,gt2r,POST_BREACH,203,47.45545076330021,34.0511352960007,110.83213951489915,2.996008039583276
2025-07-28,645,gt2l,POST_BREACH,20,47.53297154631351,35.28546974982376,239.6941596767961,11.676250942623073
2025-07-28,645,gt2r,POST_BREACH,120,47.498946928251975,35.279384229110484,238.5340100292404,12.277355426782078
2025-07-28,645,gt1l,POST_BREACH,4,47.528137372595175,35.327838007267225,238.5340100292404,12.222275074430442
2025-07-28,645,gt1r,POST_BREACH,19,47.53501477762736,35.32760010378624,238.79547067071948,11.793559736502822
2025-07-29,669,gt3l,POST_BREACH,10,46.8062680720804,33.404803220867294,3.450273699385104,0.1716451991123273
2025-07-29,669,gt2l,POST_BREACH,4,46.78648061657832,33.36535682343826,0.0,0.3010735135570089
2025-07-29,669,gt2r,POST_BREACH,11,46.78677569046377,33.36647672495383,0.0,0.2938792481325357
2025-07-29,669,gt3r,POST_BREACH,60,46.8041017470146,33.40620130699973,3.320352859055965,0.1466037280912104
2025-08-01,705,gt2l,POST_BREACH,55,47.5572891192371,34.51037772067782,158.58251513986562,6.695506091847943
2025-08-01,705,gt3l,POST_BREACH,50,47.57070543441189,34.469070369919166,152.64571680995903,6.3654203795920745
2025-08-01,705,gt1r,POST_BREACH,88,47.5549888974756,34.551974529006195,163.11473169817074,7.135807031616988
2025-08-01,705,gt1l,POST_BREACH,24,47.55390315863406,34.553017174314,163.25036660989397,7.170397356484679
2025-08-05,769,gt1l,POST_BREACH,115,46.99922926064876,33.6957598888059,39.82270406596402,0.5592609863746212
2025-08-05,769,gt1r,POST_BREACH,788,46.991883174886695,33.69357461368876,38.99704575282469,0.4818244686251196
2025-08-05,769,gt2l,POST_BREACH,222,46.94410378077812,33.64532493133961,33.42718129289908,0.6082145509380742
2025-08-05,769,gt2r,POST_BREACH,896,46.9313681904823,33.64237411934635,31.996877167753677,0.6352636430170473
2025-08-05,769,gt3l,POST_BREACH,277,46.90012954320864,33.59647859250027,26.177259810053062,0.4801620498770335
2025-08-05,769,gt3r,POST_BREACH,1068,46.89813370045001,33.59505489969929,25.934619784496608,0.4171217715985179
2025-08-19,989,gt1l,POST_BREACH,54,47.5461274070836,35.032200714405235,210.58303364146784,9.71280888522804
2025-08-19,989,gt3l,POST_BREACH,139,47.68093201099733,35.09925893978691,256.3062540174871,11.022477229313276
2025-08-19,989,gt3r,POST_BREACH,301,47.68028734295459,35.1004687842537,256.3062540174871,11.31061860484857
2025-08-19,989,gt1r,POST_BREACH,265,47.54771766529152,35.033177003662054,210.55774909189745,9.655927016262057
2025-08-19,989,gt2r,POST_BREACH,195,47.59260048426556,35.06989661220715,226.04580889262547,9.75149955891978
2025-08-19,989,gt2l,POST_BREACH,60,47.5904573863884,35.06894484253736,226.04580889262547,9.798211221507977
2025-08-27,1109,gt1l,POST_BREACH,18,46.82875444686851,33.5764667244621,18.803259861432256,0.2284250899916962
2025-08-27,1109,gt2l,POST_BREACH,46,46.882591763361326,33.611488964871384,25.27877613995309,0.2365589627324582
2025-08-27,1109,gt1r,POST_BREACH,80,46.82992127810603,33.57749304695352,18.816619389961076,0.1735391300245427
2025-08-27,1109,gt2r,POST_BREACH,213,46.876793953162,33.613534998395735,24.864414989109168,0.1998371651128848
2025-08-27,1109,gt3l,POST_BREACH,34,46.94827644392069,33.64496603854677,33.88612463391335,0.3488026772948712
2025-08-27,1109,gt3r,POST_BREACH,63,46.94589958376571,33.6464244904742,33.63385447873754,0.3301453810362513
2025-08-30,1149,gt3l,POST_BREACH,29,47.511600444812345,34.72049916536434,182.8452110040816,7.577364917535187
2025-08-30,1149,gt2l,POST_BREACH,30,47.54669517058195,34.76838370382079,183.2142690248562,8.398074171620195
2025-08-30,1149,gt1l,POST_BREACH,14,47.51181593773988,34.806387035952,187.87337056616255,8.892357918144103
2025-08-30,1149,gt3r,POST_BREACH,99,47.51050641211296,34.719119138538815,182.84024351355228,7.542236841890416
2025-08-30,1149,gt1r,POST_BREACH,30,47.47283879557941,34.79964225643758,189.09818008694265,7.528344976325187
2025-09-03,1209,gt2l,POST_BREACH,93,47.444253721420864,33.975384661159694,103.24290123055432,2.3348340062501376
2025-09-03,1209,gt2r,POST_BREACH,568,47.46191779102476,33.97666686211386,104.3932169952585,2.320440855664169
2025-09-03,1209,gt3r,POST_BREACH,68,47.26304918320076,33.905927728371736,81.9645556781061,0.7455110649309855
2025-09-03,1209,gt1r,POST_BREACH,147,47.30299933858663,33.99691335013126,89.5213163336127,1.163646521799096
2025-09-03,1209,gt1l,POST_BREACH,57,47.30456959906403,33.998315421941804,89.69231532368286,1.1831381957867164
2025-09-03,1209,gt3l,POST_BREACH,14,47.15760916364589,33.89235800969003,71.32891976323661,0.7075694024535314
2025-09-17,45,gt1r,POST_BREACH,164,47.57914319995478,35.20703976169006,246.57296846122267,13.275678077673165
2025-09-17,45,gt1l,POST_BREACH,43,47.56432834873494,35.20800930604433,245.0054192024652,14.195824835302972
2025-09-17,45,gt3l,POST_BREACH,11,47.54780279351419,35.296524091108786,240.94667377638217,11.782472404651726
2025-09-17,45,gt2l,POST_BREACH,42,47.55429292022661,35.252545073945484,242.7834693509298,12.769116351124987
2025-09-17,45,gt3r,POST_BREACH,61,47.549460621187066,35.29745152069143,241.09482834766905,11.72324299523524
2025-09-17,45,gt2r,POST_BREACH,100,47.55458087364258,35.25371903698066,242.78243174809785,12.758662143737917
2025-09-21,105,gt2r,POST_BREACH,190,47.569271207311616,34.47298893596688,155.71687715871968,5.991224033409274
2025-09-21,105,gt2l,POST_BREACH,55,47.56978762102234,34.47170897613054,152.53603855380248,5.992089714599354
2025-09-21,105,gt1r,POST_BREACH,89,47.5485976543253,34.43281935937155,145.91262258768154,5.761554550687503
2025-09-21,105,gt3l,POST_BREACH,33,47.57352054978727,34.51414292773074,158.68600993201332,6.424533905368276
2025-09-21,105,gt1l,POST_BREACH,14,47.56410835130066,34.42950091648725,152.0298356348666,5.705579717782682
2025-09-25,165,gt1r,POST_BREACH,1,47.06420267227359,33.72288335721059,51.24563120854301,2.64743234851862
2025-09-25,165,gt3r,POST_BREACH,56,47.13025895072435,33.798704667365925,64.7816226302524,0.4261701553696746
2025-09-25,165,gt3l,POST_BREACH,14,47.14070934523535,33.79611897974296,65.77998876573434,0.4180128936635221
2025-09-25,165,gt2r,POST_BREACH,11,47.10367503122108,33.7599384081396,61.96882410883602,0.3866212251601562
2025-10-01,265,gt3l,POST_BREACH,19,47.40705530235999,34.18701105748528,108.64883206063676,4.640326736561033
2025-10-01,265,gt3r,POST_BREACH,156,47.443362083517336,34.19098943341469,127.32504699771766,3.877661312064318
2025-10-01,265,gt2l,POST_BREACH,7,47.47346737480999,34.238974697477865,129.42342139196643,4.405802660934188
2025-10-01,265,gt1l,POST_BREACH,1,47.45343861159225,34.27866068986251,129.9775800672147,7.32576755770505
2025-10-01,265,gt2r,POST_BREACH,51,47.47249375118454,34.23756951336276,129.42342139196643,4.365573446848503
2025-10-01,265,gt1r,POST_BREACH,5,47.44707925938887,34.27657319178217,129.53490987636914,7.941305672420927
2025-10-05,325,gt2l,POST_BREACH,77,46.828074523168006,33.450663325539104,7.42485406988962,0.263585291169278
2025-10-05,325,gt1l,POST_BREACH,18,46.825713565816,33.49233003075668,9.8046854217325,0.3222241249184397
2025-10-05,325,gt1r,POST_BREACH,72,46.82920751350777,33.49168198261774,9.97936096684,0.2749533319574591
2025-10-05,325,gt3l,POST_BREACH,16,46.80759739520043,33.40581603431355,3.608643781386475,0.22297865090733
2025-10-05,325,gt2r,POST_BREACH,354,46.828889997803,33.449569897908866,7.3902801140726835,0.2257348092453595
2025-10-05,325,gt3r,POST_BREACH,38,46.81259879173827,33.405335659300086,3.78202089093042,0.2776042115415131
2025-10-30,705,gt2l,POST_BREACH,5,47.57975531471918,34.513490193027145,158.21967923574914,6.937920946415381
2025-10-30,705,gt1r,POST_BREACH,12,47.57506191630648,34.55490301226842,161.71865696390316,7.163572243173846
2025-10-30,705,gt3l,POST_BREACH,47,47.56423409792821,34.468252241002006,151.9293490186748,6.0660505869524375
2025-10-30,705,gt2r,POST_BREACH,27,47.57509659631159,34.51175138999117,158.26430515894435,6.333460969427525
2025-10-30,705,gt1l,POST_BREACH,1,47.5604531628164,34.55390404617105,162.86108702157043,7.18108523493658
2025-11-03,769,gt1l,POST_BREACH,11,47.10065784181264,33.791254093144474,61.522020558164535,3.5411513310284093
2025-11-03,769,gt2r,POST_BREACH,31,47.07521510990978,33.74374499931604,55.12179869638373,0.5327023371470474
2025-11-03,769,gt1r,POST_BREACH,20,47.135897871974365,33.795113537396425,65.24489833341943,0.629181546147689
2025-11-03,769,gt2l,POST_BREACH,10,47.07249206658044,33.744536723938964,54.94737256481211,0.5138702899803477
2025-11-03,769,gt3l,POST_BREACH,48,46.97855979219143,33.68867537187742,37.57070583440483,0.3333368838555144
2025-11-03,769,gt3r,POST_BREACH,191,46.978748940927,33.687493012107154,37.57070583440483,0.2026696925310151
2025-11-18,989,gt3l,POST_BREACH,8,47.46370400980683,35.04892514639631,216.2764715104961,9.940661989243887
2025-11-18,989,gt2l,POST_BREACH,7,47.50150058616775,35.000513336690865,206.4929838603064,11.292326385521855
2025-11-18,989,gt2r,POST_BREACH,46,47.50111505047375,35.00177796809264,206.48620684492693,11.138496889660182
2025-11-18,989,gt1r,POST_BREACH,24,47.4823740761936,34.9614023818334,205.13576104661087,10.574934536058144
2025-11-18,989,gt3r,POST_BREACH,44,47.52441944840104,35.04145040117584,212.39765769331848,11.814119995607266
2025-11-22,1049,gt1l,POST_BREACH,22,47.436438801850905,34.18804891719408,127.1692324739688,3.841165030154321
2025-11-22,1049,gt2l,POST_BREACH,41,47.48727929762165,34.223847882215686,129.37840873348858,4.3049748905730985
2025-11-22,1049,gt1r,POST_BREACH,5,47.44279745560535,34.18829318114315,127.12778437007472,3.89737508750092
2025-11-22,1049,gt3l,POST_BREACH,281,47.55719632261852,34.256962625086125,132.6900733832366,5.462167608845191
2025-11-22,1049,gt3r,POST_BREACH,55,47.56098925025441,34.25748693036477,132.6900733832366,5.740994106569458
2025-11-22,1049,gt2r,POST_BREACH,10,47.49660195762424,34.22369079571708,129.278453447371,4.642686471183924
2025-11-26,1109,gt2l,POST_BREACH,3,46.82731879331983,33.537935712084,16.23292615312451,0.238616772952871
2025-11-26,1109,gt3l,POST_BREACH,4,46.83220572648236,33.57977003053658,18.861100215418254,0.3118674523381618
2025-11-26,1109,gt1l,POST_BREACH,9,46.83508061623326,33.49429203170408,10.58567022800698,0.3110338820377308
2025-12-25,165,gt1l,POST_BREACH,506,47.14432241175964,33.79143488187989,66.06850703300421,1.6264119100362846
2025-12-25,165,gt2l,POST_BREACH,230,47.15964351371158,33.831931400395575,69.43151206515154,1.7838083692717002
2025-12-25,165,gt1r,POST_BREACH,93,47.14016386116082,33.79307943793667,65.65838129495987,1.6704130110576516
2025-12-25,165,gt2r,POST_BREACH,70,47.15810136603807,33.83325882769591,69.4468604383649,1.7584089695767922
2025-12-25,165,gt3l,POST_BREACH,79,47.16115391130512,33.874419752763046,71.3119779724185,2.017817773989092
2025-12-25,165,gt3r,POST_BREACH,16,47.16087171070466,33.87554619235421,71.3119779724185,2.041776811301537
2025-12-31,265,gt3l,POST_BREACH,658,47.46089332888883,34.19433993475631,127.41173702450784,6.316755782854673
2025-12-31,265,gt2l,POST_BREACH,723,47.513955956381984,34.244698540221506,130.51899449470133,6.358702385168427
2025-12-31,265,gt1l,POST_BREACH,829,47.500741747950606,34.28555025988037,134.55240149823902,6.352981788001753
2025-12-31,265,gt2r,POST_BREACH,197,47.50433061615836,34.24205533286597,129.88405156398298,6.384579726940334
2025-12-31,265,gt1r,POST_BREACH,184,47.50475688878111,34.284979052590394,134.4346050980505,6.404206670243877
2025-12-31,265,gt3r,POST_BREACH,173,47.448809861780994,34.191454260778066,127.3087087389603,6.329097181338966
