{
"type": "FeatureCollection",
"name": "flood_event",
"crs": { "type": "name", "properties": { "name": "urn:ogc:def:crs:OGC:1.3:CRS84" } },
"features": [
{ "type": "Feature", "properties": { "layer": "June 2023 Sentinel-1 flood envelope within F (event layer, not a zone)", "area_km2": 921.2 }, "geometry": { "type": "MultiPolygon", "coordinates": [ [ [ [ 32.665973196882007, 46.522340868113446 ], [ 32.664647295919579, 46.525936798081005 ], [ 32.659431950430672, 46.525921389300393 ], [ 32.659415076728891, 46.528621194756731 ], [ 32.656807276404471, 46.528613400468736 ], [ 32.655486306704283, 46.531309284104232 ], [ 32.6606965613962, 46.532224808700931 ], [ 32.662011713788303, 46.530428799668236 ], [ 32.665923547104669, 46.530440291173612 ], [ 32.66460852313417, 46.532236345517845 ], [ 32.66852048726156, 46.532247748554667 ], [ 32.671150191412593, 46.528655533354836 ], [ 32.675061901029139, 46.528666712027089 ], [ 32.67379032151667, 46.523263380630894 ], [ 32.669873548967161, 46.524152096153344 ], [ 32.669884451234871, 46.52235222265336 ], [ 32.665973196882007, 46.522340868113446 ] ] ], [ [ [ 32.713796012675473, 46.601665783395909 ], [ 32.721643794430385, 46.598985326340369 ], [ 32.71777373302394, 46.589976434306848 ], [ 32.712552221850892, 46.589963433973729 ], [ 32.712542706272799, 46.591763293337245 ], [ 32.708611976098474, 46.5944531731231 ], [ 32.709874234277436, 46.602555845123348 ], [ 32.712466548777954, 46.606162147711949 ], [ 32.713781794922028, 46.604365566973108 ], [ 32.71900469022718, 46.604378514200583 ], [ 32.717712989239658, 46.601675515256986 ], [ 32.713796012675473, 46.601665783395909 ] ], [ [ 32.712542706272799, 46.591763293337245 ], [ 32.713843390413629, 46.592666495536953 ], [ 32.712537948141453, 46.592663222805129 ], [ 32.712542706272799, 46.591763293337245 ] ] ], [ [ [ 32.735597962661373, 46.68271225689805 ], [ 32.726440140855239, 46.683590656603521 ], [ 32.727725166492988, 46.688093354509952 ], [ 32.725100553635883, 46.689886931469431 ], [ 32.730336170545961, 46.688999463666654 ], [ 32.731626104359734, 46.692602199503611 ], [ 32.734237391003695, 46.693508219516275 ], [ 32.740772450046009, 46.694423135986781 ], [ 32.743392503600688, 46.693529116227744 ], [ 32.743405290199902, 46.690829368299433 ], [ 32.748632351856088, 46.691740895808515 ], [ 32.74994848984408, 46.689943928003132 ], [ 32.749940183272791, 46.691743761287775 ], [ 32.752555846703572, 46.691749447404234 ], [ 32.753871854958092, 46.689952434224985 ], [ 32.753888205087414, 46.68635276488255 ], [ 32.751272801893386, 46.68634710972151 ], [ 32.747362284848776, 46.683638762729196 ], [ 32.740819805325167, 46.684524057574393 ], [ 32.735597962661373, 46.68271225689805 ] ], [ [ 32.748640701870251, 46.689941062702999 ], [ 32.747337110523105, 46.689038265779985 ], [ 32.748644876576584, 46.6890411459365 ], [ 32.748640701870251, 46.689941062702999 ] ], [ [ 32.744725818684032, 46.688132543991642 ], [ 32.746029344671157, 46.689035370677523 ], [ 32.744721579021757, 46.689032460629107 ], [ 32.744725818684032, 46.688132543991642 ] ], [ [ 32.727743252343366, 46.684493691434625 ], [ 32.729046407259339, 46.685396711374167 ], [ 32.727738731206458, 46.68539360741724 ], [ 32.727743252343366, 46.684493691434625 ] ] ], [ [ [ 32.662226195388925, 46.705917259081772 ], [ 32.65438296281112, 46.704993915015592 ], [ 32.651778256180783, 46.7031861701388 ], [ 32.647842265707538, 46.704973973107656 ], [ 32.647824708406318, 46.707673690373575 ], [ 32.663517583497971, 46.708620834266185 ], [ 32.662226195388925, 46.705917259081772 ] ] ], [ [ [ 32.710565885670846, 46.717748729567177 ], [ 32.714514983159056, 46.713259039810829 ], [ 32.71453870758419, 46.708759485547816 ], [ 32.702769508877708, 46.707829597808733 ], [ 32.701411667293762, 46.716825288264744 ], [ 32.710565885670846, 46.717748729567177 ] ] ], [ [ [ 32.711836013066403, 46.724951303574485 ], [ 32.720991787002468, 46.725873913017743 ], [ 32.722318910718414, 46.722277458610378 ], [ 32.726253713875998, 46.72048709686517 ], [ 32.726271918040872, 46.716887454703553 ], [ 32.723655045700362, 46.71688116519276 ], [ 32.724977197838683, 46.714184584604823 ], [ 32.719743715924039, 46.71417188709146 ], [ 32.719725079374321, 46.717771528983377 ], [ 32.71710816575267, 46.717765089668205 ], [ 32.717098759120731, 46.719564909356343 ], [ 32.714486506325891, 46.718658500222176 ], [ 32.714467517209684, 46.722258137645419 ], [ 32.711845596488196, 46.723151486413414 ], [ 32.711836013066403, 46.724951303574485 ] ] ], [ [ [ 32.630756711852293, 46.71661911830931 ], [ 32.629411327980172, 46.722014300211399 ], [ 32.632003948215129, 46.725622351263922 ], [ 32.642484931990303, 46.7238557336428 ], [ 32.643811294734668, 46.721160106006913 ], [ 32.639885708092976, 46.721147819921406 ], [ 32.634681966114016, 46.716631716631099 ], [ 32.63205901282555, 46.717523235207707 ], [ 32.630756711852293, 46.71661911830931 ] ], [ [ 32.635966176770985, 46.720235496856994 ], [ 32.637268651768444, 46.721139554386824 ], [ 32.635960124040281, 46.721135399176269 ], [ 32.635966176770985, 46.720235496856994 ] ], [ [ 32.635960124040281, 46.721135399176269 ], [ 32.634645521825227, 46.722031131049697 ], [ 32.634651596602922, 46.721131229003561 ], [ 32.635960124040281, 46.721135399176269 ] ] ], [ [ [ 32.61637863177949, 46.722871274060552 ], [ 32.617653481152097, 46.719275854159747 ], [ 32.616404144682392, 46.719271673061847 ], [ 32.61637863177949, 46.722871274060552 ] ] ], [ [ [ 32.709184900145289, 46.731244037199438 ], [ 32.710517755589372, 46.726747817191338 ], [ 32.702670666300016, 46.725827777582701 ], [ 32.701352083561204, 46.727624184585153 ], [ 32.702640995001666, 46.731227220393599 ], [ 32.705258556353478, 46.731233992019064 ], [ 32.705248751095766, 46.733033805572099 ], [ 32.709184900145289, 46.731244037199438 ] ] ], [ [ [ 32.638462949724207, 46.738241816501883 ], [ 32.641110686644268, 46.733750554959549 ], [ 32.641152468690912, 46.727451246100145 ], [ 32.635905636375782, 46.729234513624696 ], [ 32.635845066884805, 46.738233516114612 ], [ 32.638462949724207, 46.738241816501883 ] ] ], [ [ [ 32.669883123686233, 46.737436847325498 ], [ 32.667304013205531, 46.731129943619962 ], [ 32.663377693483461, 46.731118461549478 ], [ 32.662040813756768, 46.735614118409494 ], [ 32.669883123686233, 46.737436847325498 ] ] ], [ [ [ 32.627960476382547, 46.742707747590416 ], [ 32.627979046677758, 46.740008052853383 ], [ 32.624052099271239, 46.739995219709272 ], [ 32.624095876800702, 46.73369592979931 ], [ 32.617558094142368, 46.732774348081008 ], [ 32.616238367446442, 46.742648701031719 ], [ 32.627960476382547, 46.742707747590416 ] ] ], [ [ [ 32.616219064995242, 46.745368728521463 ], [ 32.621390038641024, 46.746285870443749 ], [ 32.621402639352986, 46.744486076579747 ], [ 32.616231765232911, 46.743579104282382 ], [ 32.616219064995242, 46.745368728521463 ] ] ], [ [ [ 32.702571728695496, 46.743825900324822 ], [ 32.703895595467301, 46.741129580012796 ], [ 32.702596472011628, 46.739326374985914 ], [ 32.696051593040295, 46.739309179150517 ], [ 32.694717221255871, 46.743805217174142 ], [ 32.698639459165101, 46.744715530452396 ], [ 32.702571728695496, 46.743825900324822 ] ] ], [ [ [ 32.659366381590957, 46.744605372885978 ], [ 32.663288075648353, 46.745516896208102 ], [ 32.66983917947195, 46.744636065998947 ], [ 32.669855660532157, 46.741936360066404 ], [ 32.660698064474566, 46.741009657091837 ], [ 32.659366381590957, 46.744605372885978 ] ] ], [ [ [ 32.731335893677056, 46.751096377407627 ], [ 32.732654057854916, 46.749299631448636 ], [ 32.731394008345283, 46.739397589993743 ], [ 32.722198788783643, 46.745675061977238 ], [ 32.72217567120007, 46.750174590040594 ], [ 32.724784992716188, 46.751980727408615 ], [ 32.72741263796123, 46.750187183619573 ], [ 32.731335893677056, 46.751096377407627 ] ], [ [ 32.731380600490411, 46.74209731230367 ], [ 32.73006706239331, 46.742994139230426 ], [ 32.730071553889189, 46.742094232175077 ], [ 32.731380600490411, 46.74209731230367 ] ] ], [ [ [ 32.630461727460485, 46.759814270817486 ], [ 32.630498637732956, 46.754414894745629 ], [ 32.623951981028988, 46.754393570368705 ], [ 32.623914416834381, 46.759792942440519 ], [ 32.630461727460485, 46.759814270817486 ] ] ], [ [ [ 32.682798215017094, 46.767170613129203 ], [ 32.681477957524848, 46.768966774002507 ], [ 32.684097341375207, 46.768974034118536 ], [ 32.688047200462734, 46.765385212667127 ], [ 32.684134164204004, 46.762674736342682 ], [ 32.686768890355253, 46.75998223307306 ], [ 32.684160458639482, 46.758175233652779 ], [ 32.682882704010844, 46.752772205191881 ], [ 32.684202516593992, 46.750976021932665 ], [ 32.681599903093186, 46.748269060286518 ], [ 32.675043138408157, 46.750050463991258 ], [ 32.675026911711768, 46.75275016747765 ], [ 32.667171128772374, 46.752727590527513 ], [ 32.669729244987835, 46.762634072736162 ], [ 32.664491100402891, 46.762618836452731 ], [ 32.663198388875429, 46.759915294339081 ], [ 32.652722638109609, 46.759883985612909 ], [ 32.650074571734073, 46.764375494391295 ], [ 32.651366731274912, 46.767079181142535 ], [ 32.657903549783562, 46.768898735261466 ], [ 32.66055119024486, 46.764407047767705 ], [ 32.661849506784726, 46.766210720038153 ], [ 32.66709354203789, 46.765326179939244 ], [ 32.66839209926988, 46.767129778317134 ], [ 32.67887996678229, 46.765359857887219 ], [ 32.680178918918422, 46.767163323494437 ], [ 32.682798215017094, 46.767170613129203 ] ] ], [ [ [ 32.633056215447155, 46.763422279538567 ], [ 32.622586104041382, 46.762488315522191 ], [ 32.622554678721862, 46.766987785505457 ], [ 32.634347499842313, 46.766126156405207 ], [ 32.633056215447155, 46.763422279538567 ] ] ], [ [ [ 32.636924406658444, 46.772433757988736 ], [ 32.643467319774516, 46.773354241073285 ], [ 32.643497010572396, 46.768854765584685 ], [ 32.638258277530788, 46.768838327000282 ], [ 32.636924406658444, 46.772433757988736 ] ] ], [ [ [ 32.694595232032974, 46.765402873662119 ], [ 32.699833661696196, 46.765416732720169 ], [ 32.701158198973246, 46.762720455830532 ], [ 32.703772352321323, 46.763627166589451 ], [ 32.705091738734772, 46.761830744863836 ], [ 32.714263153532869, 46.760954095902129 ], [ 32.716872728538966, 46.762760410824029 ], [ 32.716853869109052, 46.766360021122736 ], [ 32.722097029846282, 46.765472958804729 ], [ 32.724707085041672, 46.767279094690537 ], [ 32.723351353311294, 46.776274956283331 ], [ 32.72989622548139, 46.777190501741138 ], [ 32.729878224487493, 46.780790106877802 ], [ 32.723328307029199, 46.780774460614893 ], [ 32.723309866013921, 46.784374061515003 ], [ 32.725930006963061, 46.784380365789211 ], [ 32.725920872449564, 46.786180165778397 ], [ 32.736401794244557, 46.786204784596002 ], [ 32.735060770510721, 46.79250105993092 ], [ 32.749469563045437, 46.793433416213283 ], [ 32.750804777950485, 46.7880368713192 ], [ 32.753425102363281, 46.788042546491738 ], [ 32.750808930913436, 46.787136969901809 ], [ 32.750817236240238, 46.785337166639721 ], [ 32.74819704362362, 46.785331432015305 ], [ 32.750829692732943, 46.782637460678259 ], [ 32.74690381782564, 46.781728935053998 ], [ 32.744279540153187, 46.782623013002173 ], [ 32.74560228687853, 46.779926226364346 ], [ 32.744300842619971, 46.778123502475751 ], [ 32.740371080904488, 46.778114655317914 ], [ 32.740410001531565, 46.770015529884326 ], [ 32.736493996883112, 46.767306840123013 ], [ 32.723406641790028, 46.765476131351491 ], [ 32.722110912402272, 46.762773249662786 ], [ 32.72342506419627, 46.761876518480506 ], [ 32.720806014978258, 46.76187015919664 ], [ 32.723443483060599, 46.758276903329268 ], [ 32.715582126151702, 46.759157551480762 ], [ 32.714282181928688, 46.757354482996547 ], [ 32.710353940211007, 46.75734460848129 ], [ 32.705106468904276, 46.759131038006792 ], [ 32.707769167263521, 46.75103862610937 ], [ 32.703846315978595, 46.750128625336082 ], [ 32.703836457238445, 46.751928432689908 ], [ 32.699913608322717, 46.751018297257204 ], [ 32.698579263649137, 46.755514371157425 ], [ 32.702497463062016, 46.757324454955572 ], [ 32.701183076285886, 46.758220945994957 ], [ 32.702472695949879, 46.761823966037269 ], [ 32.697244695225265, 46.76001042543475 ], [ 32.690692165452262, 46.760892818675337 ], [ 32.690681864953724, 46.762692620441562 ], [ 32.694605403177434, 46.763603072091811 ], [ 32.694595232032974, 46.765402873662119 ] ], [ [ 32.702497463062016, 46.757324454955572 ], [ 32.703811806241475, 46.756427948579528 ], [ 32.703806875331125, 46.757327851329741 ], [ 32.702497463062016, 46.757324454955572 ] ], [ [ 32.742948093505113, 46.787119584989348 ], [ 32.744262494491927, 46.78622261885905 ], [ 32.744258232564306, 46.787122519967134 ], [ 32.742948093505113, 46.787119584989348 ] ], [ [ 32.715567919232207, 46.761857260824449 ], [ 32.71688215689413, 46.760960604819488 ], [ 32.716877442829855, 46.761860507893019 ], [ 32.715567919232207, 46.761857260824449 ] ] ], [ [ [ 32.621156706841887, 46.779581953884708 ], [ 32.621181951914508, 46.775982386722276 ], [ 32.616008143062885, 46.77506523171354 ], [ 32.615976155994694, 46.779564688325038 ], [ 32.621156706841887, 46.779581953884708 ] ] ], [ [ [ 32.714172718668429, 46.778052226059458 ], [ 32.718074284688669, 46.783461373409992 ], [ 32.722009060480289, 46.782571086918225 ], [ 32.72202295572324, 46.779871385899568 ], [ 32.71940770933179, 46.778965092227494 ], [ 32.722032218105092, 46.778071584507906 ], [ 32.719421732835293, 46.776265390098253 ], [ 32.715492114381874, 46.776255688992386 ], [ 32.714172718668429, 46.778052226059458 ] ] ], [ [ [ 32.690568494080864, 46.782490402223956 ], [ 32.689274005683664, 46.779787159813061 ], [ 32.691914447721508, 46.776194649031162 ], [ 32.690620041161097, 46.773491419060548 ], [ 32.678842527929042, 46.771659149477536 ], [ 32.68012564399033, 46.776162307635168 ], [ 32.677484420897692, 46.779754544500577 ], [ 32.67878366998314, 46.781558022141873 ], [ 32.67615828132908, 46.782450535325552 ], [ 32.678772965193566, 46.783357815317579 ], [ 32.681398355134412, 46.78246524229948 ], [ 32.681382427765961, 46.785164932108081 ], [ 32.683997331207536, 46.786072092855406 ], [ 32.685291704192437, 46.788775391693129 ], [ 32.690537553933822, 46.787889785277464 ], [ 32.690563338009561, 46.78339029975605 ], [ 32.687943253399126, 46.783383185955309 ], [ 32.690568494080864, 46.782490402223956 ] ], [ [ 32.683997331207536, 46.786072092855406 ], [ 32.685312682265348, 46.785175805918456 ], [ 32.685307438125392, 46.786075702576014 ], [ 32.683997331207536, 46.786072092855406 ] ] ], [ [ [ 32.695783232724388, 46.787003937879021 ], [ 32.689217043311956, 46.789686028308083 ], [ 32.689201502889766, 46.792385716721284 ], [ 32.691822024674309, 46.792392802747386 ], [ 32.691806613054069, 46.795092490541862 ], [ 32.697047921667846, 46.795106483912519 ], [ 32.695783232724388, 46.787003937879021 ] ], [ [ 32.690527238567604, 46.789689578487881 ], [ 32.69314251543981, 46.790596530465173 ], [ 32.690522080512459, 46.790589474879212 ], [ 32.690527238567604, 46.789689578487881 ] ] ], [ [ [ 32.627631959234606, 46.79040214270276 ], [ 32.627600923817269, 46.79490159323521 ], [ 32.632836058761889, 46.795818416955122 ], [ 32.634176886142662, 46.791323159841838 ], [ 32.627631959234606, 46.79040214270276 ] ] ], [ [ [ 32.699653556782394, 46.797813079063829 ], [ 32.72061056952893, 46.79966597226386 ], [ 32.721930282896238, 46.797869368463928 ], [ 32.725861476693197, 46.797878851814538 ], [ 32.725870616918961, 46.796079055530313 ], [ 32.698363277675952, 46.794210048418314 ], [ 32.699653556782394, 46.797813079063829 ] ] ], [ [ [ 32.634146395231319, 46.795822612963079 ], [ 32.632793206242738, 46.802117644410458 ], [ 32.639345656133393, 46.802138478998948 ], [ 32.640680111554133, 46.798543040093655 ], [ 32.639381732342137, 46.796739137700584 ], [ 32.634146395231319, 46.795822612963079 ] ] ], [ [ [ 32.647190956856306, 46.804862656382781 ], [ 32.645868588111483, 46.806658388834087 ], [ 32.647173305630822, 46.807562326119054 ], [ 32.644552059114744, 46.807554215827601 ], [ 32.643229536240305, 46.809349916519587 ], [ 32.645839055866865, 46.811157835621081 ], [ 32.649771189217766, 46.811169935038869 ], [ 32.648425292113622, 46.816565249859416 ], [ 32.652357820702846, 46.816577261475693 ], [ 32.653714876532128, 46.809382119583589 ], [ 32.651093539771338, 46.809374158866497 ], [ 32.649806233623991, 46.805770596196886 ], [ 32.652433191017501, 46.804878695374818 ], [ 32.652444782268084, 46.803078913834177 ], [ 32.649823752034912, 46.803070924849315 ], [ 32.649835429571318, 46.801271143237393 ], [ 32.643283077422709, 46.801250909455391 ], [ 32.644575768350705, 46.803954656907962 ], [ 32.647190956856306, 46.804862656382781 ] ], [ [ 32.649771189217766, 46.811169935038869 ], [ 32.651087720474678, 46.810274048584589 ], [ 32.651081900898106, 46.811173938159968 ], [ 32.649771189217766, 46.811169935038869 ] ] ], [ [ [ 32.706171236159605, 46.804129356674196 ], [ 32.702229662915336, 46.805918986025098 ], [ 32.703525421207758, 46.808622072438588 ], [ 32.702189929641399, 46.813118140458485 ], [ 32.70480653743757, 46.814024825250627 ], [ 32.706092811308579, 46.818527666063318 ], [ 32.71658472773359, 46.817654220100486 ], [ 32.716575270771393, 46.819454008147247 ], [ 32.721818957774893, 46.819466872298122 ], [ 32.719257999349637, 46.807761835130393 ], [ 32.715330835309274, 46.806852227700482 ], [ 32.715321340089893, 46.808652018964239 ], [ 32.712695231487309, 46.809545364450344 ], [ 32.712709605805465, 46.806845678382771 ], [ 32.707472027972543, 46.805932504436356 ], [ 32.706171236159605, 46.804129356674196 ] ] ], [ [ [ 32.665443941726863, 46.820215883254328 ], [ 32.6641666263342, 46.814812705646773 ], [ 32.658929109934526, 46.813897311788367 ], [ 32.654991018862653, 46.814785415833811 ], [ 32.654962239193566, 46.819284860579792 ], [ 32.665443941726863, 46.820215883254328 ] ] ], [ [ [ 32.721795748859947, 46.823966341932234 ], [ 32.710001313028968, 46.823037162480588 ], [ 32.706083003957424, 46.820327452171192 ], [ 32.69953331349577, 46.819410540645713 ], [ 32.699523286954459, 46.82121032540433 ], [ 32.696896306066847, 46.822103304408991 ], [ 32.695519270278822, 46.83379840625976 ], [ 32.712556172742914, 46.835642263639215 ], [ 32.723055941972781, 46.833868342681434 ], [ 32.726957854344683, 46.840177036130896 ], [ 32.729580707576439, 46.840183262489916 ], [ 32.738786867248109, 46.8348052253369 ], [ 32.737497479516342, 46.830302758509795 ], [ 32.738817385369188, 46.828505970030513 ], [ 32.736195098233893, 46.828499956460355 ], [ 32.728301033715724, 46.8338809128444 ], [ 32.724381016650916, 46.831171830508332 ], [ 32.729625846637482, 46.831184339412907 ], [ 32.729634871843672, 46.829384553087777 ], [ 32.733568365314888, 46.829393776480877 ], [ 32.734897227952807, 46.825797245013291 ], [ 32.729652919650874, 46.82578497872786 ], [ 32.721772534361428, 46.828465808003934 ], [ 32.723097539165082, 46.825769307987549 ], [ 32.721795748859947, 46.823966341932234 ] ], [ [ 32.724381016650916, 46.831171830508332 ], [ 32.723074431837603, 46.830268773131294 ], [ 32.724385616899355, 46.830271937808099 ], [ 32.724381016650916, 46.831171830508332 ] ] ], [ [ [ 32.649718603640579, 46.819268933669171 ], [ 32.64447497258584, 46.819252766545461 ], [ 32.644463108840576, 46.821052541438149 ], [ 32.641841207536622, 46.821044367285452 ], [ 32.641823278535824, 46.823744027787342 ], [ 32.644445311082251, 46.823752202706771 ], [ 32.647043785449554, 46.8273598649387 ], [ 32.638943251597844, 46.826434694663938 ], [ 32.63914705076769, 46.831834764286292 ], [ 32.645703116014658, 46.8318552448861 ], [ 32.645691288047544, 46.833655016036921 ], [ 32.643062815358988, 46.834546753453658 ], [ 32.645679458942148, 46.835454786616886 ], [ 32.64566762869832, 46.837254556626036 ], [ 32.643038979750663, 46.838146292452855 ], [ 32.644332532271278, 46.840850027579975 ], [ 32.646955397603158, 46.840858147258949 ], [ 32.648278575638855, 46.839062415188288 ], [ 32.65614117638814, 46.839986207498107 ], [ 32.656164138600175, 46.836386664620122 ], [ 32.653541488262526, 46.836378756521789 ], [ 32.654864336519857, 46.834582946033791 ], [ 32.650942147040503, 46.832771245158987 ], [ 32.650959625098679, 46.830071586279125 ], [ 32.653593531022409, 46.828279778924539 ], [ 32.648360758605321, 46.826464013592478 ], [ 32.649718603640579, 46.819268933669171 ] ], [ [ 32.646990760397145, 46.835458838183953 ], [ 32.65223016351063, 46.836374779939248 ], [ 32.646984867307133, 46.83635872338656 ], [ 32.646990760397145, 46.835458838183953 ] ] ], [ [ [ 32.717716599194581, 46.851853337718417 ], [ 32.730829209967304, 46.852784822858226 ], [ 32.728264743854766, 46.84108004824968 ], [ 32.71384360151675, 46.840145002863878 ], [ 32.717716599194581, 46.851853337718417 ] ] ], [ [ [ 32.749180933265997, 46.855526204890715 ], [ 32.753145206090231, 46.849235520801706 ], [ 32.747898609362203, 46.849224086182389 ], [ 32.743950834411883, 46.851915025393062 ], [ 32.743938003031076, 46.854614697094469 ], [ 32.749180933265997, 46.855526204890715 ] ] ], [ [ [ 32.720316660058948, 46.856359220523231 ], [ 32.715097939227221, 46.850946949556615 ], [ 32.708544374131918, 46.850030550086807 ], [ 32.707193584202869, 46.857226304818681 ], [ 32.718995451711017, 46.858155784072515 ], [ 32.720316660058948, 46.856359220523231 ] ] ], [ [ [ 32.691513369317768, 46.846386314822048 ], [ 32.683649216508492, 46.845464949506308 ], [ 32.682327056663766, 46.847261090913307 ], [ 32.682305833599756, 46.850860636424109 ], [ 32.690170750058385, 46.851782094983129 ], [ 32.687489918351332, 46.861673706049125 ], [ 32.696668471956201, 46.862598294579549 ], [ 32.700679392804155, 46.849110353526719 ], [ 32.691503065452622, 46.848186089718162 ], [ 32.691513369317768, 46.846386314822048 ] ] ], [ [ [ 32.663830009482169, 46.86880585841493 ], [ 32.663813153110105, 46.871505502572973 ], [ 32.667738591809602, 46.873316758435614 ], [ 32.676934982545134, 46.871543286432377 ], [ 32.673058537455887, 46.861633398529634 ], [ 32.67042914664264, 46.862525757693639 ], [ 32.670396100546284, 46.86792505429576 ], [ 32.667760805417579, 46.869717232309924 ], [ 32.663830009482169, 46.86880585841493 ] ] ], [ [ [ 32.653298323790132, 46.874173832494968 ], [ 32.654627888538194, 46.871478158951916 ], [ 32.644130460008363, 46.871446006663504 ], [ 32.646760719605723, 46.870554255341759 ], [ 32.645478189860135, 46.866050799138726 ], [ 32.648108163260694, 46.865159015234184 ], [ 32.648119923476386, 46.8633592535666 ], [ 32.645495962148203, 46.86335115761085 ], [ 32.645507808914523, 46.861551395878728 ], [ 32.639687331949844, 46.861533223245679 ], [ 32.650549538319964, 46.88676402329429 ], [ 32.651927890524398, 46.883168639958036 ], [ 32.657166284632282, 46.884984239024206 ], [ 32.665046946730108, 46.884107672755853 ], [ 32.665080548110026, 46.878708394416044 ], [ 32.654587472714994, 46.877777317675928 ], [ 32.655922814765532, 46.874181750985201 ], [ 32.653298323790132, 46.874173832494968 ] ] ], [ [ [ 32.73590847070782, 46.886992760700245 ], [ 32.734582586440879, 46.889689378297959 ], [ 32.741150086032803, 46.888804521911069 ], [ 32.738533606913421, 46.88699878650479 ], [ 32.737256188786588, 46.879796698481897 ], [ 32.733319012138253, 46.879787594332122 ], [ 32.733287795702623, 46.88608679015217 ], [ 32.73590847070782, 46.886992760700245 ] ] ], [ [ [ 32.686094043725674, 46.876068254191175 ], [ 32.667733037739204, 46.874216639610474 ], [ 32.666365014845795, 46.883211625975115 ], [ 32.67425071749949, 46.881434544688808 ], [ 32.67687016525138, 46.882341864406882 ], [ 32.67684855116358, 46.885941385835167 ], [ 32.696526459256901, 46.88779503166375 ], [ 32.692557860023314, 46.8931838096494 ], [ 32.693850089415925, 46.896786847911912 ], [ 32.684665756398473, 46.895862024897617 ], [ 32.683337085721092, 46.89855803797051 ], [ 32.684623547113233, 46.903061053856909 ], [ 32.688562410427913, 46.903071836781692 ], [ 32.688551987384059, 46.904871593270208 ], [ 32.693798860391702, 46.905785639060888 ], [ 32.696409662652179, 46.908492267809997 ], [ 32.701662017139455, 46.908506075456273 ], [ 32.701676995133489, 46.905806438939806 ], [ 32.705616065764673, 46.905816635586177 ], [ 32.70697812213205, 46.896821202457282 ], [ 32.709608589556034, 46.895928011535311 ], [ 32.710916536598361, 46.896831215266751 ], [ 32.710969720375445, 46.886932513280364 ], [ 32.720157671633743, 46.886955341755197 ], [ 32.717508919424326, 46.891448309271269 ], [ 32.717475838877576, 46.897747483856719 ], [ 32.724016896477814, 46.902262903585189 ], [ 32.725339027222617, 46.900466297902241 ], [ 32.729273185105434, 46.901375561590669 ], [ 32.729264125076163, 46.903175325121495 ], [ 32.733207476535924, 46.902284690210294 ], [ 32.733198547885529, 46.904084454034546 ], [ 32.729259594734259, 46.90407520667322 ], [ 32.729241471184551, 46.907674731455643 ], [ 32.733180688004389, 46.907683979973719 ], [ 32.735797990299467, 46.909489832849019 ], [ 32.737089105230112, 46.913992259857721 ], [ 32.725279267324581, 46.912164748704555 ], [ 32.718708655881834, 46.913048684256353 ], [ 32.718718072387901, 46.911248925443594 ], [ 32.714764276271566, 46.913938815823656 ], [ 32.716096508564675, 46.910342563280601 ], [ 32.710843967847438, 46.910329417460602 ], [ 32.710853646710262, 46.908529659020566 ], [ 32.704288195830266, 46.908512888918438 ], [ 32.702965163785997, 46.910309246896027 ], [ 32.699030802313452, 46.909399080092257 ], [ 32.699020727391272, 46.911198836342322 ], [ 32.695076161067398, 46.912088289444277 ], [ 32.695065952806353, 46.913888044187161 ], [ 32.702940303147336, 46.914808637348393 ], [ 32.701607079307422, 46.918404731709209 ], [ 32.7042238377093, 46.920211301771396 ], [ 32.708193277845609, 46.914822146748122 ], [ 32.705502696060243, 46.926513823436011 ], [ 32.70812975561374, 46.926520550743234 ], [ 32.708105313391172, 46.931019930482769 ], [ 32.712046234472382, 46.931029909981689 ], [ 32.712036587951864, 46.932829661504208 ], [ 32.719914008813319, 46.933749090939791 ], [ 32.721232386599496, 46.932852420904766 ], [ 32.719867080561507, 46.94274784469458 ], [ 32.722485637115973, 46.944553993512351 ], [ 32.73168345133454, 46.944575917736742 ], [ 32.732988476779589, 46.9463787398875 ], [ 32.735616514171404, 46.946384838462251 ], [ 32.735607652503603, 46.948184588709353 ], [ 32.748748292528248, 46.948214178624781 ], [ 32.74877776332854, 46.941915043790608 ], [ 32.74357367600637, 46.93110486262966 ], [ 32.737005448704167, 46.931089963419176 ], [ 32.733073456423732, 46.929281087749366 ], [ 32.730441741599755, 46.930174810030309 ], [ 32.730450770731267, 46.928375054852431 ], [ 32.722573953762137, 46.927456350809628 ], [ 32.722597181550761, 46.922956962603514 ], [ 32.729164407130732, 46.922972686353745 ], [ 32.737036278438566, 46.924790815457378 ], [ 32.738341006046888, 46.926593582245772 ], [ 32.747535757199316, 46.926614226902039 ], [ 32.747544212701392, 46.924814468150018 ], [ 32.742298874543692, 46.923003003764975 ], [ 32.743625200869097, 46.920306313403678 ], [ 32.740998437218863, 46.920300401155004 ], [ 32.73584219842526, 46.900491014672312 ], [ 32.731921448455765, 46.896882328690396 ], [ 32.733261030382231, 46.891486095299591 ], [ 32.731957319803762, 46.8896832616254 ], [ 32.729332054030145, 46.889677084751121 ], [ 32.73066270510607, 46.886080644147533 ], [ 32.728069446284124, 46.879775244832061 ], [ 32.73200662035007, 46.879784529524976 ], [ 32.732024541348693, 46.876184986305802 ], [ 32.729404457521724, 46.875278926360146 ], [ 32.729422549681516, 46.871679381063998 ], [ 32.721558698698772, 46.869860728719935 ], [ 32.726816426606334, 46.868073601091353 ], [ 32.729431594455022, 46.869879607561138 ], [ 32.728160332646169, 46.861777511747725 ], [ 32.72422447641668, 46.861768097536832 ], [ 32.72551808261867, 46.865370801035624 ], [ 32.722889372931085, 46.866264366041214 ], [ 32.713709734773722, 46.865341878174554 ], [ 32.716324329375013, 46.867148183681913 ], [ 32.714993194872591, 46.870744468478748 ], [ 32.705808014582892, 46.870721231716217 ], [ 32.707129972451021, 46.868924826020326 ], [ 32.703198561417615, 46.868014802482477 ], [ 32.703208481520868, 46.866215031906599 ], [ 32.695336139798691, 46.866194350853803 ], [ 32.695315772373405, 46.869793888848648 ], [ 32.699252205277425, 46.869804298348072 ], [ 32.700549335097193, 46.872507391399878 ], [ 32.704481028610658, 46.873417505847492 ], [ 32.704471148556401, 46.875217274355201 ], [ 32.709715406703971, 46.87613058946927 ], [ 32.708349470914271, 46.886025972773041 ], [ 32.707051626395, 46.883322972896131 ], [ 32.699171749376916, 46.884202432728408 ], [ 32.699181809754201, 46.882402667926414 ], [ 32.68606255344352, 46.881467546262634 ], [ 32.686094043725674, 46.876068254191175 ] ], [ [ 32.70697812213205, 46.896821202457282 ], [ 32.703044677609505, 46.895911173505318 ], [ 32.706983024068201, 46.895921321484124 ], [ 32.70697812213205, 46.896821202457282 ] ], [ [ 32.710843967847438, 46.910329417460602 ], [ 32.709511384806923, 46.913925608107014 ], [ 32.709530833248252, 46.91032609335268 ], [ 32.710843967847438, 46.910329417460602 ] ], [ [ 32.699171749376916, 46.884202432728408 ], [ 32.697839042364642, 46.88779850366754 ], [ 32.697859253820923, 46.884198976206306 ], [ 32.699171749376916, 46.884202432728408 ] ], [ [ 32.730405616371961, 46.937373825044212 ], [ 32.733033212605896, 46.937379982013645 ], [ 32.733024267165071, 46.939179734727858 ], [ 32.731710424918759, 46.939176663588761 ], [ 32.730405616371961, 46.937373825044212 ] ], [ [ 32.722722514983559, 46.898660204746129 ], [ 32.720106178455133, 46.896854051595213 ], [ 32.722787438555265, 46.88606184496868 ], [ 32.72541252652394, 46.886068171555735 ], [ 32.728001224057834, 46.893273507248622 ], [ 32.725366596097182, 46.895067004796253 ], [ 32.727992124037343, 46.895073273149002 ], [ 32.727983023140368, 46.896873038479583 ], [ 32.72404459979731, 46.896863612781111 ], [ 32.722722514983559, 46.898660204746129 ] ], [ [ 32.72391524911793, 46.92206025932132 ], [ 32.713407873996012, 46.922034439144809 ], [ 32.71475472650777, 46.915738573171879 ], [ 32.723938360250116, 46.917560866344999 ], [ 32.723929116465229, 46.919360623962902 ], [ 32.726555830555121, 46.919366927742253 ], [ 32.726546673836644, 46.921166685184595 ], [ 32.723924494238801, 46.920260502558179 ], [ 32.72391524911793, 46.92206025932132 ] ], [ [ 32.721549390752081, 46.871660501042129 ], [ 32.722866215506777, 46.870763799125505 ], [ 32.722861583353001, 46.871663685314914 ], [ 32.721549390752081, 46.871660501042129 ] ], [ [ 32.705699780081957, 46.890518665678201 ], [ 32.707027130872788, 46.887822386312671 ], [ 32.707012430728447, 46.890522032652449 ], [ 32.705699780081957, 46.890518665678201 ] ], [ [ 32.70568993489551, 46.892318428981568 ], [ 32.706997728460379, 46.89322167770959 ], [ 32.705685011946713, 46.893218310419485 ], [ 32.70568993489551, 46.892318428981568 ] ], [ [ 32.705685011946713, 46.893218310419485 ], [ 32.703054612530146, 46.894111411766097 ], [ 32.70306454649397, 46.892311649456808 ], [ 32.705685011946713, 46.893218310419485 ] ], [ [ 32.699116399980703, 46.894101128948158 ], [ 32.700434148273303, 46.893204690737278 ], [ 32.700429137256222, 46.894104571606768 ], [ 32.699116399980703, 46.894101128948158 ] ] ], [ [ [ 32.672796020690875, 46.904827645732027 ], [ 32.666231045671417, 46.904808694286885 ], [ 32.664884403132909, 46.91020411234549 ], [ 32.664856355422629, 46.914703486358185 ], [ 32.667482827575071, 46.914711144860647 ], [ 32.66878497497818, 46.91651470084075 ], [ 32.662201610036391, 46.919195136842802 ], [ 32.66348678418575, 46.923698370635911 ], [ 32.667416013228582, 46.925509630817892 ], [ 32.672670016197259, 46.925524772744588 ], [ 32.673994436069592, 46.923728773139089 ], [ 32.67403264242207, 46.917429652695574 ], [ 32.670087209517568, 46.918318241661424 ], [ 32.672746731209052, 46.912926530503434 ], [ 32.671472029840061, 46.906623638493691 ], [ 32.672796020690875, 46.904827645732027 ] ] ], [ [ [ 32.69353207129722, 46.952579123261714 ], [ 32.697469498470547, 46.953489479248447 ], [ 32.697510059872151, 46.94629050528242 ], [ 32.66862406325528, 46.942611001932534 ], [ 32.669971160418633, 46.937215571622254 ], [ 32.672593249426676, 46.938122987036586 ], [ 32.67391798470053, 46.936326993064881 ], [ 32.698859396555534, 46.939994858810017 ], [ 32.700183301524021, 46.938198559619266 ], [ 32.69887957651477, 46.936395363982776 ], [ 32.693624497018199, 46.936381422346443 ], [ 32.692362260781586, 46.927379157666792 ], [ 32.684486254558834, 46.926457834959187 ], [ 32.684470402042251, 46.929157457346328 ], [ 32.677902447266462, 46.929139168081676 ], [ 32.664777785885803, 46.927301714624718 ], [ 32.66343605896747, 46.931797220952802 ], [ 32.667377020352063, 46.931808738142465 ], [ 32.668668475154476, 46.935412034300043 ], [ 32.662111086449642, 46.933593094449201 ], [ 32.656850552086723, 46.934477336568698 ], [ 32.656821807626166, 46.938976687675606 ], [ 32.652248127825736, 46.940525759575024 ], [ 32.652324520797173, 46.946438382131404 ], [ 32.656758545430371, 46.948875247558398 ], [ 32.655421374468688, 46.952470772193486 ], [ 32.656712515492842, 46.956074189359924 ], [ 32.653318681481849, 46.955164079204913 ], [ 32.654066625121246, 46.958765878553635 ], [ 32.66457550640699, 46.959697030381918 ], [ 32.667248808263388, 46.952505755865701 ], [ 32.681709925273609, 46.95164698449689 ], [ 32.681699254807931, 46.953446724459141 ], [ 32.684322334668437, 46.954353871088799 ], [ 32.693521796822857, 46.954378864957263 ], [ 32.69353207129722, 46.952579123261714 ] ], [ [ 32.667248808263388, 46.952505755865701 ], [ 32.665940247283771, 46.951602060475736 ], [ 32.667254385657401, 46.95160588709858 ], [ 32.667248808263388, 46.952505755865701 ] ], [ [ 32.690929642495412, 46.948072702390661 ], [ 32.692238539800883, 46.948976113521503 ], [ 32.690924462575104, 46.948972573801413 ], [ 32.690929642495412, 46.948072702390661 ] ], [ [ 32.676480473868651, 46.947132901048562 ], [ 32.67778910436472, 46.948036476851385 ], [ 32.676475051965404, 46.948032771353077 ], [ 32.676480473868651, 46.947132901048562 ] ], [ [ 32.662037484634503, 46.945291408119182 ], [ 32.663368391118503, 46.942595670071533 ], [ 32.667310144817094, 46.942607191584088 ], [ 32.665973838139131, 46.946202845596282 ], [ 32.662037484634503, 46.945291408119182 ] ], [ [ 32.663306327874402, 46.95249423038895 ], [ 32.66461486601608, 46.953397955682263 ], [ 32.663300684129723, 46.953394098653 ], [ 32.663306327874402, 46.95249423038895 ] ], [ [ 32.658072615820778, 46.948879179390282 ], [ 32.663317614547829, 46.950694493432991 ], [ 32.65806115404704, 46.95067891594244 ], [ 32.658072615820778, 46.948879179390282 ] ] ], [ [ [ 32.735563331350349, 46.957183331399634 ], [ 32.727673070376987, 46.958064720686274 ], [ 32.726340414221418, 46.961661076998837 ], [ 32.727641105782631, 46.964363827051656 ], [ 32.72369309873288, 46.965254250692517 ], [ 32.723702365262398, 46.963454507604709 ], [ 32.719759059721071, 46.963444924267009 ], [ 32.71712070354949, 46.965238202014099 ], [ 32.72105010624945, 46.967947489456385 ], [ 32.727627403368878, 46.967063441928886 ], [ 32.730265499499872, 46.965269922121372 ], [ 32.730251928689235, 46.967969537155234 ], [ 32.734191112268654, 46.968878631479214 ], [ 32.73024740464956, 46.968869408548308 ], [ 32.728919196305803, 46.971565917087624 ], [ 32.734173278514007, 46.972478116781218 ], [ 32.734164360347059, 46.974277858577722 ], [ 32.738104073552364, 46.975186818355581 ], [ 32.740742221086947, 46.973393059820388 ], [ 32.74075526661413, 46.970693445070658 ], [ 32.738134821821788, 46.968887718582799 ], [ 32.739462500616256, 46.966191100827665 ], [ 32.735563331350349, 46.957183331399634 ] ] ], [ [ [ 32.664479863478647, 46.974994754131693 ], [ 32.661856114362024, 46.974087154465884 ], [ 32.663221643136559, 46.965992239375282 ], [ 32.659278173635187, 46.965980572679406 ], [ 32.657927332934953, 46.971678741153873 ], [ 32.660541426101098, 46.974083264472462 ], [ 32.660965370311843, 46.980383687886004 ], [ 32.667075775643283, 46.980401616916005 ], [ 32.667109286010621, 46.975002428697948 ], [ 32.674997560033468, 46.975025090119708 ], [ 32.676301413013697, 46.976828545818087 ], [ 32.68549944574923, 46.977754059666289 ], [ 32.692078521596841, 46.976872059991777 ], [ 32.690727440487976, 46.98316758179331 ], [ 32.698611876079255, 46.984088485390501 ], [ 32.699931849702701, 46.98319207221418 ], [ 32.705176675863818, 46.985905335264512 ], [ 32.70912650903027, 46.985015557348554 ], [ 32.718326523792406, 46.985938437270569 ], [ 32.717030531973222, 46.982335723391728 ], [ 32.711766107549373, 46.983222472748125 ], [ 32.713085840617602, 46.982325907273868 ], [ 32.711790287280216, 46.978723132766781 ], [ 32.70784586343887, 46.978713136712813 ], [ 32.706540902679528, 46.976910038346595 ], [ 32.701286862839602, 46.975996571514145 ], [ 32.703985858227924, 46.963405232906283 ], [ 32.694784839816073, 46.963381076197429 ], [ 32.694774603479331, 46.965180814691983 ], [ 32.692140492493174, 46.966073645348224 ], [ 32.690841549890067, 46.963370496988745 ], [ 32.686903512246914, 46.962459913185164 ], [ 32.685541647756459, 46.970555124461079 ], [ 32.677654022694604, 46.970533191025588 ], [ 32.667159533391235, 46.966903636745592 ], [ 32.665833812136654, 46.96869954039137 ], [ 32.669771945693277, 46.969610848104523 ], [ 32.66714278668649, 46.969603235346419 ], [ 32.66712045397923, 46.973202698151169 ], [ 32.664479863478647, 46.974994754131693 ] ], [ [ 32.685541647756459, 46.970555124461079 ], [ 32.686851000517407, 46.971458594721803 ], [ 32.685536373395578, 46.971454991860618 ], [ 32.685541647756459, 46.970555124461079 ] ] ], [ [ [ 32.709058150188227, 46.997613683446502 ], [ 32.709048380871593, 46.999413413466677 ], [ 32.714309644533941, 46.999426660482605 ], [ 32.715648830557285, 46.994930605764516 ], [ 32.711703212961858, 46.994920740030956 ], [ 32.710397730371106, 46.993117689588665 ], [ 32.699871411027573, 46.993990462225725 ], [ 32.699856295893689, 46.996690056522411 ], [ 32.709058150188227, 46.997613683446502 ] ] ], [ [ [ 32.681319785971873, 47.017337123690019 ], [ 32.681309077883135, 47.01913684283992 ], [ 32.686577531021257, 47.018251508944623 ], [ 32.683924739637106, 47.021843714447741 ], [ 32.686551199717144, 47.022750807309535 ], [ 32.710212836534801, 47.027312493558526 ], [ 32.716792843219402, 47.027328954973129 ], [ 32.719429562672474, 47.026435572336759 ], [ 32.719443706801158, 47.023735987448973 ], [ 32.722075535090937, 47.023742404863789 ], [ 32.720783079288452, 47.019239892218771 ], [ 32.723419333742832, 47.018346415466723 ], [ 32.731305000862832, 47.020164937449223 ], [ 32.732611843249451, 47.021967743754999 ], [ 32.735248036011207, 47.02107399499814 ], [ 32.735239138809433, 47.022873721605563 ], [ 32.739186823148565, 47.022882780417461 ], [ 32.741827289873569, 47.021089016476751 ], [ 32.741840302464318, 47.018389424088156 ], [ 32.739208732925285, 47.018383461414288 ], [ 32.739217495356456, 47.016583732816322 ], [ 32.736590440183207, 47.015677845723353 ], [ 32.741853313172129, 47.015689830418147 ], [ 32.74319060177757, 47.011193462706927 ], [ 32.739243777578643, 47.011184543605154 ], [ 32.736625833330223, 47.008478926003704 ], [ 32.735301401200353, 47.010275623392367 ], [ 32.732674721493026, 47.009369646225231 ], [ 32.723461144866924, 47.010247642717893 ], [ 32.723470433763268, 47.008447913873674 ], [ 32.730048130813429, 47.008463608847265 ], [ 32.731377204895857, 47.005767106406473 ], [ 32.734008153137033, 47.005773247805479 ], [ 32.735341404827423, 47.002176831231381 ], [ 32.731413286023198, 46.998568177213848 ], [ 32.727471970764697, 46.997658987615623 ], [ 32.724836802684251, 46.998552563176631 ], [ 32.726138305119719, 47.001255314545048 ], [ 32.723502937845389, 47.002148858432399 ], [ 32.72479059474891, 47.007551218358842 ], [ 32.71557720470657, 47.008428581187864 ], [ 32.703742352247559, 47.007498698966074 ], [ 32.701121364814931, 47.005692135839894 ], [ 32.69585438472474, 47.006578144207623 ], [ 32.694513243124128, 47.011073953694314 ], [ 32.69187686838071, 47.011966765846537 ], [ 32.693177028853491, 47.014669882321407 ], [ 32.689209082031816, 47.018258681042909 ], [ 32.687909035825186, 47.015555521486164 ], [ 32.6892351859657, 47.013759377993317 ], [ 32.681346551674686, 47.01283782332083 ], [ 32.68135725614853, 47.011038102175355 ], [ 32.683988451512661, 47.011045393390162 ], [ 32.685314620450264, 47.009249293928399 ], [ 32.689256064580533, 47.010159932988344 ], [ 32.690597623707326, 47.005664185337999 ], [ 32.684025599747329, 47.004746363294757 ], [ 32.684036211225362, 47.002946639127536 ], [ 32.674822963516988, 47.003820723989321 ], [ 32.67351850861202, 47.00201725847301 ], [ 32.664310890500353, 47.001990636684049 ], [ 32.668290427614423, 46.996602968275219 ], [ 32.669594575482229, 46.998406494282911 ], [ 32.674855720888424, 46.998421553759016 ], [ 32.677497123872733, 46.996629267838031 ], [ 32.674888468783145, 46.993022378396368 ], [ 32.670943006731768, 46.993011108565149 ], [ 32.672274663317239, 46.990315291377442 ], [ 32.669644488517569, 46.990307733552811 ], [ 32.670970620487772, 46.98851179360463 ], [ 32.669694379897116, 46.982208961273415 ], [ 32.660715347249628, 46.981282827817019 ], [ 32.656941349422773, 47.002508722138892 ], [ 32.658170430154904, 47.017270362954292 ], [ 32.672093000768569, 47.020010698731319 ], [ 32.670799307820239, 47.016407488901514 ], [ 32.674757420330224, 47.014619049053159 ], [ 32.677388789882272, 47.014626492337484 ], [ 32.678688282243009, 47.017329770410029 ], [ 32.681319785971873, 47.017337123690019 ] ], [ [ 32.670799307820239, 47.016407488901514 ], [ 32.665530779391958, 47.017292096982914 ], [ 32.665558871142295, 47.012792803654975 ], [ 32.660296319544528, 47.012777313428678 ], [ 32.660313436499898, 47.010077737174306 ], [ 32.661617640863348, 47.011881349926576 ], [ 32.666880105161425, 47.011896779211533 ], [ 32.666868914012284, 47.013696497495523 ], [ 32.669500236177086, 47.013704121929564 ], [ 32.670799307820239, 47.016407488901514 ] ], [ [ 32.728691579405542, 47.01655927893399 ], [ 32.731327570609324, 47.015665619164579 ], [ 32.731323057095487, 47.016565483106305 ], [ 32.728691579405542, 47.01655927893399 ] ], [ [ 32.726064704518727, 47.015653150742196 ], [ 32.727385000311465, 47.014756426730102 ], [ 32.727380420711093, 47.015656290522472 ], [ 32.726064704518727, 47.015653150742196 ] ], [ [ 32.665699228325899, 46.990296283544048 ], [ 32.667019903484963, 46.989400252538545 ], [ 32.66701431478733, 46.990300115316529 ], [ 32.665699228325899, 46.990296283544048 ] ], [ [ 32.66031914160132, 47.009177878137635 ], [ 32.661640373440328, 47.008281913577825 ], [ 32.661634690707231, 47.009181772878918 ], [ 32.66031914160132, 47.009177878137635 ] ] ], [ [ [ 32.732580388200191, 47.028266782053365 ], [ 32.741788240800311, 47.0291877859541 ], [ 32.744428932425571, 47.027393964448756 ], [ 32.732602857176374, 47.02376746969508 ], [ 32.732580388200191, 47.028266782053365 ] ] ], [ [ [ 32.807912063012267, 46.571264489116722 ], [ 32.807905708329351, 46.573064366945658 ], [ 32.810515670469975, 46.573068719689566 ], [ 32.810518804717049, 46.572168780710257 ], [ 32.807912063012267, 46.571264489116722 ] ] ], [ [ [ 32.760724571818287, 46.618872386517545 ], [ 32.760716642915476, 46.620672243710558 ], [ 32.765941125407849, 46.620683051119393 ], [ 32.76595663623975, 46.617083334812506 ], [ 32.768568705499774, 46.617088648389277 ], [ 32.768576373258625, 46.615288789048932 ], [ 32.77380034089569, 46.615299236644859 ], [ 32.772520725834745, 46.608997133210067 ], [ 32.775136131733134, 46.608102364959279 ], [ 32.766003150879889, 46.606284172215382 ], [ 32.767328190949513, 46.601787177906111 ], [ 32.760799858462946, 46.60177371476027 ], [ 32.759502156685457, 46.599971114422921 ], [ 32.75689091186657, 46.599965595402715 ], [ 32.758220551738653, 46.594568770441477 ], [ 32.754304074418883, 46.594560426426774 ], [ 32.747793315461223, 46.590946493816908 ], [ 32.753023111586565, 46.589158020335283 ], [ 32.753031286424402, 46.587358154208893 ], [ 32.750424778935923, 46.586452555570105 ], [ 32.750433038997016, 46.584652688942803 ], [ 32.747822531575224, 46.5846469643676 ], [ 32.74783087723506, 46.582847097528052 ], [ 32.745220457004628, 46.58284131374694 ], [ 32.742592999882902, 46.586435202057693 ], [ 32.738685761957292, 46.584626459261258 ], [ 32.737337041355765, 46.593622788696813 ], [ 32.739947977602981, 46.59362875340517 ], [ 32.741236312083821, 46.597231437860906 ], [ 32.749040561212304, 46.603548403384181 ], [ 32.746424947628157, 46.604442575370655 ], [ 32.746408149787584, 46.608042294438 ], [ 32.750325596375419, 46.608050910636777 ], [ 32.747705608241176, 46.609845040267281 ], [ 32.747693071424294, 46.61254482748712 ], [ 32.751602613946588, 46.614353258283437 ], [ 32.750284236596322, 46.617050201022849 ], [ 32.752896301267192, 46.61705587240769 ], [ 32.75549216346667, 46.620661197733106 ], [ 32.760724571818287, 46.618872386517545 ] ], [ [ 32.752916767301691, 46.612556228109703 ], [ 32.754226762751877, 46.611659111624611 ], [ 32.754222691764497, 46.612559040999585 ], [ 32.752916767301691, 46.612556228109703 ] ] ], [ [ [ 32.760700782827101, 46.624271956386927 ], [ 32.76070871325178, 46.622472100333702 ], [ 32.754177898010404, 46.622458254720151 ], [ 32.754186044087817, 46.620658398962433 ], [ 32.746378745809345, 46.614341797319319 ], [ 32.742460846819156, 46.614333045070452 ], [ 32.742435246099475, 46.619732611769649 ], [ 32.745043213965545, 46.620638390073729 ], [ 32.745034764909938, 46.622438244580714 ], [ 32.750259411202528, 46.622449768414654 ], [ 32.752855354466334, 46.626055150316908 ], [ 32.755471905021871, 46.625160836496136 ], [ 32.758080351810761, 46.626066317672439 ], [ 32.758088369578687, 46.624266462532511 ], [ 32.760700782827101, 46.624271956386927 ] ] ], [ [ [ 32.957939585122745, 46.624514479221645 ], [ 32.955328618264254, 46.622713617854309 ], [ 32.955331578806771, 46.619113873847255 ], [ 32.95010743637409, 46.618858700370751 ], [ 32.951411687582592, 46.620912149162386 ], [ 32.946182681435722, 46.625409488726888 ], [ 32.947487185996877, 46.627209965789902 ], [ 32.957937494012313, 46.6272142849731 ], [ 32.957939585122745, 46.624514479221645 ] ] ], [ [ [ 32.845545702512382, 46.64511644336114 ], [ 32.846867653347459, 46.639718621916487 ], [ 32.841638687792894, 46.640611437485667 ], [ 32.840326786497918, 46.642409480614376 ], [ 32.837724250282122, 46.638806085598659 ], [ 32.827274616649404, 46.637890853922237 ], [ 32.823346211075638, 46.640584656874267 ], [ 32.825950762825514, 46.643288448113573 ], [ 32.824635369249066, 46.645986237876791 ], [ 32.827248838868364, 46.645990213634441 ], [ 32.829853843998436, 46.648693914072524 ], [ 32.836390560298867, 46.647803515673608 ], [ 32.837705414154378, 46.645105590945228 ], [ 32.845545702512382, 46.64511644336114 ] ], [ [ 32.841633436160294, 46.642411296641789 ], [ 32.842937481609759, 46.643313027168055 ], [ 32.841630810154953, 46.643311226006368 ], [ 32.841633436160294, 46.642411296641789 ] ] ], [ [ [ 32.756519782342011, 46.682758687943874 ], [ 32.757819354943457, 46.684561299490554 ], [ 32.76305392692089, 46.68367233187746 ], [ 32.756531910260122, 46.680058932206947 ], [ 32.752609260550351, 46.680050518557003 ], [ 32.749985859543621, 46.681844671169699 ], [ 32.753900465623531, 46.683653011379818 ], [ 32.756519782342011, 46.682758687943874 ] ] ], [ [ [ 32.780020358799653, 46.691805541829304 ], [ 32.783951044118751, 46.690013179596413 ], [ 32.780045931555357, 46.685506109323676 ], [ 32.777430564317804, 46.685501052105487 ], [ 32.778730898790947, 46.687303426599854 ], [ 32.776115445041469, 46.687298339175257 ], [ 32.776100571052197, 46.690898013656586 ], [ 32.780020358799653, 46.691805541829304 ] ] ], [ [ [ 32.923893242714882, 46.684792273710954 ], [ 32.923890714938366, 46.686592124199805 ], [ 32.921273970652152, 46.687490279676538 ], [ 32.92126220109246, 46.695589598058625 ], [ 32.926496386061302, 46.693793230612776 ], [ 32.923881865808397, 46.69289159643084 ], [ 32.923884394434808, 46.691091747933065 ], [ 32.927809075048849, 46.690194365949345 ], [ 32.926504931508774, 46.687493759003139 ], [ 32.927817466830376, 46.683894890175473 ], [ 32.923893242714882, 46.684792273710954 ] ] ], [ [ [ 32.806199641143209, 46.685553393772352 ], [ 32.79573814942259, 46.68553519731757 ], [ 32.795731364995284, 46.687335037706838 ], [ 32.798346823835423, 46.687339676776254 ], [ 32.799644571107507, 46.690041734059626 ], [ 32.80618676660302, 46.689153076256567 ], [ 32.804872511075914, 46.6909506939759 ], [ 32.807484948281328, 46.691855044415462 ], [ 32.807468957936301, 46.696354642527254 ], [ 32.815313579974266, 46.697267496991969 ], [ 32.81402414659685, 46.691865859154234 ], [ 32.815335053982707, 46.690968056805509 ], [ 32.811414731549711, 46.690061737451856 ], [ 32.806199641143209, 46.685553393772352 ] ] ], [ [ [ 32.777378801971444, 46.698099907925119 ], [ 32.778675758354844, 46.700802196541211 ], [ 32.782599917941077, 46.700809719115774 ], [ 32.785223162233116, 46.699014824484749 ], [ 32.785241001814015, 46.694515234692965 ], [ 32.780009396415252, 46.69450529648126 ], [ 32.777378801971444, 46.698099907925119 ] ] ], [ [ [ 32.76543930088669, 46.73677268001029 ], [ 32.765447104863931, 46.734972858892284 ], [ 32.769373738875167, 46.734980839504807 ], [ 32.77331168722305, 46.732288951159035 ], [ 32.770709315728226, 46.728684089048173 ], [ 32.762849074155767, 46.730467909190338 ], [ 32.762825404350721, 46.735867374096138 ], [ 32.76543930088669, 46.73677268001029 ] ] ], [ [ [ 32.78114636934697, 46.736803796031388 ], [ 32.782477004362612, 46.731406820355943 ], [ 32.781175490764952, 46.729604500360679 ], [ 32.778557992555932, 46.72959946532491 ], [ 32.778543259096622, 46.733199113669784 ], [ 32.77592558744599, 46.733194018128437 ], [ 32.77721589350837, 46.737696130213664 ], [ 32.78114636934697, 46.736803796031388 ] ] ], [ [ [ 32.799477985997662, 46.735037548195258 ], [ 32.800780240139581, 46.736839659456351 ], [ 32.808633798687985, 46.736853061658024 ], [ 32.81387260388518, 46.735961783769419 ], [ 32.815190732741428, 46.733264164256923 ], [ 32.800793495869229, 46.733240008276084 ], [ 32.799477985997662, 46.735037548195258 ] ] ], [ [ [ 32.75098731956659, 46.748441074201395 ], [ 32.762785939506728, 46.744866470878051 ], [ 32.765419787661884, 46.741272230312852 ], [ 32.760179678207166, 46.742161286837487 ], [ 32.754927163259836, 46.745749828515869 ], [ 32.750999751532113, 46.745741350718873 ], [ 32.75098731956659, 46.748441074201395 ] ] ], [ [ [ 32.774519216157827, 46.756589100378015 ], [ 32.775824886098242, 46.757491580560512 ], [ 32.775828618108577, 46.756591672692011 ], [ 32.774519216157827, 46.756589100378015 ] ] ], [ [ [ 32.874017422402133, 46.763941196184618 ], [ 32.876636596542177, 46.763944049384989 ], [ 32.876630433382807, 46.766643783506716 ], [ 32.871391823803215, 46.766638016624334 ], [ 32.872688754421304, 46.772038944420771 ], [ 32.870045375677897, 46.781935002761706 ], [ 32.876593435753705, 46.782842161354679 ], [ 32.880549444892345, 46.771147505985411 ], [ 32.879247727806792, 46.767546488204999 ], [ 32.88186904454269, 46.766649310603277 ], [ 32.881872978941381, 46.76484948765215 ], [ 32.880569335933544, 46.762148393076927 ], [ 32.877952280615119, 46.761245717973836 ], [ 32.874023715505359, 46.761241461050339 ], [ 32.874017422402133, 46.763941196184618 ] ] ], [ [ [ 32.832051957946817, 46.782785467809113 ], [ 32.829451767192538, 46.776482242641904 ], [ 32.825522102814332, 46.776476319376307 ], [ 32.826817564862992, 46.780977844910495 ], [ 32.825504660323844, 46.781875761921029 ], [ 32.832051957946817, 46.782785467809113 ] ] ], [ [ [ 32.893622260670618, 46.783759166382232 ], [ 32.897550759001369, 46.784662660868577 ], [ 32.896232022330189, 46.789161023526702 ], [ 32.897538806504642, 46.790962020121931 ], [ 32.90015929326821, 46.790964336025127 ], [ 32.900162621327702, 46.789164519661838 ], [ 32.902783021061204, 46.789166775426722 ], [ 32.904102810303364, 46.783768427678361 ], [ 32.902800839392455, 46.779267774485277 ], [ 32.90542706163567, 46.775670328255039 ], [ 32.908046807124954, 46.775672463031533 ], [ 32.909352149639759, 46.778373239379235 ], [ 32.91327907539889, 46.78017610486399 ], [ 32.911966159639093, 46.781974924592937 ], [ 32.913271850082047, 46.784675653484854 ], [ 32.917200744710307, 46.785578473616432 ], [ 32.919815626550367, 46.78917997555552 ], [ 32.922436028416584, 46.789181781368576 ], [ 32.922438613749819, 46.78738196335717 ], [ 32.927679243535678, 46.787385394787727 ], [ 32.923744958520686, 46.79008257059742 ], [ 32.925052683094201, 46.791883253302423 ], [ 32.932913165709174, 46.792788039828991 ], [ 32.935536966920708, 46.790089819575343 ], [ 32.940799564859127, 46.770294617556793 ], [ 32.939492844744052, 46.767594195425836 ], [ 32.942112200717858, 46.76759555026927 ], [ 32.943429415368925, 46.760396899381099 ], [ 32.938192430335306, 46.759494276588072 ], [ 32.938195517280157, 46.756794534383637 ], [ 32.926409548226246, 46.757687477446211 ], [ 32.926407097796975, 46.759487305004441 ], [ 32.92510011071542, 46.757686627964134 ], [ 32.922479945288316, 46.758584797823097 ], [ 32.91853936127356, 46.766681286263179 ], [ 32.921159984795189, 46.765783208177361 ], [ 32.923776713264097, 46.767584807442276 ], [ 32.923771635069755, 46.771184455519105 ], [ 32.926391164262938, 46.771186170269161 ], [ 32.929007146211099, 46.773887559943695 ], [ 32.932936637132769, 46.773889929938953 ], [ 32.931625667801661, 46.774789066323351 ], [ 32.932929933429968, 46.779289396305749 ], [ 32.923764015946936, 46.776583923368577 ], [ 32.918524434652298, 46.776580313322917 ], [ 32.917203504196742, 46.783778654697066 ], [ 32.915900441184846, 46.779278149837843 ], [ 32.919845011846782, 46.769381947390045 ], [ 32.911983756843121, 46.77117599718661 ], [ 32.910678456090928, 46.768475247470853 ], [ 32.898891173231185, 46.76846544104631 ], [ 32.897578063891793, 46.770264099265745 ], [ 32.897588297811787, 46.764864629278676 ], [ 32.894969077131293, 46.764862255531312 ], [ 32.89629250249746, 46.757664148912596 ], [ 32.891056573244171, 46.756759369638296 ], [ 32.88973247299969, 46.763957416274025 ], [ 32.887113296968501, 46.763954862778 ], [ 32.887109537223722, 46.765754686344145 ], [ 32.893655925082825, 46.766660869852899 ], [ 32.893647069008253, 46.771160426548704 ], [ 32.891025728367829, 46.772057873183357 ], [ 32.892324751380691, 46.777458575075812 ], [ 32.891011204406801, 46.77925715474727 ], [ 32.885771368859949, 46.779252045040337 ], [ 32.887075683247943, 46.781953072839393 ], [ 32.891005756480965, 46.781956882987124 ], [ 32.891002124093795, 46.783756701102647 ], [ 32.883145610829182, 46.781949127740262 ], [ 32.880523572237976, 46.782846331503045 ], [ 32.879197422306348, 46.790044221399263 ], [ 32.876570810323045, 46.792741147353652 ], [ 32.877866844579124, 46.799041898955345 ], [ 32.875243887705622, 46.799938978205752 ], [ 32.876541997004658, 46.805339831917166 ], [ 32.879163180005804, 46.805342629196623 ], [ 32.880485729254097, 46.799944571715258 ], [ 32.883102752523968, 46.801747090387991 ], [ 32.889658955613157, 46.799953782704129 ], [ 32.889673670405067, 46.792754527621746 ], [ 32.884432525252187, 46.792749355517152 ], [ 32.884440229942051, 46.789149725209597 ], [ 32.88968470278445, 46.787355080336987 ], [ 32.889688379536949, 46.785555263437693 ], [ 32.892308603264965, 46.785557758864414 ], [ 32.893622260670618, 46.783759166382232 ] ], [ [ 32.925096369578888, 46.760386369008515 ], [ 32.926404647132117, 46.76128713199391 ], [ 32.925095122413481, 46.761286282405607 ], [ 32.925096369578888, 46.760386369008515 ] ], [ [ 32.925063923784329, 46.78378407112006 ], [ 32.926372767037314, 46.784684831099327 ], [ 32.925062675058975, 46.784683980820169 ], [ 32.925063923784329, 46.78378407112006 ] ], [ [ 32.905431787695854, 46.772970595826955 ], [ 32.906738487951849, 46.774771492438198 ], [ 32.905428637064801, 46.774770417587881 ], [ 32.905431787695854, 46.772970595826955 ] ] ], [ [ [ 32.76389460283108, 46.790764353286058 ], [ 32.762568543451593, 46.794361248595017 ], [ 32.763870987713752, 46.796163761446422 ], [ 32.77566049989224, 46.79708738580554 ], [ 32.779599001315063, 46.795295219771475 ], [ 32.779610022864013, 46.792595512963828 ], [ 32.774376444481149, 46.790785496220728 ], [ 32.77305486555057, 46.793482612311315 ], [ 32.7704342733605, 46.793477386083204 ], [ 32.767817552143612, 46.792572198171044 ], [ 32.767825292059413, 46.790772394378486 ], [ 32.76389460283108, 46.790764353286058 ] ] ], [ [ [ 32.794005893203952, 46.797121873662668 ], [ 32.794016194970524, 46.794422165191108 ], [ 32.787464592578132, 46.79441018677398 ], [ 32.78354445763312, 46.791703111774815 ], [ 32.780920298285821, 46.792598028496897 ], [ 32.780902037367177, 46.797097539524351 ], [ 32.794005893203952, 46.797121873662668 ] ] ], [ [ [ 32.923727159182732, 46.802681279147293 ], [ 32.92896690564389, 46.804484465823428 ], [ 32.931589191868682, 46.803586155806627 ], [ 32.931592613872446, 46.800886434852387 ], [ 32.92766357017139, 46.799084203090466 ], [ 32.926356812038101, 46.796383644607623 ], [ 32.91980627016239, 46.795479333721339 ], [ 32.917174516347991, 46.802676724983478 ], [ 32.923727159182732, 46.802681279147293 ] ] ], [ [ [ 32.905373451945465, 46.806267206328755 ], [ 32.898825438621287, 46.803561883685887 ], [ 32.896197416506922, 46.807159159376468 ], [ 32.905370295703541, 46.80806701756692 ], [ 32.905373451945465, 46.806267206328755 ] ] ], [ [ [ 32.90929016943489, 46.815269440886567 ], [ 32.914532080327312, 46.816173380618842 ], [ 32.915847148038019, 46.813474637929211 ], [ 32.917171754073301, 46.80447653793091 ], [ 32.915862585019156, 46.80357567564932 ], [ 32.910620384805654, 46.803571702074372 ], [ 32.90930529782932, 46.806270389388125 ], [ 32.911917714936365, 46.811671869380547 ], [ 32.90929016943489, 46.815269440886567 ] ] ], [ [ [ 32.757254432406953, 46.810548446917359 ], [ 32.757217985719805, 46.818647525180211 ], [ 32.759835791192472, 46.819552953300061 ], [ 32.761150704515082, 46.818655799271404 ], [ 32.761142734336204, 46.820455593391777 ], [ 32.763764635312121, 46.820461034725632 ], [ 32.766398229577007, 46.817766723592754 ], [ 32.767709115113348, 46.817769391459102 ], [ 32.769043118441537, 46.812372654651298 ], [ 32.757254432406953, 46.810548446917359 ] ] ], [ [ [ 32.907985475139348, 46.811668775784732 ], [ 32.904051635604951, 46.812565451900753 ], [ 32.901425166646668, 46.815262937669239 ], [ 32.898788303130083, 46.823359781551716 ], [ 32.905341875857737, 46.824265293115836 ], [ 32.902731132287009, 46.817963771240798 ], [ 32.906665387511985, 46.817067141657041 ], [ 32.907985475139348, 46.811668775784732 ] ] ], [ [ [ 32.750605200651115, 46.831231971848716 ], [ 32.749285619980519, 46.833028896025667 ], [ 32.761098884641669, 46.830354450871603 ], [ 32.767650963739548, 46.831267841940964 ], [ 32.774237179040782, 46.824081789344604 ], [ 32.772941294645612, 46.820479606440699 ], [ 32.766394332254343, 46.818666621204883 ], [ 32.766370944380618, 46.824066003887324 ], [ 32.755890788760162, 46.822244323410501 ], [ 32.754563413865419, 46.825841103647477 ], [ 32.749319093140173, 46.825829738388485 ], [ 32.750605200651115, 46.831231971848716 ] ], [ [ 32.757185575414582, 46.825846696174033 ], [ 32.758492626196038, 46.826749365731629 ], [ 32.75718152324928, 46.826746591907394 ], [ 32.757185575414582, 46.825846696174033 ] ] ], [ [ [ 32.907894794767536, 46.864762921835037 ], [ 32.90921138434333, 46.862064279478624 ], [ 32.909205315781207, 46.865663866523484 ], [ 32.92494878924262, 46.86657516837662 ], [ 32.927574165619156, 46.865676961926169 ], [ 32.9262707287876, 46.859376842785416 ], [ 32.928894544164159, 46.859378502657357 ], [ 32.932826900693186, 46.862080573007219 ], [ 32.930201787181616, 46.862978900633124 ], [ 32.931511493828026, 46.864779487573415 ], [ 32.930195954972028, 46.867478385675099 ], [ 32.935445454708351, 46.866581568904529 ], [ 32.934136673328133, 46.863881130230403 ], [ 32.938071691442268, 46.864783224490537 ], [ 32.940697752775932, 46.862984819178855 ], [ 32.944633740689852, 46.862986790524104 ], [ 32.943329319793044, 46.855786963173941 ], [ 32.924965089192021, 46.85487649937685 ], [ 32.923655841836698, 46.853075834679998 ], [ 32.917097072104902, 46.853071272535331 ], [ 32.917099841565609, 46.851271474943033 ], [ 32.918419726909384, 46.84587302101081 ], [ 32.926286737608244, 46.847678158654404 ], [ 32.935468098432203, 46.847683702838843 ], [ 32.935473486422602, 46.843184201678305 ], [ 32.928917105764867, 46.84228041676139 ], [ 32.927611657627352, 46.837780090141671 ], [ 32.921053430640121, 46.838675656864417 ], [ 32.922371314193576, 46.834177046817111 ], [ 32.923680060334796, 46.835977731883297 ], [ 32.926302736416318, 46.835979450497682 ], [ 32.92630519688322, 46.834179647110304 ], [ 32.931550374626525, 46.834182903861532 ], [ 32.930242573373782, 46.831482405828019 ], [ 32.943353918801513, 46.832389548208226 ], [ 32.943356755168701, 46.82968984029759 ], [ 32.947290312072468, 46.829691719246199 ], [ 32.944671634418022, 46.826090869015403 ], [ 32.947298227979736, 46.821592587308977 ], [ 32.947305261464962, 46.814393349253379 ], [ 32.949930230013877, 46.810794903575413 ], [ 32.945998951532509, 46.80989320997201 ], [ 32.946006155473455, 46.802693957284113 ], [ 32.936832449308575, 46.80268926206606 ], [ 32.936826128680899, 46.808088701554141 ], [ 32.932885192613881, 46.815285707945534 ], [ 32.93156065595872, 46.826083780664632 ], [ 32.928932530767796, 46.830581696841492 ], [ 32.923688977359134, 46.829678417915616 ], [ 32.923691524528792, 46.827878612645293 ], [ 32.921070559905097, 46.826976931647295 ], [ 32.910583102291291, 46.826069315630512 ], [ 32.910575640406144, 46.83056882767783 ], [ 32.905330817047478, 46.83056461005441 ], [ 32.905319754511957, 46.836863920025891 ], [ 32.897453314397332, 46.835957240722237 ], [ 32.894806053650903, 46.848553458127761 ], [ 32.903987556353947, 46.848561527421694 ], [ 32.902671036230423, 46.851260116142761 ], [ 32.906606164078362, 46.851263394366768 ], [ 32.906598363455878, 46.855762886017814 ], [ 32.902658028413398, 46.85845930025819 ], [ 32.902646642463992, 46.864758578894808 ], [ 32.907894794767536, 46.864762921835037 ] ], [ [ 32.9262707287876, 46.859376842785416 ], [ 32.924960074909272, 46.858476092397218 ], [ 32.926271960590995, 46.858476944859085 ], [ 32.9262707287876, 46.859376842785416 ] ], [ [ 32.917095687274575, 46.853971171118211 ], [ 32.915783911612159, 46.853970213564139 ], [ 32.914467849643188, 46.85666893569244 ], [ 32.91447356467134, 46.853069342455285 ], [ 32.917095687274575, 46.853971171118211 ] ], [ [ 32.934138874393796, 46.862081335356976 ], [ 32.936763878563589, 46.861182917250964 ], [ 32.936762821952875, 46.862082814947158 ], [ 32.934138874393796, 46.862081335356976 ] ], [ [ 32.910524851946711, 46.861165415335435 ], [ 32.909222001515893, 46.855764996676548 ], [ 32.911851529919403, 46.852167453645848 ], [ 32.910524851946711, 46.861165415335435 ] ] ], [ [ [ 32.757108550923832, 46.842944690755481 ], [ 32.75839180599295, 46.849246714951093 ], [ 32.76363446129794, 46.850157561090199 ], [ 32.766261711652007, 46.849263055293285 ], [ 32.76496576153697, 46.845660797874743 ], [ 32.767592770381377, 46.844766260385221 ], [ 32.759735556903685, 46.842050333157871 ], [ 32.757108550923832, 46.842944690755481 ] ] ], [ [ [ 32.894762105590971, 46.871050883495002 ], [ 32.889513342546223, 46.871045937959757 ], [ 32.888189938534865, 46.876444031671333 ], [ 32.890816408192542, 46.875546670738494 ], [ 32.894749790653556, 46.877350146673322 ], [ 32.894762105590971, 46.871050883495002 ] ] ], [ [ [ 32.90918710308204, 46.876462614009746 ], [ 32.911810275733295, 46.877364560775106 ], [ 32.913126978202989, 46.874665879428839 ], [ 32.921003298991714, 46.872871792815168 ], [ 32.917058271647619, 46.878268379117621 ], [ 32.918366544926343, 46.880969005904483 ], [ 32.91704717619281, 46.885467531955584 ], [ 32.914423520844146, 46.884565706154916 ], [ 32.914414933432106, 46.889965065303151 ], [ 32.926227578288945, 46.890873180649002 ], [ 32.926232513455517, 46.887273607992348 ], [ 32.928857688804364, 46.887275269474046 ], [ 32.928863636938352, 46.882775800195098 ], [ 32.922302546916391, 46.881871640136893 ], [ 32.92099273327063, 46.880070953173338 ], [ 32.924933734079175, 46.877373918437307 ], [ 32.924946280652641, 46.868374961474963 ], [ 32.921011220612478, 46.867472416575872 ], [ 32.91838019085192, 46.871970056032552 ], [ 32.915757170642863, 46.871068259058326 ], [ 32.91575998663361, 46.869268467212606 ], [ 32.910511394025207, 46.869264484557789 ], [ 32.910506906755529, 46.871964171739528 ], [ 32.90919924605047, 46.869263451293605 ], [ 32.902636880024716, 46.870157955038479 ], [ 32.901326359773186, 46.869256935864712 ], [ 32.901323061294271, 46.871056726989273 ], [ 32.896067347705191, 46.874651662238144 ], [ 32.898686824485736, 46.877353698670596 ], [ 32.894749790653556, 46.877350146673322 ], [ 32.894746271337645, 46.879149934873219 ], [ 32.898678354695434, 46.881853168659411 ], [ 32.907865537757665, 46.881860931312488 ], [ 32.90918710308204, 46.876462614009746 ] ], [ [ 32.922307743022621, 46.878272062119947 ], [ 32.919684349956626, 46.877370355905626 ], [ 32.922309041892831, 46.87737216726034 ], [ 32.922307743022621, 46.878272062119947 ] ] ], [ [ [ 32.852742506586992, 46.881803296048822 ], [ 32.854069597203051, 46.876405621401879 ], [ 32.848817793106065, 46.877298702202985 ], [ 32.844883364253008, 46.876393542610629 ], [ 32.844870396932642, 46.880893003887898 ], [ 32.850120110999029, 46.88089999741058 ], [ 32.850115098754635, 46.8826997813632 ], [ 32.852742506586992, 46.881803296048822 ] ] ], [ [ [ 32.947244508529394, 46.8764864783167 ], [ 32.939369545197508, 46.87738247423259 ], [ 32.940675941026541, 46.882782530853781 ], [ 32.945925855242216, 46.882785131028299 ], [ 32.947244508529394, 46.8764864783167 ] ], [ [ 32.94199326903842, 46.878283729478255 ], [ 32.943304689981844, 46.879184282045578 ], [ 32.94199229922642, 46.879183624560547 ], [ 32.94199326903842, 46.878283729478255 ] ] ], [ [ [ 32.930166772856417, 46.889975757577851 ], [ 32.934104734049313, 46.889978091998316 ], [ 32.931478280472241, 46.89087644382203 ], [ 32.932787583518326, 46.893576900365595 ], [ 32.943288569196973, 46.894482477046651 ], [ 32.945924951036794, 46.88368502546016 ], [ 32.939362448650499, 46.883681737520973 ], [ 32.939364476479426, 46.881881948720732 ], [ 32.936739563643876, 46.881880528299597 ], [ 32.938047876394734, 46.885480822977613 ], [ 32.935422788082334, 46.885479372281431 ], [ 32.93542062816055, 46.887279159809843 ], [ 32.936732158105087, 46.88817978630204 ], [ 32.931482864382367, 46.88727687075724 ], [ 32.930166772856417, 46.889975757577851 ] ] ], [ [ [ 32.825055242248297, 46.92045970095441 ], [ 32.827670486449186, 46.924063223043333 ], [ 32.834240669163279, 46.923173035191297 ], [ 32.834248995364568, 46.920473380287966 ], [ 32.825055242248297, 46.92045970095441 ] ] ], [ [ [ 32.871017590817942, 46.923220374200014 ], [ 32.861827979104099, 46.921409874886038 ], [ 32.856571905092729, 46.922303299851158 ], [ 32.859194069632444, 46.924106332159184 ], [ 32.865761491517446, 46.924114220738751 ], [ 32.865756995566457, 46.925913992261883 ], [ 32.855243921627832, 46.927700959061795 ], [ 32.852604435458822, 46.932197029687551 ], [ 32.857861543246869, 46.931303789536926 ], [ 32.859179920547945, 46.929505643541994 ], [ 32.867059392487548, 46.930414951426357 ], [ 32.865732260090724, 46.935812725472445 ], [ 32.869673572586755, 46.935817279645534 ], [ 32.871006790592986, 46.927719803596794 ], [ 32.874949604505794, 46.926824289908026 ], [ 32.874953792719523, 46.925024518018077 ], [ 32.8775787576146, 46.925927243198252 ], [ 32.874960074283514, 46.922324859116763 ], [ 32.871017590817942, 46.923220374200014 ] ], [ [ 32.865750250827652, 46.928613648480159 ], [ 32.867066071875094, 46.927715295917437 ], [ 32.867063845519844, 46.92861518122929 ], [ 32.865750250827652, 46.928613648480159 ] ] ], [ [ [ 32.906474864069146, 46.92685438239058 ], [ 32.90647799643672, 46.925054608618545 ], [ 32.90910653765696, 46.924156837200044 ], [ 32.9038525876595, 46.924152545562961 ], [ 32.902530939283103, 46.928650868542263 ], [ 32.905156545502159, 46.929552961336057 ], [ 32.903838094316377, 46.932251523726251 ], [ 32.909094358962854, 46.931355930543162 ], [ 32.907774516230049, 46.934954423103051 ], [ 32.909083698754138, 46.937655129755683 ], [ 32.914340405153581, 46.936759296888738 ], [ 32.916984684548041, 46.925962597151567 ], [ 32.922237511065475, 46.926866173446676 ], [ 32.922241417635036, 46.924166511469231 ], [ 32.913048456952765, 46.923260010301107 ], [ 32.911726121940134, 46.928658327332144 ], [ 32.906474864069146, 46.92685438239058 ] ] ], [ [ [ 32.935362231559331, 46.935873208163997 ], [ 32.935364397106412, 46.934073435986228 ], [ 32.930110644611823, 46.933170462595236 ], [ 32.93011298588074, 46.931370689757777 ], [ 32.920918659140646, 46.930464820946256 ], [ 32.918274947511946, 46.941261603366755 ], [ 32.935352484014459, 46.943972175928778 ], [ 32.936668579538647, 46.942173140626949 ], [ 32.935360065803543, 46.937672979773247 ], [ 32.932732428019364, 46.937671466139442 ], [ 32.932730174007737, 46.939471237085549 ], [ 32.930103619451238, 46.938569777696493 ], [ 32.928788585670745, 46.939468853415718 ], [ 32.928790971752996, 46.93766908261869 ], [ 32.931418609208194, 46.937670686708529 ], [ 32.931420907021909, 46.935870915242681 ], [ 32.935362231559331, 46.935873208163997 ] ] ], [ [ [ 32.955065096781993, 46.940382067067603 ], [ 32.955062837985487, 46.943081723021315 ], [ 32.945866084175421, 46.942177858656507 ], [ 32.945867898213422, 46.940378088127467 ], [ 32.941926242318381, 46.940376156705867 ], [ 32.941921376646917, 46.944875581660526 ], [ 32.936666457086403, 46.943972910292409 ], [ 32.932723410669368, 46.944870546512824 ], [ 32.9327200282668, 46.947570199307748 ], [ 32.948487037476504, 46.949378147694354 ], [ 32.948490490597216, 46.945778610463904 ], [ 32.955059825748826, 46.946681262303336 ], [ 32.956375327686118, 46.944882001136271 ], [ 32.960317315132393, 46.944883435226593 ], [ 32.966886739937046, 46.945785408656533 ], [ 32.968203954873438, 46.940386469685052 ], [ 32.964261698333679, 46.941285192774387 ], [ 32.955065096781993, 46.940382067067603 ] ], [ [ 32.943234420727428, 46.945776125233401 ], [ 32.944549367364232, 46.944876884556081 ], [ 32.94454843812877, 46.945776769161405 ], [ 32.943234420727428, 46.945776125233401 ] ] ], [ [ [ 32.773715563603481, 46.948266244605954 ], [ 32.767145222416246, 46.948253070873996 ], [ 32.759252749530141, 46.950036517656535 ], [ 32.759236607837977, 46.953636021830157 ], [ 32.763183174672427, 46.952744368230555 ], [ 32.765799752423447, 46.955449402640781 ], [ 32.764469714890019, 46.959046209019924 ], [ 32.767098378749054, 46.959051586098873 ], [ 32.771052891100034, 46.956359910935042 ], [ 32.7723824205979, 46.952763025509633 ], [ 32.776324957345338, 46.952770795232524 ], [ 32.773715563603481, 46.948266244605954 ] ] ], [ [ [ 32.835421802850519, 46.966369236499197 ], [ 32.835416282615782, 46.968168992188282 ], [ 32.832787161123555, 46.96816518296653 ], [ 32.822243848401278, 46.976248230435715 ], [ 32.822234901732003, 46.97894785721855 ], [ 32.82749419938466, 46.978955901251545 ], [ 32.831444329870479, 46.977162023835824 ], [ 32.831438674092979, 46.978961775752751 ], [ 32.834068324582013, 46.978965616599424 ], [ 32.834073892127229, 46.977165864442235 ], [ 32.84196788442096, 46.975377270519857 ], [ 32.843290508808543, 46.972679446113609 ], [ 32.845919852869699, 46.972683014423644 ], [ 32.838048120732388, 46.96727286315199 ], [ 32.838053552523931, 46.965473106943982 ], [ 32.835421802850519, 46.966369236499197 ] ], [ [ 32.831444329870479, 46.977162023835824 ], [ 32.832761916559008, 46.976264075455227 ], [ 32.832759110931221, 46.977163951687302 ], [ 32.831444329870479, 46.977162023835824 ] ] ], [ [ [ 32.777504839940917, 46.985168837078291 ], [ 32.776204888590911, 46.981566785871479 ], [ 32.780145854330613, 46.982474300083979 ], [ 32.780131096765828, 46.986073789053528 ], [ 32.789336069471283, 46.986091093736981 ], [ 32.789346674531863, 46.98339147559966 ], [ 32.786716813856451, 46.983386607366768 ], [ 32.788038857422812, 46.981589303048516 ], [ 32.78675974814935, 46.972588123837895 ], [ 32.776242429974424, 46.972568054452317 ], [ 32.774920215072029, 46.974365225117296 ], [ 32.774931541199386, 46.971665604011974 ], [ 32.770999139468131, 46.968958162251397 ], [ 32.767051507980682, 46.969850080825992 ], [ 32.765740840437374, 46.968947525129749 ], [ 32.759155852681111, 46.971633508531291 ], [ 32.763056051565911, 46.981540332407953 ], [ 32.748600789293548, 46.97970974814141 ], [ 32.749886249782683, 46.986011720940368 ], [ 32.765662224829214, 46.986944971961258 ], [ 32.765650425948344, 46.989644584075265 ], [ 32.766965507785564, 46.989647267923708 ], [ 32.768272811232436, 46.991449677701702 ], [ 32.778790114283133, 46.992370356214842 ], [ 32.776174842449613, 46.988765760759897 ], [ 32.777504839940917, 46.985168837078291 ] ], [ [ 32.772306077021348, 46.97076053187628 ], [ 32.770983775195326, 46.972557657503465 ], [ 32.770991457702053, 46.970757910162092 ], [ 32.772306077021348, 46.97076053187628 ] ], [ [ 32.778842079683699, 46.979772149914879 ], [ 32.780153232045791, 46.980674554745313 ], [ 32.778838369032528, 46.980672022718466 ], [ 32.778842079683699, 46.979772149914879 ] ], [ [ 32.776231169459656, 46.975267675372415 ], [ 32.777542167956234, 46.97617011055052 ], [ 32.776227415592821, 46.976167548727808 ], [ 32.776231169459656, 46.975267675372415 ] ], [ [ 32.772237304843074, 46.986958238929262 ], [ 32.772248771017779, 46.984258624289446 ], [ 32.773563721377684, 46.984261232133768 ], [ 32.774867338146166, 46.986963440005766 ], [ 32.772237304843074, 46.986958238929262 ] ], [ [ 32.765697611233577, 46.978846127932975 ], [ 32.76700461009144, 46.980648555055929 ], [ 32.765689748915079, 46.980645872046765 ], [ 32.765697611233577, 46.978846127932975 ] ] ], [ [ [ 32.766961596517916, 46.990547138427644 ], [ 32.752499618182775, 46.989616914930842 ], [ 32.753789903167714, 46.995018965532303 ], [ 32.768253361502815, 46.995949027792122 ], [ 32.766961596517916, 46.990547138427644 ] ] ], [ [ [ 32.957650986481944, 46.99347606905355 ], [ 32.966858960847674, 46.990779471250349 ], [ 32.966860073297354, 46.988979715567297 ], [ 32.957655961723184, 46.987176925324498 ], [ 32.952393437611178, 46.989874493056895 ], [ 32.951080802789392, 46.987174305128221 ], [ 32.94844900917586, 46.988972907161404 ], [ 32.93924246027867, 46.989868270451865 ], [ 32.936614393044572, 46.988067089520385 ], [ 32.941866800938435, 46.995268898422673 ], [ 32.94581249130939, 46.995270833532558 ], [ 32.943181077189799, 46.996169435192598 ], [ 32.945807942530273, 46.999770215446347 ], [ 32.951070126771803, 46.998872708303495 ], [ 32.952387044208962, 46.997073509965844 ], [ 32.961592677401136, 46.998876721024963 ], [ 32.966855622854823, 46.996178734889348 ], [ 32.966856735626415, 46.994378980911385 ], [ 32.961594611737119, 46.996177091277936 ], [ 32.958964795235659, 46.995276301993954 ], [ 32.957650986481944, 46.99347606905355 ] ], [ [ 32.951075054996153, 46.993473448283545 ], [ 32.952391040374366, 46.99257412546347 ], [ 32.952390241218367, 46.993474002648135 ], [ 32.951075054996153, 46.993473448283545 ] ] ], [ [ [ 32.923444588861933, 47.001557201159699 ], [ 32.927390740741515, 47.001559771293294 ], [ 32.930023858818778, 46.999761657932616 ], [ 32.930028557862478, 46.99616215375638 ], [ 32.923461294063863, 46.989858809679042 ], [ 32.915567879956534, 46.991653017462447 ], [ 32.911618007944384, 46.994349669679153 ], [ 32.912928829644827, 46.997050305331108 ], [ 32.911610588944448, 46.998849048974101 ], [ 32.903718688187823, 46.998842685434681 ], [ 32.908975370295501, 47.00154661390475 ], [ 32.907652234016034, 47.006044933893229 ], [ 32.908966198773697, 47.006945861423844 ], [ 32.918177558313467, 47.005153062565782 ], [ 32.918180306236927, 47.003353312958019 ], [ 32.922126589889473, 47.003356064577837 ], [ 32.923444588861933, 47.001557201159699 ] ], [ [ 32.911610588944448, 46.998849048974101 ], [ 32.912924444062703, 46.999749932149918 ], [ 32.911609104929781, 46.999748924406738 ], [ 32.911610588944448, 46.998849048974101 ] ], [ [ 32.908967727544976, 47.006045987192628 ], [ 32.910284727754302, 47.005147150974366 ], [ 32.910283221147644, 47.00604702538017 ], [ 32.908967727544976, 47.006045987192628 ] ] ], [ [ [ 32.880040989659925, 46.999720206011936 ], [ 32.882669694054144, 47.000622806076215 ], [ 32.882663783650599, 47.003322428655849 ], [ 32.886610060900686, 47.003326404219692 ], [ 32.890561851822739, 47.000630620477082 ], [ 32.89845742256162, 46.998838140913854 ], [ 32.898460832012937, 46.99703839030456 ], [ 32.88925207026503, 46.997929731375855 ], [ 32.883994791812107, 46.996124772230246 ], [ 32.880047031417099, 46.99702058198227 ], [ 32.880040989659925, 46.999720206011936 ] ] ], [ [ [ 32.77481442551467, 46.9995616269997 ], [ 32.778734398125295, 47.00586840344117 ], [ 32.781369032057654, 47.004973587843232 ], [ 32.782706384126556, 46.999576874466989 ], [ 32.778778974275539, 46.995069968221642 ], [ 32.776148542566872, 46.995064856315672 ], [ 32.777448814160458, 46.998666900186137 ], [ 32.77481442551467, 46.9995616269997 ] ] ], [ [ [ 32.761613142992566, 47.01033341970205 ], [ 32.755043428326005, 47.008519804047857 ], [ 32.756342603225235, 47.012122077027165 ], [ 32.753703064470329, 47.013916180207396 ], [ 32.747124685458957, 47.013901842688718 ], [ 32.748402321563681, 47.02200352427414 ], [ 32.745766301261135, 47.022897576031298 ], [ 32.747056694894695, 47.028299671222143 ], [ 32.758900964348342, 47.028325219457194 ], [ 32.761541041542166, 47.026531001970945 ], [ 32.75892527280881, 47.022926033233816 ], [ 32.758945524485256, 47.018426707466652 ], [ 32.761577100092801, 47.01843221660107 ], [ 32.761613142992566, 47.01033341970205 ] ], [ [ 32.756313949659116, 47.018421137860173 ], [ 32.753690651760671, 47.016615777179005 ], [ 32.755014625605817, 47.014818868252085 ], [ 32.75633032431012, 47.014821675381121 ], [ 32.756313949659116, 47.018421137860173 ] ] ], [ [ [ 32.92602938961199, 47.034854222150983 ], [ 32.92997917265901, 47.033956834209697 ], [ 32.931297662344143, 47.032157890325763 ], [ 32.92998388032369, 47.030357351632638 ], [ 32.927352918515787, 47.029455841169387 ], [ 32.927355360366526, 47.027656098846663 ], [ 32.922092570165987, 47.026752767379321 ], [ 32.922097806747104, 47.023153280893204 ], [ 32.914202322839472, 47.023147637777704 ], [ 32.912893727214453, 47.0186472840684 ], [ 32.890519566281661, 47.021327699851895 ], [ 32.893153097990385, 47.020430314037363 ], [ 32.89184270341034, 47.017729463449278 ], [ 32.897109280396208, 47.015934568749245 ], [ 32.89579704549427, 47.014133633973493 ], [ 32.89843184119168, 47.012336252362047 ], [ 32.903694432270363, 47.012340799015561 ], [ 32.905013271178447, 47.010542151192482 ], [ 32.907644478951774, 47.010544303463405 ], [ 32.902396816792574, 47.002441071908876 ], [ 32.89976600729829, 47.00243879936415 ], [ 32.899762641036688, 47.004238548340382 ], [ 32.897130016082102, 47.005136089411891 ], [ 32.894504389292251, 47.002434072955374 ], [ 32.891873580797544, 47.002431619091396 ], [ 32.893180016494014, 47.006932224023053 ], [ 32.891868133686359, 47.005131241668771 ], [ 32.88923719300967, 47.005128727129119 ], [ 32.889231612558909, 47.007828348191318 ], [ 32.88660625269182, 47.005126152144101 ], [ 32.882659842906477, 47.005122176331547 ], [ 32.881340387859744, 47.006920567860377 ], [ 32.877395905650353, 47.00601653714179 ], [ 32.877391787596913, 47.007816283619789 ], [ 32.870811940843218, 47.008708924933778 ], [ 32.870807601238326, 47.010508670106432 ], [ 32.865542937941015, 47.011402484504217 ], [ 32.858955347251204, 47.014994058279434 ], [ 32.858948238693984, 47.017693671528797 ], [ 32.866842904338455, 47.017703123311371 ], [ 32.866833955235293, 47.021302606836166 ], [ 32.86156583856139, 47.023096105857498 ], [ 32.862872531707005, 47.026697168540743 ], [ 32.86550452935451, 47.026700289875336 ], [ 32.868145390677341, 47.023103870415781 ], [ 32.877365010564439, 47.019514621867167 ], [ 32.878674718219727, 47.02221563663452 ], [ 32.885254166450395, 47.022222418131051 ], [ 32.885250310158952, 47.02402216000371 ], [ 32.88919252678528, 47.026725659808861 ], [ 32.889186939870385, 47.029425270637489 ], [ 32.897090262137475, 47.02583315682957 ], [ 32.901038199891637, 47.025836636470075 ], [ 32.902349256152817, 47.028537378484749 ], [ 32.904979750942786, 47.029439463175187 ], [ 32.904974959564989, 47.032139074056566 ], [ 32.908923363225455, 47.032142282199068 ], [ 32.908918770269693, 47.034841892102499 ], [ 32.919444318276369, 47.037549391729542 ], [ 32.924709390692449, 47.037552974148824 ], [ 32.92602938961199, 47.034854222150983 ] ], [ [ 32.908923363225455, 47.032142282199068 ], [ 32.911557119297377, 47.031244475016351 ], [ 32.911555632703511, 47.03214434533291 ], [ 32.908923363225455, 47.032142282199068 ] ], [ [ 32.911557119297377, 47.031244475016351 ], [ 32.912874696424069, 47.030345613373143 ], [ 32.91287323202269, 47.031245483863366 ], [ 32.911557119297377, 47.031244475016351 ] ], [ [ 32.915512557798216, 47.026748102001484 ], [ 32.91683135547531, 47.024949322595262 ], [ 32.916828560139038, 47.02674906532252 ], [ 32.915512557798216, 47.026748102001484 ] ], [ [ 32.916828560139038, 47.02674906532252 ], [ 32.918143186894547, 47.027649884700978 ], [ 32.916827162369763, 47.027648936473007 ], [ 32.916828560139038, 47.02674906532252 ] ], [ [ 32.91550971795813, 47.028547844100061 ], [ 32.918141811175417, 47.028549755739 ], [ 32.916822968657314, 47.030348549071796 ], [ 32.914190787099258, 47.030346607064004 ], [ 32.91550971795813, 47.028547844100061 ] ], [ [ 32.886570056379824, 47.022223729069431 ], [ 32.887887830187388, 47.02132515365642 ], [ 32.887885946401191, 47.022225024887483 ], [ 32.886570056379824, 47.022223729069431 ] ], [ [ 32.874737573867669, 47.017712030849175 ], [ 32.87737119137001, 47.016815007480723 ], [ 32.877367070932344, 47.018614750547172 ], [ 32.874733364806339, 47.019511773453125 ], [ 32.874737573867669, 47.017712030849175 ] ] ], [ [ [ 32.943159126475955, 47.016866558396451 ], [ 32.929996821718255, 47.020458762822891 ], [ 32.929993292928053, 47.023158379657986 ], [ 32.932623989968086, 47.024059830322884 ], [ 32.92999094011752, 47.024958123504227 ], [ 32.931301126474672, 47.029458277678764 ], [ 32.935249334934895, 47.029460578070527 ], [ 32.936566470652032, 47.028561443357901 ], [ 32.935254775623285, 47.024961220457207 ], [ 32.944471155220725, 47.020466696012797 ], [ 32.943159126475955, 47.016866558396451 ] ] ], [ [ [ 32.948403962493167, 47.035766359125766 ], [ 32.939190389281151, 47.035761837509412 ], [ 32.940503613280114, 47.038462138984173 ], [ 32.947085068933227, 47.038465369013238 ], [ 32.948403962493167, 47.035766359125766 ] ] ], [ [ [ 32.952710772265469, 46.629012114358162 ], [ 32.95531751116765, 46.636212637614008 ], [ 32.952704501007794, 46.63621158731857 ], [ 32.952702148665388, 46.63891138733208 ], [ 32.948781589587803, 46.63980963283921 ], [ 32.948779041811129, 46.64250943098785 ], [ 32.954003380253013, 46.64521144849293 ], [ 32.959230267424196, 46.645213430351433 ], [ 32.960544185993413, 46.635314625462172 ], [ 32.956625454393617, 46.634413272899415 ], [ 32.957933310888251, 46.632613892636023 ], [ 32.960545494074864, 46.633514757605212 ], [ 32.960548109861179, 46.629915020184647 ], [ 32.952710772265469, 46.629012114358162 ] ] ], [ [ [ 33.10041616259916, 46.6775741083733 ], [ 33.100412828581902, 46.675774256212605 ], [ 33.10564440834591, 46.676669473294389 ], [ 33.108255769929386, 46.674867177122245 ], [ 33.109543203109062, 46.664966736970754 ], [ 33.106928811555818, 46.664969210019507 ], [ 33.106923488651262, 46.662269426145976 ], [ 33.109535932552816, 46.661367025164047 ], [ 33.106914618847028, 46.657769783511711 ], [ 33.102993551392721, 46.657773380181894 ], [ 33.102988425672393, 46.655073592557038 ], [ 33.108216255255392, 46.655068767589107 ], [ 33.109512312884398, 46.649667946072874 ], [ 33.113432793709663, 46.649664126526282 ], [ 33.114728203945262, 46.644263241378987 ], [ 33.112114810385584, 46.644265832035082 ], [ 33.112112288277615, 46.643044949333962 ], [ 33.105576072911823, 46.641572253718785 ], [ 33.10427289850491, 46.643373314687011 ], [ 33.104267871726819, 46.640756810656164 ], [ 33.061951087682949, 46.630023571266804 ], [ 32.996628070129219, 46.618896839798929 ], [ 32.977535519887155, 46.618292228809459 ], [ 32.977534432955522, 46.620920260771705 ], [ 32.973615583324381, 46.621819360369962 ], [ 32.973614271698182, 46.624519167840987 ], [ 32.969695097512101, 46.625418132519272 ], [ 32.969694093062053, 46.627218003110407 ], [ 32.976225537870555, 46.627219546741607 ], [ 32.974916338796788, 46.633518810709887 ], [ 32.980141772006931, 46.634419771197386 ], [ 32.978832502443026, 46.641619005072748 ], [ 32.986672095081637, 46.642520119785175 ], [ 32.986671653067042, 46.644319985174668 ], [ 32.981444850588446, 46.644319256923879 ], [ 32.978830045185163, 46.6479185321842 ], [ 32.982750693057277, 46.647019258339895 ], [ 32.986670326768646, 46.649719577930149 ], [ 32.994511310959467, 46.649720222732107 ], [ 32.993204254816675, 46.651520015730121 ], [ 32.99581786421696, 46.653320003705225 ], [ 32.995817656085244, 46.656019796522358 ], [ 32.994510309325577, 46.65961946304261 ], [ 32.991896036474436, 46.660519237838386 ], [ 32.993202789011427, 46.663219112340812 ], [ 32.990588164768752, 46.665018786044392 ], [ 32.99581689267913, 46.665919025902205 ], [ 32.995816753834703, 46.667718883940822 ], [ 33.00104575947725, 46.665019168352337 ], [ 33.002352841692698, 46.662319360382327 ], [ 33.001045655368927, 46.659619589956982 ], [ 33.010194970617896, 46.658719210314558 ], [ 33.010194463223776, 46.656019418812662 ], [ 33.014115176353585, 46.655119071514953 ], [ 33.016729652853584, 46.65691858057577 ], [ 33.015422904640147, 46.657818694693447 ], [ 33.016731318346849, 46.662318161302274 ], [ 33.023266989103476, 46.66231701896583 ], [ 33.024572900018782, 46.659616956110433 ], [ 33.027187038032821, 46.659616364838797 ], [ 33.024574938757624, 46.664116604717066 ], [ 33.025884263916296, 46.668615961508259 ], [ 33.016732706624417, 46.666817807997113 ], [ 33.019348797473931, 46.671317038870981 ], [ 33.033728538812682, 46.669513846805934 ], [ 33.032419617142374, 46.66681443869814 ], [ 33.029804637644453, 46.665915220624818 ], [ 33.032418541150015, 46.665014580657449 ], [ 33.031107728771943, 46.658715435849885 ], [ 33.033721823182688, 46.658714695290428 ], [ 33.035031776495558, 46.663213951506805 ], [ 33.048104129048376, 46.664109132027157 ], [ 33.046799281893556, 46.666809460918323 ], [ 33.041569623475866, 46.665911551250815 ], [ 33.036341947380734, 46.667713189109939 ], [ 33.037651086016076, 46.670412551858718 ], [ 33.045496570258464, 46.672209557992346 ], [ 33.046805496371377, 46.674008886148123 ], [ 33.053342574156275, 46.674006025412879 ], [ 33.054647268259977, 46.67130562538167 ], [ 33.058568346864796, 46.670403757130984 ], [ 33.065106069245658, 46.671300152405792 ], [ 33.065108230632077, 46.673100007584857 ], [ 33.070335468526622, 46.671297057426571 ], [ 33.072957433913729, 46.676694983257327 ], [ 33.075572393421631, 46.676693286078198 ], [ 33.076882425818276, 46.678492268094793 ], [ 33.075578667170625, 46.681192917687788 ], [ 33.078193843521568, 46.681191160474363 ], [ 33.080803653160771, 46.67758963893553 ], [ 33.083418655333382, 46.677587762418725 ], [ 33.08471912412854, 46.673087168297556 ], [ 33.092560404659622, 46.671281237489026 ], [ 33.095178261338503, 46.673078946377444 ], [ 33.092565013986302, 46.673981018270617 ], [ 33.092568087239627, 46.675780871413842 ], [ 33.095184581474427, 46.676678652395644 ], [ 33.093883337281724, 46.680279436431263 ], [ 33.096498468291053, 46.680277260903075 ], [ 33.096501672843232, 46.682077111852372 ], [ 33.099115244651095, 46.681174951083726 ], [ 33.097801162304549, 46.677576373339662 ], [ 33.10041616259916, 46.6775741083733 ] ], [ [ 33.095179841258691, 46.673978873095344 ], [ 33.099103726701138, 46.67487546976534 ], [ 33.095181421254736, 46.674878799671006 ], [ 33.095179841258691, 46.673978873095344 ] ], [ [ 33.106932360584786, 46.666769065223917 ], [ 33.108237803540106, 46.665867908596944 ], [ 33.108239599790892, 46.666767836089598 ], [ 33.106932360584786, 46.666769065223917 ] ], [ [ 33.104326539013066, 46.671271114587199 ], [ 33.105637393693691, 46.673069768423716 ], [ 33.103022611089202, 46.673072152540229 ], [ 33.104326539013066, 46.671271114587199 ] ], [ [ 33.10166966266452, 46.648775251784819 ], [ 33.097749244591505, 46.6487786682261 ], [ 33.095135632152029, 46.648780871226514 ], [ 33.096439239545163, 46.646979915713722 ], [ 33.100359527820295, 46.646976544259466 ], [ 33.10166966266452, 46.648775251784819 ] ], [ [ 33.086006531647897, 46.660487200684436 ], [ 33.0899263052303, 46.659584257021308 ], [ 33.089927797267215, 46.660484186005007 ], [ 33.086006531647897, 46.660487200684436 ] ], [ [ 33.082082541641533, 46.658690222502223 ], [ 33.08469522729925, 46.657788387962682 ], [ 33.084696632455284, 46.658688317355562 ], [ 33.082082541641533, 46.658690222502223 ] ], [ [ 33.078175673115361, 46.668592183776227 ], [ 33.080790241513235, 46.668590367588706 ], [ 33.080794264331381, 46.671290150486158 ], [ 33.078179565745671, 46.671291966843988 ], [ 33.078175673115361, 46.668592183776227 ] ], [ [ 33.080794264331381, 46.671290150486158 ], [ 33.082102976296383, 46.672189147220486 ], [ 33.080795605399537, 46.672190077834159 ], [ 33.080794264331381, 46.671290150486158 ] ], [ [ 33.079490873364541, 46.673990847836883 ], [ 33.080796946532075, 46.673090005039967 ], [ 33.08079828772901, 46.673989932103531 ], [ 33.079490873364541, 46.673990847836883 ] ], [ [ 33.076876044446571, 46.673992634487988 ], [ 33.078182161144056, 46.673091821511349 ], [ 33.078183458936714, 46.6739917486317 ], [ 33.076876044446571, 46.673992634487988 ] ], [ [ 33.055942548638477, 46.659605919042562 ], [ 33.050714275262131, 46.659608355797332 ], [ 33.050711751182284, 46.656908565733254 ], [ 33.054632761118278, 46.656906760733065 ], [ 33.055942548638477, 46.659605919042562 ] ], [ [ 33.049383451052535, 46.633510902904952 ], [ 33.050689050811769, 46.632610397558572 ], [ 33.050689891041785, 46.633510331562071 ], [ 33.049383451052535, 46.633510902904952 ] ], [ [ 33.050689891041785, 46.633510331562071 ], [ 33.053303654481461, 46.634409077947744 ], [ 33.050690731312123, 46.634410265423305 ], [ 33.050689891041785, 46.633510331562071 ] ], [ [ 33.037637969315632, 46.651514027056969 ], [ 33.038946134942847, 46.653313451878375 ], [ 33.036332300938362, 46.65331431172158 ], [ 33.037637969315632, 46.651514027056969 ] ], [ [ 33.036321457542563, 46.637115531143124 ], [ 33.037627360714069, 46.636215175330854 ], [ 33.037627984509882, 46.637115108923034 ], [ 33.036321457542563, 46.637115531143124 ] ], [ [ 33.021950750971172, 46.63981899118756 ], [ 33.016724659250833, 46.640719807679773 ], [ 33.019336925293238, 46.638019595928114 ], [ 33.021950023121875, 46.638019124459063 ], [ 33.021950750971172, 46.63981899118756 ] ], [ [ 33.011500491771812, 46.651519639572143 ], [ 33.012807153378184, 46.650619569264087 ], [ 33.012807365805173, 46.651519500751945 ], [ 33.011500491771812, 46.651519639572143 ] ], [ [ 33.012807365805173, 46.651519500751945 ], [ 33.014114473942811, 46.652419278345668 ], [ 33.012807578242366, 46.652419432097602 ], [ 33.012807365805173, 46.651519500751945 ] ], [ [ 33.012804817354066, 46.640720313512048 ], [ 33.014111197362801, 46.639820226633077 ], [ 33.014111431331223, 46.6407201598226 ], [ 33.012804817354066, 46.640720313512048 ] ], [ [ 33.00757974389883, 46.650620034968938 ], [ 33.008886448889072, 46.649720009290711 ], [ 33.00888659628032, 46.650619940932394 ], [ 33.00757974389883, 46.650620034968938 ] ], [ [ 33.006271747336186, 46.640720858139751 ], [ 33.008884975365589, 46.640720685052592 ], [ 33.008885417348374, 46.643420483817216 ], [ 33.001045395229248, 46.646120621571562 ], [ 33.001045343223787, 46.643420824054907 ], [ 33.004965297969783, 46.642520788301496 ], [ 33.006271747336186, 46.640720858139751 ] ], [ [ 32.986676071304444, 46.626321305681834 ], [ 32.98928825125229, 46.628121450622849 ], [ 32.986675408839133, 46.629021111232149 ], [ 32.986676071304444, 46.626321305681834 ] ], [ [ 32.986675408839133, 46.629021111232149 ], [ 32.985368833919644, 46.629920886533057 ], [ 32.985369076413882, 46.629020951639028 ], [ 32.986675408839133, 46.629021111232149 ] ], [ [ 32.981449156823736, 46.631720187570359 ], [ 32.984061951525732, 46.631720581369748 ], [ 32.984061423146009, 46.633520450151416 ], [ 32.981448541824392, 46.633520056327413 ], [ 32.981449156823736, 46.631720187570359 ] ], [ [ 32.984061423146009, 46.633520450151416 ], [ 32.985367621273923, 46.634420558870012 ], [ 32.984061158937116, 46.634420384328912 ], [ 32.984061423146009, 46.633520450151416 ] ], [ [ 32.97753368845558, 46.622720132897989 ], [ 32.980145721103824, 46.62362055191111 ], [ 32.980145392099253, 46.624520487633809 ], [ 32.977532943884192, 46.624520004455405 ], [ 32.97753368845558, 46.622720132897989 ] ] ], [ [ [ 33.147432265882927, 46.657724749787285 ], [ 33.139300795364008, 46.652716065011994 ], [ 33.138273952782086, 46.654136460348006 ], [ 33.140890156271048, 46.655033199904977 ], [ 33.139587832707271, 46.656834657889675 ], [ 33.14220654734472, 46.658631294421795 ], [ 33.147432265882927, 46.657724749787285 ] ] ], [ [ [ 33.138290011503102, 46.660435955669833 ], [ 33.133057255078398, 46.658642299752849 ], [ 33.133074918703961, 46.665841718267373 ], [ 33.136994291749417, 46.664937163450951 ], [ 33.138290011503102, 46.660435955669833 ] ] ], [ [ [ 33.189313356200813, 46.673861850816003 ], [ 33.181461463377047, 46.671646438952024 ], [ 33.182785430060243, 46.676572248860481 ], [ 33.189319641563443, 46.675661696509472 ], [ 33.189313356200813, 46.673861850816003 ] ] ], [ [ [ 33.157927721125617, 46.671209688674168 ], [ 33.168389260905656, 46.672094699847797 ], [ 33.168394851227973, 46.673894548154657 ], [ 33.171006827684373, 46.672990746162391 ], [ 33.172319934126996, 46.674788632457798 ], [ 33.174920327546673, 46.670301701134584 ], [ 33.164442730595397, 46.664043011358146 ], [ 33.164448061202876, 46.665800929695308 ], [ 33.161836321032816, 46.666704582810169 ], [ 33.156602183301523, 46.664912007397881 ], [ 33.148759029852386, 46.664922473029279 ], [ 33.148768905101143, 46.668522177025515 ], [ 33.143544551404283, 46.670328707835893 ], [ 33.144859087681155, 46.673026836445253 ], [ 33.139631851660383, 46.673933262774995 ], [ 33.138322145139114, 46.673034925397197 ], [ 33.135714125715261, 46.675737832305067 ], [ 33.137030679280116, 46.679335973123713 ], [ 33.134415597396334, 46.679339074941666 ], [ 33.137039780531509, 46.682935669850615 ], [ 33.142270290351931, 46.682929286122146 ], [ 33.140967344629018, 46.684730751680732 ], [ 33.143587454824271, 46.686527346280386 ], [ 33.144890356433514, 46.684725851505071 ], [ 33.15143122179056, 46.68561730864063 ], [ 33.152731304480874, 46.682915801398458 ], [ 33.150113559058731, 46.682019338782183 ], [ 33.150108574218287, 46.680219491444362 ], [ 33.155336239764232, 46.67931258698431 ], [ 33.154015915502043, 46.674814733808851 ], [ 33.156628176808262, 46.673911259847827 ], [ 33.150088639642938, 46.673020096401153 ], [ 33.148776312782367, 46.67122195352853 ], [ 33.151393514352584, 46.672118449078461 ], [ 33.154005689712804, 46.67121503466209 ], [ 33.155318189690838, 46.673013117350592 ], [ 33.157927721125617, 46.671209688674168 ] ], [ [ 33.168389260905656, 46.672094699847797 ], [ 33.169693808455413, 46.671192844115559 ], [ 33.169696625114916, 46.67209276842209 ], [ 33.168389260905656, 46.672094699847797 ] ], [ [ 33.148776312782367, 46.67122195352853 ], [ 33.147464073074474, 46.669423794937209 ], [ 33.148771374209673, 46.669422102668818 ], [ 33.148776312782367, 46.67122195352853 ] ] ], [ [ [ 32.980127932242922, 46.672216877433613 ], [ 32.97751281341813, 46.673116321482503 ], [ 32.977512066842728, 46.674916177112571 ], [ 32.978818449841583, 46.677616208996533 ], [ 32.981433147638008, 46.678516590383005 ], [ 32.981432222811215, 46.681216371121245 ], [ 32.985354262945577, 46.683916719934977 ], [ 32.991892672947635, 46.683017443604285 ], [ 32.99058566484895, 46.679417636546859 ], [ 32.98535596505603, 46.677617232416623 ], [ 32.984049785950255, 46.673117419433204 ], [ 32.980127932242922, 46.672216877433613 ] ] ], [ [ [ 32.95397436874407, 46.679408767348875 ], [ 32.948744185400862, 46.679406544073395 ], [ 32.94612819953749, 46.68030526935101 ], [ 32.946120147709422, 46.688404602022665 ], [ 32.950043436342931, 46.688406382095721 ], [ 32.950045095628624, 46.686606531275103 ], [ 32.952659748524553, 46.687507568707019 ], [ 32.950040117293419, 46.692006082030566 ], [ 32.961812670059309, 46.689310840568247 ], [ 32.961813938475096, 46.687510989748638 ], [ 32.955275231194427, 46.687508620875292 ], [ 32.956584414616088, 46.685709273269268 ], [ 32.952662893046934, 46.683907865789081 ], [ 32.955280429706093, 46.681209139045556 ], [ 32.95397436874407, 46.679408767348875 ] ] ], [ [ [ 33.121366379556392, 46.691052700796902 ], [ 33.117431203613499, 46.685657252539023 ], [ 33.1121985622989, 46.684762576696961 ], [ 33.112204152196298, 46.687462349432025 ], [ 33.1082827356935, 46.68836605323829 ], [ 33.108286332596514, 46.690165900968879 ], [ 33.092586532958784, 46.686579978325334 ], [ 33.093903607739591, 46.691978458316044 ], [ 33.088673688457021, 46.692882555661967 ], [ 33.088669269986553, 46.690182783549709 ], [ 33.083436664659125, 46.68928679314417 ], [ 33.079515955807651, 46.691089435565786 ], [ 33.079518597396358, 46.692889283918994 ], [ 33.084751486195813, 46.693785452736499 ], [ 33.086062237242558, 46.695584323782192 ], [ 33.088676634457691, 46.694682403025674 ], [ 33.091295494236299, 46.696480192669291 ], [ 33.101759145218836, 46.696471366057722 ], [ 33.103061964923143, 46.693770426180329 ], [ 33.108297125378677, 46.695565440746819 ], [ 33.108293527439059, 46.693765594723153 ], [ 33.110911150561478, 46.694663012306727 ], [ 33.113525088572672, 46.693760524086073 ], [ 33.113521317183057, 46.691960677810421 ], [ 33.116137010312883, 46.691958052963564 ], [ 33.117448758475561, 46.693756564146547 ], [ 33.114832978632258, 46.693759219054954 ], [ 33.113528860324571, 46.695560369792737 ], [ 33.116148586286855, 46.697357589591213 ], [ 33.112226519841151, 46.698261427569875 ], [ 33.112232113766922, 46.700961193903751 ], [ 33.1161543755249, 46.70005735598464 ], [ 33.117464369168758, 46.700955942568847 ], [ 33.122686431060714, 46.696450842405547 ], [ 33.122680317029449, 46.693751074945041 ], [ 33.117444856739361, 46.691956718118441 ], [ 33.121366379556392, 46.691052700796902 ] ], [ [ 33.093906727394945, 46.693778305703269 ], [ 33.095213037113339, 46.692877301314716 ], [ 33.095214618703494, 46.693777224903428 ], [ 33.093906727394945, 46.693778305703269 ] ] ], [ [ [ 32.99843050108597, 46.694716752042332 ], [ 32.991890787608199, 46.695616400013549 ], [ 32.993198160089719, 46.700116105775507 ], [ 32.998430344630748, 46.700116297162644 ], [ 32.99843050108597, 46.694716752042332 ] ] ], [ [ [ 33.147589047048839, 46.715319816763383 ], [ 33.150200871316713, 46.713516575058833 ], [ 33.159362074939253, 46.714404105548518 ], [ 33.161973462254096, 46.712600595401007 ], [ 33.167170711238128, 46.700894122848574 ], [ 33.160635750947435, 46.702703330498288 ], [ 33.158014292580468, 46.700907133026298 ], [ 33.159317058648924, 46.699105478699124 ], [ 33.156701025063278, 46.699109091000444 ], [ 33.15538784484734, 46.697311033230001 ], [ 33.156682803815158, 46.692809643671623 ], [ 33.150140984240522, 46.691918488966039 ], [ 33.147515495878622, 46.68832220168715 ], [ 33.144899981515742, 46.688325543608677 ], [ 33.144904794750239, 46.69012538880677 ], [ 33.140986075384554, 46.691930134836838 ], [ 33.139673590884968, 46.690131893706145 ], [ 33.14228919304459, 46.690128671150056 ], [ 33.14097202664329, 46.686530598323465 ], [ 33.131820213676114, 46.687441433157616 ], [ 33.131833350801543, 46.692840970863926 ], [ 33.134453551394415, 46.694637771957858 ], [ 33.133158913643911, 46.700038831860745 ], [ 33.1357772508251, 46.700935678887483 ], [ 33.135781763010563, 46.702735520803678 ], [ 33.138397974233612, 46.702732386557159 ], [ 33.141028245906774, 46.708128713644371 ], [ 33.13972929934139, 46.71172999657184 ], [ 33.14496258964153, 46.711723486790724 ], [ 33.147589047048839, 46.715319816763383 ] ], [ [ 33.140986075384554, 46.691930134836838 ], [ 33.139680550930734, 46.692831661046128 ], [ 33.139678230804059, 46.691931738741744 ], [ 33.140986075384554, 46.691930134836838 ] ], [ [ 33.134455784947647, 46.695537694031295 ], [ 33.135765972257595, 46.696436071607174 ], [ 33.134458018608157, 46.696437615962431 ], [ 33.134455784947647, 46.695537694031295 ] ], [ [ 33.150158444173755, 46.6982179392094 ], [ 33.148855394481799, 46.700019489875146 ], [ 33.147542452336111, 46.698221342084146 ], [ 33.150158444173755, 46.6982179392094 ] ], [ [ 33.142310467256408, 46.69822796842174 ], [ 33.144931275805526, 46.700024527222723 ], [ 33.14231519610798, 46.700027810694785 ], [ 33.142310467256408, 46.69822796842174 ] ], [ [ 33.144931275805526, 46.700024527222723 ], [ 33.146241745276967, 46.700922783827245 ], [ 33.144933683868004, 46.700924448043196 ], [ 33.144931275805526, 46.700024527222723 ] ], [ [ 33.142298647114593, 46.693728360249182 ], [ 33.140995443461279, 46.695529823000115 ], [ 33.140990759197962, 46.693729979203056 ], [ 33.142298647114593, 46.693728360249182 ] ] ], [ [ [ 33.042911037435253, 46.709107492866124 ], [ 33.040289154886622, 46.701909062632943 ], [ 33.042903907295432, 46.700108264885216 ], [ 33.040287146708067, 46.699209292229817 ], [ 33.038981065756467, 46.701909515710355 ], [ 33.036365491654216, 46.702810300230468 ], [ 33.031133047666664, 46.702811843433615 ], [ 33.029823449959601, 46.700112421573465 ], [ 33.027207358173435, 46.700113073485795 ], [ 33.025900172916103, 46.701913224067148 ], [ 33.019359725655526, 46.701914517506268 ], [ 33.018051036292718, 46.700114884187336 ], [ 33.024591674890971, 46.701013589196478 ], [ 33.023282059874354, 46.697414167514246 ], [ 33.018049836745249, 46.696515188185884 ], [ 33.018050436490171, 46.698315036471016 ], [ 33.015434431306836, 46.698315419221323 ], [ 33.014125490010031, 46.694715890961746 ], [ 33.011509658586682, 46.694716183968318 ], [ 33.010202251303518, 46.697416081206029 ], [ 33.007586289458267, 46.697416284535791 ], [ 33.006278621459003, 46.70011613567975 ], [ 33.002354522173711, 46.701016207394368 ], [ 33.003663076982377, 46.708215557385088 ], [ 33.014129011013175, 46.708214743760912 ], [ 33.016746329397961, 46.71091415747923 ], [ 33.021979191672045, 46.71001334992237 ], [ 33.021978461091756, 46.708213505377124 ], [ 33.035060876374317, 46.708210244898382 ], [ 33.035062041823565, 46.71001008923978 ], [ 33.037679237808, 46.710909179547663 ], [ 33.042911037435253, 46.709107492866124 ] ], [ [ 33.015436996172866, 46.707314652235098 ], [ 33.007587045767423, 46.702815827051545 ], [ 33.008894713706148, 46.700115962235152 ], [ 33.011510805924878, 46.700115728982084 ], [ 33.014127837063576, 46.703715129715945 ], [ 33.016743824851893, 46.702814853577266 ], [ 33.018053436079171, 46.707314269365114 ], [ 33.015436996172866, 46.707314652235098 ] ], [ [ 33.011511953593768, 46.705515268877001 ], [ 33.010203946642058, 46.706415315824906 ], [ 33.01020377707156, 46.705515393002862 ], [ 33.011511953593768, 46.705515268877001 ] ] ], [ [ [ 33.054680858743303, 46.70460286044429 ], [ 33.04683660459623, 46.710005875780496 ], [ 33.042911750637622, 46.710007414882135 ], [ 33.042913890450315, 46.712707180077018 ], [ 33.040297860338434, 46.713608052924748 ], [ 33.038992081255465, 46.717208190728975 ], [ 33.046843612187239, 46.718105167092844 ], [ 33.048148090272775, 46.713605019213894 ], [ 33.054687220417101, 46.710902315448536 ], [ 33.054685402577732, 46.709102471872612 ], [ 33.058609216127458, 46.708200607045711 ], [ 33.058607268102136, 46.706400762738035 ], [ 33.054680858743303, 46.70460286044429 ] ] ], [ [ [ 33.050770741220212, 46.719903333750118 ], [ 33.057315265275783, 46.721700084098181 ], [ 33.063855976355647, 46.719896780220623 ], [ 33.062536016783113, 46.709998373222383 ], [ 33.055994595808755, 46.710001761039869 ], [ 33.054691765779694, 46.715401921899861 ], [ 33.050769053036781, 46.718103492905065 ], [ 33.050770741220212, 46.719903333750118 ] ] ], [ [ [ 33.057316218302262, 46.722600003926416 ], [ 33.06124707670736, 46.72709756703663 ], [ 33.066482971786755, 46.727994564467046 ], [ 33.066479654981173, 46.725294807579928 ], [ 33.063862347424006, 46.72529629811384 ], [ 33.061241984462782, 46.722597970346179 ], [ 33.057316218302262, 46.722600003926416 ] ] ], [ [ [ 33.144981869416341, 46.71892283457327 ], [ 33.147601315885325, 46.719819406826119 ], [ 33.146309826963979, 46.726120507576852 ], [ 33.148927167334975, 46.726117131334014 ], [ 33.146312260147013, 46.72702042421912 ], [ 33.146321994048336, 46.730620089365488 ], [ 33.151572236495966, 46.736012768126265 ], [ 33.150273327051245, 46.739614153073866 ], [ 33.152893863660509, 46.740510599653213 ], [ 33.152865888218827, 46.730611535180408 ], [ 33.150245831956227, 46.729715085843765 ], [ 33.152863345730033, 46.729711619374626 ], [ 33.154149029670137, 46.72161061552805 ], [ 33.151531907862257, 46.721614110948344 ], [ 33.151521830547054, 46.718014440962484 ], [ 33.146285501562289, 46.717121333328727 ], [ 33.144981869416341, 46.71892283457327 ] ] ], [ [ [ 32.618319269684314, 46.624785496757376 ], [ 32.620906544622407, 46.628393844666185 ], [ 32.623519122702625, 46.628402471398601 ], [ 32.632626622335124, 46.633831691987226 ], [ 32.632608351877884, 46.636531438467166 ], [ 32.635221325035523, 46.636539799098742 ], [ 32.640405543303309, 46.64285575024617 ], [ 32.650818137492365, 46.649187534728703 ], [ 32.652101850606861, 46.652791175026252 ], [ 32.659909290187649, 46.658214238105543 ], [ 32.662523315302778, 46.65822197797069 ], [ 32.665109560457829, 46.662729231264713 ], [ 32.667723804571175, 46.662736852883796 ], [ 32.667740343872325, 46.660037108708892 ], [ 32.671656069065655, 46.660948343307673 ], [ 32.672936014560641, 46.665451661241313 ], [ 32.685976643669328, 46.670887771190181 ], [ 32.693815493073828, 46.671808944801114 ], [ 32.696420104226036, 46.673615742465422 ], [ 32.702957048384697, 46.673632899107574 ], [ 32.705562052550675, 46.675439489003203 ], [ 32.719939183669347, 46.67637550953058 ], [ 32.727788451774018, 46.675494523769224 ], [ 32.738243610437344, 46.676418846770908 ], [ 32.759178996336836, 46.67286511031643 ], [ 32.78531944510064, 46.674716997316153 ], [ 32.787927252428318, 46.676521716288839 ], [ 32.791849656361144, 46.676528918786666 ], [ 32.793150256677009, 46.678331132683411 ], [ 32.795768671283497, 46.677435908517893 ], [ 32.80490167355083, 46.682851408370929 ], [ 32.815350388140942, 46.686468452401932 ], [ 32.815344254919481, 46.688268294590394 ], [ 32.820569309245109, 46.690076458632895 ], [ 32.823170218778522, 46.694580133658242 ], [ 32.827088193300987, 46.696385970568436 ], [ 32.824466461129745, 46.698181827803516 ], [ 32.823132020236272, 46.706279086089346 ], [ 32.824437291463255, 46.707181019052626 ], [ 32.817887160295534, 46.709870550428569 ], [ 32.806112689979969, 46.709851206337916 ], [ 32.803505939960161, 46.70714699171652 ], [ 32.799581315894862, 46.70714018535827 ], [ 32.80087959604144, 46.709842220084028 ], [ 32.796951402463478, 46.710735239840488 ], [ 32.77863529677942, 46.710701274133484 ], [ 32.761607703054061, 46.71516667923094 ], [ 32.753728657256133, 46.721449443740426 ], [ 32.749798849406218, 46.722340839934539 ], [ 32.749786367684528, 46.725040574261151 ], [ 32.743221839428656, 46.729525632734692 ], [ 32.736634317282913, 46.738509851530125 ], [ 32.736581722422429, 46.749308739350745 ], [ 32.739182802491783, 46.752914361863226 ], [ 32.745708187372344, 46.757428625152009 ], [ 32.748327026649868, 46.757434414147539 ], [ 32.748318646492507, 46.759234225883056 ], [ 32.756179490100529, 46.758351328048711 ], [ 32.765361219846135, 46.754770859857068 ], [ 32.76664726876006, 46.760172980218883 ], [ 32.764012576275768, 46.763767235581 ], [ 32.76662784015916, 46.764672512425271 ], [ 32.77056045261709, 46.763780549914109 ], [ 32.77058719218806, 46.757481201093263 ], [ 32.774519216157827, 46.756589100378015 ], [ 32.774526723234239, 46.75478928437461 ], [ 32.773221140120697, 46.753886789106836 ], [ 32.767976071747015, 46.755676106569688 ], [ 32.766674460957695, 46.753873629148529 ], [ 32.77978615160729, 46.749400029765503 ], [ 32.782419093163739, 46.74580539927593 ], [ 32.785033799000495, 46.746710257419203 ], [ 32.786350073611928, 46.744912888491292 ], [ 32.790280924720307, 46.744020242329974 ], [ 32.803371921728065, 46.744043483400489 ], [ 32.803365377497016, 46.74584330614195 ], [ 32.805983665957399, 46.745847774939264 ], [ 32.804664769484631, 46.748545281283228 ], [ 32.795490095061183, 46.751229002560805 ], [ 32.795483286798252, 46.75302882216382 ], [ 32.792864652268349, 46.753024112578998 ], [ 32.779731155028038, 46.762898653505502 ], [ 32.77575767922572, 46.773689897843951 ], [ 32.769181684064137, 46.779976209033407 ], [ 32.769166299727502, 46.783575823215635 ], [ 32.771771198532811, 46.787180690198063 ], [ 32.775705366989662, 46.786288557168497 ], [ 32.778318222520753, 46.788093468632766 ], [ 32.780942205593114, 46.787198610565575 ], [ 32.783558887809825, 46.788103499197128 ], [ 32.786186348211984, 46.786308617042863 ], [ 32.792736967078582, 46.786320667073404 ], [ 32.79799766239681, 46.780930607370315 ], [ 32.80192764473378, 46.780937476179751 ], [ 32.805844688213405, 46.784543832172943 ], [ 32.809743228796705, 46.79354947933988 ], [ 32.814969011741503, 46.798057591461273 ], [ 32.814956671388366, 46.80165720467361 ], [ 32.8175746262784, 46.802561315135101 ], [ 32.816257978372086, 46.80435902448032 ], [ 32.820189670672114, 46.804365268618632 ], [ 32.818870044967156, 46.807062909969453 ], [ 32.814938156406654, 46.807056620222802 ], [ 32.814950500321466, 46.803457010425916 ], [ 32.811018875356268, 46.803450586414812 ], [ 32.812316898106815, 46.807052352020662 ], [ 32.80708081784811, 46.80524383172412 ], [ 32.795285562144599, 46.805223342953333 ], [ 32.787411430124628, 46.807908710701732 ], [ 32.787404338899151, 46.80970851147201 ], [ 32.784782956191364, 46.809703612495937 ], [ 32.78611148353103, 46.805206566876748 ], [ 32.780861847885738, 46.806996451255849 ], [ 32.782183370368308, 46.804299251314461 ], [ 32.776937413323679, 46.80518905548174 ], [ 32.778240598070525, 46.806991402665005 ], [ 32.776907649451026, 46.812388253571605 ], [ 32.77428237337066, 46.813283012932146 ], [ 32.774274842794, 46.81508281042472 ], [ 32.780825293536857, 46.815995446971911 ], [ 32.7795254836685, 46.813293232409372 ], [ 32.783457818253083, 46.813300739405015 ], [ 32.783446981296592, 46.816000437092995 ], [ 32.780821637134764, 46.816895345760493 ], [ 32.779485018805659, 46.823192115085796 ], [ 32.775551964105851, 46.82318447036522 ], [ 32.776851811307978, 46.825886725430266 ], [ 32.772895820372312, 46.831278368211727 ], [ 32.768958321255496, 46.832170391681366 ], [ 32.768950607968861, 46.83397018253951 ], [ 32.771573167606505, 46.833975446168587 ], [ 32.770254217445128, 46.835772612318415 ], [ 32.771527397765468, 46.84477418133239 ], [ 32.767581126668276, 46.847465940229647 ], [ 32.767573363258897, 46.849265726080681 ], [ 32.772816177186115, 46.850176151977188 ], [ 32.774112760002467, 46.853778318764611 ], [ 32.780656916825393, 46.857390643900935 ], [ 32.77802950741215, 46.858285478544651 ], [ 32.766226569862603, 46.857362083823297 ], [ 32.770139075058481, 46.862769400780913 ], [ 32.767515113862508, 46.862764101809709 ], [ 32.76619141284695, 46.865461100820276 ], [ 32.762255275713443, 46.865452993719977 ], [ 32.759651266863237, 46.860948063457734 ], [ 32.760975183284927, 46.858251138338588 ], [ 32.755727705365601, 46.858240060961229 ], [ 32.755739947512573, 46.855540388548683 ], [ 32.751804538367011, 46.855531923451871 ], [ 32.751796245645203, 46.857331704673236 ], [ 32.747864919014567, 46.856423213474145 ], [ 32.749155789706684, 46.860925545772943 ], [ 32.747831215691996, 46.86362233165076 ], [ 32.741271221197046, 46.863607692894689 ], [ 32.743886658975924, 46.865413371081139 ], [ 32.745173150141063, 46.8708156288669 ], [ 32.750413506071638, 46.872626968596279 ], [ 32.760911265174485, 46.872649375103279 ], [ 32.762211561617093, 46.875351773821045 ], [ 32.75958698866927, 46.875346292012992 ], [ 32.759574930995001, 46.878045955808886 ], [ 32.764820409065777, 46.87895674826386 ], [ 32.766085850359872, 46.889758082615067 ], [ 32.770012226237974, 46.892465720092972 ], [ 32.7831392831743, 46.892491339180715 ], [ 32.781870356178779, 46.881690192700823 ], [ 32.771370817873105, 46.881669705119677 ], [ 32.768757534319114, 46.878964768897873 ], [ 32.771397572907297, 46.875370486293029 ], [ 32.774022149233311, 46.875375697325943 ], [ 32.774014593609387, 46.877175475171278 ], [ 32.779249161565197, 46.880785272623932 ], [ 32.7818776503034, 46.879890415323807 ], [ 32.781888590173466, 46.877190748190714 ], [ 32.795011931711862, 46.877214999697287 ], [ 32.792373377322953, 46.880809828083372 ], [ 32.794977653766175, 46.886213892743406 ], [ 32.792352545217184, 46.886209161315612 ], [ 32.791029507029265, 46.888906437499216 ], [ 32.791008534157719, 46.894305762597952 ], [ 32.779193777335756, 46.894283584577551 ], [ 32.776553326174465, 46.897878034353461 ], [ 32.771301977791438, 46.897867664356532 ], [ 32.768664693763093, 46.900562043922505 ], [ 32.763417044612851, 46.899651427116069 ], [ 32.756844512769696, 46.901437441351781 ], [ 32.752909880443482, 46.900529124264324 ], [ 32.748966981334135, 46.90142043896774 ], [ 32.748941775958691, 46.906819736271665 ], [ 32.752880936248609, 46.906828306826512 ], [ 32.756807888465971, 46.909536390170999 ], [ 32.756783463441927, 46.914935682976449 ], [ 32.777788082144319, 46.916778158519925 ], [ 32.777814118112893, 46.910478975726519 ], [ 32.787002573999217, 46.911396330100459 ], [ 32.788329913724553, 46.907799227588839 ], [ 32.788340540336947, 46.905099572536905 ], [ 32.780466128475254, 46.904184851626681 ], [ 32.780473475325586, 46.902385081523626 ], [ 32.783099371325385, 46.902390086646108 ], [ 32.783110258472007, 46.899690429954482 ], [ 32.787056031514133, 46.897898051713312 ], [ 32.790991052135162, 46.898805196266451 ], [ 32.792310862945428, 46.897007812409491 ], [ 32.796249316433453, 46.897014889633127 ], [ 32.794929636904804, 46.89881231909893 ], [ 32.787048906076606, 46.899697824015163 ], [ 32.785728853311809, 46.901495145963445 ], [ 32.78835470676524, 46.901500030475169 ], [ 32.789657075090524, 46.904202107132626 ], [ 32.801470696458402, 46.905123094628919 ], [ 32.800167711988045, 46.902421151858832 ], [ 32.80279361302528, 46.9024257052629 ], [ 32.802800212268806, 46.900625932049891 ], [ 32.80017439910236, 46.900621378930595 ], [ 32.797562134592511, 46.897017218598727 ], [ 32.8001911140705, 46.896121944119756 ], [ 32.801493948144696, 46.898823889378157 ], [ 32.808055052018922, 46.899734970512867 ], [ 32.804113119090914, 46.900628186024981 ], [ 32.806735699566879, 46.901532535693683 ], [ 32.806725997710224, 46.904232195503013 ], [ 32.802767209693542, 46.90962479242306 ], [ 32.802760607270827, 46.91142456279016 ], [ 32.805386948425074, 46.911429057370235 ], [ 32.808000435156956, 46.91503303184578 ], [ 32.815873827102827, 46.916845744998746 ], [ 32.82769645217882, 46.915964258501781 ], [ 32.829004010190452, 46.917765998468255 ], [ 32.832946789334905, 46.916871929674272 ], [ 32.83688124536431, 46.918677382184725 ], [ 32.839497196800998, 46.922280636125471 ], [ 32.838167499285866, 46.92767809516473 ], [ 32.835540359287435, 46.92767435158251 ], [ 32.835534850479981, 46.92947411950302 ], [ 32.826327921438455, 46.933060073827392 ], [ 32.826322102953895, 46.934859839191738 ], [ 32.810547653045354, 46.937534484219313 ], [ 32.802664800624051, 46.937521169153698 ], [ 32.800043884102635, 46.935716848363668 ], [ 32.798723376549582, 46.93751430809894 ], [ 32.794788829698533, 46.935707550115396 ], [ 32.792157821671502, 46.936602691089625 ], [ 32.786913392262989, 46.933893389585116 ], [ 32.785610447595936, 46.931191294829766 ], [ 32.781669492195512, 46.931183847454818 ], [ 32.78164754754998, 46.936583129199633 ], [ 32.784275115044039, 46.936588110123111 ], [ 32.786891972658189, 46.939292670625996 ], [ 32.782954058937499, 46.938385386798188 ], [ 32.785574529896074, 46.940190097220686 ], [ 32.784242582423367, 46.944687024535639 ], [ 32.778990359153553, 46.943777121070447 ], [ 32.778979248106474, 46.946476756132647 ], [ 32.784235351035875, 46.946486781728488 ], [ 32.788166779877471, 46.949193777994331 ], [ 32.788156128148842, 46.951893412126161 ], [ 32.793412764483357, 46.95190301727434 ], [ 32.79471660114649, 46.954605014827408 ], [ 32.793395448771975, 46.956402406149984 ], [ 32.798652528369757, 46.956411771431185 ], [ 32.798642401346711, 46.959111403927793 ], [ 32.801271074329563, 46.959115996485757 ], [ 32.801257745655342, 46.962715505063827 ], [ 32.792060262711864, 46.961799288624412 ], [ 32.793381593198177, 46.960001914689229 ], [ 32.789442051087946, 46.959094854734587 ], [ 32.789424398126918, 46.963594236795196 ], [ 32.792046314967351, 46.965398793450944 ], [ 32.789413804307998, 46.966293864323973 ], [ 32.790714276584055, 46.969895776039316 ], [ 32.789382013657672, 46.974392739226239 ], [ 32.795952142491679, 46.975304516490091 ], [ 32.798544431251869, 46.985207785376829 ], [ 32.797215843384301, 46.988804955572057 ], [ 32.801161035867906, 46.988811874176513 ], [ 32.799852689665855, 46.987009837468264 ], [ 32.802486044877476, 46.986114531116883 ], [ 32.805116041910573, 46.986119037378884 ], [ 32.80379445792807, 46.98791653811945 ], [ 32.806424543551692, 46.987921014459062 ], [ 32.807746039574418, 46.986123483236113 ], [ 32.810372855586621, 46.987027742266648 ], [ 32.814324152357258, 46.985234459685657 ], [ 32.818269086085635, 46.985240788496384 ], [ 32.818262986501573, 46.987040536595082 ], [ 32.824838099651217, 46.987050783238629 ], [ 32.824832220175928, 46.988850531409362 ], [ 32.822202086204548, 46.988846477803541 ], [ 32.822193133494189, 46.991546098612552 ], [ 32.814305454586339, 46.990633701087155 ], [ 32.802462838747616, 46.992413640255712 ], [ 32.798507234334615, 46.995106381522412 ], [ 32.795876797461247, 46.995101722791816 ], [ 32.790598349072155, 46.99959157803945 ], [ 32.789265329848902, 47.004088515259397 ], [ 32.793194281210098, 47.008595057147346 ], [ 32.79187174102217, 47.010392411693736 ], [ 32.795818521530848, 47.010399516860652 ], [ 32.794492572619404, 47.013096769814659 ], [ 32.80106753249693, 47.01400825496264 ], [ 32.801077556755835, 47.011308648070369 ], [ 32.803708790081551, 47.011313188509341 ], [ 32.806340024043365, 47.011317668490712 ], [ 32.807649179565395, 47.013119624583197 ], [ 32.803698898415774, 47.014012795827703 ], [ 32.802366615569895, 47.018509875284657 ], [ 32.795787650218216, 47.018498332369134 ], [ 32.795760197797854, 47.025697269813662 ], [ 32.798378583957238, 47.02930139939275 ], [ 32.794430409690477, 47.029294380300243 ], [ 32.794409676715802, 47.034693573552289 ], [ 32.79967444032178, 47.034702903845535 ], [ 32.800997322051707, 47.032905467359925 ], [ 32.800987286180245, 47.03560506400985 ], [ 32.811516999388473, 47.035622878058092 ], [ 32.810216736017267, 47.031121373340184 ], [ 32.811532840097343, 47.03112354681106 ], [ 32.815478051778172, 47.032029843209628 ], [ 32.815471848385094, 47.033829576252927 ], [ 32.820739546758681, 47.032938071462169 ], [ 32.819417326439172, 47.034735736888564 ], [ 32.820730506490406, 47.03563767117182 ], [ 32.833892671761788, 47.035657518375523 ], [ 32.833912215111397, 47.029358446050054 ], [ 32.828645086776532, 47.030250558053147 ], [ 32.826015843408882, 47.029346721822378 ], [ 32.827337708791951, 47.027548978049154 ], [ 32.833917797713404, 47.027558709820156 ], [ 32.840487166634915, 47.031167536576952 ], [ 32.847072845275505, 47.029376776511434 ], [ 32.851013524575805, 47.032081586218823 ], [ 32.847057421559505, 47.034775985229011 ], [ 32.857586996531239, 47.034789563217764 ], [ 32.853677755670319, 47.020386679332688 ], [ 32.848414384130159, 47.020379833257991 ], [ 32.847103679317058, 47.018578343720868 ], [ 32.844472082957324, 47.018574799950962 ], [ 32.84315101455573, 47.020372745274791 ], [ 32.844464243474228, 47.021274409735476 ], [ 32.84051665091377, 47.021268980183734 ], [ 32.836574551262871, 47.019463675527994 ], [ 32.836585533165874, 47.015864195768934 ], [ 32.840535405492268, 47.014969889884554 ], [ 32.840530047687444, 47.016769630680997 ], [ 32.843164189628069, 47.015873394492679 ], [ 32.845793062556538, 47.016776838716495 ], [ 32.847119089645858, 47.013179119647759 ], [ 32.844490370673391, 47.012275705477187 ], [ 32.845808604003217, 47.011377613268216 ], [ 32.844500818024919, 47.008676219792584 ], [ 32.851073591869408, 47.010484706494807 ], [ 32.852394149967999, 47.008686666087463 ], [ 32.851083596326106, 47.006885218578809 ], [ 32.856348055254301, 47.005992067999919 ], [ 32.857668325438851, 47.004193965040798 ], [ 32.855037434270905, 47.004190664816406 ], [ 32.855042302523991, 47.002390918835481 ], [ 32.848465297557077, 47.002382404368412 ], [ 32.839249398045702, 47.00506946628289 ], [ 32.839257495787074, 47.002369849501868 ], [ 32.835319592296699, 46.999664624662984 ], [ 32.832688926254782, 46.999660811269088 ], [ 32.832702969959378, 46.995161446463449 ], [ 32.841909530586648, 46.995174526899774 ], [ 32.84323001735153, 46.993376587260371 ], [ 32.84980843687665, 46.99248552675332 ], [ 32.856393869624995, 46.988894462637042 ], [ 32.856389049036132, 46.99069421298703 ], [ 32.859019278002876, 46.990697481456003 ], [ 32.85769938655649, 46.992495604657336 ], [ 32.860327359575287, 46.993398717951457 ], [ 32.859007445254306, 46.995196855353981 ], [ 32.86163789543528, 46.995200063909856 ], [ 32.864254672959014, 47.000602457220218 ], [ 32.869516105487122, 47.000608573357901 ], [ 32.882683481670867, 46.994323681748611 ], [ 32.887942420480663, 46.995228826126564 ], [ 32.88794806339596, 46.992529199214552 ], [ 32.893212293003309, 46.990734473792337 ], [ 32.893215877553033, 46.988934720923957 ], [ 32.899792925706151, 46.988040787087591 ], [ 32.906374468739067, 46.984446842888417 ], [ 32.911635806247894, 46.983551144874802 ], [ 32.91295220870434, 46.982652274028446 ], [ 32.91164173672766, 46.979951632058693 ], [ 32.91953490906667, 46.9772578112362 ], [ 32.919537608772941, 46.975458052758889 ], [ 32.915593378188909, 46.975455213230902 ], [ 32.911644701538684, 46.978151874797895 ], [ 32.905072248101014, 46.977246734725746 ], [ 32.903754231810616, 46.979045394337128 ], [ 32.897176627523841, 46.980839436070688 ], [ 32.895868741325074, 46.977238734943342 ], [ 32.891924382520287, 46.977235080014481 ], [ 32.889291095765167, 46.979032324241487 ], [ 32.891933447041708, 46.972735686309711 ], [ 32.887991298639754, 46.971832017054417 ], [ 32.886684247613516, 46.968231206048969 ], [ 32.876163574731208, 46.970020073960576 ], [ 32.874842668563765, 46.972718280950609 ], [ 32.869588345753016, 46.970912655227643 ], [ 32.865642202296748, 46.971807973935498 ], [ 32.865646709311264, 46.970008216915211 ], [ 32.861705206030642, 46.969103642914249 ], [ 32.861695927404732, 46.972703156367402 ], [ 32.865628678645649, 46.977207241584132 ], [ 32.869573031663421, 46.977211802313718 ], [ 32.86957740764494, 46.975412046714261 ], [ 32.873523750944024, 46.974516593145822 ], [ 32.873511019396467, 46.979915859921526 ], [ 32.877451460515132, 46.981719904036602 ], [ 32.877445291323532, 46.984419535054755 ], [ 32.873498284165493, 46.985315121579319 ], [ 32.872191879669941, 46.981714154291211 ], [ 32.864302511525239, 46.981705076702568 ], [ 32.862992214863446, 46.979903757227106 ], [ 32.860360171925315, 46.980800457393357 ], [ 32.848572056055289, 46.96458761856956 ], [ 32.853825050451519, 46.96639420920129 ], [ 32.856442049955803, 46.970896927856877 ], [ 32.85907130822067, 46.970900194077686 ], [ 32.859080762332837, 46.967300679888126 ], [ 32.865651215891269, 46.968208459326227 ], [ 32.872228321212589, 46.966416224077285 ], [ 32.873540720613299, 46.967317562816945 ], [ 32.876178111341027, 46.963720917315442 ], [ 32.880121474609219, 46.963725113755991 ], [ 32.880129514571294, 46.960125592020439 ], [ 32.894584015790471, 46.961939577331925 ], [ 32.8945893180843, 46.959239934056022 ], [ 32.881447856360218, 46.958327198677232 ], [ 32.881451831304808, 46.956527436302231 ], [ 32.894591085345212, 46.958340052679766 ], [ 32.897223178328815, 46.956542679110356 ], [ 32.898518742409195, 46.966442542959932 ], [ 32.930063771816442, 46.969165799958347 ], [ 32.936634595740983, 46.970969387056883 ], [ 32.94846716910839, 46.970075442643697 ], [ 32.947154329295401, 46.968275081694308 ], [ 32.948472354284625, 46.964676155556702 ], [ 32.944528913835384, 46.964674313044512 ], [ 32.945850657791233, 46.957475885201497 ], [ 32.936650532172344, 46.957471164662884 ], [ 32.93665477994179, 46.953871633290724 ], [ 32.947167618758634, 46.954776850402148 ], [ 32.947170275498529, 46.952077200306725 ], [ 32.944541932226471, 46.952075957419403 ], [ 32.94322966376361, 46.950275546027541 ], [ 32.932717773060077, 46.949369967127083 ], [ 32.931405967273598, 46.947569419608655 ], [ 32.92352160251491, 46.947564424709121 ], [ 32.92351647519817, 46.951163959056885 ], [ 32.92877068272194, 46.952967116271985 ], [ 32.924826843889363, 46.953864478702087 ], [ 32.924824323551285, 46.955664244224877 ], [ 32.91956863669467, 46.954760789408965 ], [ 32.918251659311821, 46.956559623622084 ], [ 32.918254400090461, 46.954759858665184 ], [ 32.91431169067836, 46.954756975924198 ], [ 32.918266730325669, 46.946660909323739 ], [ 32.916961041316917, 46.941260657981637 ], [ 32.911703937774575, 46.942156610191397 ], [ 32.911698019288579, 46.945756146885813 ], [ 32.909066939731197, 46.947553857303113 ], [ 32.911684698523075, 46.953855096133125 ], [ 32.906430979213773, 46.952051155497116 ], [ 32.902486835523582, 46.952947748361339 ], [ 32.898545961534488, 46.952044440294351 ], [ 32.89722834690177, 46.953843033051577 ], [ 32.897233514727475, 46.951143385713451 ], [ 32.902491738775517, 46.950248100165417 ], [ 32.902495007216324, 46.948448333990761 ], [ 32.901184237913363, 46.946647440716696 ], [ 32.895928089006958, 46.946642783786743 ], [ 32.894617584040532, 46.944841814977657 ], [ 32.885419635630818, 46.944832979732787 ], [ 32.884093989115357, 46.950230954248866 ], [ 32.870954913279867, 46.949317015221382 ], [ 32.870948424396197, 46.952016660916144 ], [ 32.867008151760636, 46.95111226781399 ], [ 32.863063421799481, 46.952007502190909 ], [ 32.861758523426452, 46.948406396410512 ], [ 32.869640811991218, 46.949315526615429 ], [ 32.870967888233174, 46.943917719993017 ], [ 32.860458476209494, 46.943005508512464 ], [ 32.859130366527928, 46.948403193068607 ], [ 32.852559976291275, 46.948394920787131 ], [ 32.849946909269406, 46.942992215030749 ], [ 32.8486202806031, 46.947489894970843 ], [ 32.845987007828832, 46.949286152685325 ], [ 32.847295988331382, 46.951087674885549 ], [ 32.844646869556144, 46.95828318131899 ], [ 32.843337803185122, 46.956481631003392 ], [ 32.840706582694089, 46.957377884071235 ], [ 32.84201028471599, 46.960979222649428 ], [ 32.840677199188789, 46.967276551523589 ], [ 32.843306278160384, 46.967280179529695 ], [ 32.844610393632308, 46.970881482744524 ], [ 32.84723708747606, 46.971784898362152 ], [ 32.847229399940396, 46.974484530661044 ], [ 32.852488266459893, 46.974491426204665 ], [ 32.856410738025652, 46.982595331933382 ], [ 32.851148578275023, 46.983488491673107 ], [ 32.853768637814902, 46.98709138325097 ], [ 32.845878484886533, 46.987081035405538 ], [ 32.839292572465062, 46.990671495328542 ], [ 32.837982898367791, 46.988869893277609 ], [ 32.836667829941035, 46.988868025052916 ], [ 32.837985617473358, 46.987970018657784 ], [ 32.836681534498908, 46.984368650823882 ], [ 32.831433017770109, 46.980761527100796 ], [ 32.81828738130914, 46.979841540786524 ], [ 32.818293478540987, 46.978041790411964 ], [ 32.820923082101046, 46.978045933078654 ], [ 32.819614332778201, 46.976244118220258 ], [ 32.823567485641561, 46.973550635645658 ], [ 32.822261737858511, 46.970848973029675 ], [ 32.828840609350273, 46.969059233274976 ], [ 32.828846350314841, 46.967259478473089 ], [ 32.83279557354485, 46.965465549576955 ], [ 32.832818000721979, 46.958266520946935 ], [ 32.828892258112973, 46.952861419576791 ], [ 32.830217827063144, 46.949263855310534 ], [ 32.823641429166457, 46.951053683748107 ], [ 32.818387910503802, 46.950145586848123 ], [ 32.818393998044769, 46.948345827085262 ], [ 32.810506379090356, 46.949232929504532 ], [ 32.800003676280284, 46.94651541080173 ], [ 32.803952332097793, 46.944722469351412 ], [ 32.818409214330508, 46.943846425188724 ], [ 32.824990767209485, 46.940257131103841 ], [ 32.832879630891391, 46.938469145279228 ], [ 32.836821132472146, 46.938474830603496 ], [ 32.838124118186983, 46.942076224472572 ], [ 32.84075196293621, 46.942079909615757 ], [ 32.843395551732335, 46.936684238851086 ], [ 32.846020553765655, 46.937587685766239 ], [ 32.848650715468899, 46.93669130624756 ], [ 32.848660856514087, 46.933091772122395 ], [ 32.843408667866413, 46.932184821944105 ], [ 32.843416536030311, 46.929485170093301 ], [ 32.848686200578243, 46.92409292685457 ], [ 32.848703934159737, 46.917793726705312 ], [ 32.851330592841265, 46.917797167690814 ], [ 32.851338059204366, 46.91509750802792 ], [ 32.844774341664987, 46.914188906824485 ], [ 32.844779538218873, 46.912389133265386 ], [ 32.847405932358733, 46.912392663981194 ], [ 32.847416148136212, 46.908793114714662 ], [ 32.850042366939498, 46.908796584745822 ], [ 32.850034837159264, 46.911496247234602 ], [ 32.852661188314507, 46.911499657342617 ], [ 32.851343036180381, 46.913297734208228 ], [ 32.853964586452527, 46.915100888434367 ], [ 32.860528571838493, 46.916008962887418 ], [ 32.863159726172228, 46.914212358038867 ], [ 32.863155144667154, 46.91601213249583 ], [ 32.865779470990276, 46.916915128958408 ], [ 32.867097229589355, 46.915116886621675 ], [ 32.871037024668368, 46.91512139232794 ], [ 32.873672013950497, 46.911524769249624 ], [ 32.868421507266966, 46.910618964705122 ], [ 32.864479774270848, 46.911514257250012 ], [ 32.863178047779527, 46.907013254522958 ], [ 32.860551914545184, 46.907010085905554 ], [ 32.860561248480238, 46.903410531131058 ], [ 32.864500184829993, 46.903415260875711 ], [ 32.863180337484096, 46.906113365943533 ], [ 32.872369517518131, 46.907023870298147 ], [ 32.873676242693243, 46.909724992615523 ], [ 32.884179375405132, 46.910635990635797 ], [ 32.885496364656241, 46.908837533865906 ], [ 32.884187128824045, 46.907036434840535 ], [ 32.889435702270603, 46.908841406030938 ], [ 32.896003007252432, 46.907947669047473 ], [ 32.897305785902375, 46.913348188644086 ], [ 32.902558678896867, 46.913352779935728 ], [ 32.902553785321473, 46.916052445616273 ], [ 32.905180364195971, 46.916054651089567 ], [ 32.903863855915965, 46.917853332364288 ], [ 32.893355405787027, 46.918743915555766 ], [ 32.889417193332307, 46.917840290034448 ], [ 32.889413490474638, 46.919640065129123 ], [ 32.886786737715155, 46.919637497783363 ], [ 32.886781050813944, 46.922337159118207 ], [ 32.892034820581237, 46.922342234019752 ], [ 32.890715888230226, 46.925040648310791 ], [ 32.888086997286521, 46.925937997063102 ], [ 32.88939497083387, 46.928638932072332 ], [ 32.885454181991186, 46.928635057242367 ], [ 32.884146406703231, 46.925934077387261 ], [ 32.881519346779953, 46.925931388921036 ], [ 32.881511409522588, 46.929530932437302 ], [ 32.877572606829936, 46.928626900659765 ], [ 32.876252793631039, 46.931325144529488 ], [ 32.880187757967072, 46.934028991411168 ], [ 32.878865913464061, 46.937627147168641 ], [ 32.882807361061495, 46.937631249349444 ], [ 32.886752603975687, 46.935835446599611 ], [ 32.885442669866677, 46.934034369857208 ], [ 32.888070126375482, 46.934036968635965 ], [ 32.886765881725239, 46.929536249755664 ], [ 32.890706736840329, 46.929540079491716 ], [ 32.890695752262076, 46.934939392217395 ], [ 32.894631708847797, 46.937642741791706 ], [ 32.894628178156438, 46.939442510941142 ], [ 32.898569761057736, 46.939446070610906 ], [ 32.899888653965874, 46.936747572633898 ], [ 32.895952498036102, 46.93404440319501 ], [ 32.895961211556873, 46.929544974802667 ], [ 32.893337546847029, 46.927742785089755 ], [ 32.895980373915677, 46.919646219829517 ], [ 32.905174014227107, 46.919654203616012 ], [ 32.907797681824718, 46.921456124643527 ], [ 32.911740902479472, 46.919659454324531 ], [ 32.914366224532571, 46.920561337144896 ], [ 32.916995804075647, 46.91876349548798 ], [ 32.915686682667769, 46.916062870396388 ], [ 32.920937196408623, 46.917866395793787 ], [ 32.920939843569322, 46.916066618497752 ], [ 32.926196711949856, 46.913370458225081 ], [ 32.926190534220773, 46.91786990307962 ], [ 32.928816011739691, 46.918771454925256 ], [ 32.926189298496396, 46.918769791624094 ], [ 32.924870910508446, 46.922368490024056 ], [ 32.930124688841914, 46.92237181704251 ], [ 32.932753830300292, 46.920573613796776 ], [ 32.935379550094616, 46.921475014823365 ], [ 32.93538171397303, 46.919675238097454 ], [ 32.932756082032554, 46.918773836881186 ], [ 32.934071646447251, 46.916974823202409 ], [ 32.931447315971724, 46.915173502522649 ], [ 32.934079371164508, 46.910675597363579 ], [ 32.94195541174436, 46.913379532362768 ], [ 32.949835603981974, 46.912483366216463 ], [ 32.945897804617296, 46.910681792322563 ], [ 32.945900521024555, 46.907982121392727 ], [ 32.9432743340112, 46.907980850287579 ], [ 32.943276232630204, 46.906181069036521 ], [ 32.939336069094843, 46.907078940185052 ], [ 32.940658077856796, 46.898980607416249 ], [ 32.93672051578536, 46.898078606233724 ], [ 32.936723691575111, 46.895378929776214 ], [ 32.934098120352779, 46.895377448473219 ], [ 32.92884221695207, 46.898973872968071 ], [ 32.928838645148872, 46.901673547285988 ], [ 32.934090401957839, 46.901676691226484 ], [ 32.932767337440417, 46.909774943775219 ], [ 32.930138724955462, 46.911573151022417 ], [ 32.924886001965646, 46.911569825252236 ], [ 32.924889773467122, 46.908870155861116 ], [ 32.92095042966227, 46.908867503627846 ], [ 32.920945137125706, 46.912467062199966 ], [ 32.918318732408196, 46.912465218509269 ], [ 32.916999972793818, 46.916063830018743 ], [ 32.914384857942764, 46.90886278202084 ], [ 32.918324200775885, 46.908865660167763 ], [ 32.917013864171132, 46.907064935881792 ], [ 32.922266146136053, 46.907068622571366 ], [ 32.92489605809201, 46.904370704033056 ], [ 32.917019418848881, 46.903465374246835 ], [ 32.917022195786494, 46.901665592576471 ], [ 32.919648072981659, 46.901667465689705 ], [ 32.920972911570964, 46.893569354323141 ], [ 32.914410638795609, 46.892664742958146 ], [ 32.906534327481339, 46.892658583488 ], [ 32.906523381870755, 46.898957825025775 ], [ 32.902584766026649, 46.898954541364382 ], [ 32.903904068687808, 46.89535608550576 ], [ 32.897341866693189, 46.894450496069723 ], [ 32.889463448968215, 46.895343053368187 ], [ 32.892081793973546, 46.898945122483276 ], [ 32.897333279338326, 46.898949952369378 ], [ 32.896013448628857, 46.90254832981384 ], [ 32.898637671304584, 46.903450575130023 ], [ 32.893385746248597, 46.903445804720867 ], [ 32.894695203152395, 46.905246799864038 ], [ 32.87368892647762, 46.904325659300696 ], [ 32.877642263701425, 46.89803070783276 ], [ 32.876337690842128, 46.894429734426808 ], [ 32.877658636982893, 46.890831579750866 ], [ 32.871097431689556, 46.889924486181329 ], [ 32.863219245594465, 46.890815238336408 ], [ 32.865846832343848, 46.889918453728981 ], [ 32.865851319641394, 46.888118670829869 ], [ 32.872412215721788, 46.889026065054026 ], [ 32.86979349243083, 46.886323433708881 ], [ 32.865853563128113, 46.887218779167 ], [ 32.864545509967023, 46.88541744991592 ], [ 32.865864778941479, 46.882719318719552 ], [ 32.877675003958075, 46.883632442568718 ], [ 32.87898952438713, 46.882733944663137 ], [ 32.878981429873875, 46.886333515135028 ], [ 32.884233617984279, 46.885439052296093 ], [ 32.885557641525679, 46.880041013385721 ], [ 32.889494871005596, 46.88004488167801 ], [ 32.888186199991729, 46.878243819766539 ], [ 32.88556146819586, 46.878241226021451 ], [ 32.888203020601409, 46.870144768859198 ], [ 32.884266515315851, 46.870140856775379 ], [ 32.8803180083016, 46.875536176383847 ], [ 32.875075075581755, 46.872830885801335 ], [ 32.869826142753617, 46.87282503743581 ], [ 32.868502919300127, 46.877323006484446 ], [ 32.872439947510706, 46.877327461143963 ], [ 32.872435682211375, 46.879127247925091 ], [ 32.867188356414815, 46.87822138478424 ], [ 32.85930946755871, 46.880011764243235 ], [ 32.859304762767714, 46.88181154920948 ], [ 32.864554569757466, 46.881817880898005 ], [ 32.864550040080367, 46.883617665691389 ], [ 32.855364990309667, 46.882706534569429 ], [ 32.854042754681885, 46.886304435673459 ], [ 32.856663082332531, 46.888107535274465 ], [ 32.850097552097729, 46.888999020717215 ], [ 32.850090030291213, 46.891698692592676 ], [ 32.854030548835247, 46.890803891017065 ], [ 32.854018340049471, 46.895303342805171 ], [ 32.861897334475913, 46.894413225382117 ], [ 32.86189271390144, 46.896213005997481 ], [ 32.859267108124477, 46.89620980846049 ], [ 32.857949552609362, 46.898007966855815 ], [ 32.859257689929649, 46.899809367584702 ], [ 32.852695702759405, 46.898901219951405 ], [ 32.850059932196153, 46.902497367294316 ], [ 32.839561659487373, 46.900683352024444 ], [ 32.843503010825962, 46.899788915253012 ], [ 32.843531805228224, 46.88989012922007 ], [ 32.838294738067816, 46.88538337974753 ], [ 32.840927793219883, 46.882687383938531 ], [ 32.835680654717287, 46.88178007737416 ], [ 32.831751746810568, 46.879074683925644 ], [ 32.831762997493712, 46.875475116368676 ], [ 32.833080873543466, 46.873677252667385 ], [ 32.839642133140337, 46.873686631685629 ], [ 32.840975650020283, 46.866489314859464 ], [ 32.851472269441274, 46.866503415217871 ], [ 32.858025542449916, 46.869211422669828 ], [ 32.869832669989172, 46.870125354341639 ], [ 32.872471924168515, 46.8638290421544 ], [ 32.876416226528022, 46.860233775048421 ], [ 32.877724067076336, 46.862034976418947 ], [ 32.886905973033485, 46.862944314163393 ], [ 32.886913531326137, 46.859344727896563 ], [ 32.888217966137532, 46.862945602828333 ], [ 32.898712221627171, 46.863855267377708 ], [ 32.902667784745709, 46.853059913024701 ], [ 32.901360974636411, 46.850359094720751 ], [ 32.898737600437343, 46.850356804094297 ], [ 32.897422486858389, 46.852155433115421 ], [ 32.897425913459372, 46.850355636235626 ], [ 32.894804296743658, 46.849453356848677 ], [ 32.885624555090892, 46.848544652395752 ], [ 32.884299385735666, 46.854842620161158 ], [ 32.881675794697657, 46.854839938328155 ], [ 32.883003224570537, 46.847642102703418 ], [ 32.872512394804758, 46.846730998834552 ], [ 32.873851376874143, 46.835033760696916 ], [ 32.885653197845002, 46.835046158647927 ], [ 32.888283285237804, 46.831449144442821 ], [ 32.889647915803195, 46.805353218043052 ], [ 32.880475764825569, 46.804444100079913 ], [ 32.877819985002184, 46.819739701274408 ], [ 32.875187690084736, 46.824236384412487 ], [ 32.871258835601211, 46.822432224023721 ], [ 32.867321388951346, 46.824227536563882 ], [ 32.858148776565486, 46.82241672774807 ], [ 32.859478538747496, 46.815219126571208 ], [ 32.869965186243306, 46.815231520491366 ], [ 32.869969524456714, 46.813431713700297 ], [ 32.871276017660904, 46.815233002177806 ], [ 32.873899784364845, 46.814336017052881 ], [ 32.872595350273329, 46.811634854332524 ], [ 32.86997169340691, 46.812531810091421 ], [ 32.869978199631539, 46.80983209841142 ], [ 32.873910300646685, 46.809836497609574 ], [ 32.87262296752742, 46.79993609142727 ], [ 32.873939732784365, 46.797237824252321 ], [ 32.860838112532633, 46.796322735755048 ], [ 32.859541789597053, 46.79092169734669 ], [ 32.860861306297984, 46.787323669613073 ], [ 32.855615881682802, 46.789116992669477 ], [ 32.856935615486528, 46.785519009298632 ], [ 32.859558174562878, 46.784622346916741 ], [ 32.858259896298385, 46.780121191804419 ], [ 32.850402520580964, 46.779211279877096 ], [ 32.84776485368667, 46.785507178540009 ], [ 32.847772463887893, 46.782807456634089 ], [ 32.84515237829573, 46.782803941779513 ], [ 32.846470095615786, 46.78010598368207 ], [ 32.83992287767866, 46.779197102272164 ], [ 32.8412090207744, 46.787298091442693 ], [ 32.847757242387537, 46.788206899165573 ], [ 32.846431711614883, 46.793604585989087 ], [ 32.849047288907876, 46.795407883601726 ], [ 32.854291113838315, 46.794514770502218 ], [ 32.852968531209541, 46.79901262248913 ], [ 32.845105914435663, 46.799002252030895 ], [ 32.843774640400625, 46.806199704868718 ], [ 32.841150770675988, 46.80709600057989 ], [ 32.837227018606434, 46.80439076591037 ], [ 32.833295320886904, 46.804385107012692 ], [ 32.830668542303393, 46.806181065804104 ], [ 32.829340856495925, 46.811578534840983 ], [ 32.838513347401786, 46.812491749806796 ], [ 32.841129573535675, 46.814295223193852 ], [ 32.83980005937471, 46.820592708209688 ], [ 32.834553460313053, 46.821485149753613 ], [ 32.830628995026437, 46.818779694814353 ], [ 32.828004295258921, 46.819675686087791 ], [ 32.82538533517851, 46.818771815540842 ], [ 32.826684683343039, 46.822373410310036 ], [ 32.825370767226218, 46.823271317911512 ], [ 32.831923084586855, 46.824181031357192 ], [ 32.822742803734151, 46.825067087262923 ], [ 32.816215068256632, 46.816957647739969 ], [ 32.809660720430642, 46.816946936032551 ], [ 32.825399899627115, 46.814272309612988 ], [ 32.830671366089938, 46.805281162664834 ], [ 32.828064527197746, 46.800777737668682 ], [ 32.82413895884774, 46.798971956877743 ], [ 32.824150685745799, 46.79537234014925 ], [ 32.821535943484363, 46.793568474737441 ], [ 32.820258596080052, 46.783667465365966 ], [ 32.821571631305787, 46.78276960899759 ], [ 32.815036841268473, 46.778259678091899 ], [ 32.816355950210713, 46.775562066576057 ], [ 32.821595411749094, 46.775570353786605 ], [ 32.82160135543085, 46.77377053856079 ], [ 32.82553663437983, 46.771976780009098 ], [ 32.822920026537773, 46.771072848661539 ], [ 32.824244419772221, 46.766575324356459 ], [ 32.822937720711593, 46.76567339662558 ], [ 32.830795478356116, 46.765685283671431 ], [ 32.83209671668024, 46.768386940348826 ], [ 32.828164778681014, 46.769281017525259 ], [ 32.829463130892414, 46.772882610692079 ], [ 32.834705089511061, 46.771990388951707 ], [ 32.837321939643978, 46.77289405101812 ], [ 32.839952207043545, 46.769298108422909 ], [ 32.842566392803633, 46.771101560104285 ], [ 32.854356652236049, 46.770217258470566 ], [ 32.857004705982639, 46.759421633184921 ], [ 32.868783445291136, 46.76213548704888 ], [ 32.871415377102451, 46.756738987235686 ], [ 32.875343614591863, 46.756743333382566 ], [ 32.876659187190604, 46.75404501331969 ], [ 32.879277882098016, 46.754047805618875 ], [ 32.879273862781957, 46.755847631812756 ], [ 32.884507582806705, 46.75765286295119 ], [ 32.885822720408989, 46.754954437593803 ], [ 32.883205925180938, 46.754051881717174 ], [ 32.885830322379093, 46.751354783228059 ], [ 32.884524883805639, 46.749553641637874 ], [ 32.888452601109982, 46.749557537366393 ], [ 32.888456314024701, 46.747757708599764 ], [ 32.891076518266615, 46.746860316030222 ], [ 32.889774681525097, 46.743259402537262 ], [ 32.884540256189922, 46.742354324131973 ], [ 32.883238962655916, 46.738753333932017 ], [ 32.879314038561887, 46.737849344270913 ], [ 32.875385099592279, 46.738745051317693 ], [ 32.875389245899655, 46.736945219981806 ], [ 32.872771379437502, 46.736942339513682 ], [ 32.874076122757621, 46.738743618479617 ], [ 32.871451753169886, 46.741440453416864 ], [ 32.876685869835342, 46.742346130325764 ], [ 32.876681765898091, 46.744145960043333 ], [ 32.870134067770088, 46.745038634053792 ], [ 32.868800920892632, 46.754936189708616 ], [ 32.866182184022534, 46.754933157633943 ], [ 32.863574802297016, 46.750430501133671 ], [ 32.86752462788089, 46.741435974817655 ], [ 32.867540054945302, 46.735136567570279 ], [ 32.863615656690527, 46.734232039473277 ], [ 32.86097479469435, 46.743228039892543 ], [ 32.857047541319737, 46.743223201627579 ], [ 32.855731255085963, 46.745921300563595 ], [ 32.847878891536311, 46.745011215505443 ], [ 32.84529152886499, 46.734208734445147 ], [ 32.850526991610266, 46.734215692418566 ], [ 32.851853107304656, 46.727917983487295 ], [ 32.845312113067145, 46.727009409183808 ], [ 32.854487474119672, 46.721621923274569 ], [ 32.854492312858241, 46.719822088077805 ], [ 32.844052690940558, 46.709909199772383 ], [ 32.840125200740978, 46.710803702409102 ], [ 32.83620847065982, 46.708098395814993 ], [ 32.840143798626407, 46.704504268979903 ], [ 32.84276009292681, 46.704507893922127 ], [ 32.861041835505233, 46.717130465487848 ], [ 32.861037214999435, 46.718930302046658 ], [ 32.866266756456156, 46.720736374539037 ], [ 32.866262309124352, 46.722536210349567 ], [ 32.862334267504906, 46.72343147267199 ], [ 32.871492373622104, 46.724342043440217 ], [ 32.87541204346865, 46.727046137463709 ], [ 32.875407899352318, 46.728845971929069 ], [ 32.87933210506867, 46.729750096314554 ], [ 32.897630907388795, 46.742366782556658 ], [ 32.89892819995449, 46.748667352338742 ], [ 32.901551551708877, 46.745969889970617 ], [ 32.900249038644382, 46.742369094553553 ], [ 32.901559742366416, 46.741470312265527 ], [ 32.906795919009163, 46.741474696537999 ], [ 32.908100375938098, 46.744175502732382 ], [ 32.917262769022784, 46.745082410355408 ], [ 32.922495428230704, 46.747785823208275 ], [ 32.922488978089959, 46.752285398452933 ], [ 32.91594664314291, 46.74958103307236 ], [ 32.913326718954586, 46.750478994807111 ], [ 32.912007203995422, 46.756777395458442 ], [ 32.914624612874626, 46.757679292755228 ], [ 32.921171798546773, 46.757683989625839 ], [ 32.919867697388938, 46.754083423942717 ], [ 32.922485107261402, 46.754985141893329 ], [ 32.922482526398923, 46.756784970142618 ], [ 32.925101357641054, 46.756786713998274 ], [ 32.926420572243295, 46.749588246395447 ], [ 32.929041417104408, 46.747790069158306 ], [ 32.932969011118104, 46.747792437005934 ], [ 32.932971242143758, 46.745992605499161 ], [ 32.926426694636994, 46.745088668612546 ], [ 32.92643036736709, 46.742388920236444 ], [ 32.919885032653148, 46.742384525342196 ], [ 32.917264145817583, 46.744182494567852 ], [ 32.917266899208698, 46.742382662566165 ], [ 32.910721566773653, 46.742377743580384 ], [ 32.909415514994734, 46.740576882662445 ], [ 32.898945017344616, 46.739668198353101 ], [ 32.915963425693278, 46.738782043126477 ], [ 32.915967619818858, 46.736082292440351 ], [ 32.910733448805331, 46.735178411115321 ], [ 32.905496308925265, 46.736074124369956 ], [ 32.908111078890997, 46.737876089767646 ], [ 32.896332191238791, 46.736966107878374 ], [ 32.896335640360903, 46.735166274667613 ], [ 32.901572843325546, 46.734270980541972 ], [ 32.904195364001161, 46.731573450118347 ], [ 32.918588156888163, 46.734284350130238 ], [ 32.919894362541143, 46.736085108449167 ], [ 32.93559919616775, 46.73789485984382 ], [ 32.936907105104851, 46.738795506142132 ], [ 32.935594910063081, 46.74149452759557 ], [ 32.943450126065734, 46.740598761429901 ], [ 32.9421391764321, 46.742397940628614 ], [ 32.944755473472426, 46.74419906742817 ], [ 32.960464812930518, 46.744205572582501 ], [ 32.960466128635183, 46.742405739137979 ], [ 32.944757311972886, 46.742399234390341 ], [ 32.94475915029664, 46.740599400783772 ], [ 32.963084879478714, 46.741506696662512 ], [ 32.974865044810834, 46.744209641299946 ], [ 32.993192729268351, 46.743312282178266 ], [ 32.993192502712191, 46.745112115752704 ], [ 32.984028564314812, 46.745111203744308 ], [ 32.982718855141428, 46.746910846492199 ], [ 32.965698977309927, 46.747806927160617 ], [ 32.967006529099265, 46.750507059655945 ], [ 32.970934322703052, 46.750508124614107 ], [ 32.976172570896175, 46.74780958705982 ], [ 32.981409058777047, 46.748710473670222 ], [ 32.984028032728148, 46.746911036693028 ], [ 32.994501453793859, 46.74691201914775 ], [ 32.999738173180305, 46.745112317922079 ], [ 33.00497479235095, 46.746012126675332 ], [ 33.007592977737431, 46.74511206633354 ], [ 33.010211585752629, 46.746911695656557 ], [ 33.018065749471319, 46.744210975575854 ], [ 33.03377509469842, 46.744207417506907 ], [ 33.046870112672828, 46.748702385886673 ], [ 33.049490201113279, 46.750501114763964 ], [ 33.049493496314113, 46.754100775481753 ], [ 33.046877134758205, 46.756801622172084 ], [ 33.048192970292533, 46.764000389678685 ], [ 33.04557378799516, 46.764001462628741 ], [ 33.041647094842958, 46.766702699310827 ], [ 33.041651256872989, 46.772102174765962 ], [ 33.046892750273152, 46.774799883796469 ], [ 33.041654726148579, 46.776601733735475 ], [ 33.042968918009059, 46.782000715478098 ], [ 33.039038184557185, 46.78110221279595 ], [ 33.031178668237132, 46.782004534630936 ], [ 33.025940285497597, 46.785605483954875 ], [ 33.024632222694137, 46.790105322466836 ], [ 33.028565276660899, 46.794603954412828 ], [ 33.032496277429253, 46.794602905823574 ], [ 33.033805483925143, 46.792802708654698 ], [ 33.029875112266957, 46.793703711102943 ], [ 33.028563848233809, 46.791904227610722 ], [ 33.028561467979905, 46.78740468009731 ], [ 33.033800413573459, 46.784703522252819 ], [ 33.036421814035755, 46.786502538606221 ], [ 33.033803793564083, 46.79010298113355 ], [ 33.03904403988291, 46.789201403846569 ], [ 33.040355587439933, 46.791000768034415 ], [ 33.039050548773226, 46.798200491508091 ], [ 33.044294447128742, 46.800898306454627 ], [ 33.048225101495674, 46.799996809881534 ], [ 33.048227513828337, 46.802696532226754 ], [ 33.053467849607109, 46.800894388765165 ], [ 33.052161712393847, 46.805394528999585 ], [ 33.049539695723489, 46.804495786672824 ], [ 33.048231535156376, 46.807196066625508 ], [ 33.04036904658922, 46.808998923170321 ], [ 33.040372413400021, 46.813498453069201 ], [ 33.03644125208281, 46.81529958359426 ], [ 33.036444291981205, 46.819799108723878 ], [ 33.044309964318686, 46.819796334060442 ], [ 33.050867236428722, 46.822493321800927 ], [ 33.044313661198743, 46.824295855202379 ], [ 33.043010502066394, 46.834195289435094 ], [ 33.05743570810121, 46.835088862755029 ], [ 33.056129076300735, 46.839589021473785 ], [ 33.061374781420781, 46.839586329040657 ], [ 33.062682021553584, 46.835986012481087 ], [ 33.065304698573037, 46.835984546250202 ], [ 33.063996565212008, 46.838684991439358 ], [ 33.067930777541406, 46.838682724277625 ], [ 33.066622710446637, 46.841383198164905 ], [ 33.073177614953536, 46.839579392120449 ], [ 33.074482823035908, 46.835079039616275 ], [ 33.07972409474602, 46.832375801010301 ], [ 33.078402375674642, 46.825177486048311 ], [ 33.083643884620514, 46.82337396742156 ], [ 33.084957751173725, 46.825172808186032 ], [ 33.087579900903265, 46.825170831920929 ], [ 33.086264507533365, 46.822472117974421 ], [ 33.087571133194416, 46.819771411652759 ], [ 33.088883559683545, 46.82067030488593 ], [ 33.094125850006854, 46.819766209165664 ], [ 33.092811809814343, 46.81796747205663 ], [ 33.082323238015881, 46.817075590965615 ], [ 33.082317744998065, 46.813475972416995 ], [ 33.078385372500236, 46.813478732960576 ], [ 33.077082296629499, 46.818879050774385 ], [ 33.057421331370627, 46.82159031698847 ], [ 33.056108470353209, 46.819791158593354 ], [ 33.061338946686895, 46.808089699606413 ], [ 33.060025283005288, 46.805390675227898 ], [ 33.067889984028461, 46.806286187634484 ], [ 33.069199446512059, 46.805385496348087 ], [ 33.067883191975291, 46.800886746946993 ], [ 33.060016276092462, 46.797291509761507 ], [ 33.061324629678111, 46.795490999069102 ], [ 33.063946404727218, 46.796389472963597 ], [ 33.066564937897382, 46.7945881625742 ], [ 33.0665604998376, 46.790988528528459 ], [ 33.057384956714458, 46.787393857885561 ], [ 33.056076667661529, 46.789194326073883 ], [ 33.045597331230503, 46.791898709159213 ], [ 33.046909944691556, 46.794597905898769 ], [ 33.044288539939735, 46.793699041351971 ], [ 33.042978944921558, 46.794599449529812 ], [ 33.041666527926253, 46.791900207645909 ], [ 33.042973214430717, 46.78740017634086 ], [ 33.048212241597923, 46.785598269097463 ], [ 33.048209028169211, 46.781998628214623 ], [ 33.045586694456169, 46.779299969580144 ], [ 33.056066389684062, 46.779295315659532 ], [ 33.05606171967289, 46.774795759784119 ], [ 33.046889625968923, 46.771200236021258 ], [ 33.046887283135014, 46.768500498697001 ], [ 33.052126083616457, 46.768498232560141 ], [ 33.054749131014674, 46.772096658610728 ], [ 33.06392083456376, 46.774791640269846 ], [ 33.066534997552878, 46.770290588618344 ], [ 33.065217651089391, 46.763991954434921 ], [ 33.071763213057466, 46.762188209562431 ], [ 33.077001399123873, 46.762184805109257 ], [ 33.082242323063412, 46.763980986674795 ], [ 33.084865742072353, 46.766678811954499 ], [ 33.09010586229207, 46.767574719560855 ], [ 33.091418583855308, 46.769373504575562 ], [ 33.096659073650173, 46.7702691114511 ], [ 33.097972078870029, 46.772067820233673 ], [ 33.113697070723049, 46.775652927735599 ], [ 33.116330379563067, 46.781949661550669 ], [ 33.124190522076219, 46.781941402485465 ], [ 33.122888689287628, 46.78554245038579 ], [ 33.125506819356694, 46.784639698867508 ], [ 33.128131267263242, 46.786436611650963 ], [ 33.132061663725707, 46.786432144042124 ], [ 33.13205506177728, 46.783732420212864 ], [ 33.134675194568473, 46.783729367108833 ], [ 33.138610012447302, 46.785524490530698 ], [ 33.138614632395573, 46.787324305505805 ], [ 33.154336463556056, 46.78730418490855 ], [ 33.166133362808253, 46.78908748932988 ], [ 33.166138900811568, 46.790887300876555 ], [ 33.168762189560383, 46.791783372490464 ], [ 33.164834157533726, 46.792689006386887 ], [ 33.16746030377972, 46.794485012610224 ], [ 33.166172140019576, 46.801686158204852 ], [ 33.170103640025921, 46.801680382800583 ], [ 33.170109312870657, 46.80348019000224 ], [ 33.176662028657709, 46.803470263612397 ], [ 33.176656137294209, 46.80167045703142 ], [ 33.183205576300246, 46.80076025296156 ], [ 33.179295073255389, 46.807065798961304 ], [ 33.17536025832392, 46.806171987895041 ], [ 33.175371957019138, 46.809771597893985 ], [ 33.179316007510657, 46.813365112636014 ], [ 33.176694441289328, 46.813369189633676 ], [ 33.176700336337873, 46.815168992515005 ], [ 33.174081586090047, 46.816072911073299 ], [ 33.16883818845244, 46.816080765588161 ], [ 33.168843821927332, 46.817880568358106 ], [ 33.176712128136593, 46.818768596570159 ], [ 33.176720973474822, 46.821468298117495 ], [ 33.179342933341708, 46.821464219972441 ], [ 33.179333956769348, 46.818764518807619 ], [ 33.185888525813979, 46.818754061662268 ], [ 33.184583771511264, 46.820555983516236 ], [ 33.180653913059729, 46.821462158377315 ], [ 33.181974001753694, 46.824159781263134 ], [ 33.188529225538645, 46.824149171991294 ], [ 33.188519788285767, 46.821449473490368 ], [ 33.191141745495052, 46.821445125074369 ], [ 33.193754003732508, 46.818741017637855 ], [ 33.197686740606613, 46.818734292941834 ], [ 33.200281834293783, 46.811530534075075 ], [ 33.196349623162718, 46.811537347148409 ], [ 33.196343073410823, 46.809737545132037 ], [ 33.193721685978787, 46.8097420118524 ], [ 33.192436670073448, 46.816943429019169 ], [ 33.18456837459226, 46.816056481454979 ], [ 33.183242242645491, 46.811559081752051 ], [ 33.185863719958753, 46.81155485491032 ], [ 33.184522206048264, 46.802557953925415 ], [ 33.18714324592333, 46.80255369839459 ], [ 33.188438055784786, 46.798052032830761 ], [ 33.183199467299914, 46.798960446170859 ], [ 33.179265179400588, 46.798066767330546 ], [ 33.181864779012933, 46.791763302784076 ], [ 33.176626688975432, 46.7926714155887 ], [ 33.175307642038277, 46.789973714725555 ], [ 33.200195032455639, 46.788133068991669 ], [ 33.221168769281675, 46.790794191288533 ], [ 33.222512381513155, 46.798890769914578 ], [ 33.219898857765365, 46.800695637839453 ], [ 33.214656968339384, 46.800705588771926 ], [ 33.216010664071838, 46.811501930898075 ], [ 33.213396312951986, 46.813306647732126 ], [ 33.212074921601527, 46.810609384264971 ], [ 33.213378517171527, 46.80880714781469 ], [ 33.210757177704266, 46.808812004614126 ], [ 33.209453494354989, 46.810614211349481 ], [ 33.209484942547434, 46.818713308120003 ], [ 33.213421234236499, 46.819605941637526 ], [ 33.21471783685751, 46.816003894448912 ], [ 33.214725001132564, 46.817803692411935 ], [ 33.217350402989311, 46.81869864262864 ], [ 33.217361282443932, 46.821398337614248 ], [ 33.213428356145045, 46.821405738615013 ], [ 33.212135078756148, 46.825907665918912 ], [ 33.209512907929117, 46.825912495569717 ], [ 33.21083454886228, 46.828609780972066 ], [ 33.218697802171874, 46.827695123354658 ], [ 33.217379418357957, 46.825897826409694 ], [ 33.214757248901904, 46.825902776198873 ], [ 33.214746498094009, 46.823203082884433 ], [ 33.217372163468823, 46.824098031318591 ], [ 33.221294207172491, 46.821390801479097 ], [ 33.221283130869438, 46.818691107200287 ], [ 33.218657664452614, 46.817796247297501 ], [ 33.21863578010197, 46.812396853096594 ], [ 33.221242531431386, 46.808792217215448 ], [ 33.219920859551372, 46.806095042674222 ], [ 33.2251632706176, 46.80608484976382 ], [ 33.225155761146063, 46.804285049359073 ], [ 33.227776878181189, 46.804279863186601 ], [ 33.227765484216171, 46.801580161997975 ], [ 33.233007453862037, 46.801569610571086 ], [ 33.234333575177658, 46.805166534848844 ], [ 33.238265312116283, 46.805158417702287 ], [ 33.236946830852212, 46.803361339223514 ], [ 33.23955991170719, 46.801556083685277 ], [ 33.239539942269836, 46.797056582620051 ], [ 33.234298413325995, 46.797067432441594 ], [ 33.231666061548587, 46.794373063473202 ], [ 33.227738904690177, 46.795280854240865 ], [ 33.227727516203629, 46.792581148780506 ], [ 33.230340385725825, 46.790776100691623 ], [ 33.229022520995635, 46.788978925301116 ], [ 33.215909848926955, 46.786304681850751 ], [ 33.2093627204545, 46.787216755908702 ], [ 33.211968881838203, 46.783612316278749 ], [ 33.217209112847613, 46.783602491217323 ], [ 33.219840217365217, 46.786297199888729 ], [ 33.23032886895988, 46.788076393587161 ], [ 33.25389064818301, 46.783526997943447 ], [ 33.278786246107302, 46.784368974908794 ], [ 33.278804830395288, 46.787968572892666 ], [ 33.282740013197333, 46.788858829670183 ], [ 33.286689660181494, 46.792448645033232 ], [ 33.30111259988773, 46.794211428511055 ], [ 33.302432988848359, 46.796007766175926 ], [ 33.299822285735395, 46.797814453328215 ], [ 33.301157784152537, 46.802310490778133 ], [ 33.309025949076698, 46.80318942592227 ], [ 33.310326123058303, 46.801386091279689 ], [ 33.315573299595414, 46.802271652775786 ], [ 33.315562776265615, 46.800471864587216 ], [ 33.305079117585173, 46.800500288685619 ], [ 33.305058773048529, 46.796900707042852 ], [ 33.307669256261349, 46.795093900679589 ], [ 33.30633339745642, 46.790597934383051 ], [ 33.298472086223001, 46.790618705178673 ], [ 33.293221432940626, 46.788832456803888 ], [ 33.291886933738233, 46.784336313886421 ], [ 33.294497253795164, 46.782529804352166 ], [ 33.320686988067827, 46.780659594746048 ], [ 33.32067630228169, 46.778859800622719 ], [ 33.325916025229731, 46.778844999536588 ], [ 33.328546832818475, 46.780637301768863 ], [ 33.340342252771805, 46.781502745331004 ], [ 33.345599497165324, 46.784186726125796 ], [ 33.352155647604796, 46.785066652662174 ], [ 33.353448055727341, 46.782362933967683 ], [ 33.358694077460768, 46.783246524653059 ], [ 33.36347340639243, 46.781431622473804 ], [ 33.363358391259858, 46.764333633906155 ], [ 33.359878199254531, 46.764344630389836 ], [ 33.357241204568027, 46.761653147492268 ], [ 33.342808047601281, 46.757197713794078 ], [ 33.341487274239498, 46.755401830764406 ], [ 33.320521473786762, 46.752762721722021 ], [ 33.310026433688414, 46.749191967975008 ], [ 33.306103886165538, 46.750102443710922 ], [ 33.295620148427268, 46.748330171343575 ], [ 33.27860059966207, 46.74837286965623 ], [ 33.252433411115078, 46.752033245440131 ], [ 33.249823149539566, 46.753838805105708 ], [ 33.241967148369916, 46.753855684580643 ], [ 33.231507884557331, 46.75747698218882 ], [ 33.226270191814031, 46.757487457538289 ], [ 33.22496825889187, 46.759289854135083 ], [ 33.214503228731395, 46.762009690759655 ], [ 33.210571119375885, 46.761117078635849 ], [ 33.204030347445702, 46.762928754850094 ], [ 33.204023553025571, 46.76112893832051 ], [ 33.200095011247463, 46.761135874328595 ], [ 33.198792116984237, 46.762937973470066 ], [ 33.181767850748976, 46.762966278193993 ], [ 33.176520792197735, 46.760274748568776 ], [ 33.183068265798489, 46.760264462483775 ], [ 33.184368551205225, 46.75756263090242 ], [ 33.181740616531016, 46.754867088770801 ], [ 33.183040839327511, 46.752165269805133 ], [ 33.186968733198704, 46.752158920142811 ], [ 33.186974957709282, 46.7539587413373 ], [ 33.206611620878448, 46.753025059289349 ], [ 33.20661849953985, 46.754824878087639 ], [ 33.210546581059496, 46.754817718893001 ], [ 33.209230254878719, 46.753020301770647 ], [ 33.211841835866267, 46.751215665565468 ], [ 33.209212843204753, 46.748520753027044 ], [ 33.203982800218846, 46.750330027184972 ], [ 33.203972615689324, 46.74763029619799 ], [ 33.201357592968492, 46.748534843628462 ], [ 33.198732560028027, 46.746739599018376 ], [ 33.201347540140823, 46.745835111352463 ], [ 33.201337488762455, 46.743135377795269 ], [ 33.19871602557108, 46.742240042374384 ], [ 33.203935284974754, 46.73773127161715 ], [ 33.203918322990525, 46.733231709294941 ], [ 33.199991807418698, 46.733238638584702 ], [ 33.19998182810847, 46.73053889883321 ], [ 33.194743493964658, 46.729648013655087 ], [ 33.193428307469027, 46.727850405125636 ], [ 33.190810889272704, 46.727854799291791 ], [ 33.190845805509888, 46.737753848860763 ], [ 33.196081599185348, 46.737744997620311 ], [ 33.194808304503681, 46.747646262957858 ], [ 33.184337864533695, 46.748563523601824 ], [ 33.184344000688121, 46.750363346200558 ], [ 33.183028653592622, 46.748565624914214 ], [ 33.175173384908391, 46.748577918269696 ], [ 33.173872854446202, 46.751279649964296 ], [ 33.171248598769765, 46.749483774762894 ], [ 33.169959166667411, 46.755785106852365 ], [ 33.166033769760318, 46.756690784164867 ], [ 33.164729845549147, 46.758492498239853 ], [ 33.164735330903952, 46.7602923195805 ], [ 33.169973315065043, 46.760284660074042 ], [ 33.168669435930219, 46.762086417839207 ], [ 33.138533847404652, 46.755827461291396 ], [ 33.137219889027918, 46.754029213766628 ], [ 33.133294068637461, 46.754933768842633 ], [ 33.131980306207879, 46.753135460676958 ], [ 33.128052331077463, 46.75313992312109 ], [ 33.12804593699741, 46.750440183084109 ], [ 33.125427417153588, 46.750443082877041 ], [ 33.124114025614197, 46.748644682633142 ], [ 33.118879137186696, 46.749550156301972 ], [ 33.113636507729957, 46.746855733249568 ], [ 33.113632725634986, 46.745055903758384 ], [ 33.105776182906681, 46.74416351823141 ], [ 33.105772662752713, 46.742363687416109 ], [ 33.111008923385931, 46.742358728004611 ], [ 33.120178375249125, 46.745049217212291 ], [ 33.125396114081241, 46.736944362129243 ], [ 33.131940779163486, 46.736937003761881 ], [ 33.131945169368969, 46.738736834584067 ], [ 33.135869837333665, 46.73783232442635 ], [ 33.135872097820481, 46.738732239622699 ], [ 33.138490049580085, 46.738729101454759 ], [ 33.139794373769874, 46.736927679673485 ], [ 33.139789722692456, 46.735127848865211 ], [ 33.134551929304358, 46.734234208602601 ], [ 33.137155974882802, 46.728831603577689 ], [ 33.131916640573756, 46.727037924068533 ], [ 33.131912253109832, 46.725238089547659 ], [ 33.135838201920791, 46.72523349674033 ], [ 33.135831425671959, 46.722533744322739 ], [ 33.131905672704406, 46.72253833669938 ], [ 33.13059274527523, 46.720740001526991 ], [ 33.120118422019829, 46.718051712839198 ], [ 33.110957238799607, 46.717161041193208 ], [ 33.108343930060222, 46.718963387278443 ], [ 33.107042549717846, 46.722564294344572 ], [ 33.104427113372545, 46.723466631136134 ], [ 33.10443232311998, 46.726166386218857 ], [ 33.101816669159163, 46.727068662955247 ], [ 33.097906866100089, 46.736071263450135 ], [ 33.095290624444942, 46.736973389902033 ], [ 33.093978562249355, 46.735174638591069 ], [ 33.091360778447168, 46.735176758390331 ], [ 33.092675837297641, 46.738775373007812 ], [ 33.090057879142591, 46.738777463127832 ], [ 33.082195798243767, 46.733383871254219 ], [ 33.07826925120726, 46.733386624127654 ], [ 33.078266647443009, 46.731586788517298 ], [ 33.074342703607698, 46.733389242276772 ], [ 33.070412641781097, 46.730691971594268 ], [ 33.062559935881616, 46.730696533842632 ], [ 33.06386553364699, 46.727996055140729 ], [ 33.058629681697333, 46.727098937934812 ], [ 33.058628706678107, 46.726199018838265 ], [ 33.046850622808861, 46.726204446887493 ], [ 33.042921025386974, 46.721706388150714 ], [ 33.037686755234688, 46.721708231633777 ], [ 33.032450865915742, 46.719010074451212 ], [ 33.029834357002869, 46.719910707221246 ], [ 33.021981749255872, 46.716312801351826 ], [ 33.008897227069475, 46.715414645433505 ], [ 32.986655490454119, 46.710014682614329 ], [ 32.984038654760724, 46.710914269662204 ], [ 32.982730921887246, 46.70911423538768 ], [ 32.956565657382768, 46.709107295436525 ], [ 32.953947600744861, 46.710906116205706 ], [ 32.947406069398333, 46.710903296675028 ], [ 32.942170922673299, 46.712700614722444 ], [ 32.940864539101632, 46.710900103201745 ], [ 32.919930319870573, 46.711787292302368 ], [ 32.917315040744271, 46.710885510455725 ], [ 32.918634164191772, 46.703687074554971 ], [ 32.92125173498988, 46.702788982505133 ], [ 32.919948946058021, 46.699188383855436 ], [ 32.91733564806389, 46.697386677649241 ], [ 32.914718273651985, 46.698284681102386 ], [ 32.904255862909785, 46.697376481275825 ], [ 32.896404553247891, 46.699169490979372 ], [ 32.89641143725656, 46.695569800093885 ], [ 32.901646442467893, 46.693774569992833 ], [ 32.90165461033444, 46.689274951041796 ], [ 32.905577958095073, 46.689278255709624 ], [ 32.904273355151858, 46.687477320385391 ], [ 32.901657876931942, 46.687475102465726 ], [ 32.904282892480779, 46.682077770827561 ], [ 32.909508820907149, 46.684781802340765 ], [ 32.917357612847162, 46.682987887384755 ], [ 32.917354868172133, 46.684787738158967 ], [ 32.91997021779882, 46.684789597212131 ], [ 32.91866794518721, 46.681188972923167 ], [ 32.921284428213376, 46.680290875888041 ], [ 32.917363101406501, 46.679388184129657 ], [ 32.918677396600579, 46.674889488537168 ], [ 32.914756503919733, 46.673986706870124 ], [ 32.914752258559538, 46.676686486905027 ], [ 32.912140217383623, 46.674884655764764 ], [ 32.914757918903909, 46.673086779907365 ], [ 32.914763578161285, 46.66948707063402 ], [ 32.917378189510288, 46.6694889884443 ], [ 32.916068097706471, 46.671287891988797 ], [ 32.921294881758151, 46.673091462997235 ], [ 32.923919769717145, 46.665893809231378 ], [ 32.921306637197503, 46.664992112614762 ], [ 32.92130924882764, 46.663192255409719 ], [ 32.925235673587665, 46.659595168657134 ], [ 32.925239394650681, 46.6568953798295 ], [ 32.93046509775764, 46.658698535871423 ], [ 32.930468558441056, 46.655998746308008 ], [ 32.933083630642713, 46.655100374731305 ], [ 32.935703948882015, 46.649702289185015 ], [ 32.929172151621849, 46.647898568463816 ], [ 32.927867758333271, 46.646097889186031 ], [ 32.923946269988683, 46.646995282029778 ], [ 32.923948792431176, 46.645195419024972 ], [ 32.916109861070119, 46.644290007527275 ], [ 32.914805987970162, 46.642489178544075 ], [ 32.917423406044968, 46.639791298127534 ], [ 32.90827727566829, 46.639784331597646 ], [ 32.910891932819723, 46.638886464364191 ], [ 32.910896364573745, 46.636186666687408 ], [ 32.904365434349288, 46.635281460160016 ], [ 32.904362263470176, 46.63708132537495 ], [ 32.899136165695062, 46.637076837615545 ], [ 32.899131148867852, 46.639776633950241 ], [ 32.891293417058058, 46.638869522312575 ], [ 32.888676591616459, 46.640666872918104 ], [ 32.888671053851247, 46.643366666636872 ], [ 32.896512822951657, 46.642474095171217 ], [ 32.896509390848465, 46.644273957683644 ], [ 32.901736181240416, 46.644278565949961 ], [ 32.897805920067086, 46.649674716478316 ], [ 32.895192265139201, 46.649672352209514 ], [ 32.893876636857975, 46.654170796836141 ], [ 32.891260961861057, 46.655068271955081 ], [ 32.88863226715938, 46.662265186818175 ], [ 32.891246528325681, 46.662267701445785 ], [ 32.893867833803519, 46.658670442429568 ], [ 32.917389157672766, 46.662289562590921 ], [ 32.914772065009821, 46.664087502456994 ], [ 32.906929013620932, 46.664081391704087 ], [ 32.906925924636489, 46.665881247950026 ], [ 32.90562183864288, 46.664080320978499 ], [ 32.897782182739213, 46.662273726697734 ], [ 32.895164441612607, 46.664071217573081 ], [ 32.89515922232178, 46.666771000774567 ], [ 32.891233894434251, 46.668567194781751 ], [ 32.889930265465679, 46.666766090211226 ], [ 32.883394071376564, 46.666759615975636 ], [ 32.882082918983286, 46.668558130285327 ], [ 32.879468355398714, 46.668555406008331 ], [ 32.876855835953251, 46.667652695251597 ], [ 32.87686400999187, 46.664052986880186 ], [ 32.887321397318431, 46.664063762818714 ], [ 32.887327006269331, 46.661363979035947 ], [ 32.879484355617791, 46.661355987431307 ], [ 32.876874225333033, 46.659553348214857 ], [ 32.876880353360903, 46.656853563308402 ], [ 32.883417286331337, 46.655960479757368 ], [ 32.886036914753326, 46.653263325765423 ], [ 32.880811238633179, 46.652358070241924 ], [ 32.879502348520795, 46.653256630648684 ], [ 32.878199476280351, 46.651455388300917 ], [ 32.882122040578373, 46.650559565068157 ], [ 32.882131815110064, 46.646059914872204 ], [ 32.879518335688083, 46.646057192723099 ], [ 32.879526326970009, 46.642457470345775 ], [ 32.866457588163115, 46.643342896329969 ], [ 32.863848756421604, 46.641539955636048 ], [ 32.858622237090202, 46.641533616891088 ], [ 32.858617548519803, 46.643333477153412 ], [ 32.854697530203104, 46.643328566110974 ], [ 32.853395719558875, 46.641527039400614 ], [ 32.858631612880998, 46.63793389465885 ], [ 32.862546684560556, 46.639738532202109 ], [ 32.8651620935888, 46.638841710818141 ], [ 32.863864556357669, 46.635240438848818 ], [ 32.861249299604438, 46.63613723130473 ], [ 32.861253899744398, 46.63433736856566 ], [ 32.863869069650313, 46.633440575628981 ], [ 32.862569468683887, 46.630739218014007 ], [ 32.865184443485781, 46.629842394235403 ], [ 32.865188912178304, 46.628042529211335 ], [ 32.859961370944845, 46.628936185482814 ], [ 32.858650359064079, 46.630734443363941 ], [ 32.84950577393451, 46.630722780453993 ], [ 32.85082450509384, 46.626224831202904 ], [ 32.848217014441538, 46.624421530235004 ], [ 32.861274594911606, 46.626237979196183 ], [ 32.861281491314806, 46.623538180178294 ], [ 32.853449169651235, 46.621728543468727 ], [ 32.857369991782669, 46.620833562138209 ], [ 32.856071014452397, 46.618132125428389 ], [ 32.858687829848321, 46.616335513452093 ], [ 32.867832185860088, 46.61544650534227 ], [ 32.870427018228959, 46.622648967073687 ], [ 32.876949742709584, 46.62625591154454 ], [ 32.875637296847138, 46.628954298493703 ], [ 32.884777774287329, 46.630763738640269 ], [ 32.882163077853711, 46.631661010343691 ], [ 32.882159171323408, 46.633460875401568 ], [ 32.880856684686151, 46.631659657407852 ], [ 32.876937505756224, 46.631655509101257 ], [ 32.876933425988767, 46.633455373815252 ], [ 32.88084680937628, 46.636159318774062 ], [ 32.884768224279007, 46.635263401345149 ], [ 32.88476440363403, 46.63706326543123 ], [ 32.882151357137893, 46.637060603810056 ], [ 32.883454016006084, 46.638861805514559 ], [ 32.886070927020135, 46.63706457386283 ], [ 32.892603545289539, 46.637070892230923 ], [ 32.896528263339945, 46.6343747068235 ], [ 32.896531693631786, 46.632574841181395 ], [ 32.893918862123932, 46.632572448482129 ], [ 32.895228751106167, 46.630773786153419 ], [ 32.892617786194897, 46.629871430565487 ], [ 32.893927652934444, 46.628072782261192 ], [ 32.891316839492106, 46.627170396682736 ], [ 32.899157896935534, 46.625377705370504 ], [ 32.893936441636086, 46.623573112483655 ], [ 32.892635579640519, 46.620872090679889 ], [ 32.89002331148852, 46.620869609486881 ], [ 32.890028777695385, 46.618169804979637 ], [ 32.88741663973083, 46.618167264381071 ], [ 32.890036064747434, 46.614570063644877 ], [ 32.892648029973657, 46.614572544295122 ], [ 32.893946985295223, 46.618173504055896 ], [ 32.897861809272754, 46.619976939213998 ], [ 32.910924417538311, 46.61908791833816 ], [ 32.908321346883483, 46.613686239757385 ], [ 32.907012304211619, 46.615485057989133 ], [ 32.900483927666727, 46.614579628461328 ], [ 32.900480630475116, 46.616379500011135 ], [ 32.895256525269659, 46.616374836572952 ], [ 32.895259995541146, 46.614574965314624 ], [ 32.897871961441609, 46.614577326703369 ], [ 32.896572831466948, 46.610976409090476 ], [ 32.903102314587301, 46.610982125501458 ], [ 32.905717231594089, 46.609184434191498 ], [ 32.892660476126252, 46.608272990939177 ], [ 32.890045171596192, 46.610070383775295 ], [ 32.887435287396762, 46.609167907569891 ], [ 32.884821674827016, 46.610065244385808 ], [ 32.882213828647373, 46.608262712802706 ], [ 32.883525446178545, 46.605564239858303 ], [ 32.880913914786071, 46.605561551340969 ], [ 32.879614129908987, 46.602860373950527 ], [ 32.890059738011409, 46.602870888585777 ], [ 32.888761404267143, 46.599269875560474 ], [ 32.886152059728261, 46.598367368840947 ], [ 32.883538945737236, 46.599264678499011 ], [ 32.880935601935164, 46.595662238427373 ], [ 32.867878141557547, 46.596547844389811 ], [ 32.863966000760108, 46.594743378728836 ], [ 32.866579219344324, 46.593846515532121 ], [ 32.866590260819166, 46.589346823205688 ], [ 32.863979510142222, 46.589343748940522 ], [ 32.863988514237484, 46.58574399290216 ], [ 32.861380230768034, 46.584840920182963 ], [ 32.863993015637433, 46.583944114029123 ], [ 32.866601299646568, 46.584847127321623 ], [ 32.867910938726183, 46.583048762431211 ], [ 32.861387111970387, 46.582141101526759 ], [ 32.862696857960955, 46.580342795588166 ], [ 32.856171063709638, 46.580334777303428 ], [ 32.856178202376157, 46.577634957116707 ], [ 32.853568015024038, 46.577631645883855 ], [ 32.852270253468603, 46.574930146934747 ], [ 32.853572859925414, 46.575831765254691 ], [ 32.865320545903607, 46.574946254933096 ], [ 32.865313861648296, 46.577646077443255 ], [ 32.870536382577463, 46.576752163485054 ], [ 32.872308827333185, 46.574954268538569 ], [ 32.844015512996485, 46.55859274701416 ], [ 32.805540810772577, 46.546061984107119 ], [ 32.804081488387112, 46.547859390554265 ], [ 32.797559608043123, 46.547848034838935 ], [ 32.796241762190341, 46.551445486436307 ], [ 32.794944079097711, 46.549643272260752 ], [ 32.792335242494197, 46.54963856607764 ], [ 32.793622605256147, 46.554140633294388 ], [ 32.791010098655825, 46.555035837385802 ], [ 32.792307779295513, 46.556838094479517 ], [ 32.787085898147595, 46.557728441338099 ], [ 32.785770661236754, 46.560425825000806 ], [ 32.781860240460063, 46.559518488915572 ], [ 32.780577352517184, 46.554116354891306 ], [ 32.777964633667622, 46.555011260690755 ], [ 32.776667471781664, 46.553208841227232 ], [ 32.774058467472685, 46.553203717935418 ], [ 32.774065936673999, 46.551403837713323 ], [ 32.771457019328089, 46.551398655242672 ], [ 32.771464574051997, 46.549598774774594 ], [ 32.767555170516253, 46.548690949799465 ], [ 32.766266228780182, 46.545088529979004 ], [ 32.77017535227084, 46.545996399071328 ], [ 32.7845301031576, 46.544224440985211 ], [ 32.784522981676261, 46.546024324744884 ], [ 32.788432478825015, 46.546931570420142 ], [ 32.791054996986013, 46.543336596365542 ], [ 32.778016002633635, 46.542412087806163 ], [ 32.759748666973159, 46.544175078547198 ], [ 32.758448374221842, 46.543272391348815 ], [ 32.756786862895183, 46.531796970979649 ], [ 32.73668719696478, 46.51510242331539 ], [ 32.729902331840947, 46.501810743863459 ], [ 32.723443496847352, 46.501795309984672 ], [ 32.705217238354116, 46.498149966207798 ], [ 32.71177592306956, 46.490067069016845 ], [ 32.71569894719282, 46.487377014085141 ], [ 32.719371665298716, 46.487386083982372 ], [ 32.714410155161865, 46.484673928945313 ], [ 32.714421810560701, 46.482446533560221 ], [ 32.706641184450788, 46.475692936191749 ], [ 32.706602694155208, 46.482854251175375 ], [ 32.709203524675821, 46.483760851701184 ], [ 32.71051590623194, 46.481964263421276 ], [ 32.71050158548465, 46.484664102976879 ], [ 32.703982425814736, 46.485547375273001 ], [ 32.697448088111258, 46.489130109614578 ], [ 32.687019243368233, 46.490002006072444 ], [ 32.680514880825783, 46.488184107479789 ], [ 32.672691867519198, 46.48906194665576 ], [ 32.671399750006834, 46.487258325841083 ], [ 32.66878299893483, 46.489050694288686 ], [ 32.660965268858263, 46.489027788815385 ], [ 32.667485527326832, 46.488146971805662 ], [ 32.667496494668633, 46.486347087358226 ], [ 32.674010953334772, 46.486365839545471 ], [ 32.683157331037776, 46.481891748742363 ], [ 32.687065692389368, 46.481902508625197 ], [ 32.687076011675394, 46.480102618733966 ], [ 32.69098424637432, 46.480113244405445 ], [ 32.689696849443969, 46.477409880780172 ], [ 32.693614994389911, 46.475620524017828 ], [ 32.696240301091045, 46.472027685753062 ], [ 32.696260951651915, 46.468315548893855 ], [ 32.678394829261173, 46.458532033730087 ], [ 32.665251112339185, 46.453363540082357 ], [ 32.638645031054885, 46.446468404686954 ], [ 32.618340310562019, 46.444056690291546 ], [ 32.617982719028532, 46.495192010807706 ], [ 32.623129985527669, 46.496109043263303 ], [ 32.625748569802766, 46.494317726940494 ], [ 32.627027034754093, 46.497921730771459 ], [ 32.633536801662707, 46.498842729024005 ], [ 32.63225181842958, 46.496138734727538 ], [ 32.637452338780577, 46.497955250289351 ], [ 32.636167181837571, 46.495251299062915 ], [ 32.640070543692239, 46.496163605572534 ], [ 32.643985783272569, 46.495275901916187 ], [ 32.645271328862883, 46.497979766368935 ], [ 32.650483994538206, 46.497995813488245 ], [ 32.651798650715151, 46.496199909752477 ], [ 32.651787161650148, 46.497999788151283 ], [ 32.654393496698567, 46.498007692937129 ], [ 32.659628631176773, 46.494423564037469 ], [ 32.662234797505057, 46.494431289696486 ], [ 32.663526780025549, 46.496235011422073 ], [ 32.660920527180046, 46.496227314971996 ], [ 32.662218081051115, 46.497131110867564 ], [ 32.660870172293713, 46.504326770976483 ], [ 32.666077942792697, 46.505242048127251 ], [ 32.666088963132459, 46.503442169341525 ], [ 32.668690095082923, 46.504349688620024 ], [ 32.670004307252654, 46.502553576471684 ], [ 32.66999341647049, 46.504353456252012 ], [ 32.675185264053681, 46.507968137992009 ], [ 32.675169180932969, 46.510667956278155 ], [ 32.672556830624337, 46.511560462250301 ], [ 32.67125876273014, 46.510656784589784 ], [ 32.669944395035436, 46.512452908198028 ], [ 32.66343237819374, 46.511533978256345 ], [ 32.664713733301383, 46.515137557630297 ], [ 32.662106576609439, 46.515129885839578 ], [ 32.662089841726122, 46.51782969716016 ], [ 32.66469712753706, 46.517837369670097 ], [ 32.66468605570136, 46.519637243649541 ], [ 32.668608058240189, 46.517848767007287 ], [ 32.66988990197693, 46.521452285689278 ], [ 32.675110189708569, 46.520567279004631 ], [ 32.675099460690546, 46.522367154008641 ], [ 32.677712288550083, 46.521474592868721 ], [ 32.681618228286382, 46.522385483866053 ], [ 32.680303916434916, 46.524181722964869 ], [ 32.684199663577203, 46.526892400798836 ], [ 32.697243298807635, 46.526027715754907 ], [ 32.698537185192883, 46.527831036571897 ], [ 32.690703654081858, 46.529610026719382 ], [ 32.690683218512035, 46.533209775870141 ], [ 32.694590217587724, 46.534120224622541 ], [ 32.693270980419108, 46.536816546143001 ], [ 32.699796447576702, 46.53593390722056 ], [ 32.698502328344013, 46.534130602653931 ], [ 32.701120277512203, 46.532337571275733 ], [ 32.702419356894652, 46.533240908991296 ], [ 32.708944249783286, 46.532357746319718 ], [ 32.71156653493945, 46.52966453522972 ], [ 32.715468932817409, 46.531474210851286 ], [ 32.719399399365074, 46.527884114889524 ], [ 32.719380860857363, 46.531483874427039 ], [ 32.716772908606877, 46.531477446907481 ], [ 32.712846752617132, 46.53416751078511 ], [ 32.715403115169806, 46.544073347037262 ], [ 32.724537613615468, 46.543195758985654 ], [ 32.7297457130312, 46.545008079654409 ], [ 32.720615609430766, 46.544986145332786 ], [ 32.719302032539552, 46.546782827008549 ], [ 32.714079938609053, 46.547669842350047 ], [ 32.707567790688508, 46.545853483000819 ], [ 32.707558125000453, 46.547653355513134 ], [ 32.702345597458816, 46.54673996257258 ], [ 32.701031376209812, 46.548536432376828 ], [ 32.719288114991187, 46.54948263789224 ], [ 32.729732314126764, 46.547707893749326 ], [ 32.72839203598248, 46.554904301807042 ], [ 32.729687637193479, 46.556707264799087 ], [ 32.724460202223995, 46.558494686793274 ], [ 32.72444197860893, 46.562094428524524 ], [ 32.714013762265104, 46.560268941177235 ], [ 32.714027946649345, 46.557569136638612 ], [ 32.710114146260956, 46.557559285768725 ], [ 32.707495275435711, 46.559352512937735 ], [ 32.708780658089871, 46.562955577715286 ], [ 32.712699596668209, 46.562065540900278 ], [ 32.71399957584066, 46.562968744432425 ], [ 32.715285473743556, 46.566571734994447 ], [ 32.719204567656149, 46.565681476245011 ], [ 32.725724012261821, 46.566597238306166 ], [ 32.728324663257119, 46.568403334479413 ], [ 32.728315676565707, 46.570203203078826 ], [ 32.72440096269483, 46.570193839079323 ], [ 32.724391845643432, 46.571993706523209 ], [ 32.72830668901247, 46.572003071107964 ], [ 32.729593745886767, 46.575605897599829 ], [ 32.723054830609861, 46.578290086097695 ], [ 32.724350808090577, 46.58009310296346 ], [ 32.740021127448145, 46.578329900639901 ], [ 32.749148539854524, 46.580150165485044 ], [ 32.749140238584516, 46.581950033359021 ], [ 32.751754724364247, 46.581055793572936 ], [ 32.760886946795019, 46.581975188467894 ], [ 32.759569821157612, 46.584672255861911 ], [ 32.755654056208961, 46.584663959390767 ], [ 32.754332539908546, 46.588260897860678 ], [ 32.755633836598619, 46.589163626651455 ], [ 32.759553905068309, 46.588271990992624 ], [ 32.7595459458786, 46.590071857703052 ], [ 32.762156716023966, 46.590077315247527 ], [ 32.759526044563891, 46.594571521985685 ], [ 32.763442524181031, 46.59457968723612 ], [ 32.766041892631129, 46.597284854379929 ], [ 32.769962377871423, 46.596392864103905 ], [ 32.767335895692845, 46.599987313887667 ], [ 32.77256215770408, 46.599097882982718 ], [ 32.772547094099188, 46.602697612332456 ], [ 32.776464162848661, 46.602705332842206 ], [ 32.780392142043389, 46.600013121006718 ], [ 32.780399413736198, 46.598213254805422 ], [ 32.783010578669845, 46.598218237119099 ], [ 32.783017763210871, 46.596418370036623 ], [ 32.790851002750941, 46.596432958490006 ], [ 32.790857927264433, 46.59463308992602 ], [ 32.796079917400483, 46.594642517010755 ], [ 32.797392123096039, 46.592844966671187 ], [ 32.800003033022179, 46.592849560749023 ], [ 32.798704241875036, 46.591047400576699 ], [ 32.801315065689849, 46.591051964576764 ], [ 32.80393887033965, 46.587456724990069 ], [ 32.81046550207121, 46.587467723993463 ], [ 32.810474911578339, 46.584767913463047 ], [ 32.813085435726286, 46.584772208407259 ], [ 32.814366121477654, 46.591973827046495 ], [ 32.813054497526039, 46.593771573200868 ], [ 32.815665454356797, 46.59377580990045 ], [ 32.814350756347402, 46.596473505859997 ], [ 32.815641038931311, 46.600975292543303 ], [ 32.818258360435571, 46.599179600632667 ], [ 32.816961843139204, 46.596477713160475 ], [ 32.818288443112188, 46.590180241752357 ], [ 32.822204621024468, 46.590186394925986 ], [ 32.822210506201507, 46.588386521056869 ], [ 32.82482120576563, 46.588390548446228 ], [ 32.82481250741867, 46.591090359413947 ], [ 32.828725917345075, 46.59199622623867 ], [ 32.828720247125787, 46.593796099591252 ], [ 32.820887369766218, 46.593784104538301 ], [ 32.820881439673869, 46.59558397657171 ], [ 32.828708905055308, 46.597395844588192 ], [ 32.83913479741328, 46.603710557246565 ], [ 32.843051954382048, 46.603715998012071 ], [ 32.840432589252273, 46.606412191593883 ], [ 32.837821021917037, 46.606408519366703 ], [ 32.83781565009896, 46.608208388996715 ], [ 32.828674865783924, 46.608195065913108 ], [ 32.826066094938, 46.607291190975012 ], [ 32.827380475087388, 46.604593365079694 ], [ 32.822157519278932, 46.604585365378199 ], [ 32.822151629018585, 46.606385234122193 ], [ 32.81562272121274, 46.606374898545745 ], [ 32.81692243865767, 46.608176863127206 ], [ 32.815613560376178, 46.609074699624912 ], [ 32.807775302919573, 46.609961736920823 ], [ 32.806479051627143, 46.607259736164139 ], [ 32.802558377134943, 46.608152975812928 ], [ 32.802577993996849, 46.60275337560455 ], [ 32.799973232097535, 46.600948971960868 ], [ 32.788218885313981, 46.601827756637697 ], [ 32.789507127904514, 46.60632983042219 ], [ 32.781676078108909, 46.605415215423228 ], [ 32.779053590762445, 46.608109997492392 ], [ 32.776441951232307, 46.608104924041072 ], [ 32.775106333256986, 46.615301811274364 ], [ 32.7777146361706, 46.616206846117862 ], [ 32.777696221799523, 46.620706495520871 ], [ 32.780301186993519, 46.622511400450847 ], [ 32.777685171056255, 46.623406283453441 ], [ 32.77634933397912, 46.630603165506784 ], [ 32.775035516019919, 46.632400459736047 ], [ 32.77242270900102, 46.632395292501812 ], [ 32.772411391495638, 46.63509507391597 ], [ 32.767189379081366, 46.63418463279492 ], [ 32.768522683491888, 46.627887792464982 ], [ 32.765913974287919, 46.626982549171714 ], [ 32.761991213190939, 46.627874391683001 ], [ 32.764592096255207, 46.630579578802653 ], [ 32.763273966289653, 46.633276664008363 ], [ 32.752838970243999, 46.629654857490884 ], [ 32.75154498821113, 46.626952248113554 ], [ 32.743694626337742, 46.629634737941721 ], [ 32.743677632694308, 46.633234440320557 ], [ 32.742379752583815, 46.631431655350895 ], [ 32.741069083629625, 46.632328631709186 ], [ 32.737149888504888, 46.632319694989725 ], [ 32.735852247200057, 46.630516836175211 ], [ 32.726703240784261, 46.631395283117584 ], [ 32.720180645871807, 46.629579646060009 ], [ 32.71103633927418, 46.629556916373694 ], [ 32.708438178949109, 46.626850517580046 ], [ 32.703213127573676, 46.62683708299857 ], [ 32.696706949119879, 46.622320338869869 ], [ 32.691482339221544, 46.622306369585147 ], [ 32.691492562838491, 46.620506523320877 ], [ 32.683661156333322, 46.61958520072028 ], [ 32.683671638129411, 46.617785354937659 ], [ 32.679758817790827, 46.616874531946195 ], [ 32.679769427884565, 46.615074685988851 ], [ 32.68499333645974, 46.615089188447349 ], [ 32.683703077483742, 46.612385814165876 ], [ 32.68631490298705, 46.612393005091434 ], [ 32.686330489498687, 46.609693232105357 ], [ 32.690248034961961, 46.609703905698098 ], [ 32.690258294966718, 46.607904055660285 ], [ 32.696782304300967, 46.608821471432904 ], [ 32.696792347561924, 46.607021620016617 ], [ 32.699408896461975, 46.606128585392163 ], [ 32.698118130024191, 46.603425368248878 ], [ 32.703336015291129, 46.604338957225799 ], [ 32.705932849796596, 46.607045479505118 ], [ 32.707248333099422, 46.605248974702953 ], [ 32.705962065712576, 46.601645917359477 ], [ 32.708573380443795, 46.601652598973686 ], [ 32.703365486419386, 46.598939393777258 ], [ 32.702084555579923, 46.594436361537518 ], [ 32.692946176817365, 46.594412199654364 ], [ 32.6929563420249, 46.592612344326561 ], [ 32.689029732412358, 46.594401621110926 ], [ 32.689040027271155, 46.592601766444297 ], [ 32.685128926619143, 46.591691127287696 ], [ 32.683844442651527, 46.588087817133882 ], [ 32.685160192650038, 46.586291561016331 ], [ 32.687770764969464, 46.586298715642776 ], [ 32.687750094766763, 46.589898427955461 ], [ 32.692966506257399, 46.590812488428156 ], [ 32.694327550042324, 46.580916765536784 ], [ 32.693027471183193, 46.580013341055313 ], [ 32.696937866628303, 46.580923710365894 ], [ 32.699587946323781, 46.57373114945262 ], [ 32.702192993123496, 46.574637904942904 ], [ 32.703507810710505, 46.572841431396931 ], [ 32.698367770898713, 46.558428863495351 ], [ 32.695763562739941, 46.557522020329571 ], [ 32.697088190788108, 46.553925746560189 ], [ 32.693189872924464, 46.551215514300651 ], [ 32.694514515287324, 46.547619266395799 ], [ 32.691921070355534, 46.544912464970878 ], [ 32.693240572397514, 46.542216163481932 ], [ 32.690642335618044, 46.540409267323518 ], [ 32.690662779024414, 46.536809522738181 ], [ 32.682817220255743, 46.540387837624664 ], [ 32.684105747165347, 46.543091251683293 ], [ 32.678883442843535, 46.543976660306562 ], [ 32.678872829763584, 46.54577652858007 ], [ 32.682791013984499, 46.544887511797796 ], [ 32.682780529717348, 46.546687380468207 ], [ 32.678862215666172, 46.54757639628275 ], [ 32.678840984418478, 46.551176129975772 ], [ 32.681449870987933, 46.551183424631041 ], [ 32.682728093302281, 46.55568671525905 ], [ 32.678830367267942, 46.552975995966072 ], [ 32.676221395473185, 46.552968641353992 ], [ 32.676232098866848, 46.551168775823328 ], [ 32.673623214341298, 46.551161362173765 ], [ 32.67625885286207, 46.54666910949927 ], [ 32.67497600304624, 46.543065675523899 ], [ 32.669748097755765, 46.544850600367973 ], [ 32.669737182417975, 46.54665046673145 ], [ 32.667128516064395, 46.546642905520841 ], [ 32.667150518112898, 46.543043173168009 ], [ 32.672367507027765, 46.543058234218876 ], [ 32.669786293199046, 46.538551063599833 ], [ 32.664558653293945, 46.540335753373235 ], [ 32.66195029076917, 46.540328074867261 ], [ 32.661961460999507, 46.538528207934036 ], [ 32.658049048499301, 46.538516579387228 ], [ 32.658026448402182, 46.542116311229101 ], [ 32.647598493704713, 46.541184711879517 ], [ 32.648879486628452, 46.544788448918126 ], [ 32.637164906437597, 46.541152093660628 ], [ 32.639749491398575, 46.544760060552591 ], [ 32.646259223899754, 46.546580274287514 ], [ 32.650149083643015, 46.550192031388562 ], [ 32.655366748345102, 46.550207869638704 ], [ 32.654045177485877, 46.552903724811316 ], [ 32.648827255166935, 46.552887825576072 ], [ 32.647499467809276, 46.556483532324677 ], [ 32.642281206050171, 46.556467333563972 ], [ 32.642263463708538, 46.559167119604794 ], [ 32.644872723427731, 46.559175249501003 ], [ 32.646189052815686, 46.557379434153255 ], [ 32.650091246235554, 46.559191330754139 ], [ 32.640893519867419, 46.56906223542088 ], [ 32.643479667076704, 46.572670104826521 ], [ 32.640869760632413, 46.572661941348073 ], [ 32.639582692438111, 46.569958058434551 ], [ 32.636978921324058, 46.569049880108558 ], [ 32.631759460634576, 46.569033197992105 ], [ 32.633088597918778, 46.565437685739404 ], [ 32.631795997170528, 46.56363364026096 ], [ 32.62788179309694, 46.563620974773876 ], [ 32.629204921254022, 46.56092543147966 ], [ 32.62791255574826, 46.55912134138196 ], [ 32.626595582186155, 46.560916943975847 ], [ 32.623992461247376, 46.560008470534385 ], [ 32.621370647225469, 46.561799716428759 ], [ 32.618767572119346, 46.560891124366627 ], [ 32.617509798973479, 46.562605464022802 ], [ 32.617217975568806, 46.60408323424894 ], [ 32.619751475584202, 46.606791502255028 ], [ 32.617186279044383, 46.608582826571769 ], [ 32.618319269684314, 46.624785496757376 ] ], [ [ 32.777814118112893, 46.910478975726519 ], [ 32.776504713659932, 46.909576536000067 ], [ 32.777817836820404, 46.909579091900966 ], [ 32.777814118112893, 46.910478975726519 ] ], [ [ 32.780466128475254, 46.904184851626681 ], [ 32.779149441139111, 46.905082211080703 ], [ 32.7791531368009, 46.904182326321653 ], [ 32.780466128475254, 46.904184851626681 ] ], [ [ 32.775214162849984, 46.904174660057507 ], [ 32.775206639517968, 46.90597442895379 ], [ 32.772580569901216, 46.905969242495871 ], [ 32.775217924244245, 46.903274775395843 ], [ 32.773916304258286, 46.900572535342427 ], [ 32.777858730784111, 46.899680360425215 ], [ 32.776534632655348, 46.902377460910621 ], [ 32.7791531368009, 46.904182326321653 ], [ 32.775214162849984, 46.904174660057507 ] ], [ [ 32.93665477994179, 46.953871633290724 ], [ 32.932713261994465, 46.952969501060302 ], [ 32.936655841756206, 46.952971750092395 ], [ 32.93665477994179, 46.953871633290724 ] ], [ [ 32.836821132472146, 46.938474830603496 ], [ 32.838137678373151, 46.937576812975088 ], [ 32.838134966597273, 46.938476695559039 ], [ 32.836821132472146, 46.938474830603496 ] ], [ [ 32.860551914545184, 46.907010085905554 ], [ 32.859236492356395, 46.907908367294944 ], [ 32.859238848096091, 46.907008479007075 ], [ 32.860551914545184, 46.907010085905554 ] ], [ [ 32.898637671304584, 46.903450575130023 ], [ 32.899948978584398, 46.90435162028249 ], [ 32.89863597514266, 46.904350465289184 ], [ 32.898637671304584, 46.903450575130023 ] ], [ [ 32.863219245594465, 46.890815238336408 ], [ 32.861904264503259, 46.891713553392506 ], [ 32.861906574289911, 46.890813662444913 ], [ 32.863219245594465, 46.890815238336408 ] ], [ [ 32.8618834714173, 46.899812565521678 ], [ 32.861878849507519, 46.901612344430561 ], [ 32.860565914773488, 46.901610752890562 ], [ 32.859257689929649, 46.899809367584702 ], [ 32.8618834714173, 46.899812565521678 ] ], [ [ 32.839561659487373, 46.900683352024444 ], [ 32.836933109799929, 46.901579530422836 ], [ 32.836935838192538, 46.900679642065612 ], [ 32.839561659487373, 46.900683352024444 ] ], [ [ 32.836933109799929, 46.901579530422836 ], [ 32.8356174268892, 46.902477540956234 ], [ 32.835620177381671, 46.901577652799958 ], [ 32.836933109799929, 46.901579530422836 ] ], [ [ 32.835609174616899, 46.905177204571565 ], [ 32.838232508268213, 46.906080832932496 ], [ 32.83559541817975, 46.909676641085674 ], [ 32.817211610162694, 46.909648765542556 ], [ 32.818539923179387, 46.905151422067789 ], [ 32.821165960311511, 46.905155554253717 ], [ 32.822484920162857, 46.903357823383374 ], [ 32.83298592925172, 46.904273516068876 ], [ 32.8356174268892, 46.902477540956234 ], [ 32.835609174616899, 46.905177204571565 ] ], [ [ 32.888225436747589, 46.859346016400345 ], [ 32.889542878521752, 46.856647598435664 ], [ 32.889537342258926, 46.859347289869135 ], [ 32.888225436747589, 46.859346016400345 ] ], [ [ 32.875187690084736, 46.824236384412487 ], [ 32.876494618696228, 46.826037610327454 ], [ 32.875183524393599, 46.826036188155278 ], [ 32.875187690084736, 46.824236384412487 ] ], [ [ 32.875183524393599, 46.826036188155278 ], [ 32.873855588347979, 46.833233959888368 ], [ 32.864678965136193, 46.832323576156838 ], [ 32.866005867140146, 46.82602581245829 ], [ 32.872557082475893, 46.827833101751402 ], [ 32.875183524393599, 46.826036188155278 ] ], [ [ 32.864676706339729, 46.833223476446662 ], [ 32.863360876210919, 46.835021718782478 ], [ 32.859429286815754, 46.834117055389918 ], [ 32.859424593559709, 46.835916854863143 ], [ 32.856801926363779, 46.835913603927139 ], [ 32.859433979620171, 46.83231725534776 ], [ 32.864676706339729, 46.833223476446662 ] ], [ [ 32.849072447012517, 46.786408820709248 ], [ 32.850377590452204, 46.78821035468836 ], [ 32.847757242387537, 46.788206899165573 ], [ 32.849072447012517, 46.786408820709248 ] ], [ [ 32.830626169201665, 46.819679595819402 ], [ 32.829312384328674, 46.820577549262573 ], [ 32.829315232161797, 46.819677648460669 ], [ 32.830626169201665, 46.819679595819402 ] ], [ [ 32.831923084586855, 46.824181031357192 ], [ 32.837164554867186, 46.825088512227573 ], [ 32.831920279823947, 46.825080931569019 ], [ 32.831923084586855, 46.824181031357192 ] ], [ [ 32.820318469286214, 46.765669314388944 ], [ 32.818999801046466, 46.768366976873587 ], [ 32.816380419625183, 46.768362804329712 ], [ 32.817699218436211, 46.765665172208337 ], [ 32.822946565884806, 46.762973668686456 ], [ 32.822937720711593, 46.76567339662558 ], [ 32.820318469286214, 46.765669314388944 ] ], [ [ 32.830795478356116, 46.765685283671431 ], [ 32.832133057809031, 46.756688109964969 ], [ 32.822976040584862, 46.753974566305757 ], [ 32.822981933824963, 46.752174744121859 ], [ 32.815126143366882, 46.752162323405798 ], [ 32.813813746364396, 46.753060111568566 ], [ 32.81510152073843, 46.759361605619162 ], [ 32.809860466830834, 46.760252932784624 ], [ 32.8059222926098, 46.762946065239809 ], [ 32.807219010571728, 46.766547912281609 ], [ 32.800667463491607, 46.767436602528264 ], [ 32.799371161301842, 46.763834682464307 ], [ 32.790197121359448, 46.765618060204197 ], [ 32.790204108665989, 46.76381824518014 ], [ 32.794136272506705, 46.762925471691659 ], [ 32.795456047200709, 46.760228094881512 ], [ 32.802003508297219, 46.760239609584254 ], [ 32.80201010116555, 46.758439791539097 ], [ 32.805938448925325, 46.758446520142648 ], [ 32.812498184575809, 46.754857794833384 ], [ 32.816459880264617, 46.744965139123281 ], [ 32.813841632942136, 46.74496091006862 ], [ 32.813847828321499, 46.743161085947428 ], [ 32.808624247199887, 46.739552799805409 ], [ 32.79946797815996, 46.737737285725466 ], [ 32.787683924401719, 46.738615948043432 ], [ 32.773266426726423, 46.743087880386256 ], [ 32.762762251494962, 46.750265922110593 ], [ 32.753589320156024, 46.75204637159738 ], [ 32.748356350857293, 46.751135068585853 ], [ 32.747059713550371, 46.748432460817881 ], [ 32.744445563676045, 46.747526736444179 ], [ 32.745792816187191, 46.739430480074283 ], [ 32.751045320074056, 46.735842353647222 ], [ 32.75237481370165, 46.731345643312665 ], [ 32.756313340148083, 46.728654339307433 ], [ 32.758930788541747, 46.728659883050398 ], [ 32.764189217766884, 46.723271318687672 ], [ 32.769423597577145, 46.723281985108656 ], [ 32.770739817282283, 46.721484788250493 ], [ 32.7733569216294, 46.721490001424677 ], [ 32.772055949409477, 46.719687575531999 ], [ 32.791687062658291, 46.718825073896042 ], [ 32.802148405114067, 46.720643481058076 ], [ 32.819171390388234, 46.717071962285239 ], [ 32.821794214374023, 46.715276233830892 ], [ 32.82571653594669, 46.716182196280506 ], [ 32.827033590329215, 46.71348442954735 ], [ 32.829650316852671, 46.713488354800631 ], [ 32.829655979892543, 46.711688519187462 ], [ 32.832275407796445, 46.710792466222735 ], [ 32.832267043920226, 46.713492220218434 ], [ 32.834881026794342, 46.71439594363359 ], [ 32.832264255693609, 46.714392137932371 ], [ 32.830950249988049, 46.716190047523291 ], [ 32.836175795678173, 46.718897411368978 ], [ 32.840082667796835, 46.725202381206898 ], [ 32.83745185762124, 46.729698272874934 ], [ 32.838755249787383, 46.731499955101988 ], [ 32.836137651049889, 46.731496236949269 ], [ 32.836145827058971, 46.728796490958615 ], [ 32.832227996555353, 46.726091055263325 ], [ 32.82438183047848, 46.724279443215373 ], [ 32.82044998790446, 46.726073181858808 ], [ 32.820444015816513, 46.727873012042238 ], [ 32.817826595056964, 46.727868875296551 ], [ 32.816523987565546, 46.726066954680107 ], [ 32.812594871994449, 46.726960507582334 ], [ 32.812582404290509, 46.730560165236348 ], [ 32.813884988095758, 46.732362129264423 ], [ 32.81912026379635, 46.732370523798316 ], [ 32.81779022796826, 46.738667842889811 ], [ 32.826950152800428, 46.739581978408488 ], [ 32.828267718659752, 46.736884209232755 ], [ 32.829568141595551, 46.739585907221702 ], [ 32.833495125807616, 46.739591688148245 ], [ 32.834809617529082, 46.73779375733978 ], [ 32.834787627493029, 46.744993065280944 ], [ 32.838715005366296, 46.744998667588739 ], [ 32.840018807040117, 46.746800331101589 ], [ 32.843943720069021, 46.747705667014912 ], [ 32.84656465788283, 46.746809294459638 ], [ 32.849175468870449, 46.749512514110343 ], [ 32.854417260131086, 46.747719469674855 ], [ 32.854409991028547, 46.750419209025139 ], [ 32.851781606442266, 46.754015497960211 ], [ 32.851769268632083, 46.758515057327827 ], [ 32.845219421805737, 46.759406301148509 ], [ 32.84521169029221, 46.762106033822121 ], [ 32.839976192262753, 46.761198918831809 ], [ 32.8386532408771, 46.765696631220443 ], [ 32.837346322102341, 46.764794867588222 ], [ 32.830795478356116, 46.765685283671431 ] ], [ [ 32.799351113372623, 46.769234128911556 ], [ 32.788873435588442, 46.769215279968911 ], [ 32.788852334709865, 46.774614717755739 ], [ 32.791468541187939, 46.775519426768533 ], [ 32.794095125827099, 46.773724357679363 ], [ 32.795394719791716, 46.776426425184667 ], [ 32.791465067255203, 46.776419332575855 ], [ 32.784901315849211, 46.780006832020845 ], [ 32.778347773126029, 46.780894239151891 ], [ 32.7783551590014, 46.779094430357858 ], [ 32.78097505470523, 46.779099474058143 ], [ 32.780989649748356, 46.775499854130729 ], [ 32.787542494841098, 46.774612293738315 ], [ 32.786257577657729, 46.768310511211517 ], [ 32.788883983745471, 46.76651555915354 ], [ 32.800667463491607, 46.767436602528264 ], [ 32.799351113372623, 46.769234128911556 ] ], [ [ 32.833589238051722, 46.708994539486078 ], [ 32.836203026137504, 46.70989823316372 ], [ 32.836200303680187, 46.710798151624623 ], [ 32.832275407796445, 46.710792466222735 ], [ 32.833589238051722, 46.708994539486078 ] ], [ [ 32.83481236568921, 46.736893843206801 ], [ 32.8361267478709, 46.735095896277933 ], [ 32.837435634259478, 46.735097763071835 ], [ 32.837427520824399, 46.737797506249258 ], [ 32.83481236568921, 46.736893843206801 ] ], [ [ 32.83209671668024, 46.768386940348826 ], [ 32.833403634400611, 46.76928876335883 ], [ 32.832093920267994, 46.76928684938229 ], [ 32.83209671668024, 46.768386940348826 ] ], [ [ 32.888456314024701, 46.747757708599764 ], [ 32.887148996522342, 46.746856510525042 ], [ 32.88845817034823, 46.746857794003091 ], [ 32.888456314024701, 46.747757708599764 ] ], [ [ 32.847878891536311, 46.745011215505443 ], [ 32.846567211286391, 46.745909381236849 ], [ 32.846569764567242, 46.745009467871782 ], [ 32.847878891536311, 46.745011215505443 ] ], [ [ 33.033800413573459, 46.784703522252819 ], [ 33.039040136050879, 46.783801944425669 ], [ 33.039040786611338, 46.784701854684577 ], [ 33.033800413573459, 46.784703522252819 ] ], [ [ 33.053468741121215, 46.80179429614077 ], [ 33.056090691850045, 46.802692948915066 ], [ 33.053469632678201, 46.802694203374188 ], [ 33.053468741121215, 46.80179429614077 ] ], [ [ 33.05743570810121, 46.835088862755029 ], [ 33.058746044279687, 46.834188295227982 ], [ 33.058747024940949, 46.835088197263168 ], [ 33.05743570810121, 46.835088862755029 ] ], [ [ 33.16746030377972, 46.794485012610224 ], [ 33.168767815724131, 46.793583182943713 ], [ 33.168770629008939, 46.794483087956912 ], [ 33.16746030377972, 46.794485012610224 ] ], [ [ 33.316746507369771, 46.778870744017283 ], [ 33.316735953544388, 46.777070948639235 ], [ 33.320670959773942, 46.777959903347117 ], [ 33.32067630228169, 46.778859800622719 ], [ 33.316746507369771, 46.778870744017283 ] ], [ [ 33.353448055727341, 46.782362933967683 ], [ 33.352132176405981, 46.781467078254558 ], [ 33.353442166524331, 46.781463040277934 ], [ 33.353448055727341, 46.782362933967683 ] ], [ [ 33.219737705158487, 46.761099845768754 ], [ 33.221050897296415, 46.761997231344182 ], [ 33.219741363933075, 46.761999753195241 ], [ 33.219737705158487, 46.761099845768754 ] ], [ [ 32.858631612880998, 46.63793389465885 ], [ 32.856020914175978, 46.637030705352217 ], [ 32.858633956547479, 46.637033963745047 ], [ 32.858631612880998, 46.63793389465885 ] ], [ [ 32.893913586625104, 46.635272246507547 ], [ 32.892608886269741, 46.63437109517335 ], [ 32.893915345209095, 46.634372313974673 ], [ 32.893913586625104, 46.635272246507547 ] ], [ [ 32.880913914786071, 46.605561551340969 ], [ 32.879606155480701, 46.606460121368976 ], [ 32.879608149231231, 46.605560184727793 ], [ 32.880913914786071, 46.605561551340969 ] ], [ [ 32.667304414408967, 46.517844982751924 ], [ 32.666006284840016, 46.516941246316492 ], [ 32.667309906887162, 46.516945045310194 ], [ 32.667304414408967, 46.517844982751924 ] ], [ [ 32.807775302919573, 46.609961736920823 ], [ 32.806466230736113, 46.610859468194874 ], [ 32.806469436189523, 46.609959535400776 ], [ 32.807775302919573, 46.609961736920823 ] ], [ [ 32.691482339221544, 46.622306369585147 ], [ 32.690171053538911, 46.623202762793987 ], [ 32.690176187357558, 46.622302839986105 ], [ 32.691482339221544, 46.622306369585147 ] ], [ [ 32.691921070355534, 46.544912464970878 ], [ 32.690611663158791, 46.545808879921459 ], [ 32.690616775847914, 46.544908944845147 ], [ 32.691921070355534, 46.544912464970878 ] ], [ [ 32.674954518256229, 46.546665410689577 ], [ 32.673655577045572, 46.545761763546643 ], [ 32.674959889839919, 46.545765477112234 ], [ 32.674954518256229, 46.546665410689577 ] ], [ [ 32.65541800237736, 46.542108483547857 ], [ 32.654108064423447, 46.543004479638945 ], [ 32.654113779773773, 46.542104547402992 ], [ 32.65541800237736, 46.542108483547857 ] ], [ [ 32.646089574652052, 46.572678208763996 ], [ 32.646072011263506, 46.575377988235047 ], [ 32.644766992577786, 46.575373943329751 ], [ 32.643479667076704, 46.572670104826521 ], [ 32.646089574652052, 46.572678208763996 ] ], [ [ 32.647377030229968, 46.575382018253698 ], [ 32.647365363077228, 46.577181870772336 ], [ 32.65126901245182, 46.578993724956021 ], [ 32.653896403740042, 46.576301872000386 ], [ 32.656506488447782, 46.576309738756656 ], [ 32.653862044990746, 46.581701430722923 ], [ 32.649946531343815, 46.581689516701076 ], [ 32.646048589481595, 46.578977692197384 ], [ 32.647377030229968, 46.575382018253698 ] ], [ [ 33.336317021733677, 46.766216122638369 ], [ 33.342922243296421, 46.775195657468394 ], [ 33.336373042627272, 46.775215093415682 ], [ 33.336356233531198, 46.7725154036806 ], [ 33.333736682274107, 46.772523072407374 ], [ 33.332437981138192, 46.774326678304462 ], [ 33.327198699832145, 46.774341776877399 ], [ 33.32847022118181, 46.768038740679486 ], [ 33.327116972677373, 46.760843300759809 ], [ 33.336317021733677, 46.766216122638369 ] ], [ [ 33.208045640369519, 46.785419336594153 ], [ 33.204122136087186, 46.787226222267726 ], [ 33.189707354245805, 46.786351112363661 ], [ 33.193624825928957, 46.782744909101432 ], [ 33.208038706794163, 46.783619527624715 ], [ 33.208045640369519, 46.785419336594153 ] ], [ [ 33.208038706794163, 46.783619527624715 ], [ 33.20934527694358, 46.78271723421441 ], [ 33.209348765310274, 46.78361713883799 ], [ 33.208038706794163, 46.783619527624715 ] ], [ [ 33.20934527694358, 46.78271723421441 ], [ 33.210651803435958, 46.781814925816754 ], [ 33.210655313462901, 46.782714830507572 ], [ 33.20934527694358, 46.78271723421441 ] ], [ [ 33.210648293577783, 46.780915020983606 ], [ 33.214567546168873, 46.778208005681932 ], [ 33.227678185075995, 46.780882410310035 ], [ 33.236844167825843, 46.779963897776845 ], [ 33.238122397722648, 46.772761947994134 ], [ 33.235502812119179, 46.772767368327678 ], [ 33.235514581295334, 46.775467081694735 ], [ 33.232894864027408, 46.775472442572905 ], [ 33.231565718022061, 46.770975576281721 ], [ 33.232871589173726, 46.770073013551567 ], [ 33.242039679988849, 46.770053991704977 ], [ 33.242047742932478, 46.77185380075904 ], [ 33.244671358375825, 46.772748134843752 ], [ 33.242055806651415, 46.773653609243382 ], [ 33.242071936415613, 46.777253224502907 ], [ 33.244695814860243, 46.778147556688118 ], [ 33.24731153937951, 46.777242022336722 ], [ 33.251245425208886, 46.778133366138938 ], [ 33.24992301255687, 46.775436525013966 ], [ 33.252542724770407, 46.775430774372246 ], [ 33.252534311175992, 46.773630967873309 ], [ 33.256468019215113, 46.774522133073134 ], [ 33.257769264855746, 46.7727193843319 ], [ 33.259087685751879, 46.774516232707327 ], [ 33.265632423566906, 46.773601317067829 ], [ 33.268269918868413, 46.777194814984071 ], [ 33.276138498058458, 46.778975924725806 ], [ 33.274805667248749, 46.774479571323688 ], [ 33.276110898213275, 46.773576517152947 ], [ 33.272167871256087, 46.770886222951781 ], [ 33.264305003147669, 46.770004738223939 ], [ 33.261668124195246, 46.766411143160347 ], [ 33.251199393764573, 46.768234427053038 ], [ 33.247262112240747, 46.766443173923179 ], [ 33.260341146107521, 46.762814512914268 ], [ 33.283898817290847, 46.76005875528201 ], [ 33.278656256118538, 46.759171725175172 ], [ 33.278642338994736, 46.756472013219501 ], [ 33.282565815015886, 46.755562477733882 ], [ 33.304820017620592, 46.75460545185625 ], [ 33.317924044098767, 46.756369630820885 ], [ 33.319244059837708, 46.758165787356205 ], [ 33.325802054263676, 46.759947136510185 ], [ 33.324584464538503, 46.775249133723712 ], [ 33.311470454273724, 46.772585835850464 ], [ 33.300992204074937, 46.772613872674732 ], [ 33.298382579503979, 46.774420531873972 ], [ 33.293143272145223, 46.774434071477778 ], [ 33.290513938449742, 46.772640950189221 ], [ 33.285274800020048, 46.772654129204135 ], [ 33.283988667620015, 46.777156890858258 ], [ 33.291843167888693, 46.77623721927403 ], [ 33.291848029825665, 46.777137119245609 ], [ 33.281397007334782, 46.782562763221428 ], [ 33.272217749694072, 46.780785140856203 ], [ 33.256497930021027, 46.780821450416873 ], [ 33.252576387239706, 46.782629994669897 ], [ 33.244712123103199, 46.781747168402326 ], [ 33.242100170968492, 46.783552545723573 ], [ 33.225073204614397, 46.78448720731685 ], [ 33.218511888003121, 46.781800189146082 ], [ 33.210648293577783, 46.780915020983606 ] ], [ [ 33.314116176288351, 46.777078168822115 ], [ 33.315420810331226, 46.776174668210366 ], [ 33.315426065042701, 46.77707456622641 ], [ 33.314116176288351, 46.777078168822115 ] ], [ [ 33.310176173911046, 46.775289089590203 ], [ 33.312795865392765, 46.775281959802072 ], [ 33.312806287282413, 46.777081756426327 ], [ 33.310191676197036, 46.777988784981396 ], [ 33.310176173911046, 46.775289089590203 ] ], [ [ 33.274723304049004, 46.758281318614578 ], [ 33.276028146428885, 46.7573782636521 ], [ 33.276032741872008, 46.758278167835726 ], [ 33.274723304049004, 46.758281318614578 ] ], [ [ 33.272108958008062, 46.759187479561916 ], [ 33.273413866006152, 46.75828445441158 ], [ 33.27341841806988, 46.759184358649208 ], [ 33.272108958008062, 46.759187479561916 ] ], [ [ 33.243341300687909, 46.768251404895757 ], [ 33.244646908945171, 46.767348707871726 ], [ 33.244650983360543, 46.768248612723156 ], [ 33.243341300687909, 46.768251404895757 ] ], [ [ 33.222427103806091, 46.77819300099042 ], [ 33.226353109178284, 46.777285391782783 ], [ 33.226356880233553, 46.778185296247244 ], [ 33.222427103806091, 46.77819300099042 ] ], [ [ 33.226360651470138, 46.779085200569298 ], [ 33.231588863087744, 46.776375004947141 ], [ 33.234212526173806, 46.777269577996684 ], [ 33.23291038432702, 46.779072059072284 ], [ 33.226360651470138, 46.779085200569298 ] ], [ [ 33.231588863087744, 46.776375004947141 ], [ 33.230275146013362, 46.775477743487293 ], [ 33.231585005113125, 46.775475100525583 ], [ 33.231588863087744, 46.776375004947141 ] ], [ [ 33.227644050816046, 46.772783269579385 ], [ 33.228950031228251, 46.771880751688698 ], [ 33.228953844828439, 46.772780656844667 ], [ 33.227644050816046, 46.772783269579385 ] ], [ [ 33.225016966123057, 46.770988639138636 ], [ 33.225024462245386, 46.772788450080178 ], [ 33.222404872953916, 46.772793570622682 ], [ 33.222397464094826, 46.770993759360969 ], [ 33.225016966123057, 46.770988639138636 ] ], [ [ 33.222404872953916, 46.772793570622682 ], [ 33.221098760919794, 46.773696013906147 ], [ 33.221095078040491, 46.772796108409537 ], [ 33.222404872953916, 46.772793570622682 ] ], [ [ 33.219803590019751, 46.777298157660347 ], [ 33.221109810620142, 46.776395729541626 ], [ 33.221113494207778, 46.777295634468686 ], [ 33.219803590019751, 46.777298157660347 ] ], [ [ 33.215863088018764, 46.77460592113723 ], [ 33.211947692236933, 46.778212887306395 ], [ 33.208024841643642, 46.780019907977533 ], [ 33.209317376047501, 46.775517992100788 ], [ 33.205377525568878, 46.772825392662526 ], [ 33.213229201441393, 46.771011207996516 ], [ 33.215863088018764, 46.77460592113723 ] ], [ [ 33.196238363018523, 46.78094063544296 ], [ 33.198855038592725, 46.780036207578554 ], [ 33.198858351848791, 46.78093611321345 ], [ 33.196238363018523, 46.78094063544296 ] ], [ [ 33.198858351848791, 46.78093611321345 ], [ 33.206721758859835, 46.78182209172887 ], [ 33.198861665264175, 46.781836018706031 ], [ 33.198858351848791, 46.78093611321345 ] ], [ [ 33.200158341260433, 46.778234112490274 ], [ 33.198838474701752, 46.775536677268867 ], [ 33.204071127687655, 46.773727642069687 ], [ 33.202778198182251, 46.778229500729999 ], [ 33.200158341260433, 46.778234112490274 ] ], [ [ 33.194869932245204, 46.764744547056608 ], [ 33.197485847393324, 46.763840149074092 ], [ 33.197489135976298, 46.764740057342053 ], [ 33.194869932245204, 46.764744547056608 ] ], [ [ 33.20010833907503, 46.764735507685685 ], [ 33.200115003949911, 46.766535323510155 ], [ 33.197495713616519, 46.766539873450995 ], [ 33.197489135976298, 46.764740057342053 ], [ 33.20010833907503, 46.764735507685685 ] ], [ [ 33.179217379126349, 46.783668287122467 ], [ 33.175295955714425, 46.786374092204596 ], [ 33.166125056801867, 46.786387770942724 ], [ 33.166122288399343, 46.785487864529117 ], [ 33.179217379126349, 46.783668287122467 ] ], [ [ 33.179217379126349, 46.783668287122467 ], [ 33.181834472908626, 46.782764248254047 ], [ 33.181837502863317, 46.783664154347449 ], [ 33.179217379126349, 46.783668287122467 ] ], [ [ 33.181831443099625, 46.781864342018345 ], [ 33.189682067413841, 46.779151866238003 ], [ 33.190998383479801, 46.780949499975115 ], [ 33.193618373559396, 46.780945097696858 ], [ 33.188387809637675, 46.783653559991244 ], [ 33.187090219165846, 46.787255330747449 ], [ 33.179226338876553, 46.786368004936421 ], [ 33.183150616444451, 46.784561971352673 ], [ 33.181831443099625, 46.781864342018345 ] ], [ [ 33.188318784272823, 46.763855600346098 ], [ 33.189634680811409, 46.765653255201066 ], [ 33.188325056289628, 46.765655417705801 ], [ 33.188318784272823, 46.763855600346098 ] ], [ [ 33.188325056289628, 46.765655417705801 ], [ 33.187021660617361, 46.767457382149274 ], [ 33.185705806794822, 46.765659697757386 ], [ 33.188325056289628, 46.765655417705801 ] ], [ [ 33.177901388250618, 46.781870518301616 ], [ 33.172661313128074, 46.781878543423964 ], [ 33.167426815323161, 46.783686142339022 ], [ 33.167421235792219, 46.781886328635125 ], [ 33.170038441513896, 46.780982559073827 ], [ 33.185746022402093, 46.777358498458504 ], [ 33.185752211649849, 46.779158311816175 ], [ 33.177901388250618, 46.781870518301616 ] ], [ [ 33.180617752130601, 46.810663346807409 ], [ 33.181925434963034, 46.809761369151985 ], [ 33.181928469292437, 46.810661270976183 ], [ 33.180617752130601, 46.810663346807409 ] ], [ [ 33.122761909933871, 46.729747869149442 ], [ 33.124072732783169, 46.730646374608419 ], [ 33.12276395176611, 46.73064778608839 ], [ 33.122761909933871, 46.729747869149442 ] ], [ [ 33.12276395176611, 46.73064778608839 ], [ 33.121459211071119, 46.732449016138936 ], [ 33.12145517065094, 46.730649182600466 ], [ 33.12276395176611, 46.73064778608839 ] ], [ [ 33.117528826727202, 46.730653282329392 ], [ 33.11229183249538, 46.729758621808976 ], [ 33.112286229963637, 46.727058869130296 ], [ 33.117522962725396, 46.727953530570382 ], [ 33.117528826727202, 46.730653282329392 ] ], [ [ 33.117546423805422, 46.738752529925371 ], [ 33.114928468804045, 46.738755188986516 ], [ 33.116231645141276, 46.736054118898124 ], [ 33.117540557267063, 46.736052782006887 ], [ 33.117546423805422, 46.738752529925371 ] ], [ [ 33.111018160096386, 46.746858303200952 ], [ 33.112325464651796, 46.745957110998553 ], [ 33.112327333958092, 46.746857025713417 ], [ 33.111018160096386, 46.746858303200952 ] ], [ [ 33.101845466386031, 46.742367249747716 ], [ 33.103152815537172, 46.74146616158216 ], [ 33.103154531924432, 46.74236607727785 ], [ 33.101845466386031, 46.742367249747716 ] ], [ [ 32.92121507194112, 46.727986756391715 ], [ 32.925142472584987, 46.727089473351221 ], [ 32.925141227635301, 46.727989392009697 ], [ 32.92121507194112, 46.727986756391715 ] ], [ [ 32.934302259633256, 46.727995017955102 ], [ 32.932995769278811, 46.726194421384882 ], [ 32.938230471566165, 46.726197366628348 ], [ 32.948695612322972, 46.730702133375146 ], [ 32.953930752096454, 46.730704360615412 ], [ 32.95524102603089, 46.728905042415946 ], [ 32.960474677633897, 46.730706807885738 ], [ 32.960475992390528, 46.728906970175665 ], [ 32.964402217495554, 46.728908258841237 ], [ 32.965709818638715, 46.730708496277892 ], [ 32.976179705699799, 46.731611073375333 ], [ 32.982722880096105, 46.734312003991491 ], [ 32.994502734461349, 46.734313176133966 ], [ 32.998429404951914, 46.732513460391417 ], [ 33.010209037546943, 46.733412934369959 ], [ 33.010208697924952, 46.731613097114739 ], [ 33.024605987933093, 46.7325108258554 ], [ 33.023296383903819, 46.730711262367457 ], [ 33.027221382062343, 46.728010638604417 ], [ 33.025911800042266, 46.726211103620223 ], [ 33.027219118731871, 46.723511040569406 ], [ 33.024601077892882, 46.721711792908323 ], [ 33.010206830587236, 46.721713982045031 ], [ 33.00366380773827, 46.719014616895194 ], [ 33.001046819616327, 46.719914591461503 ], [ 33.001046767405697, 46.71721482892498 ], [ 33.019365518392149, 46.718113116120122 ], [ 33.025909214932945, 46.720811583788446 ], [ 33.029834853051504, 46.720810627660967 ], [ 33.029837333652218, 46.725310227726787 ], [ 33.040306571228619, 46.725307019186019 ], [ 33.036383027546862, 46.728908011884421 ], [ 33.039003754535052, 46.733406743017426 ], [ 33.04554800669176, 46.733404325456419 ], [ 33.046855298241084, 46.731603960352004 ], [ 33.046852960356482, 46.728904204259607 ], [ 33.042926021882643, 46.728005825341931 ], [ 33.042923880321581, 46.72530606739884 ], [ 33.048160099866919, 46.727103822882782 ], [ 33.049470443205394, 46.728903102682736 ], [ 33.048164906128576, 46.732503335392245 ], [ 33.052093124471618, 46.734301451718224 ], [ 33.052094857663192, 46.736101287407571 ], [ 33.046859195464435, 46.736103550995551 ], [ 33.046860754615963, 46.737903386257656 ], [ 33.054715419274679, 46.738799818141771 ], [ 33.058645288378393, 46.741497624141061 ], [ 33.063880408762095, 46.740594904344775 ], [ 33.070427871439762, 46.74239089681609 ], [ 33.069124555350911, 46.746891275284632 ], [ 33.073048436791957, 46.744189088069909 ], [ 33.074358784819452, 46.745088160943389 ], [ 33.073055731198359, 46.749588581898905 ], [ 33.079603262377766, 46.750484130864983 ], [ 33.078297909136779, 46.75318477829984 ], [ 33.080919259632914, 46.754982785438692 ], [ 33.078300515905951, 46.754984607084452 ], [ 33.071746489761701, 46.749589410173066 ], [ 33.06912800671725, 46.749591021788021 ], [ 33.061266438398313, 46.74419600203958 ], [ 33.041624917611131, 46.737905410439261 ], [ 33.014136060635565, 46.735212353383474 ], [ 33.001047133038263, 46.736113139808367 ], [ 32.998429352699866, 46.734313297390067 ], [ 32.993193522043448, 46.737012860189168 ], [ 32.980104141898543, 46.73701133311711 ], [ 32.963089792349884, 46.734307355840997 ], [ 32.960473362750903, 46.732506645027051 ], [ 32.955237303521585, 46.733404635323346 ], [ 32.925139982625794, 46.728889310525993 ], [ 32.934302259633256, 46.727995017955102 ] ], [ [ 33.001046750003809, 46.716314907795081 ], [ 32.989270455809169, 46.71811425169571 ], [ 32.987962375090895, 46.716314279452625 ], [ 32.985345500190242, 46.716313974257716 ], [ 32.985345987407605, 46.714514131629777 ], [ 32.978804722544155, 46.712713263764606 ], [ 32.972262509872273, 46.713611786723312 ], [ 32.96964627043662, 46.712711200965011 ], [ 32.968336867587979, 46.71451068942622 ], [ 32.96441227819269, 46.71360961465772 ], [ 32.964413461264016, 46.71180977146394 ], [ 32.982730060784107, 46.71181400164145 ], [ 32.989270990916815, 46.715414488352792 ], [ 33.001046750003809, 46.716314907795081 ] ], [ [ 33.042923880321581, 46.72530606739884 ], [ 33.040305230737523, 46.723507179786843 ], [ 33.042922452785703, 46.723506228059151 ], [ 33.042923880321581, 46.72530606739884 ] ], [ [ 33.080919259632914, 46.754982785438692 ], [ 33.082230000270016, 46.755881766237792 ], [ 33.080920606705916, 46.755882699560765 ], [ 33.080919259632914, 46.754982785438692 ] ], [ [ 33.082230000270016, 46.755881766237792 ], [ 33.083540784502595, 46.756780731854803 ], [ 33.082231369206035, 46.756781680188496 ], [ 33.082230000270016, 46.755881766237792 ] ], [ [ 33.083540784502595, 46.756780731854803 ], [ 33.084851612332741, 46.75767968228832 ], [ 33.083542175303727, 46.757680645633656 ], [ 33.083540784502595, 46.756780731854803 ] ], [ [ 33.091398796438313, 46.757674640831745 ], [ 33.092703603078256, 46.754973846493201 ], [ 33.095325519037637, 46.756771522682975 ], [ 33.101870895248943, 46.755865968666484 ], [ 33.103185441005202, 46.758564535480517 ], [ 33.084853025001074, 46.758579595894844 ], [ 33.091398796438313, 46.757674640831745 ] ], [ [ 33.094002021006439, 46.74867337772757 ], [ 33.096620457952014, 46.748671197024883 ], [ 33.096623674225675, 46.750471026355761 ], [ 33.09400515011864, 46.750473207194794 ], [ 33.094002021006439, 46.74867337772757 ] ], [ [ 33.096623674225675, 46.750471026355761 ], [ 33.097934566208473, 46.751369827886222 ], [ 33.096625282478449, 46.75137094080786 ], [ 33.096623674225675, 46.750471026355761 ] ], [ [ 33.097934566208473, 46.751369827886222 ], [ 33.100554807141393, 46.752267471310923 ], [ 33.097936196331517, 46.752269742161317 ], [ 33.097934566208473, 46.751369827886222 ] ], [ [ 33.100554807141393, 46.752267471310923 ], [ 33.103176852466909, 46.754064968379708 ], [ 33.100558154800702, 46.754067299292494 ], [ 33.100554807141393, 46.752267471310923 ] ], [ [ 33.069113054389632, 46.737892111030504 ], [ 33.066496243791313, 46.738793579217557 ], [ 33.066495137498606, 46.737893662103765 ], [ 33.069113054389632, 46.737892111030504 ] ], [ [ 33.069111904597463, 46.736992193823014 ], [ 33.073038714188066, 46.73698975500146 ], [ 33.073035069175141, 46.734290002754463 ], [ 33.075655328345071, 46.736088137043879 ], [ 33.07827185522175, 46.735186459169206 ], [ 33.079583395657309, 46.73698539087394 ], [ 33.084820550801396, 46.737881546966889 ], [ 33.088751853184093, 46.740578318586913 ], [ 33.088754806695505, 46.742378150875354 ], [ 33.092683547605255, 46.743274953597897 ], [ 33.092686632247094, 46.745074784838451 ], [ 33.099230637389859, 46.744169380947241 ], [ 33.100543092867682, 46.745968068895515 ], [ 33.091379021382224, 46.745975753054751 ], [ 33.091375980162411, 46.744175922032795 ], [ 33.088757760490822, 46.744177982594962 ], [ 33.086135240644019, 46.74148023527691 ], [ 33.07827966876701, 46.740585960880928 ], [ 33.07827706400159, 46.738786127545829 ], [ 33.071732164461771, 46.738790417085291 ], [ 33.069111904597463, 46.736992193823014 ] ], [ [ 33.099227335065954, 46.742369549765399 ], [ 33.100534727941813, 46.741468491475032 ], [ 33.100536400766188, 46.742368407243568 ], [ 33.099227335065954, 46.742369549765399 ] ], [ [ 33.090080362054913, 46.752276195212417 ], [ 33.091388146795829, 46.751375242707446 ], [ 33.091389667953962, 46.752275157151843 ], [ 33.090080362054913, 46.752276195212417 ] ], [ [ 33.088784357429418, 46.760376442473842 ], [ 33.090092359570782, 46.759475505907595 ], [ 33.090093859584677, 46.760375419104555 ], [ 33.088784357429418, 46.760376442473842 ] ], [ [ 33.084837489383339, 46.748680538401864 ], [ 33.086145274688135, 46.747779645240108 ], [ 33.086146708398594, 46.74867956038031 ], [ 33.084837489383339, 46.748680538401864 ] ], [ [ 33.061365561010774, 46.831487212390734 ], [ 33.060055334225268, 46.832387810280743 ], [ 33.060054331818989, 46.831487907840341 ], [ 33.061365561010774, 46.831487212390734 ] ], [ [ 33.061365561010774, 46.831487212390734 ], [ 33.060051324889535, 46.828788199666249 ], [ 33.062673651917123, 46.828786793878365 ], [ 33.063978408964203, 46.823386648668958 ], [ 33.070534745964608, 46.82428270052548 ], [ 33.069228313197243, 46.827883113727857 ], [ 33.070544163914306, 46.831481923669742 ], [ 33.074479093202406, 46.832379333943209 ], [ 33.070545341412931, 46.832381825923008 ], [ 33.070547696580149, 46.834181630003059 ], [ 33.067925107549677, 46.834183216317399 ], [ 33.067922839934901, 46.832383412138164 ], [ 33.065299248286188, 46.831485035918917 ], [ 33.061365561010774, 46.831487212390734 ] ], [ [ 33.069108455552431, 46.734292441347321 ], [ 33.065181841432555, 46.734294745211535 ], [ 33.063869782658806, 46.73159572918582 ], [ 33.067796200998373, 46.731593470443016 ], [ 33.069108455552431, 46.734292441347321 ] ], [ [ 33.06256930272658, 46.738795793608737 ], [ 33.063877220394922, 46.73789515329014 ], [ 33.063878283132908, 46.738795070450536 ], [ 33.06256930272658, 46.738795793608737 ] ], [ [ 33.061256245831096, 46.735196832120998 ], [ 33.062564098423707, 46.734296206271743 ], [ 33.062565139184251, 46.735196124023538 ], [ 33.061256245831096, 46.735196832120998 ] ], [ [ 33.062564098423707, 46.734296206271743 ], [ 33.06387190747099, 46.733395565355181 ], [ 33.063872969953657, 46.734295483226568 ], [ 33.062564098423707, 46.734296206271743 ] ], [ [ 33.062565139184251, 46.735196124023538 ], [ 33.06387509507217, 46.736095318542752 ], [ 33.062566179994803, 46.736096041633125 ], [ 33.062565139184251, 46.735196124023538 ] ], [ [ 33.059976292496927, 46.761295079467033 ], [ 33.056044916924613, 46.758597329201386 ], [ 33.058663836905353, 46.758596016732454 ], [ 33.059976292496927, 46.761295079467033 ] ], [ [ 33.053463392679646, 46.796394849754613 ], [ 33.054771943187802, 46.794594413602731 ], [ 33.054773769346653, 46.796394230163386 ], [ 33.053463392679646, 46.796394849754613 ] ], [ [ 33.053473199335009, 46.806293830886268 ], [ 33.054782902776225, 46.805393304436528 ], [ 33.054783816360811, 46.806293211081929 ], [ 33.053473199335009, 46.806293830886268 ] ], [ [ 33.050843486826757, 46.797295952054242 ], [ 33.052153015969779, 46.796395454343646 ], [ 33.052153885423991, 46.797295362448992 ], [ 33.050843486826757, 46.797295952054242 ] ], [ [ 33.049534739834108, 46.799096342513856 ], [ 33.050844334476182, 46.798195860035861 ], [ 33.050845182166363, 46.799095767875308 ], [ 33.049534739834108, 46.799096342513856 ] ], [ [ 33.045600371624396, 46.795498343920869 ], [ 33.046911508722694, 46.79639772267781 ], [ 33.045601131814266, 46.796398252255869 ], [ 33.045600371624396, 46.795498343920869 ] ], [ [ 33.045601131814266, 46.796398252255869 ], [ 33.044291493250142, 46.797298675040622 ], [ 33.04429075486928, 46.796398766831707 ], [ 33.045601131814266, 46.796398252255869 ] ], [ [ 33.037688008560544, 46.723508071657491 ], [ 33.038995971226996, 46.722607713277228 ], [ 33.038996619664609, 46.723507633204306 ], [ 33.037688008560544, 46.723508071657491 ] ], [ [ 33.001046976293409, 46.728013871393244 ], [ 32.994503283055153, 46.728913663454541 ], [ 32.99319476729422, 46.727113754416401 ], [ 32.998429587794547, 46.726214026417409 ], [ 33.001046976293409, 46.728013871393244 ] ], [ [ 32.995812443036506, 46.72351420102445 ], [ 32.997121150325732, 46.721714401018581 ], [ 32.997121054585527, 46.723514241427992 ], [ 32.995812443036506, 46.72351420102445 ] ], [ [ 32.993194993632756, 46.725313915154828 ], [ 32.994503740095851, 46.724414065645064 ], [ 32.994503648696501, 46.725313985491326 ], [ 32.993194993632756, 46.725313915154828 ] ], [ [ 32.974871734358004, 46.729810955784728 ], [ 32.980107120193566, 46.728912066466769 ], [ 32.980106458461528, 46.730711904495436 ], [ 32.974871734358004, 46.729810955784728 ] ], [ [ 32.980107451035728, 46.728012147239134 ], [ 32.987959972997523, 46.727113323391343 ], [ 32.989268850023386, 46.726213534046529 ], [ 32.989268493087799, 46.728013373004934 ], [ 32.986650830430406, 46.728913016876518 ], [ 32.980107451035728, 46.728012147239134 ] ], [ [ 32.982725178854764, 46.727112652907913 ], [ 32.981416789397493, 46.726212528352846 ], [ 32.98272546613746, 46.726212733382674 ], [ 32.982725178854764, 46.727112652907913 ] ], [ [ 32.972260665406793, 46.717211471676166 ], [ 32.97356956383733, 46.716311860334272 ], [ 32.973569124440061, 46.717211781368881 ], [ 32.972260665406793, 46.717211471676166 ] ], [ [ 32.973569124440061, 46.717211781368881 ], [ 32.97487716582944, 46.718111997002254 ], [ 32.973568685021689, 46.718111702261318 ], [ 32.973569124440061, 46.717211781368881 ] ], [ [ 32.96833476201224, 46.71811037368294 ], [ 32.968336341231982, 46.715410610703671 ], [ 32.970953172176337, 46.715411304850697 ], [ 32.96833476201224, 46.71811037368294 ] ], [ [ 32.960487162722451, 46.713608326676791 ], [ 32.961796804577496, 46.711808927821842 ], [ 32.961795534515709, 46.713608770962878 ], [ 32.960487162722451, 46.713608326676791 ] ], [ [ 32.948701584604095, 46.72440269992444 ], [ 32.950009385836346, 46.725303198568824 ], [ 32.948700731544051, 46.725302619415402 ], [ 32.948701584604095, 46.72440269992444 ] ], [ [ 32.950011879611537, 46.722603439615028 ], [ 32.953937646877925, 46.722605087129679 ], [ 32.955247724294402, 46.720805766224693 ], [ 32.956554102820881, 46.723506030530757 ], [ 32.950010217134682, 46.724403279059764 ], [ 32.950011879611537, 46.722603439615028 ] ], [ [ 32.955247724294402, 46.720805766224693 ], [ 32.960482564278891, 46.71990777309415 ], [ 32.960481907232136, 46.72080769344214 ], [ 32.955247724294402, 46.720805766224693 ] ], [ [ 32.948700731544051, 46.725302619415402 ], [ 32.947391202428975, 46.726201944626972 ], [ 32.947392077292747, 46.725302025296784 ], [ 32.948700731544051, 46.725302619415402 ] ], [ [ 32.95394606978531, 46.712705959450446 ], [ 32.956562047536188, 46.713606904063781 ], [ 32.956561325462822, 46.714506825362648 ], [ 32.95394453867867, 46.714505802126425 ], [ 32.95394606978531, 46.712705959450446 ] ], [ [ 32.951313991901934, 46.729803358257719 ], [ 32.952623543061499, 46.728903988733691 ], [ 32.952622755097302, 46.72980390756662 ], [ 32.951313991901934, 46.729803358257719 ] ], [ [ 32.936935428541105, 46.714497692532177 ], [ 32.938244847917275, 46.713598485068864 ], [ 32.938243821355698, 46.714498406104546 ], [ 32.936935428541105, 46.714497692532177 ] ], [ [ 32.935405502882141, 46.899877656588806 ], [ 32.936719457086816, 46.89897849810194 ], [ 32.936718398337277, 46.899878389828018 ], [ 32.935405502882141, 46.899877656588806 ] ], [ [ 32.919913012904956, 46.723486253758672 ], [ 32.92384010838331, 46.722589014514881 ], [ 32.923838841973122, 46.723488933857411 ], [ 32.919913012904956, 46.723486253758672 ] ], [ [ 32.874157752460405, 46.703646806541698 ], [ 32.87546795008344, 46.702748316489377 ], [ 32.875465880760906, 46.703648237634035 ], [ 32.874157752460405, 46.703646806541698 ] ], [ [ 32.878082137659042, 46.703651054957163 ], [ 32.879386257739121, 46.705452283313313 ], [ 32.884617029533523, 46.706357600053074 ], [ 32.889838822443259, 46.711762280747031 ], [ 32.893763798001352, 46.71176599186709 ], [ 32.897683672218463, 46.714469329171401 ], [ 32.897680270406987, 46.716269168998309 ], [ 32.901605573699129, 46.716272611410567 ], [ 32.905524595184538, 46.719875597969896 ], [ 32.909451666383717, 46.718978851907146 ], [ 32.910752747367468, 46.723479476447352 ], [ 32.900290508614646, 46.71987115713614 ], [ 32.885917640087378, 46.709958594450924 ], [ 32.883301077678055, 46.709955955996897 ], [ 32.875463811338967, 46.704548158636449 ], [ 32.878082137659042, 46.703651054957163 ] ], [ [ 32.910751263290614, 46.724379395352031 ], [ 32.913371406238142, 46.722581568533286 ], [ 32.918604403342137, 46.723485330463987 ], [ 32.919907685509713, 46.727085929371562 ], [ 32.910751263290614, 46.724379395352031 ] ], [ [ 32.917391899055254, 46.66048970470527 ], [ 32.918700336812691, 46.65959071172805 ], [ 32.918698987906659, 46.66049064091348 ], [ 32.917391899055254, 46.66048970470527 ] ], [ [ 32.907742056256176, 46.953851987215259 ], [ 32.909053221193936, 46.955652803412875 ], [ 32.907738963116472, 46.955651751956694 ], [ 32.907742056256176, 46.953851987215259 ] ], [ [ 32.907738963116472, 46.955651751956694 ], [ 32.906416860787139, 46.960150094614484 ], [ 32.906424705113558, 46.955650685415108 ], [ 32.907738963116472, 46.955651751956694 ] ], [ [ 32.906864082611591, 46.701878253390376 ], [ 32.90947875258307, 46.702780275081615 ], [ 32.906862535038371, 46.702778175610625 ], [ 32.905551287533477, 46.704576947391743 ], [ 32.900326961008716, 46.700072898677142 ], [ 32.906867177535048, 46.700078408523176 ], [ 32.906864082611591, 46.701878253390376 ] ], [ [ 32.906859439668921, 46.704578019624442 ], [ 32.908166065821064, 46.70547899872939 ], [ 32.906857891872676, 46.705477941418025 ], [ 32.906859439668921, 46.704578019624442 ] ], [ [ 32.905540299206137, 46.710876396725361 ], [ 32.908159960857432, 46.70907868461363 ], [ 32.908156907935698, 46.71087852670238 ], [ 32.905540299206137, 46.710876396725361 ] ], [ [ 32.90650930351979, 46.907056839624502 ], [ 32.905188299936668, 46.911555207233029 ], [ 32.898624099721488, 46.910649692422766 ], [ 32.899943955527455, 46.907051290015367 ], [ 32.90650930351979, 46.907056839624502 ] ], [ [ 32.905701612534806, 46.618183796168559 ], [ 32.907009223222261, 46.617284929597837 ], [ 32.907007682616722, 46.61818486518878 ], [ 32.905701612534806, 46.618183796168559 ] ], [ [ 32.88719216817902, 46.726158436468161 ], [ 32.885881597470849, 46.727057056734381 ], [ 32.885883495271031, 46.726157138947009 ], [ 32.88719216817902, 46.726158436468161 ] ], [ [ 32.88719216817902, 46.726158436468161 ], [ 32.897664958209781, 46.724368441178996 ], [ 32.898970228281613, 46.726169440707793 ], [ 32.901587575885905, 46.726171721472959 ], [ 32.902889789849418, 46.729772511666539 ], [ 32.900273926604221, 46.728870342769945 ], [ 32.900277243643707, 46.727070506780976 ], [ 32.891114565861187, 46.72796207498962 ], [ 32.889809514264371, 46.726160986613785 ], [ 32.88719216817902, 46.726158436468161 ] ], [ [ 32.898998778720362, 46.710870810023984 ], [ 32.901617021901906, 46.709973168774155 ], [ 32.901615386680056, 46.710873089577468 ], [ 32.898998778720362, 46.710870810023984 ] ], [ [ 32.89774484897503, 46.682072114998036 ], [ 32.899055809703839, 46.680273425339799 ], [ 32.899052457517286, 46.682073276049302 ], [ 32.89774484897503, 46.682072114998036 ] ], [ [ 32.895910643901153, 46.955641610008179 ], [ 32.89722662412715, 46.954742915213309 ], [ 32.897224901269503, 46.955642797232912 ], [ 32.895910643901153, 46.955641610008179 ] ], [ [ 32.894534490720552, 46.987136186215871 ], [ 32.89585126760479, 46.986237512835373 ], [ 32.895849519769357, 46.9871373898428 ], [ 32.894534490720552, 46.987136186215871 ] ], [ [ 32.895127890784686, 46.68296967309854 ], [ 32.896437240514302, 46.682070939004063 ], [ 32.896435520875322, 46.682970864072416 ], [ 32.895127890784686, 46.68296967309854 ] ], [ [ 32.887233418188615, 46.706360208266688 ], [ 32.888543464876925, 46.705461568801034 ], [ 32.888541612651707, 46.706361489940569 ], [ 32.887233418188615, 46.706360208266688 ] ], [ [ 32.888541612651707, 46.706361489940569 ], [ 32.889847976630215, 46.707262677696086 ], [ 32.888539760337515, 46.707261410937896 ], [ 32.888541612651707, 46.706361489940569 ] ], [ [ 32.889847976630215, 46.707262677696086 ], [ 32.891154384091017, 46.708163850432349 ], [ 32.889846145968711, 46.708162598590782 ], [ 32.889847976630215, 46.707262677696086 ] ], [ [ 32.891154384091017, 46.708163850432349 ], [ 32.892460835036225, 46.709065008147931 ], [ 32.891152575084298, 46.70906377122391 ], [ 32.891154384091017, 46.708163850432349 ] ], [ [ 32.892460835036225, 46.709065008147931 ], [ 32.895075611334327, 46.709967357889809 ], [ 32.89245904768638, 46.709964928835916 ], [ 32.892460835036225, 46.709065008147931 ] ], [ [ 32.895075611334327, 46.709967357889809 ], [ 32.896382171083246, 46.710868470639952 ], [ 32.895073867388263, 46.710867278511486 ], [ 32.895075611334327, 46.709967357889809 ] ], [ [ 32.881951587542446, 46.72885290915211 ], [ 32.883262266981603, 46.727954334275452 ], [ 32.88326032546766, 46.728854251695836 ], [ 32.881951587542446, 46.72885290915211 ] ], [ [ 32.88326032546766, 46.728854251695836 ], [ 32.884567143645668, 46.72975549659224 ], [ 32.883258383860429, 46.729754168973969 ], [ 32.88326032546766, 46.728854251695836 ] ], [ [ 32.884567143645668, 46.72975549659224 ], [ 32.885872107102024, 46.731556643537679 ], [ 32.884563303687919, 46.731555330804767 ], [ 32.884567143645668, 46.72975549659224 ] ], [ [ 32.885872107102024, 46.731556643537679 ], [ 32.887179034029842, 46.732457858276732 ], [ 32.885870208754639, 46.732456560471626 ], [ 32.885872107102024, 46.731556643537679 ] ], [ [ 32.889796684849728, 46.732460408980451 ], [ 32.892410756768122, 46.734262733646275 ], [ 32.892408967012216, 46.735162650351683 ], [ 32.887177157362167, 46.73335777510902 ], [ 32.889796684849728, 46.732460408980451 ] ], [ [ 32.892408967012216, 46.735162650351683 ], [ 32.895025002866689, 46.736064998171763 ], [ 32.892407177170305, 46.736062566914875 ], [ 32.892408967012216, 46.735162650351683 ] ], [ [ 32.89243222713246, 46.723463722087196 ], [ 32.893742602074909, 46.722565026073177 ], [ 32.893740835196056, 46.723464944665857 ], [ 32.89243222713246, 46.723463722087196 ] ], [ [ 32.89190443288004, 46.987133733656279 ], [ 32.893221253729507, 46.986235090555354 ], [ 32.893219461757091, 46.98713496748703 ], [ 32.89190443288004, 46.987133733656279 ] ], [ [ 32.891177893272776, 46.696464867198131 ], [ 32.892487634984086, 46.695566180759378 ], [ 32.892485848921545, 46.696466103580967 ], [ 32.891177893272776, 46.696464867198131 ] ], [ [ 32.891197774195653, 46.686565708762195 ], [ 32.892507276011848, 46.685667020333732 ], [ 32.892505490892582, 46.686566944720006 ], [ 32.891197774195653, 46.686565708762195 ] ], [ [ 32.888556427962655, 46.699162116841272 ], [ 32.889866278409691, 46.698263460926064 ], [ 32.889864448627293, 46.69916338324316 ], [ 32.888556427962655, 46.699162116841272 ] ], [ [ 32.889864448627293, 46.69916338324316 ], [ 32.891170661241816, 46.700064556907471 ], [ 32.889862618757014, 46.70006330541802 ], [ 32.889864448627293, 46.69916338324316 ] ], [ [ 32.891170661241816, 46.700064556907471 ], [ 32.892476917321943, 46.700965715555313 ], [ 32.891168853016964, 46.700964478979223 ], [ 32.891170661241816, 46.700064556907471 ] ], [ [ 32.886659534207489, 46.979929629462212 ], [ 32.88928923830391, 46.97993220219314 ], [ 32.891913502209952, 46.982634347769434 ], [ 32.887966867219291, 46.983530433601892 ], [ 32.885340834735821, 46.981728075683627 ], [ 32.886659534207489, 46.979929629462212 ] ], [ [ 32.887396116961973, 46.628066540440891 ], [ 32.890010553945544, 46.627169148357694 ], [ 32.890008731089587, 46.628069081913026 ], [ 32.887396116961973, 46.628066540440891 ] ], [ [ 32.888737454446016, 46.610969057504946 ], [ 32.890039707749082, 46.612770192123847 ], [ 32.887427829403926, 46.612767652001665 ], [ 32.888737454446016, 46.610969057504946 ] ], [ [ 32.888587891604075, 46.683863418777833 ], [ 32.889902855609435, 46.680264984712245 ], [ 32.889895542979673, 46.683864684506958 ], [ 32.888587891604075, 46.683863418777833 ] ], [ [ 32.887276496615442, 46.685661986989778 ], [ 32.888586041512617, 46.68476334333134 ], [ 32.888584191332306, 46.685663267742548 ], [ 32.887276496615442, 46.685661986989778 ] ], [ [ 32.885944176762365, 46.697359694646757 ], [ 32.887254026851615, 46.696461068348739 ], [ 32.88725215378669, 46.697360990870678 ], [ 32.885944176762365, 46.697359694646757 ] ], [ [ 32.885400430256723, 46.953831805657735 ], [ 32.886720339361005, 46.951133467076168 ], [ 32.886714642861108, 46.953833113483654 ], [ 32.885400430256723, 46.953831805657735 ] ], [ [ 32.882174795195361, 46.626261411755465 ], [ 32.879570251610481, 46.622658956579834 ], [ 32.882178700226298, 46.62446154442118 ], [ 32.886097360699928, 46.624465512737252 ], [ 32.886093585547101, 46.62626538031958 ], [ 32.882174795195361, 46.626261411755465 ] ], [ [ 32.884804502124226, 46.618164664144352 ], [ 32.886112457689009, 46.617266036717005 ], [ 32.886110570882266, 46.618165971717495 ], [ 32.884804502124226, 46.618164664144352 ] ], [ [ 32.875443111651371, 46.713547360836451 ], [ 32.878059846888114, 46.713550179128468 ], [ 32.881977102821367, 46.717153972137801 ], [ 32.87674123440231, 46.718048373448809 ], [ 32.875443111651371, 46.713547360836451 ] ], [ [ 32.881977102821367, 46.717153972137801 ], [ 32.883283617479378, 46.718055233263392 ], [ 32.88197514067334, 46.718053891223157 ], [ 32.881977102821367, 46.717153972137801 ] ], [ [ 32.883283617479378, 46.718055233263392 ], [ 32.885898674390354, 46.71895779152733 ], [ 32.883281676991267, 46.718955152248419 ], [ 32.883283617479378, 46.718055233263392 ] ], [ [ 32.882028085600496, 46.693756025989479 ], [ 32.883337913318449, 46.692857443929526 ], [ 32.883335975438463, 46.693757366897543 ], [ 32.882028085600496, 46.693756025989479 ] ], [ [ 32.883335975438463, 46.693757366897543 ], [ 32.884640032783352, 46.695558538449056 ], [ 32.883332099399283, 46.695557212406825 ], [ 32.883335975438463, 46.693757366897543 ] ], [ [ 32.880898135124717, 46.612761040828175 ], [ 32.883508082940857, 46.613663665647458 ], [ 32.883500363539568, 46.617263406743412 ], [ 32.879584217911138, 46.616359415031248 ], [ 32.880898135124717, 46.612761040828175 ] ], [ [ 32.880609089343352, 46.744150124589709 ], [ 32.88322924855332, 46.743252911077079 ], [ 32.883227305452671, 46.744152826079386 ], [ 32.880609089343352, 46.744150124589709 ] ], [ [ 32.876816987824547, 46.684751278930463 ], [ 32.879432332427719, 46.684754064516795 ], [ 32.879428327953107, 46.686553912616944 ], [ 32.878120612170811, 46.686552527209187 ], [ 32.876816987824547, 46.684751278930463 ] ], [ [ 32.879424323093872, 46.688353760148047 ], [ 32.880734063167651, 46.687455206959221 ], [ 32.883345663907761, 46.689257750634894 ], [ 32.879424323093872, 46.688353760148047 ] ], [ [ 32.880700377323343, 46.702753891145953 ], [ 32.882010444920304, 46.701855325923027 ], [ 32.882008484373969, 46.702755247426609 ], [ 32.880700377323343, 46.702753891145953 ] ], [ [ 32.878251970390657, 46.628057175476556 ], [ 32.87956027280913, 46.627158624846139 ], [ 32.87955827676155, 46.628058558072574 ], [ 32.878251970390657, 46.628057175476556 ] ], [ [ 32.868883838304562, 46.720739403014079 ], [ 32.870194537623433, 46.719840976547573 ], [ 32.870192379386388, 46.720740894807527 ], [ 32.868883838304562, 46.720739403014079 ] ], [ [ 32.870192379386388, 46.720740894807527 ], [ 32.87149878398845, 46.721642289802126 ], [ 32.870190221045661, 46.721640812925237 ], [ 32.870192379386388, 46.720740894807527 ] ], [ [ 32.87149664730233, 46.722542207823764 ], [ 32.875422402017406, 46.722546548810939 ], [ 32.875418258896516, 46.724346384698812 ], [ 32.87149664730233, 46.722542207823764 ] ], [ [ 32.874115910180947, 46.72164519866633 ], [ 32.875426544740193, 46.720746712354078 ], [ 32.875424473428552, 46.721646630653638 ], [ 32.874115910180947, 46.72164519866633 ] ], [ [ 32.875418258896516, 46.724346384698812 ], [ 32.876724837573512, 46.725247719630644 ], [ 32.875416187186772, 46.725246302429369 ], [ 32.875418258896516, 46.724346384698812 ] ], [ [ 32.876724837573512, 46.725247719630644 ], [ 32.878031459774498, 46.726149039543301 ], [ 32.876722787526745, 46.726147637263246 ], [ 32.876724837573512, 46.725247719630644 ] ], [ [ 32.878031459774498, 46.726149039543301 ], [ 32.879338125501583, 46.727050344435362 ], [ 32.878029431392797, 46.727048957077507 ], [ 32.878031459774498, 46.726149039543301 ] ], [ [ 32.877000692113434, 46.603757533256875 ], [ 32.878308429315595, 46.602858992563881 ], [ 32.878306414231069, 46.60375892958875 ], [ 32.877000692113434, 46.603757533256875 ] ], [ [ 32.874164025335894, 46.700947042815109 ], [ 32.876782198915308, 46.700049968163249 ], [ 32.876780151624189, 46.700949889778961 ], [ 32.874164025335894, 46.700947042815109 ] ], [ [ 32.873707945283137, 46.896226649730501 ], [ 32.875022840023362, 46.895328199721455 ], [ 32.875020749292823, 46.896228090429723 ], [ 32.873707945283137, 46.896226649730501 ] ], [ [ 32.87426635447931, 46.656850720701556 ], [ 32.875575418032604, 46.655952220927254 ], [ 32.875573353870564, 46.656852149469763 ], [ 32.87426635447931, 46.656850720701556 ] ], [ [ 32.871758691345782, 46.61185122372364 ], [ 32.874368443211686, 46.612754056986446 ], [ 32.874366362166619, 46.6136539923138 ], [ 32.871754442828419, 46.613651094339509 ], [ 32.871758691345782, 46.61185122372364 ] ], [ [ 32.869540198348659, 46.990709951183185 ], [ 32.864279737297039, 46.990703837149404 ], [ 32.861644862965683, 46.992500439696535 ], [ 32.862964622306073, 46.990702270881641 ], [ 32.861656473276753, 46.988001063164226 ], [ 32.866918902048269, 46.987107421514871 ], [ 32.868238351520041, 46.985309189903624 ], [ 32.869546766911448, 46.988010323968282 ], [ 32.872176865645557, 46.988013290084432 ], [ 32.869540198348659, 46.990709951183185 ] ], [ [ 32.868936129249356, 46.699141326629537 ], [ 32.871554301814179, 46.698244371307084 ], [ 32.871552167795052, 46.699144293027466 ], [ 32.868936129249356, 46.699141326629537 ] ], [ [ 32.871552167795052, 46.699144293027466 ], [ 32.872858074832749, 46.700045675422977 ], [ 32.871550033673422, 46.700044214605612 ], [ 32.871552167795052, 46.699144293027466 ] ], [ [ 32.87046350274337, 46.607350073667725 ], [ 32.862630931236666, 46.606440998628045 ], [ 32.862644578773313, 46.601041380232097 ], [ 32.86525589113436, 46.601044485547789 ], [ 32.865264814380893, 46.597444736716213 ], [ 32.867873766818697, 46.598347719565162 ], [ 32.866561547475918, 46.601046015854671 ], [ 32.867860640083748, 46.603747341675977 ], [ 32.870472083011549, 46.603750328066496 ], [ 32.871773557946852, 46.605551672085817 ], [ 32.87046350274337, 46.607350073667725 ] ], [ [ 32.869730301561923, 46.912420242446011 ], [ 32.871045659231186, 46.911521841132306 ], [ 32.871043500746445, 46.912421729144512 ], [ 32.869730301561923, 46.912420242446011 ] ], [ [ 32.871080180851905, 46.897123613598872 ], [ 32.868454529629687, 46.897120626727435 ], [ 32.869778247541568, 46.892622674353326 ], [ 32.871090963404221, 46.892624160029399 ], [ 32.871080180851905, 46.897123613598872 ] ], [ [ 32.867834375276622, 46.61454657052942 ], [ 32.869142523897892, 46.613648136736508 ], [ 32.86914035621971, 46.614548071738596 ], [ 32.867834375276622, 46.61454657052942 ] ], [ [ 32.865947692104442, 46.849423200909904 ], [ 32.867266005408766, 46.846725035542882 ], [ 32.867259354905165, 46.849424729447065 ], [ 32.865947692104442, 46.849423200909904 ] ], [ [ 32.864631507577371, 46.851221452375867 ], [ 32.865945453149159, 46.850323098545722 ], [ 32.865943214086109, 46.85122299603934 ], [ 32.864631507577371, 46.851221452375867 ] ], [ [ 32.860409348943456, 46.961903014305001 ], [ 32.863040463444648, 46.961006309067187 ], [ 32.863038167000511, 46.961906188972797 ], [ 32.860409348943456, 46.961903014305001 ] ], [ [ 32.857154467705698, 46.702726921066329 ], [ 32.859768348013866, 46.703630077572647 ], [ 32.859766017743148, 46.704529998007402 ], [ 32.857149720328856, 46.704526761875805 ], [ 32.857154467705698, 46.702726921066329 ] ], [ [ 32.859766017743148, 46.704529998007402 ], [ 32.862380028699334, 46.705433094713626 ], [ 32.859763687360491, 46.705429918299878 ], [ 32.859766017743148, 46.704529998007402 ] ], [ [ 32.861359581219759, 46.592940368466699 ], [ 32.862667315941145, 46.592042004854385 ], [ 32.862665042715086, 46.592941943032542 ], [ 32.861359581219759, 46.592940368466699 ] ], [ [ 32.861302174569303, 46.615438775440374 ], [ 32.862615004145056, 46.61274054694843 ], [ 32.862608176611147, 46.615440351236927 ], [ 32.861302174569303, 46.615438775440374 ] ], [ [ 32.860731277403964, 46.837718256801637 ], [ 32.862044958192989, 46.836819945331385 ], [ 32.862042655067832, 46.837719844812185 ], [ 32.860731277403964, 46.837718256801637 ] ], [ [ 32.860684753545051, 46.855716215556619 ], [ 32.861998874624952, 46.854817907924257 ], [ 32.86199656928197, 46.855717804560534 ], [ 32.860684753545051, 46.855716215556619 ] ], [ [ 32.860967854104359, 46.745927782140178 ], [ 32.858340124387226, 46.749524225240471 ], [ 32.858354268679484, 46.744124743481393 ], [ 32.860967854104359, 46.745927782140178 ] ], [ [ 32.836284639081669, 46.682900613162431 ], [ 32.840202208432594, 46.68470600423575 ], [ 32.837586870599168, 46.684702322009613 ], [ 32.836284639081669, 46.682900613162431 ] ], [ [ 32.840202208432594, 46.68470600423575 ], [ 32.844122627629304, 46.685611338283429 ], [ 32.844120038998469, 46.686511260929237 ], [ 32.841504613540089, 46.686507668142205 ], [ 32.840202208432594, 46.68470600423575 ] ], [ [ 32.846735464954094, 46.686514793936695 ], [ 32.851963859873422, 46.68742160344194 ], [ 32.851958942618559, 46.689221448673443 ], [ 32.855879885713321, 46.690126379787415 ], [ 32.855875098083139, 46.691926224478294 ], [ 32.858490786814698, 46.691929489089503 ], [ 32.86109955438819, 46.694632460485636 ], [ 32.857175825258857, 46.694627630380722 ], [ 32.851951565850669, 46.691921215453519 ], [ 32.851956483814014, 46.690121371075769 ], [ 32.846727828626655, 46.689214561351562 ], [ 32.844117450243317, 46.687411183432729 ], [ 32.846735464954094, 46.686514793936695 ] ], [ [ 32.859485570676753, 46.812519417333682 ], [ 32.850307722275929, 46.813407688477859 ], [ 32.850315212653413, 46.810707979477868 ], [ 32.852941559157912, 46.808911570740719 ], [ 32.851635831125954, 46.807110071870973 ], [ 32.860807943956729, 46.808021500474077 ], [ 32.859485570676753, 46.812519417333682 ] ], [ [ 32.85745263535749, 46.589335802622458 ], [ 32.854856298992146, 46.583932887027196 ], [ 32.857464430260613, 46.584836108460316 ], [ 32.860063384939188, 46.589339025833418 ], [ 32.85745263535749, 46.589335802622458 ] ], [ [ 32.858767359830388, 46.585737666427768 ], [ 32.860074963820836, 46.584839331167636 ], [ 32.860072648266623, 46.585739270385425 ], [ 32.858767359830388, 46.585737666427768 ] ], [ [ 32.856792363351815, 46.839513200760202 ], [ 32.859417552828724, 46.838616553006226 ], [ 32.859415205692521, 46.839516452102792 ], [ 32.856792363351815, 46.839513200760202 ] ], [ [ 32.857026128283529, 46.751322423167956 ], [ 32.858337766608607, 46.750424138369041 ], [ 32.85833540871667, 46.751324051355375 ], [ 32.857026128283529, 46.751322423167956 ] ], [ [ 32.85677323180478, 46.84671238759902 ], [ 32.858087198056545, 46.845814123283049 ], [ 32.858084828113455, 46.84671402119119 ], [ 32.85677323180478, 46.84671238759902 ] ], [ [ 32.855942083081729, 46.66672834701285 ], [ 32.858554208746575, 46.667631534986228 ], [ 32.85855186125206, 46.668531461062038 ], [ 32.855937301424959, 46.668528199102781 ], [ 32.855942083081729, 46.66672834701285 ] ], [ [ 32.856768447767045, 46.848512182886388 ], [ 32.858082458056316, 46.847613918957045 ], [ 32.858080087885099, 46.848513816580699 ], [ 32.856768447767045, 46.848512182886388 ] ], [ [ 32.850881333058219, 46.605526348783911 ], [ 32.848277344444462, 46.602823107834965 ], [ 32.848287392693585, 46.599223362798256 ], [ 32.850898616083455, 46.599226795712973 ], [ 32.852209121667819, 46.597428616128056 ], [ 32.853504989000484, 46.601030042257442 ], [ 32.858725271879628, 46.601936547109851 ], [ 32.858720593197198, 46.603736419894979 ], [ 32.850881333058219, 46.605526348783911 ] ], [ [ 32.855476116364741, 46.841311350012077 ], [ 32.856789972311198, 46.840413099612888 ], [ 32.856787581155523, 46.841312998323318 ], [ 32.855476116364741, 46.841311350012077 ] ], [ [ 32.855611068677099, 46.790916806060949 ], [ 32.856923693592265, 46.790018544812696 ], [ 32.856921308869424, 46.790918451488757 ], [ 32.855611068677099, 46.790916806060949 ] ], [ [ 32.844641660216766, 46.960082940371976 ], [ 32.847272947946657, 46.959186597378746 ], [ 32.847270387286926, 46.960086476944738 ], [ 32.844641660216766, 46.960082940371976 ] ], [ [ 32.847267826503767, 46.960986356368515 ], [ 32.849901631437753, 46.959190073492245 ], [ 32.855156571425582, 46.960096724559754 ], [ 32.853837305793718, 46.961894813584941 ], [ 32.847267826503767, 46.960986356368515 ] ], [ [ 32.854538257694763, 46.702723625323685 ], [ 32.855848757895366, 46.701825360104785 ], [ 32.855846362642708, 46.702725280671672 ], [ 32.854538257694763, 46.702723625323685 ] ], [ [ 32.853398150332936, 46.640627109261558 ], [ 32.849480824046346, 46.639722089503906 ], [ 32.84948831027004, 46.63702229828322 ], [ 32.853398150332936, 46.640627109261558 ] ], [ [ 32.850797304325113, 46.636124078790502 ], [ 32.849495795416004, 46.634322505781697 ], [ 32.853415162485355, 46.634327594303727 ], [ 32.853410302453518, 46.636127456431772 ], [ 32.850799777715636, 46.63522414790318 ], [ 32.850797304325113, 46.636124078790502 ] ], [ [ 32.850765139444036, 46.647823167375464 ], [ 32.852076826507179, 46.646025006021837 ], [ 32.852071920099881, 46.647824864344841 ], [ 32.850765139444036, 46.647823167375464 ] ], [ [ 32.848002785924173, 46.70091528364263 ], [ 32.849313350500111, 46.700017093061014 ], [ 32.849310846811804, 46.700917013649125 ], [ 32.848002785924173, 46.70091528364263 ] ], [ [ 32.849310846811804, 46.700917013649125 ], [ 32.851924508606601, 46.70182034935744 ], [ 32.849308343003237, 46.701816934094921 ], [ 32.849310846811804, 46.700917013649125 ] ], [ [ 32.83008197290588, 46.575799286261066 ], [ 32.827471876933508, 46.575795379733371 ], [ 32.826172580287441, 46.57399352533735 ], [ 32.837925669438249, 46.571310947779509 ], [ 32.83792030765855, 46.57311082851227 ], [ 32.843140245272586, 46.573118104934558 ], [ 32.845742559772511, 46.575821474875276 ], [ 32.848352659345053, 46.575824964551998 ], [ 32.848347641722114, 46.577624844756095 ], [ 32.85095536232815, 46.578528215092724 ], [ 32.850945497911823, 46.58212797365244 ], [ 32.848340114385365, 46.580324663994723 ], [ 32.844424641333731, 46.580319406326808 ], [ 32.844429789238205, 46.578519527305303 ], [ 32.840514446857043, 46.578514135965463 ], [ 32.841814326581435, 46.58031582676545 ], [ 32.837896173285515, 46.581210284763486 ], [ 32.837904219233863, 46.578510467294187 ], [ 32.833991625266734, 46.577604913354676 ], [ 32.834005355794211, 46.573105214891072 ], [ 32.830087594513273, 46.573999407092536 ], [ 32.83008197290588, 46.575799286261066 ] ], [ [ 32.847137062727001, 47.006880018426386 ], [ 32.848457663673607, 47.005082022327564 ], [ 32.848452573804316, 47.006881766922717 ], [ 32.847137062727001, 47.006880018426386 ] ], [ [ 32.848289904454639, 46.598323426183256 ], [ 32.849597984500328, 46.597425213225392 ], [ 32.849595494474286, 46.59832515003658 ], [ 32.848289904454639, 46.598323426183256 ] ], [ [ 32.805063458032997, 46.637855167235848 ], [ 32.80376342726214, 46.636053076833328 ], [ 32.808989404497844, 46.636061920735763 ], [ 32.811583652096338, 46.641465824665687 ], [ 32.806360364447322, 46.640557170523046 ], [ 32.808976737190065, 46.639661635090619 ], [ 32.807679721700481, 46.636959660872002 ], [ 32.805063458032997, 46.637855167235848 ] ], [ [ 32.811583652096338, 46.641465824665687 ], [ 32.818113762527666, 46.642376325083688 ], [ 32.819423404077838, 46.641478466306182 ], [ 32.818131855484459, 46.636976752464896 ], [ 32.81943238578387, 46.638778680016287 ], [ 32.822045507626086, 46.638782774140743 ], [ 32.822051408069491, 46.636982915646456 ], [ 32.82597384696097, 46.636089014906467 ], [ 32.827288932828587, 46.633391204655645 ], [ 32.8312082284531, 46.633397053803414 ], [ 32.832522988810346, 46.6306991816882 ], [ 32.836442091154829, 46.630704851296443 ], [ 32.832517436801908, 46.63249904316153 ], [ 32.833818338194533, 46.634300809089005 ], [ 32.836433957827346, 46.633404643824541 ], [ 32.836428534958486, 46.635204504798303 ], [ 32.84165443966662, 46.635211856601579 ], [ 32.84297132826886, 46.631613933595737 ], [ 32.848199405100765, 46.630721054660079 ], [ 32.848191856429537, 46.633420848707502 ], [ 32.845576429424192, 46.634317282999127 ], [ 32.8442622292945, 46.637015304081693 ], [ 32.848179272895585, 46.637920502606931 ], [ 32.849458358906979, 46.647821455481242 ], [ 32.844220903557975, 46.651414172293322 ], [ 32.841609797574257, 46.650510655799479 ], [ 32.84290621979067, 46.654112169117745 ], [ 32.840292356851101, 46.654108550514955 ], [ 32.83899076719544, 46.65230686359368 ], [ 32.833765974123153, 46.651399460412541 ], [ 32.829853843998436, 46.648693914072524 ], [ 32.825933443906514, 46.648688017040421 ], [ 32.825939217433692, 46.646888161300851 ], [ 32.823325704751582, 46.646884155570334 ], [ 32.822024851613556, 46.645082274386667 ], [ 32.811577403585183, 46.643265680690277 ], [ 32.811583652096338, 46.641465824665687 ] ], [ [ 32.819438372869499, 46.636978821777909 ], [ 32.820747862066526, 46.636080946774833 ], [ 32.820744890398188, 46.636980876171769 ], [ 32.819438372869499, 46.636978821777909 ] ], [ [ 32.84558666779651, 46.630717558324314 ], [ 32.844282880265993, 46.629815856313307 ], [ 32.845589227082542, 46.629817626799792 ], [ 32.84558666779651, 46.630717558324314 ] ], [ [ 32.845520083230589, 46.654115728008207 ], [ 32.845514957898409, 46.655915583229856 ], [ 32.844207982755478, 46.655913811137893 ], [ 32.84290621979067, 46.654112169117745 ], [ 32.845520083230589, 46.654115728008207 ] ], [ [ 32.846821933164343, 46.655917340392797 ], [ 32.848126389065712, 46.656819010133425 ], [ 32.848123869458227, 46.657718937497869 ], [ 32.845509832074129, 46.657715437882267 ], [ 32.846821933164343, 46.655917340392797 ] ], [ [ 32.835839788281554, 46.829586139405762 ], [ 32.84632408897518, 46.831400502161095 ], [ 32.848949056598499, 46.830504092955223 ], [ 32.846295866139627, 46.841299391119726 ], [ 32.842364107037227, 46.840394142380241 ], [ 32.842379896496567, 46.83499475068669 ], [ 32.835826087359834, 46.834085635666433 ], [ 32.837140093714147, 46.833187609865014 ], [ 32.835839788281554, 46.829586139405762 ] ], [ [ 32.846958975320042, 46.60732104663257 ], [ 32.848269806992271, 46.605522915118108 ], [ 32.848264781421484, 46.607322785928567 ], [ 32.846958975320042, 46.60732104663257 ] ], [ [ 32.829712580379038, 46.693690131745754 ], [ 32.819276519640752, 46.685574794352831 ], [ 32.834952346922591, 46.690998033727347 ], [ 32.834944122221714, 46.69369779747246 ], [ 32.840170356189162, 46.69550506627094 ], [ 32.842778380282247, 46.698208452727002 ], [ 32.84539437080668, 46.698212017072308 ], [ 32.846692177880939, 46.701813459020975 ], [ 32.838849040718728, 46.700002834788521 ], [ 32.834941380391413, 46.694597718436206 ], [ 32.829712580379038, 46.693690131745754 ] ], [ [ 32.841044703345823, 46.843092022601631 ], [ 32.846293299686465, 46.842199289262481 ], [ 32.84629073310979, 46.843099187262958 ], [ 32.841044703345823, 46.843092022601631 ] ], [ [ 32.84559434528618, 46.628017763323847 ], [ 32.846905723340889, 46.626219654630134 ], [ 32.846900648924901, 46.628019518785109 ], [ 32.84559434528618, 46.628017763323847 ] ], [ [ 32.84478733211111, 46.909689471860041 ], [ 32.846105614531332, 46.907891469490721 ], [ 32.846100463181706, 46.909691244582945 ], [ 32.84478733211111, 46.909689471860041 ] ], [ [ 32.843163592304471, 46.565018635106924 ], [ 32.845775723738043, 46.56412224108864 ], [ 32.845773173397603, 46.565022183003165 ], [ 32.843163592304471, 46.565018635106924 ] ], [ [ 32.844955923594959, 46.851196493742819 ], [ 32.844940383396086, 46.856595870745409 ], [ 32.835752045391608, 46.858382854016078 ], [ 32.833139438011713, 46.854779478414251 ], [ 32.830513024647047, 46.855675519356282 ], [ 32.827895149323155, 46.853871814206101 ], [ 32.826597862926413, 46.849370355973619 ], [ 32.844955923594959, 46.851196493742819 ] ], [ [ 32.843625934897844, 46.857493981869958 ], [ 32.844935202332429, 46.858395661941657 ], [ 32.843623322386932, 46.858393877341165 ], [ 32.843625934897844, 46.857493981869958 ] ], [ [ 32.842885368571807, 46.66131158569894 ], [ 32.844195058851476, 46.660413446424648 ], [ 32.844192473698406, 46.661313373055073 ], [ 32.842885368571807, 46.66131158569894 ] ], [ [ 32.840551475805952, 47.009570664082595 ], [ 32.841875019666553, 47.006872873319203 ], [ 32.841867052534887, 47.009572488310987 ], [ 32.840551475805952, 47.009570664082595 ] ], [ [ 32.841850955984604, 46.567716663224395 ], [ 32.843158404945783, 46.566818518287242 ], [ 32.843155811079903, 46.567718459663887 ], [ 32.841850955984604, 46.567716663224395 ] ], [ [ 32.840363840563569, 46.629810455360875 ], [ 32.841667562763838, 46.630712201950942 ], [ 32.840361194670095, 46.630710386661235 ], [ 32.840363840563569, 46.629810455360875 ] ], [ [ 32.841670187005462, 46.629812270593831 ], [ 32.842979136038167, 46.628914139355629 ], [ 32.842976533573285, 46.629814070911316 ], [ 32.841670187005462, 46.629812270593831 ] ], [ [ 32.840361194670095, 46.630710386661235 ], [ 32.839052159029997, 46.63160848755642 ], [ 32.839054826703318, 46.630708556455588 ], [ 32.840361194670095, 46.630710386661235 ] ], [ [ 32.836662347192707, 46.990667773749088 ], [ 32.837980179131115, 46.989769767755227 ], [ 32.837977459763323, 46.990669642090623 ], [ 32.836662347192707, 46.990667773749088 ] ], [ [ 32.837643479441844, 46.6658039165536 ], [ 32.838953365056561, 46.664905838233089 ], [ 32.838950692513208, 46.665805763925668 ], [ 32.837643479441844, 46.6658039165536 ] ], [ [ 32.836129473862123, 46.734195981659227 ], [ 32.837441042566446, 46.733297933575372 ], [ 32.837438338477931, 46.734197848394764 ], [ 32.836129473862123, 46.734195981659227 ] ], [ [ 32.802496219806912, 46.625251675987776 ], [ 32.798574180518742, 46.62614477417285 ], [ 32.798580856253324, 46.62434491412899 ], [ 32.802499492658065, 46.624351745681146 ], [ 32.803818708371693, 46.620754270108705 ], [ 32.801213044024607, 46.618949899003852 ], [ 32.797291439182402, 46.619842954878777 ], [ 32.799916906347384, 46.616247828335034 ], [ 32.797304872077873, 46.616243230522706 ], [ 32.797311587558951, 46.614443367490288 ], [ 32.792094581932133, 46.612634130535248 ], [ 32.794709842275985, 46.611738915155613 ], [ 32.79341077751765, 46.609936700419134 ], [ 32.79602250797204, 46.609941386656239 ], [ 32.797314945057863, 46.613543435760462 ], [ 32.80123280199588, 46.613550309471883 ], [ 32.806443788255883, 46.617158993766779 ], [ 32.805128063192619, 46.61985657111741 ], [ 32.807737086941096, 46.6207609218784 ], [ 32.809033720931843, 46.623462902554415 ], [ 32.829927167197326, 46.625295740256306 ], [ 32.833851385647591, 46.623501634410474 ], [ 32.833845879060128, 46.625301498280272 ], [ 32.837764592111995, 46.625307122086028 ], [ 32.828603887664698, 46.630693377836593 ], [ 32.825991154247475, 46.630689434022607 ], [ 32.824690599036636, 46.628887578432995 ], [ 32.819462315466581, 46.629779383130114 ], [ 32.819453338069799, 46.632479173690719 ], [ 32.814230781764188, 46.631570878448152 ], [ 32.81032105327732, 46.628864658327601 ], [ 32.806398880676952, 46.629758023980145 ], [ 32.806392462845515, 46.631557883161108 ], [ 32.803779691093489, 46.63155343206823 ], [ 32.805102228568686, 46.62705601639918 ], [ 32.802496219806912, 46.625251675987776 ] ], [ [ 32.83564217655352, 46.89437854242906 ], [ 32.83170672240356, 46.893472931392743 ], [ 32.833025042786339, 46.89167507458334 ], [ 32.835647675022329, 46.892578763413894 ], [ 32.83564217655352, 46.89437854242906 ] ], [ [ 32.832364547526176, 46.681995010571917 ], [ 32.827151355577207, 46.676587690719721 ], [ 32.831070968729009, 46.677493472138096 ], [ 32.831065359429971, 46.679293318688863 ], [ 32.83498523387938, 46.680198965938445 ], [ 32.834979754035864, 46.68199881199309 ], [ 32.832364547526176, 46.681995010571917 ] ], [ [ 32.830575281100941, 46.835877789581041 ], [ 32.834509274625887, 46.835883544810315 ], [ 32.834476113029332, 46.846682317201854 ], [ 32.827918144003682, 46.846672646412188 ], [ 32.827935384205205, 46.841273264591287 ], [ 32.824000998646135, 46.84126728290083 ], [ 32.825324126221865, 46.837669701593796 ], [ 32.829258249458555, 46.837675637465566 ], [ 32.830575281100941, 46.835877789581041 ] ], [ [ 32.831406543264322, 46.569501637190136 ], [ 32.828791085791728, 46.571297641755947 ], [ 32.824879162775581, 46.570391775917706 ], [ 32.826189830384678, 46.568593885517842 ], [ 32.835323958937813, 46.568607398667147 ], [ 32.835318511601983, 46.570407280021037 ], [ 32.831406543264322, 46.569501637190136 ] ], [ [ 32.817281935157084, 46.888951348175041 ], [ 32.823833265979978, 46.892561192740715 ], [ 32.825137202626784, 46.895262872096431 ], [ 32.830388313780553, 46.895270772339018 ], [ 32.82906981690568, 46.897068597419391 ], [ 32.823821477973325, 46.896160748004185 ], [ 32.821186905326627, 46.898856341898487 ], [ 32.813306594860215, 46.899743654900938 ], [ 32.813325333626331, 46.89434432768936 ], [ 32.817263597015405, 46.894350681700743 ], [ 32.817269710318023, 46.892550904427949 ], [ 32.814644289076121, 46.892546683737464 ], [ 32.817281935157084, 46.888951348175041 ] ], [ [ 32.830388313780553, 46.895270772339018 ], [ 32.831703907226185, 46.894372820650268 ], [ 32.831701091913246, 46.895272709765564 ], [ 32.830388313780553, 46.895270772339018 ] ], [ [ 32.808961632153554, 47.014021696167809 ], [ 32.811596164736642, 47.013126186264188 ], [ 32.81159299995543, 47.014026055642795 ], [ 32.808961632153554, 47.014021696167809 ] ], [ [ 32.811589835021557, 47.014925924879158 ], [ 32.815543151281709, 47.013132611906705 ], [ 32.815555543712172, 47.009533132166013 ], [ 32.810296434959312, 47.008624665465632 ], [ 32.814246209276007, 47.00773126507589 ], [ 32.816886494518343, 47.005035890345539 ], [ 32.831356603999652, 47.005058114621292 ], [ 32.826094744019713, 47.005050244622943 ], [ 32.826088903053183, 47.00684998723014 ], [ 32.816877268935173, 47.007735502696043 ], [ 32.816864966080963, 47.011334983838779 ], [ 32.822124453001805, 47.012243148955505 ], [ 32.816852660852923, 47.014934462705796 ], [ 32.811589835021557, 47.014925924879158 ] ], [ [ 32.823918661163688, 46.866464349006058 ], [ 32.826542811795363, 46.866468355331087 ], [ 32.826534114908178, 46.869168034745229 ], [ 32.825221973737335, 46.869166038914791 ], [ 32.823918661163688, 46.866464349006058 ] ], [ [ 32.826534114908178, 46.869168034745229 ], [ 32.827843378907424, 46.870069908451129 ], [ 32.826531215666662, 46.870067927598747 ], [ 32.826534114908178, 46.869168034745229 ] ], [ [ 32.823228939217913, 46.676581698332839 ], [ 32.824539324035229, 46.675683787411124 ], [ 32.82453641119816, 46.676583710734832 ], [ 32.823228939217913, 46.676581698332839 ] ], [ [ 32.82453641119816, 46.676583710734832 ], [ 32.825840992047205, 46.677485631440923 ], [ 32.824533498221228, 46.677483633916218 ], [ 32.82453641119816, 46.676583710734832 ] ], [ [ 32.82716283246026, 46.672987996073317 ], [ 32.823246544355897, 46.671182156632966 ], [ 32.82324947805251, 46.670282232518133 ], [ 32.828478759160888, 46.670290190746492 ], [ 32.828461675696495, 46.675689734793004 ], [ 32.825843883318278, 46.676585708197116 ], [ 32.82716283246026, 46.672987996073317 ] ], [ [ 32.787187728410629, 46.864602161437553 ], [ 32.783273377089422, 46.859195425854367 ], [ 32.791134280553443, 46.861909735149901 ], [ 32.800321352804389, 46.861026230496051 ], [ 32.801623349879151, 46.863728189620993 ], [ 32.798999336520488, 46.863723612261104 ], [ 32.798989259615361, 46.866423288728399 ], [ 32.79504961839605, 46.867316200908682 ], [ 32.793744418581973, 46.865514060966461 ], [ 32.787187728410629, 46.864602161437553 ] ], [ [ 32.801620034920141, 46.864628082062204 ], [ 32.804253905626318, 46.861932921240722 ], [ 32.805556121923814, 46.864634835535085 ], [ 32.813428300125715, 46.864647936466348 ], [ 32.813412709654365, 46.869147399642053 ], [ 32.816033914853875, 46.870051539323477 ], [ 32.822559135259397, 46.880860595680105 ], [ 32.817315541326344, 46.879052556741733 ], [ 32.809438068813606, 46.879939610506803 ], [ 32.805507365338059, 46.878133208244343 ], [ 32.800257933712786, 46.878124169300179 ], [ 32.801580242962402, 46.875426780256511 ], [ 32.804204827144268, 46.875431299304658 ], [ 32.805533373231846, 46.870934080117202 ], [ 32.80555287257998, 46.865534728045155 ], [ 32.801620034920141, 46.864628082062204 ] ], [ [ 32.804253905626318, 46.861932921240722 ], [ 32.805569117735168, 46.861035264071752 ], [ 32.80556586901691, 46.861935157151031 ], [ 32.804253905626318, 46.861932921240722 ] ], [ [ 32.822559135259397, 46.880860595680105 ], [ 32.823868616379826, 46.881762513292919 ], [ 32.822556168370561, 46.881760486495445 ], [ 32.822559135259397, 46.880860595680105 ] ], [ [ 32.822556168370561, 46.881760486495445 ], [ 32.82123774240663, 46.883558225727583 ], [ 32.82124372050415, 46.881758444651418 ], [ 32.822556168370561, 46.881760486495445 ] ], [ [ 32.822550234164325, 46.883560267699323 ], [ 32.825172294684307, 46.884464197015099 ], [ 32.822547266846904, 46.884460158087848 ], [ 32.822550234164325, 46.883560267699323 ] ], [ [ 32.825172294684307, 46.884464197015099 ], [ 32.826481907199266, 46.885366084341747 ], [ 32.825169371120587, 46.885364087387657 ], [ 32.825172294684307, 46.884464197015099 ] ], [ [ 32.823953962243735, 46.855665620048164 ], [ 32.825268693368464, 46.854767734908194 ], [ 32.825265774445512, 46.855667629975649 ], [ 32.823953962243735, 46.855665620048164 ] ], [ [ 32.823942197482559, 46.859265198643861 ], [ 32.825262855382078, 46.856567524900839 ], [ 32.825254097348711, 46.859267208822764 ], [ 32.823942197482559, 46.859265198643861 ] ], [ [ 32.8252453380506, 46.861966891464213 ], [ 32.822612514840415, 46.864662536675475 ], [ 32.822621406941188, 46.861962855693058 ], [ 32.8252453380506, 46.861966891464213 ] ], [ [ 32.82096144794825, 46.571285656070792 ], [ 32.819665456960877, 46.568583786754921 ], [ 32.822275205908632, 46.568587870911387 ], [ 32.822266387239885, 46.57128769089789 ], [ 32.824876266244992, 46.571291715896628 ], [ 32.823565490024912, 46.573089590245225 ], [ 32.817043604754026, 46.572179401732107 ], [ 32.818354574239038, 46.570381602100106 ], [ 32.82096144794825, 46.571285656070792 ] ], [ [ 32.819632640738696, 46.578483119036854 ], [ 32.82092886448946, 46.581184984359041 ], [ 32.824841497042307, 46.58209098453888 ], [ 32.823527538168598, 46.58478879249931 ], [ 32.818300472143527, 46.586580494213806 ], [ 32.815692910514812, 46.585676381035462 ], [ 32.815711208037499, 46.580276755385107 ], [ 32.818321517396626, 46.580280930539956 ], [ 32.819632640738696, 46.578483119036854 ] ], [ [ 32.820943677283161, 46.576685291818151 ], [ 32.823553815050438, 46.576689347347575 ], [ 32.823547976723383, 46.578489225044528 ], [ 32.820937752591874, 46.578485169261633 ], [ 32.820943677283161, 46.576685291818151 ] ], [ [ 32.822677693772327, 46.844864846401592 ], [ 32.820045580473739, 46.847560441626491 ], [ 32.818746073867771, 46.843958787179545 ], [ 32.822677693772327, 46.844864846401592 ] ], [ [ 32.822063207257465, 46.633383196949652 ], [ 32.82337842138385, 46.630685430545007 ], [ 32.823369638440532, 46.633385221252105 ], [ 32.822063207257465, 46.633383196949652 ] ], [ [ 32.820980138673576, 46.960948273681836 ], [ 32.822297501254248, 46.960050442855831 ], [ 32.822294521761307, 46.960950321152652 ], [ 32.820980138673576, 46.960948273681836 ] ], [ [ 32.820084637766477, 46.835861781308338 ], [ 32.821395967688531, 46.83586383492149 ], [ 32.820066614359774, 46.841261165981692 ], [ 32.810889547005694, 46.840346470654488 ], [ 32.812222930628209, 46.834049348916146 ], [ 32.806981013094891, 46.833140726681677 ], [ 32.808321069820792, 46.825043845247052 ], [ 32.822739845685383, 46.825966986899608 ], [ 32.820084637766477, 46.835861781308338 ] ], [ [ 32.81157400806206, 47.019425268927378 ], [ 32.816837275978813, 47.01943380808941 ], [ 32.820775694750132, 47.022139659823956 ], [ 32.819453743343161, 47.023937329439633 ], [ 32.812874104585525, 47.023926767225674 ], [ 32.810248627128296, 47.02212270085834 ], [ 32.81157400806206, 47.019425268927378 ] ], [ [ 32.819653660003134, 46.964545722373636 ], [ 32.82097113321484, 46.96364790752672 ], [ 32.820968131105865, 46.964547785190504 ], [ 32.819653660003134, 46.964545722373636 ] ], [ [ 32.820640792097898, 46.668478315383034 ], [ 32.821953978286807, 46.666680507990627 ], [ 32.821948068489618, 46.668480357089983 ], [ 32.820640792097898, 46.668478315383034 ] ], [ [ 32.816797257935228, 47.031132089446089 ], [ 32.820748585718555, 47.030238470472575 ], [ 32.820745572877286, 47.031138337611324 ], [ 32.816797257935228, 47.031132089446089 ] ], [ [ 32.819129289170874, 46.729670780637846 ], [ 32.820441029557315, 46.728772926920477 ], [ 32.820438043154624, 46.729672841656388 ], [ 32.819129289170874, 46.729670780637846 ] ], [ [ 32.819647559349086, 46.573983424680698 ], [ 32.820955524961278, 46.573085535222717 ], [ 32.820952563254792, 46.573985474585136 ], [ 32.819647559349086, 46.573983424680698 ] ], [ [ 32.817419302497271, 46.848456183465984 ], [ 32.818733966027303, 46.847558372149756 ], [ 32.818730938702984, 46.848458268036595 ], [ 32.817419302497271, 46.848456183465984 ] ], [ [ 32.818336142707345, 46.965443521858887 ], [ 32.805178152332999, 46.96902141761354 ], [ 32.807813758262647, 46.967226108115163 ], [ 32.806502467569167, 46.966324017690297 ], [ 32.807829871657951, 46.962726723839346 ], [ 32.811763679933634, 46.965432905644505 ], [ 32.818336142707345, 46.965443521858887 ] ], [ [ 32.81666114275491, 46.685570633791421 ], [ 32.817971853937458, 46.684672799963217 ], [ 32.817968831125263, 46.68557272154429 ], [ 32.81666114275491, 46.685570633791421 ] ], [ [ 32.815420877869002, 46.665770226309078 ], [ 32.816731129912874, 46.664872402913389 ], [ 32.816728088599781, 46.665772327560887 ], [ 32.815420877869002, 46.665770226309078 ] ], [ [ 32.816728088599781, 46.665772327560887 ], [ 32.818032279710778, 46.666674338448999 ], [ 32.816725047140686, 46.666672252066029 ], [ 32.816728088599781, 46.665772327560887 ] ], [ [ 32.817708325296124, 46.7629654450405 ], [ 32.815086126786731, 46.763861152376954 ], [ 32.813785847720837, 46.761159301539934 ], [ 32.817714395806476, 46.761165626217014 ], [ 32.817708325296124, 46.7629654450405 ] ], [ [ 32.817025444654007, 46.577579035463742 ], [ 32.8144121947673, 46.578474769249048 ], [ 32.8144244753816, 46.574875015092559 ], [ 32.817031498601217, 46.575779158122714 ], [ 32.817025444654007, 46.577579035463742 ] ], [ [ 32.815387175102558, 46.675669387313846 ], [ 32.816697667436678, 46.674771566206616 ], [ 32.816694624516963, 46.675671489288256 ], [ 32.815387175102558, 46.675669387313846 ] ], [ [ 32.801950742525342, 46.774638133447965 ], [ 32.808503142403453, 46.773749372124023 ], [ 32.809825634062321, 46.770151926437734 ], [ 32.811129076000427, 46.771953910588998 ], [ 32.815058408347674, 46.771960327574703 ], [ 32.81505224706568, 46.77376014271978 ], [ 32.811122783815598, 46.77375372533286 ], [ 32.808496762336723, 46.775549186026353 ], [ 32.801950742525342, 46.774638133447965 ] ], [ [ 32.814277397784998, 46.998732553587907 ], [ 32.814264924186332, 47.002332039889978 ], [ 32.805047327316856, 47.005016346843476 ], [ 32.799785479286278, 47.005007267953509 ], [ 32.802419720861771, 47.004111967305036 ], [ 32.802429673542505, 47.001412355504499 ], [ 32.809012957284168, 46.999623771222339 ], [ 32.810334656328841, 46.997826214107981 ], [ 32.814277397784998, 46.998732553587907 ] ], [ [ 32.799785479286278, 47.005007267953509 ], [ 32.797151149838101, 47.00590250772759 ], [ 32.797154556239612, 47.005002637841955 ], [ 32.799785479286278, 47.005007267953509 ] ], [ [ 32.812031444552105, 46.888942847648657 ], [ 32.814650489614664, 46.890746906159521 ], [ 32.808090368520624, 46.889836203032289 ], [ 32.80941894945903, 46.885338950160445 ], [ 32.812044018250724, 46.885343290182526 ], [ 32.812031444552105, 46.888942847648657 ] ], [ [ 32.812794029798766, 46.66936567537595 ], [ 32.815411687970581, 46.668469999200425 ], [ 32.815408624376943, 46.669369923212841 ], [ 32.812794029798766, 46.66936567537595 ] ], [ [ 32.813493739147631, 46.845750152282498 ], [ 32.814799123566353, 46.847552073547462 ], [ 32.812175896001548, 46.847547799335899 ], [ 32.813493739147631, 46.845750152282498 ] ], [ [ 32.794838938143222, 46.57754139860419 ], [ 32.775266365703175, 46.576604680138331 ], [ 32.77919616682717, 46.573012556855126 ], [ 32.779203471234588, 46.571212682264253 ], [ 32.775288669585734, 46.571205059504472 ], [ 32.776604688081321, 46.5685078028297 ], [ 32.780515666011176, 46.569415318096532 ], [ 32.78574940574498, 46.565825459646121 ], [ 32.785756491588295, 46.564025582000752 ], [ 32.798807450571964, 46.563149333721121 ], [ 32.797492662242938, 46.565846850296346 ], [ 32.801407084002967, 46.565853712632126 ], [ 32.804019940228699, 46.564958273336138 ], [ 32.804026421622595, 46.563158393358961 ], [ 32.810547006179149, 46.56406932348888 ], [ 32.810534473698389, 46.56766908367787 ], [ 32.807918417085816, 46.569464610718157 ], [ 32.810528206556626, 46.569468962918016 ], [ 32.811823764428027, 46.572170934685815 ], [ 32.810512536072608, 46.573968658526482 ], [ 32.813100899263262, 46.580272520671102 ], [ 32.805263532421421, 46.582059333879599 ], [ 32.803964823278939, 46.58025723014407 ], [ 32.800049364455191, 46.580250453714683 ], [ 32.794838938143222, 46.57754139860419 ] ], [ [ 32.810826367361038, 46.858344376159941 ], [ 32.805582111044579, 46.857435690331521 ], [ 32.806903642595898, 46.85473822885082 ], [ 32.802971569725557, 46.85383162872008 ], [ 32.804289873998023, 46.852034090310539 ], [ 32.809533582790444, 46.852942835399475 ], [ 32.810839008155568, 46.854744799612455 ], [ 32.810826367361038, 46.858344376159941 ] ], [ [ 32.808856276390095, 46.673858807850692 ], [ 32.810166832787637, 46.672961061351778 ], [ 32.810163681652007, 46.673860984384966 ], [ 32.808856276390095, 46.673858807850692 ] ], [ [ 32.804971988580789, 47.025713328085907 ], [ 32.806291214555387, 47.024815694382106 ], [ 32.806287959333609, 47.025715561636908 ], [ 32.804971988580789, 47.025713328085907 ] ], [ [ 32.806287959333609, 47.025715561636908 ], [ 32.808916690160274, 47.026619850623774 ], [ 32.806284703954795, 47.026615428749452 ], [ 32.806287959333609, 47.025715561636908 ] ], [ [ 32.807584528319907, 47.031116981023892 ], [ 32.808903844014836, 47.0302193182048 ], [ 32.808900632091103, 47.031119184744448 ], [ 32.807584528319907, 47.031116981023892 ] ], [ [ 32.80694233901535, 46.843939488012523 ], [ 32.80956857003958, 46.843043985771509 ], [ 32.809555849546477, 46.846643569446648 ], [ 32.801689615563475, 46.845730310910888 ], [ 32.804322555997636, 46.843035138158648 ], [ 32.80694233901535, 46.843939488012523 ] ], [ [ 32.806683851735833, 46.549663713825773 ], [ 32.809289539758943, 46.550568035253875 ], [ 32.806680656564836, 46.550563656160378 ], [ 32.806683851735833, 46.549663713825773 ] ], [ [ 32.806680656564836, 46.550563656160378 ], [ 32.805372998312414, 46.551461386425053 ], [ 32.805376215197015, 46.550561444301991 ], [ 32.806680656564836, 46.550563656160378 ] ], [ [ 32.805893201454111, 46.771045237447368 ], [ 32.807206167484317, 46.770147543796639 ], [ 32.807202956326549, 46.771047451319568 ], [ 32.805893201454111, 46.771045237447368 ] ], [ [ 32.801812039077866, 46.812434085221007 ], [ 32.800494624588929, 46.814231608943672 ], [ 32.799183822177334, 46.814229316690458 ], [ 32.79919052155185, 46.812429516011562 ], [ 32.801812039077866, 46.812434085221007 ] ], [ [ 32.797873019926875, 46.81422700942602 ], [ 32.801795508091907, 46.816933586565106 ], [ 32.796545247902422, 46.818724185632995 ], [ 32.79653506398126, 46.82142388301456 ], [ 32.80701966485065, 46.822341944857783 ], [ 32.807013224440936, 46.824141743251573 ], [ 32.799150315634712, 46.823228311545037 ], [ 32.800451347278418, 46.825930300411009 ], [ 32.79258482921739, 46.825916316040519 ], [ 32.791252841125285, 46.831313317629856 ], [ 32.784700351926546, 46.830401276902819 ], [ 32.784693164626368, 46.832201070248857 ], [ 32.782070688952892, 46.832196107359778 ], [ 32.784714724452208, 46.826801688502542 ], [ 32.789966162864125, 46.825011636542129 ], [ 32.792612514602055, 46.818717127635331 ], [ 32.796552036366727, 46.816924386666948 ], [ 32.797873019926875, 46.81422700942602 ] ], [ [ 32.804943774882005, 46.671152419916368 ], [ 32.806254330359337, 46.670254717802301 ], [ 32.806251114582196, 46.671154641057122 ], [ 32.804943774882005, 46.671152419916368 ] ], [ [ 32.804940537250978, 46.672052342959397 ], [ 32.806241466324323, 46.673854409967355 ], [ 32.803626656876268, 46.673849952331082 ], [ 32.804940537250978, 46.672052342959397 ] ], [ [ 32.80234669051665, 47.023909081388162 ], [ 32.804981820113248, 47.023013726104395 ], [ 32.804978543093853, 47.023913593573809 ], [ 32.80234669051665, 47.023909081388162 ] ], [ [ 32.802365176883931, 46.661248771497092 ], [ 32.804982614332516, 46.660353332295124 ], [ 32.804979378566173, 46.66125325704661 ], [ 32.802365176883931, 46.661248771497092 ] ], [ [ 32.803270415417899, 46.77194067190829 ], [ 32.804583446737105, 46.771043008586425 ], [ 32.804580191793924, 46.771942915828127 ], [ 32.803270415417899, 46.77194067190829 ] ], [ [ 32.802955111680951, 46.858331097684413 ], [ 32.804270257246962, 46.857433454770749 ], [ 32.804266987237646, 46.858333348349369 ], [ 32.802955111680951, 46.858331097684413 ] ], [ [ 32.801503910753787, 46.896124227850493 ], [ 32.802820006186032, 46.89522660899577 ], [ 32.802816707596996, 46.896126496527216 ], [ 32.801503910753787, 46.896124227850493 ] ], [ [ 32.800019583533725, 46.588349882869437 ], [ 32.793479177875504, 46.59193802890389 ], [ 32.788271466252056, 46.588328743591084 ], [ 32.785660775344823, 46.588323882140813 ], [ 32.784366136210004, 46.585621623305791 ], [ 32.800029511935783, 46.585650074432841 ], [ 32.800019583533725, 46.588349882869437 ] ], [ [ 32.797093004164445, 46.672938624489582 ], [ 32.798403732605202, 46.672041012849192 ], [ 32.798400386316253, 46.672940935395708 ], [ 32.797093004164445, 46.672938624489582 ] ], [ [ 32.798400386316253, 46.672940935395708 ], [ 32.801011848054266, 46.67384543494191 ], [ 32.798397039866636, 46.67384085779986 ], [ 32.798400386316253, 46.672940935395708 ] ], [ [ 32.793225768361722, 46.658532828980995 ], [ 32.798447219744951, 46.660342006787694 ], [ 32.798443875543832, 46.661241931185181 ], [ 32.79321890695828, 46.660332677619991 ], [ 32.793225768361722, 46.658532828980995 ] ], [ [ 32.798443875543832, 46.661241931185181 ], [ 32.799744330324494, 46.663044074732142 ], [ 32.79843718665996, 46.663041779553033 ], [ 32.798443875543832, 46.661241931185181 ] ], [ [ 32.79728727785708, 46.969907601328842 ], [ 32.798605256397884, 46.969010045459576 ], [ 32.798601878607627, 46.969909921108773 ], [ 32.79728727785708, 46.969907601328842 ] ], [ [ 32.797261205739915, 46.627942326349526 ], [ 32.798570842411202, 46.627044703981177 ], [ 32.798567504143477, 46.627944633647104 ], [ 32.797261205739915, 46.627942326349526 ] ], [ [ 32.797345155300903, 46.605444043783983 ], [ 32.798654247070822, 46.604546416053616 ], [ 32.79865091280471, 46.605446349279518 ], [ 32.797345155300903, 46.605444043783983 ] ], [ [ 32.796446741729859, 46.844821206661607 ], [ 32.797754910532859, 46.845723426621859 ], [ 32.795124931925685, 46.847518551667953 ], [ 32.791190097929601, 46.847511441519323 ], [ 32.785932929601984, 46.850201432843228 ], [ 32.779378236001421, 46.849289086842205 ], [ 32.7807045393359, 46.845692031826715 ], [ 32.789885504888531, 46.845709252296835 ], [ 32.791211018366965, 46.842112072013734 ], [ 32.788588059353287, 46.842107257674968 ], [ 32.788595119077655, 46.840307467002106 ], [ 32.797775171986466, 46.840324053199524 ], [ 32.796446741729859, 46.844821206661607 ] ], [ [ 32.794915911854474, 46.902411864362975 ], [ 32.796232271184884, 46.901514322647031 ], [ 32.796228861642604, 46.902414208822883 ], [ 32.794915911854474, 46.902411864362975 ] ], [ [ 32.793703045623666, 46.876312752231421 ], [ 32.796331076523394, 46.875417561641882 ], [ 32.796327671738943, 46.876317451944793 ], [ 32.793703045623666, 46.876312752231421 ] ], [ [ 32.79472684202095, 46.607239253674067 ], [ 32.797341799251313, 46.606343976795415 ], [ 32.797338443040715, 46.607243909664469 ], [ 32.79472684202095, 46.607239253674067 ] ], [ [ 32.79322919881642, 46.657632904447908 ], [ 32.795846611700142, 46.656737673631802 ], [ 32.795843224775595, 46.657637598454002 ], [ 32.79322919881642, 46.657632904447908 ] ], [ [ 32.795843224775595, 46.657637598454002 ], [ 32.797146872596244, 46.658539847814808 ], [ 32.795839837688462, 46.658537523133802 ], [ 32.795843224775595, 46.657637598454002 ] ], [ [ 32.756640982948724, 46.655761072876174 ], [ 32.75794393195136, 46.656663767857637 ], [ 32.756636945740198, 46.656660995444206 ], [ 32.756640982948724, 46.655761072876174 ] ], [ [ 32.756624832951751, 46.65936076229351 ], [ 32.77230946058615, 46.659393048954861 ], [ 32.7749048940615, 46.663897835456886 ], [ 32.78013354434681, 46.663908002040728 ], [ 32.780126247136195, 46.665707847447457 ], [ 32.785347949393248, 46.667517621181538 ], [ 32.789273198503373, 46.666624988152449 ], [ 32.791877295354297, 46.669329541910642 ], [ 32.795802568996358, 46.668436685213948 ], [ 32.79579579075574, 46.670236531013821 ], [ 32.791870386601246, 46.671129386984013 ], [ 32.78404069909201, 46.667515161359624 ], [ 32.767058058607105, 46.664782059557837 ], [ 32.74353305493247, 46.663831818483139 ], [ 32.752691370622074, 46.662052119468534 ], [ 32.754018893133171, 46.657555328080669 ], [ 32.750097871797955, 46.657546831424817 ], [ 32.750089579572247, 46.659346674967956 ], [ 32.743550076330038, 46.660232135484634 ], [ 32.742264386140455, 46.655729591988042 ], [ 32.744882543163698, 46.654835528234223 ], [ 32.746176852253882, 46.657538200402442 ], [ 32.74879086508286, 46.657543969346968 ], [ 32.748799199876181, 46.655744125412781 ], [ 32.756636945740198, 46.656660995444206 ], [ 32.756624832951751, 46.65936076229351 ] ], [ [ 32.795802568996358, 46.668436685213948 ], [ 32.797113209675594, 46.667539087508125 ], [ 32.797109842494592, 46.66843901069435 ], [ 32.795802568996358, 46.668436685213948 ] ], [ [ 32.792557133174782, 46.833115495335818 ], [ 32.795183074152774, 46.832220320981733 ], [ 32.795179655338202, 46.833120218043113 ], [ 32.792557133174782, 46.833115495335818 ] ], [ [ 32.790816370217456, 46.605432292764895 ], [ 32.793427883759577, 46.60543703788079 ], [ 32.793421041755167, 46.60723690332334 ], [ 32.792115241653498, 46.607234538068937 ], [ 32.790816370217456, 46.605432292764895 ] ], [ [ 32.79337655272149, 46.618936014815105 ], [ 32.790764390256683, 46.618931267474245 ], [ 32.790753989774899, 46.621631058570941 ], [ 32.793359434164806, 46.623435666672783 ], [ 32.792042906602703, 46.626133089271264 ], [ 32.785515191231397, 46.62522110232446 ], [ 32.788131166296807, 46.624326040504656 ], [ 32.786856741526975, 46.616224242939666 ], [ 32.789472260799606, 46.615329148282669 ], [ 32.79337655272149, 46.618936014815105 ] ], [ [ 32.790729716161295, 46.627930566145515 ], [ 32.792039460258202, 46.627033018714386 ], [ 32.79203601374833, 46.627932948015115 ], [ 32.790729716161295, 46.627930566145515 ] ], [ [ 32.789315151623832, 46.655825902419117 ], [ 32.790625593982099, 46.654928376714736 ], [ 32.790622120660103, 46.655828301526441 ], [ 32.789315151623832, 46.655825902419117 ] ], [ [ 32.78948620964885, 46.611729422847475 ], [ 32.786874394334824, 46.611724587257406 ], [ 32.788190826674111, 46.609027217159642 ], [ 32.790799047719837, 46.609931954561702 ], [ 32.78948620964885, 46.611729422847475 ] ], [ [ 32.78670475241946, 46.654921134832605 ], [ 32.788015215952974, 46.654023638917998 ], [ 32.788011699438556, 46.654923563721702 ], [ 32.78670475241946, 46.654921134832605 ] ], [ [ 32.784775776839474, 46.811503412390415 ], [ 32.786090079730357, 46.810605969583634 ], [ 32.786086511829645, 46.811505869536518 ], [ 32.784775776839474, 46.811503412390415 ] ], [ [ 32.782048860228656, 46.837595483050222 ], [ 32.783363845981334, 46.836698076801675 ], [ 32.783360229315029, 46.837597972471997 ], [ 32.782048860228656, 46.837595483050222 ] ], [ [ 32.783363845981334, 46.836698076801675 ], [ 32.784678787950895, 46.835800655232617 ], [ 32.784675193349656, 46.836700551122682 ], [ 32.783363845981334, 46.836698076801675 ] ], [ [ 32.784678787950895, 46.835800655232617 ], [ 32.785993686139456, 46.834903218344543 ], [ 32.785990113601159, 46.835803114453846 ], [ 32.784678787950895, 46.835800655232617 ] ], [ [ 32.783360229315029, 46.837597972471997 ], [ 32.78466081321487, 46.840300133259404 ], [ 32.7833493782719, 46.840297658628913 ], [ 32.783360229315029, 46.837597972471997 ] ], [ [ 32.784653622109445, 46.842099923473661 ], [ 32.785968674760966, 46.841202488120317 ], [ 32.785965101019102, 46.842102383233183 ], [ 32.784653622109445, 46.842099923473661 ] ], [ [ 32.785568486931318, 46.611722147103393 ], [ 32.780344859031615, 46.611712237427561 ], [ 32.779035292483535, 46.612609653700424 ], [ 32.779042612321803, 46.610809791644535 ], [ 32.78165438231941, 46.610814805949602 ], [ 32.781661614943118, 46.609014943010536 ], [ 32.784276871920916, 46.608119965545917 ], [ 32.785568486931318, 46.611722147103393 ] ], [ [ 32.781516830517312, 46.645012093545652 ], [ 32.782809131381974, 46.648614284123845 ], [ 32.781502336783298, 46.64861179606573 ], [ 32.781516830517312, 46.645012093545652 ] ], [ [ 32.781502336783298, 46.64861179606573 ], [ 32.780180959142292, 46.652208993010987 ], [ 32.780195542358548, 46.648609293082565 ], [ 32.781502336783298, 46.64861179606573 ] ], [ [ 32.78313979503195, 46.565820542463491 ], [ 32.777924248144842, 46.564910591226571 ], [ 32.777931592551383, 46.563110714229424 ], [ 32.781845812625015, 46.56311824556068 ], [ 32.78313979503195, 46.565820542463491 ] ], [ [ 32.777996124346039, 46.866384500875242 ], [ 32.780623929935281, 46.865489668936178 ], [ 32.780620263843062, 46.866389559894998 ], [ 32.777996124346039, 46.866384500875242 ] ], [ [ 32.773961683865274, 46.889773904144434 ], [ 32.779215935827978, 46.88888426363944 ], [ 32.779212243190514, 46.889784150818322 ], [ 32.773961683865274, 46.889773904144434 ] ], [ [ 32.774017374062204, 46.563103048970817 ], [ 32.772731424289901, 46.558600770738607 ], [ 32.77794995048707, 46.5586110192436 ], [ 32.780551958279787, 46.560415932961547 ], [ 32.779239982766782, 46.562213300762828 ], [ 32.774017374062204, 46.563103048970817 ] ], [ [ 32.778833721398939, 46.662105636975319 ], [ 32.776226908945993, 46.660300707930247 ], [ 32.776238046509164, 46.657600937755689 ], [ 32.778848399062539, 46.65850594362837 ], [ 32.778833721398939, 46.662105636975319 ] ], [ [ 32.774994487046335, 46.642299653763985 ], [ 32.776304838218358, 46.641402289789113 ], [ 32.776301129081496, 46.642302215886787 ], [ 32.774994487046335, 46.642299653763985 ] ], [ [ 32.769966186003131, 46.595492931146126 ], [ 32.768660670068606, 46.595490298696021 ], [ 32.769973801718585, 46.593693064803162 ], [ 32.77518825155731, 46.595503311971108 ], [ 32.775180808010852, 46.597303178393084 ], [ 32.771264128899098, 46.597295414635418 ], [ 32.769966186003131, 46.595492931146126 ] ], [ [ 32.771336405290683, 46.889768690503736 ], [ 32.772652846889997, 46.888871418072192 ], [ 32.772649044486435, 46.889771304849383 ], [ 32.771336405290683, 46.889768690503736 ] ], [ [ 32.764779166180169, 46.587382911916066 ], [ 32.760875076523483, 46.584674991568477 ], [ 32.762188202587531, 46.582877843621858 ], [ 32.767409053904025, 46.582888577290376 ], [ 32.767401356178631, 46.584688446722559 ], [ 32.773923899306347, 46.5856014644894 ], [ 32.764779166180169, 46.587382911916066 ] ], [ [ 32.769966049398015, 46.903264343222354 ], [ 32.771282844954442, 46.902367089292191 ], [ 32.771279017834146, 46.90326697385224 ], [ 32.769966049398015, 46.903264343222354 ] ], [ [ 32.771279017834146, 46.90326697385224 ], [ 32.772588181120085, 46.90416947392395 ], [ 32.771275190529529, 46.904166858269946 ], [ 32.771279017834146, 46.90326697385224 ] ], [ [ 32.768764003749027, 46.571192057205067 ], [ 32.772675042673043, 46.572099840206945 ], [ 32.772663761482889, 46.574799650254114 ], [ 32.764837537260703, 46.573883886196533 ], [ 32.768764003749027, 46.571192057205067 ] ], [ [ 32.767505213208622, 46.560390161303822 ], [ 32.76489586637279, 46.560384828419529 ], [ 32.764903640418808, 46.558584951627118 ], [ 32.77142301410575, 46.559498110296758 ], [ 32.771415455396998, 46.561297987630496 ], [ 32.766192808050604, 46.562187378690993 ], [ 32.767505213208622, 46.560390161303822 ] ], [ [ 32.766144513126534, 46.876259772209636 ], [ 32.764840066423389, 46.874457306899217 ], [ 32.76877686260147, 46.874465326279349 ], [ 32.766148422471488, 46.875359883710253 ], [ 32.766144513126534, 46.876259772209636 ] ], [ [ 32.761955704888102, 46.635973732507964 ], [ 32.763266117920978, 46.63507651698211 ], [ 32.763262193454153, 46.635976443255302 ], [ 32.761955704888102, 46.635973732507964 ] ], [ [ 32.763262193454153, 46.635976443255302 ], [ 32.764564779211952, 46.636879065299162 ], [ 32.763258268798992, 46.636876369386023 ], [ 32.763262193454153, 46.635976443255302 ] ], [ [ 32.764564779211952, 46.636879065299162 ], [ 32.767173940734104, 46.637784338608213 ], [ 32.76456087602805, 46.637778991371682 ], [ 32.764564779211952, 46.636879065299162 ] ], [ [ 32.763571646989625, 46.564881828725852 ], [ 32.764880316044355, 46.563984580294623 ], [ 32.764876427996271, 46.564884517907188 ], [ 32.763571646989625, 46.564881828725852 ] ], [ [ 32.751857348984231, 46.558557396166712 ], [ 32.754470665021032, 46.557663088361238 ], [ 32.753182379596005, 46.554060528055174 ], [ 32.763602918731642, 46.557682324508029 ], [ 32.760989750984855, 46.558576841212336 ], [ 32.760977895502364, 46.561276655426887 ], [ 32.758360516508453, 46.563071048665655 ], [ 32.751836833899958, 46.563057082773334 ], [ 32.751857348984231, 46.558557396166712 ] ], [ [ 32.755747003999588, 46.563965444107957 ], [ 32.762262934782626, 46.565779061964371 ], [ 32.76224720734637, 46.569378809745714 ], [ 32.759633454993548, 46.570273292541223 ], [ 32.75962550343371, 46.572073164951156 ], [ 32.763536451939679, 46.572981260070982 ], [ 32.763528628754706, 46.574781132135911 ], [ 32.746563406913104, 46.574744806061773 ], [ 32.743966081602565, 46.572039189772845 ], [ 32.746584366484207, 46.570245130506358 ], [ 32.746596939815142, 46.56754532346288 ], [ 32.749210774009768, 46.566651138260191 ], [ 32.749219068515778, 46.564851265540824 ], [ 32.755747003999588, 46.563965444107957 ] ], [ [ 32.74395337574213, 46.574738994133689 ], [ 32.741343345383555, 46.574733122658742 ], [ 32.742656874410066, 46.572936196591215 ], [ 32.743961846518836, 46.572939124702323 ], [ 32.74395337574213, 46.574738994133689 ] ], [ [ 32.752822582876554, 46.633254562385133 ], [ 32.755439481399016, 46.632360251107919 ], [ 32.755435427570902, 46.633260177293231 ], [ 32.752822582876554, 46.633254562385133 ] ], [ [ 32.755435427570902, 46.633260177293231 ], [ 32.758044262331545, 46.634165658749637 ], [ 32.755431373548255, 46.634160103336065 ], [ 32.755435427570902, 46.633260177293231 ] ], [ [ 32.758044262331545, 46.634165658749637 ], [ 32.760653184293282, 46.635071080738861 ], [ 32.758040251427204, 46.6350655848236 ], [ 32.758044262331545, 46.634165658749637 ] ], [ [ 32.755502952372993, 46.907733828062277 ], [ 32.756820098331204, 46.906836741846071 ], [ 32.756816028572153, 46.90773662476343 ], [ 32.755502952372993, 46.907733828062277 ] ], [ [ 32.753276167387419, 46.533361905359214 ], [ 32.754551809975325, 46.53966429993902 ], [ 32.745435201327204, 46.536944525938132 ], [ 32.745443611980207, 46.535144644352492 ], [ 32.750668118075033, 46.533356250433172 ], [ 32.753276167387419, 46.533361905359214 ] ], [ [ 32.747592711900872, 46.634143079075344 ], [ 32.748903317312248, 46.633246028145237 ], [ 32.748899155012865, 46.634145953745829 ], [ 32.747592711900872, 46.634143079075344 ] ], [ [ 32.739749743388437, 46.635025442604942 ], [ 32.746286268989657, 46.634140189487354 ], [ 32.746282063177844, 46.635040114765317 ], [ 32.739749743388437, 46.635025442604942 ] ], [ [ 32.743626632187329, 46.644033533776472 ], [ 32.744929083270023, 46.644936377822916 ], [ 32.743622380819126, 46.644933457304852 ], [ 32.743626632187329, 46.644033533776472 ] ], [ [ 32.743622380819126, 46.644933457304852 ], [ 32.742294310315984, 46.64943013690938 ], [ 32.742315678572275, 46.644930521863756 ], [ 32.743622380819126, 46.644933457304852 ] ], [ [ 32.740978907832528, 46.651227030920388 ], [ 32.742290036049319, 46.65033005949099 ], [ 32.742285761577492, 46.651229981930086 ], [ 32.740978907832528, 46.651227030920388 ] ], [ [ 32.718785747429536, 46.646674975072457 ], [ 32.71616755756785, 46.647568442866437 ], [ 32.713558782741281, 46.646662008812804 ], [ 32.713568282871094, 46.644862166639982 ], [ 32.720124977303506, 46.640378725690333 ], [ 32.720138897451157, 46.637678957707365 ], [ 32.725369552975081, 46.636791698189128 ], [ 32.727964522357766, 46.640397633683243 ], [ 32.722742755055783, 46.639485165319869 ], [ 32.724040173338032, 46.641288169503078 ], [ 32.721413090940111, 46.643981603370847 ], [ 32.724017292521417, 46.645787780732078 ], [ 32.722673777675681, 46.652983991110993 ], [ 32.727905868783701, 46.652096621133985 ], [ 32.72920375857499, 46.653899563782275 ], [ 32.738356521343782, 46.653020928016566 ], [ 32.738339159606774, 46.656620614095353 ], [ 32.730501734433545, 46.655702491319452 ], [ 32.727883299969818, 46.656596225277703 ], [ 32.727860725738481, 46.661095825858013 ], [ 32.730474906210873, 46.661102013603724 ], [ 32.730465961752664, 46.66290185322493 ], [ 32.737001633551721, 46.66291706224051 ], [ 32.742238728843056, 46.661129119354996 ], [ 32.742225897422806, 46.663828881114718 ], [ 32.71738525527217, 46.664670152349984 ], [ 32.720008898093063, 46.662876742319611 ], [ 32.721353017307123, 46.655680577020497 ], [ 32.720059990107089, 46.652977625979666 ], [ 32.718743765849176, 46.654774261440487 ], [ 32.716134601780944, 46.653867886407284 ], [ 32.717455576694434, 46.651171360353615 ], [ 32.720064633498033, 46.65207770545706 ], [ 32.718785747429536, 46.646674975072457 ] ], [ [ 32.727991580897907, 46.634998092888843 ], [ 32.734528291995588, 46.634113511910179 ], [ 32.734523891277277, 46.635013436354335 ], [ 32.727991580897907, 46.634998092888843 ] ], [ [ 32.734958539947762, 46.545920224939493 ], [ 32.731045569876258, 46.545911091914007 ], [ 32.731050014410059, 46.545011153643742 ], [ 32.734967299483692, 46.544120347685613 ], [ 32.734958539947762, 46.545920224939493 ] ], [ [ 32.718860336589323, 46.632276215238875 ], [ 32.721477743718374, 46.631382681728006 ], [ 32.72147312710316, 46.632282605629115 ], [ 32.718860336589323, 46.632276215238875 ] ], [ [ 32.719404033436781, 46.526984174648646 ], [ 32.720712514539017, 46.526087425130214 ], [ 32.720707902221179, 46.526987365613401 ], [ 32.719404033436781, 46.526984174648646 ] ], [ [ 32.716153435015023, 46.650268205239342 ], [ 32.717464949059043, 46.649371518997192 ], [ 32.717460262989206, 46.650271439746689 ], [ 32.716153435015023, 46.650268205239342 ] ], [ [ 32.713463731266089, 46.664660399174679 ], [ 32.716082791737641, 46.66376699785738 ], [ 32.716078080376946, 46.664666916224725 ], [ 32.713463731266089, 46.664660399174679 ] ], [ [ 32.703021128118024, 46.661933981229673 ], [ 32.704333141503788, 46.661037448505212 ], [ 32.704328235636943, 46.661937366369038 ], [ 32.703021128118024, 46.661933981229673 ] ], [ [ 32.704323329534581, 46.662837284090266 ], [ 32.70825440040808, 46.661047514018342 ], [ 32.712161333484282, 46.663757200188776 ], [ 32.704323329534581, 46.662837284090266 ] ], [ [ 32.710988435141168, 46.638556143719612 ], [ 32.712299750316397, 46.637659514395729 ], [ 32.712294980528696, 46.638559436591592 ], [ 32.710988435141168, 46.638556143719612 ] ], [ [ 32.701199236536723, 46.517938544831672 ], [ 32.702517620366685, 46.515242120959243 ], [ 32.702502886848571, 46.517941942801436 ], [ 32.701199236536723, 46.517938544831672 ] ], [ [ 32.698636711788573, 46.509832237821563 ], [ 32.699950072364388, 46.508035781314391 ], [ 32.699940167972258, 46.509835664541939 ], [ 32.698636711788573, 46.509832237821563 ] ], [ [ 32.696490630081875, 46.661016914335235 ], [ 32.697807742602976, 46.659220538936843 ], [ 32.697797714720565, 46.661020374024972 ], [ 32.696490630081875, 46.661016914335235 ] ], [ [ 32.697393184115654, 46.499029490898465 ], [ 32.698701352953407, 46.498132988034421 ], [ 32.698696381985201, 46.499032931181681 ], [ 32.697393184115654, 46.499029490898465 ] ], [ [ 32.694686029079229, 46.517021392297316 ], [ 32.693392525108408, 46.515218025428375 ], [ 32.698601888328533, 46.516131823874879 ], [ 32.698591936623146, 46.517931704320524 ], [ 32.694686029079229, 46.517021392297316 ] ], [ [ 32.698691410778864, 46.499932874186271 ], [ 32.69737820527714, 46.501729319161804 ], [ 32.694781753386827, 46.499922508470377 ], [ 32.698691410778864, 46.499932874186271 ] ], [ [ 32.696074943141745, 46.501725863707222 ], [ 32.694766644814585, 46.502622335656525 ], [ 32.694771681246586, 46.501722393403803 ], [ 32.696074943141745, 46.501725863707222 ] ], [ [ 32.693977997612556, 46.643011580123925 ], [ 32.695289700825846, 46.642115147386974 ], [ 32.695284648245043, 46.643015067495469 ], [ 32.693977997612556, 46.643011580123925 ] ], [ [ 32.691277660691519, 46.658303175053987 ], [ 32.692589779373208, 46.657406776673241 ], [ 32.692584679302271, 46.658306694138567 ], [ 32.691277660691519, 46.658303175053987 ] ], [ [ 32.688229653194071, 46.506204526245256 ], [ 32.686936617873791, 46.504401084106888 ], [ 32.69084659345048, 46.504411718746375 ], [ 32.689522773807965, 46.508007953405794 ], [ 32.692129596994775, 46.508014999495451 ], [ 32.692119434465233, 46.509814881424234 ], [ 32.68691078441659, 46.50890078850145 ], [ 32.688229653194071, 46.506204526245256 ] ], [ [ 32.688663624208651, 46.658296092095505 ], [ 32.689975785763181, 46.657399723794761 ], [ 32.689970642326628, 46.658299641039648 ], [ 32.688663624208651, 46.658296092095505 ] ], [ [ 32.684053536360167, 46.552090593309636 ], [ 32.685384002825508, 46.547594519098183 ], [ 32.689286807912694, 46.549405083250889 ], [ 32.689250854431847, 46.555704620022361 ], [ 32.684053536360167, 46.552090593309636 ] ], [ [ 32.686631388330476, 46.557497368667171 ], [ 32.689245717235359, 46.556604553276202 ], [ 32.689240579792603, 46.557504486387352 ], [ 32.686631388330476, 46.557497368667171 ] ], [ [ 32.686688361009203, 46.547598099043888 ], [ 32.687997875730829, 46.54670172954755 ], [ 32.687992719441091, 46.54760166411711 ], [ 32.686688361009203, 46.547598099043888 ] ], [ [ 32.683084165870937, 46.494490957291546 ], [ 32.685690341510572, 46.494498148530411 ], [ 32.687003755911228, 46.492701835986388 ], [ 32.688270805782992, 46.49900499318742 ], [ 32.683084165870937, 46.494490957291546 ] ], [ [ 32.686054797202452, 46.657389032507204 ], [ 32.687366979693877, 46.656492694033801 ], [ 32.687361793140738, 46.657392611199029 ], [ 32.686054797202452, 46.657389032507204 ] ], [ [ 32.679880772429783, 46.596176268980003 ], [ 32.686418770708443, 46.594394494265217 ], [ 32.687703572309445, 46.597997772313271 ], [ 32.682486561716331, 46.597083471520712 ], [ 32.679870173019069, 46.597976120929879 ], [ 32.679880772429783, 46.596176268980003 ] ], [ [ 32.670414605707322, 46.650145594329359 ], [ 32.675641885056272, 46.650160532389762 ], [ 32.675625744641316, 46.652860283383241 ], [ 32.679546401946268, 46.6528713312467 ], [ 32.679535770446144, 46.654671165219582 ], [ 32.67170508966074, 46.652849101177736 ], [ 32.670414605707322, 46.650145594329359 ] ], [ [ 32.683456560115474, 46.654682079422969 ], [ 32.684753031430745, 46.656485521945037 ], [ 32.67953045431333, 46.655571081992015 ], [ 32.679535770446144, 46.654671165219582 ], [ 32.683456560115474, 46.654682079422969 ] ], [ [ 32.681697056942419, 46.508886398831542 ], [ 32.683005720154945, 46.507990078270758 ], [ 32.683000488436015, 46.508890018527772 ], [ 32.681697056942419, 46.508886398831542 ] ], [ [ 32.679954939843164, 46.58357728935033 ], [ 32.677349839098511, 46.582670028744516 ], [ 32.678665671189179, 46.580873845826957 ], [ 32.682570633137871, 46.582684634020751 ], [ 32.682554874659921, 46.585384418834209 ], [ 32.679939051017932, 46.58627707305385 ], [ 32.679954939843164, 46.58357728935033 ] ], [ [ 32.677023693425724, 46.63756537302524 ], [ 32.678335543527886, 46.636669134179002 ], [ 32.678330210836904, 46.63756905369025 ], [ 32.677023693425724, 46.63756537302524 ] ], [ [ 32.678330210836904, 46.63756905369025 ], [ 32.679631417216889, 46.638472638919417 ], [ 32.678324877889999, 46.638468973058821 ], [ 32.678330210836904, 46.63756905369025 ] ], [ [ 32.674755588521357, 46.579962852727611 ], [ 32.676071440153329, 46.578166698847937 ], [ 32.676060721353522, 46.579966555816469 ], [ 32.674755588521357, 46.579962852727611 ] ], [ [ 32.676060721353522, 46.579966555816469 ], [ 32.677360516250637, 46.580870172401646 ], [ 32.676055361568096, 46.580866484086677 ], [ 32.676060721353522, 46.579966555816469 ] ], [ [ 32.673844174122003, 46.514264002488588 ], [ 32.676456633294336, 46.513371467815539 ], [ 32.67645129248659, 46.514271406646102 ], [ 32.673844174122003, 46.514264002488588 ] ], [ [ 32.665647324659062, 46.575436875411896 ], [ 32.666957857065647, 46.574540753823094 ], [ 32.666952347712495, 46.575440682129816 ], [ 32.665647324659062, 46.575436875411896 ] ], [ [ 32.666952347712495, 46.575440682129816 ], [ 32.673482868339519, 46.574559563522939 ], [ 32.672167019292758, 46.576355688768757 ], [ 32.66955692816969, 46.576348179305832 ], [ 32.669545994500936, 46.578148035678716 ], [ 32.666935818067856, 46.578140466193638 ], [ 32.666952347712495, 46.575440682129816 ] ], [ [ 32.672167019292758, 46.576355688768757 ], [ 32.673466663309057, 46.577259349778451 ], [ 32.67216159576774, 46.577255617261258 ], [ 32.672167019292758, 46.576355688768757 ] ], [ [ 32.673946423017462, 46.497165144697625 ], [ 32.668722893316769, 46.498950048272427 ], [ 32.667441647452094, 46.495346503885465 ], [ 32.663537881070042, 46.494435130258573 ], [ 32.67266487307576, 46.493561656911254 ], [ 32.673946423017462, 46.497165144697625 ] ], [ [ 32.670502035269152, 46.635746908144867 ], [ 32.673120399935364, 46.634854483943336 ], [ 32.673114981129665, 46.635754403277055 ], [ 32.670502035269152, 46.635746908144867 ] ], [ [ 32.672188710792369, 46.572755973371699 ], [ 32.673499071039046, 46.571859775983071 ], [ 32.673493670398173, 46.572759705305742 ], [ 32.672188710792369, 46.572755973371699 ] ], [ [ 32.668624470325639, 46.515148953899136 ], [ 32.669933498512385, 46.514252784838163 ], [ 32.669928049859294, 46.515152722944109 ], [ 32.668624470325639, 46.515148953899136 ] ], [ [ 32.668284807229526, 46.570944830407619 ], [ 32.669595187754098, 46.570048677504985 ], [ 32.66958972288537, 46.570948606761853 ], [ 32.668284807229526, 46.570944830407619 ] ], [ [ 32.667900101056887, 46.633939515471269 ], [ 32.669212013268385, 46.633043380828759 ], [ 32.669206530019252, 46.633943300095801 ], [ 32.667900101056887, 46.633939515471269 ] ], [ [ 32.668098111279001, 46.601542336208944 ], [ 32.669409235121577, 46.600646192173301 ], [ 32.669403761334841, 46.601546116577801 ], [ 32.668098111279001, 46.601542336208944 ] ], [ [ 32.659976977957854, 46.647415253777908 ], [ 32.66259607837938, 46.646523074210535 ], [ 32.662590482831426, 46.647422990740708 ], [ 32.659976977957854, 46.647415253777908 ] ], [ [ 32.665203988779297, 46.647430668007416 ], [ 32.667806477264122, 46.649238119166249 ], [ 32.667800967602965, 46.650138035746316 ], [ 32.662584887014908, 46.648322907128154 ], [ 32.665203988779297, 46.647430668007416 ] ], [ [ 32.664425561830839, 46.561934117794834 ], [ 32.665735787886405, 46.561038007279812 ], [ 32.665730260922608, 46.561937937608569 ], [ 32.664425561830839, 46.561934117794834 ] ], [ [ 32.665724733693828, 46.562837867794592 ], [ 32.664403365029393, 46.56553383720501 ], [ 32.663115292631282, 46.562830213048123 ], [ 32.665724733693828, 46.562837867794592 ] ], [ [ 32.664375613040697, 46.570033483256132 ], [ 32.661760232917032, 46.570925725369655 ], [ 32.661743448228208, 46.573625510138655 ], [ 32.656529216098455, 46.572710029103021 ], [ 32.659127852265939, 46.574517690934947 ], [ 32.655207149866435, 46.575405885745504 ], [ 32.652602855692088, 46.57449806248907 ], [ 32.652614348484484, 46.572698208115582 ], [ 32.650004438117698, 46.572690253030778 ], [ 32.650016016140867, 46.570890398583387 ], [ 32.655235665310663, 46.570906248221156 ], [ 32.655252771296048, 46.568206463993363 ], [ 32.659178589976293, 46.566418336237206 ], [ 32.65918986205007, 46.564618478067416 ], [ 32.663093008465253, 46.566429931407988 ], [ 32.664375613040697, 46.570033483256132 ] ], [ [ 32.663020555402568, 46.57812900030472 ], [ 32.664331196017699, 46.577232909515736 ], [ 32.664325642691708, 46.578132837155856 ], [ 32.663020555402568, 46.57812900030472 ] ], [ [ 32.660404763261688, 46.579021209074298 ], [ 32.661715468380756, 46.578125148565427 ], [ 32.661709871606213, 46.579025075822564 ], [ 32.660404763261688, 46.579021209074298 ] ], [ [ 32.660505852636994, 46.562822498780704 ], [ 32.661816164446385, 46.561926433528015 ], [ 32.661810572500087, 46.562826363354539 ], [ 32.660505852636994, 46.562822498780704 ] ], [ [ 32.660561975716291, 46.553823195299401 ], [ 32.657947313930904, 46.554715354687588 ], [ 32.655349658753515, 46.55290766243246 ], [ 32.660573197103965, 46.552023332890109 ], [ 32.660561975716291, 46.553823195299401 ] ], [ [ 32.65779454738194, 46.579013430911964 ], [ 32.659110934829584, 46.577217473264689 ], [ 32.65909965518658, 46.57901732743742 ], [ 32.65779454738194, 46.579013430911964 ] ], [ [ 32.656073833551751, 46.644703788209036 ], [ 32.657386201441696, 46.643807792083962 ], [ 32.657380520032042, 46.644707708556837 ], [ 32.656073833551751, 46.644703788209036 ] ], [ [ 32.657380520032042, 46.644707708556837 ], [ 32.658681546770516, 46.645611530434259 ], [ 32.657374838349696, 46.645607624886992 ], [ 32.657380520032042, 46.644707708556837 ] ], [ [ 32.65662008312507, 46.558311167646885 ], [ 32.659223671787089, 46.559218900132024 ], [ 32.659218037506278, 46.560118830144802 ], [ 32.65660872855829, 46.560111027327565 ], [ 32.65662008312507, 46.558311167646885 ] ], [ [ 32.659679152947255, 46.486324094987211 ], [ 32.644026887064555, 46.488976327286366 ], [ 32.642729828891461, 46.488072325135462 ], [ 32.644062107919332, 46.48357668631936 ], [ 32.650576220093448, 46.483596772291136 ], [ 32.650564695763769, 46.485396654439995 ], [ 32.654478993138589, 46.484508587319425 ], [ 32.65577048570146, 46.486312398451432 ], [ 32.659679152947255, 46.486324094987211 ] ], [ [ 32.656676839632297, 46.549311860677683 ], [ 32.657986887804647, 46.548415836455987 ], [ 32.657981235207068, 46.549315768060218 ], [ 32.656676839632297, 46.549311860677683 ] ], [ [ 32.652694767180307, 46.560099211510625 ], [ 32.655304074492065, 46.560107103600721 ], [ 32.653987978760121, 46.56190302361329 ], [ 32.656591694666659, 46.562810815777858 ], [ 32.65527557544948, 46.564606749690938 ], [ 32.652666052413878, 46.564598856367631 ], [ 32.652694767180307, 46.560099211510625 ] ], [ [ 32.653471953957578, 46.642896070395146 ], [ 32.65478432075065, 46.64200010382833 ], [ 32.654778596556902, 46.64290002034118 ], [ 32.653471953957578, 46.642896070395146 ] ], [ [ 32.651072684626158, 46.609591133439608 ], [ 32.652384283065672, 46.608695187081992 ], [ 32.652378525772889, 46.609595108629492 ], [ 32.651072684626158, 46.609591133439608 ] ], [ [ 32.650097031224064, 46.558291401460103 ], [ 32.651407404197769, 46.557395454891889 ], [ 32.651401641053752, 46.558295384453181 ], [ 32.650097031224064, 46.558291401460103 ] ], [ [ 32.648745961422676, 46.565486832943961 ], [ 32.650056530479773, 46.564590903519871 ], [ 32.650050743549521, 46.565490831814444 ], [ 32.648745961422676, 46.565486832943961 ] ], [ [ 32.644537595739486, 46.610470954577096 ], [ 32.639320126905602, 46.609554686034869 ], [ 32.639326100459826, 46.608654765750657 ], [ 32.644561143374098, 46.606871271111068 ], [ 32.644537595739486, 46.610470954577096 ] ], [ [ 32.643166717377717, 46.620366006188277 ], [ 32.64447870687988, 46.619470153247185 ], [ 32.644472816439858, 46.620370072328896 ], [ 32.643166717377717, 46.620366006188277 ] ], [ [ 32.643060251440104, 46.636564522955105 ], [ 32.644372635704016, 46.635668674872178 ], [ 32.644366740174171, 46.636568591383828 ], [ 32.643060251440104, 46.636564522955105 ] ], [ [ 32.64056047546115, 46.619457910478197 ], [ 32.641872485748863, 46.618562087340756 ], [ 32.641866552316394, 46.619462006310648 ], [ 32.64056047546115, 46.619457910478197 ] ], [ [ 32.631460685105026, 46.613129393658504 ], [ 32.636684380425926, 46.613146101339865 ], [ 32.639302204523432, 46.612254446030704 ], [ 32.636666324810562, 46.615845858847202 ], [ 32.632748358193155, 46.615833349272577 ], [ 32.631460685105026, 46.613129393658504 ] ], [ [ 32.639302204523432, 46.612254446030704 ], [ 32.641919942962041, 46.611362730441265 ], [ 32.641914011806428, 46.612262650553468 ], [ 32.639302204523432, 46.612254446030704 ] ], [ [ 32.639409700138579, 46.596055866777199 ], [ 32.640709266538231, 46.596959896592089 ], [ 32.639403730594552, 46.596955789060694 ], [ 32.639409700138579, 46.596055866777199 ] ], [ [ 32.639403730594552, 46.596955789060694 ], [ 32.638092203494274, 46.597851588643344 ], [ 32.6380981949372, 46.596951666631504 ], [ 32.639403730594552, 46.596955789060694 ] ], [ [ 32.636702433442849, 46.610446342547235 ], [ 32.638014288577899, 46.609550561801626 ], [ 32.638008293110012, 46.610450481814141 ], [ 32.636702433442849, 46.610446342547235 ] ], [ [ 32.631393516474773, 46.623028492490398 ], [ 32.632705763930588, 46.62213277572102 ], [ 32.632699677868054, 46.623032693213794 ], [ 32.631393516474773, 46.623028492490398 ] ], [ [ 32.63011799916179, 46.618524689278715 ], [ 32.628799646644303, 46.620320294588815 ], [ 32.626187455761084, 46.620311789560901 ], [ 32.627512065386746, 46.617616296921135 ], [ 32.63011799916179, 46.618524689278715 ] ], [ [ 32.626187455761084, 46.620311789560901 ], [ 32.622262913073847, 46.621198836910715 ], [ 32.62226917166754, 46.620298920195516 ], [ 32.626187455761084, 46.620311789560901 ] ], [ [ 32.62615648441092, 46.624811373719432 ], [ 32.627468861132691, 46.623915717674841 ], [ 32.627462687911773, 46.624815634354029 ], [ 32.62615648441092, 46.624811373719432 ] ], [ [ 32.625024230743641, 46.599609384628742 ], [ 32.626336014869686, 46.598713735890044 ], [ 32.626329828320962, 46.599613656435722 ], [ 32.625024230743641, 46.599609384628742 ] ], [ [ 32.621126257919407, 46.596896719357979 ], [ 32.622413036483373, 46.59960079631751 ], [ 32.619795548499724, 46.600492068140689 ], [ 32.621126257919407, 46.596896719357979 ] ], [ [ 32.618382503283918, 46.615786332955203 ], [ 32.620994474214584, 46.615795015543675 ], [ 32.619675887574374, 46.617590515878376 ], [ 32.61836985899096, 46.617586166858594 ], [ 32.618382503283918, 46.615786332955203 ] ], [ [ 32.618578334778114, 46.58788883437304 ], [ 32.619889940647454, 46.58699325717911 ], [ 32.61988364995004, 46.587893178909979 ], [ 32.618578334778114, 46.58788883437304 ] ], [ [ 32.61988364995004, 46.587893178909979 ], [ 32.621176426328709, 46.58969735185768 ], [ 32.619871067650109, 46.589693021943113 ], [ 32.61988364995004, 46.587893178909979 ] ], [ [ 32.619663285341446, 46.619390349482138 ], [ 32.620975637130961, 46.618494766998559 ], [ 32.620969357500556, 46.619394683864471 ], [ 32.619663285341446, 46.619390349482138 ] ], [ [ 32.618470979373512, 46.603187479629803 ], [ 32.619782957748178, 46.602291907173417 ], [ 32.619776661919431, 46.603191826475488 ], [ 32.618470979373512, 46.603187479629803 ] ] ], [ [ [ 33.3587000545444, 46.78414641754766 ], [ 33.3587239657532, 46.787745987698699 ], [ 33.363540042140173, 46.791330434404991 ], [ 33.363486037973985, 46.783308461040363 ], [ 33.3587000545444, 46.78414641754766 ] ] ], [ [ [ 32.619201786668008, 46.498795903317813 ], [ 32.617969544903822, 46.497073236943386 ], [ 32.617957509064368, 46.498791754111281 ], [ 32.619201786668008, 46.498795903317813 ] ] ], [ [ [ 32.635848675512243, 46.54294781054616 ], [ 32.634538396694019, 46.543843581422038 ], [ 32.633246256072987, 46.542039546838609 ], [ 32.628035532645988, 46.541122772100266 ], [ 32.633203828974658, 46.548339055272251 ], [ 32.627986356033958, 46.548322206670093 ], [ 32.627974058934228, 46.550122063883968 ], [ 32.624060827977345, 46.550109270470642 ], [ 32.62404840034408, 46.551909126313504 ], [ 32.6201287637683, 46.552796125533952 ], [ 32.61759142112605, 46.55098777507758 ], [ 32.617559814152003, 46.555487409551326 ], [ 32.622719002411451, 46.55550454126147 ], [ 32.622706528072705, 46.557304395121484 ], [ 32.625315692814567, 46.55731297082778 ], [ 32.629235571641722, 46.556425795283054 ], [ 32.629253958348222, 46.55372601185087 ], [ 32.634465907520408, 46.554642732589073 ], [ 32.634484033723076, 46.551942946725596 ], [ 32.637092944984602, 46.551951253083921 ], [ 32.639725676680698, 46.548359781390957 ], [ 32.639737584610387, 46.546559921257405 ], [ 32.637122933953655, 46.547451605823696 ], [ 32.635848675512243, 46.54294781054616 ] ] ], [ [ [ 32.620166432925288, 46.547396559571901 ], [ 32.621483288252485, 46.545601026397669 ], [ 32.618893579220646, 46.542892579586891 ], [ 32.620210366584971, 46.54109705944829 ], [ 32.617667104199775, 46.54020897616018 ], [ 32.617616701251542, 46.547388064926523 ], [ 32.620166432925288, 46.547396559571901 ] ] ], [ [ [ 32.61783138675677, 46.516790436332386 ], [ 32.617743029204334, 46.52938947987672 ], [ 32.621595832138112, 46.529402290073428 ], [ 32.626792997241068, 46.532119219088038 ], [ 32.633318955133262, 46.531240373239783 ], [ 32.63197852229758, 46.536635774470447 ], [ 32.62935809975653, 46.538427214783574 ], [ 32.63065002635679, 46.540231293805221 ], [ 32.63455651247353, 46.54114379041647 ], [ 32.635890788763042, 46.536648294290515 ], [ 32.642405331026666, 46.537568795290213 ], [ 32.646329354633792, 46.535781093858773 ], [ 32.646317668978973, 46.537580958691564 ], [ 32.650230009451661, 46.537592988288772 ], [ 32.647633424760329, 46.535785118340122 ], [ 32.64635856387099, 46.531281429277762 ], [ 32.643750639851028, 46.531273336980917 ], [ 32.642464394262234, 46.528569469214418 ], [ 32.646370245606285, 46.529481562445753 ], [ 32.654205188135961, 46.527705612210184 ], [ 32.65553182110451, 46.524109806386569 ], [ 32.65292996885281, 46.523201989044026 ], [ 32.654239448206205, 46.522306002089508 ], [ 32.658145050593028, 46.52321769357571 ], [ 32.659465690557973, 46.520521774533151 ], [ 32.65426228278146, 46.518706259153461 ], [ 32.654290819846821, 46.514206577270826 ], [ 32.65038015626282, 46.514194691138627 ], [ 32.647749789099024, 46.517786436081288 ], [ 32.64514251038532, 46.517778377290313 ], [ 32.641249362250981, 46.515066372310599 ], [ 32.634731497462219, 46.515045744418231 ], [ 32.632154713972362, 46.510537715333598 ], [ 32.629553900622568, 46.509629367127758 ], [ 32.624333934745017, 46.510512297339766 ], [ 32.617888156750048, 46.508691036406574 ], [ 32.617837695742736, 46.515890503578902 ], [ 32.624302928876688, 46.515011967307807 ], [ 32.624290524449442, 46.516811834294884 ], [ 32.626897750908881, 46.516820368238221 ], [ 32.61783138675677, 46.516790436332386 ] ], [ [ 32.638552705017105, 46.528557175851148 ], [ 32.641160497562844, 46.528565386289102 ], [ 32.641148644110991, 46.530365252391604 ], [ 32.638540765427273, 46.530357041440524 ], [ 32.638552705017105, 46.528557175851148 ] ], [ [ 32.636005024969037, 46.519549572030535 ], [ 32.638618352311219, 46.518657904897282 ], [ 32.638612385805111, 46.519557839334503 ], [ 32.636005024969037, 46.519549572030535 ] ], [ [ 32.628189088091226, 46.518624480139565 ], [ 32.626879271167539, 46.519520168447237 ], [ 32.626885431376472, 46.5186202351871 ], [ 32.628189088091226, 46.518624480139565 ] ], [ [ 32.628195226483562, 46.517724546603908 ], [ 32.63210613382406, 46.517737191922592 ], [ 32.632087911467167, 46.520436993286388 ], [ 32.635993005002554, 46.521349439959813 ], [ 32.635980983884124, 46.523149307317745 ], [ 32.630778114601391, 46.521332726014187 ], [ 32.63079640240209, 46.518632925472708 ], [ 32.628195226483562, 46.517724546603908 ] ], [ [ 32.624209866690514, 46.528510955780249 ], [ 32.626823816002151, 46.527619561359437 ], [ 32.626817652840685, 46.528519493190878 ], [ 32.624209866690514, 46.528510955780249 ] ], [ [ 32.62681148938384, 46.529419424879471 ], [ 32.633343178864052, 46.527640644135836 ], [ 32.633331067579078, 46.529440508973508 ], [ 32.62681148938384, 46.529419424879471 ] ], [ [ 32.633331067579078, 46.529440508973508 ], [ 32.63462894955002, 46.530344613538695 ], [ 32.633325011501285, 46.530340441178069 ], [ 32.633331067579078, 46.529440508973508 ] ] ], [ [ [ 33.003666857093997, 46.764010477808903 ], [ 33.002357540094302, 46.770309904447203 ], [ 33.011526135413959, 46.772109173389921 ], [ 33.011524407902648, 46.764009956318993 ], [ 33.003666857093997, 46.764010477808903 ] ] ], [ [ [ 33.078321379083697, 46.769383216885075 ], [ 33.073082495360396, 46.769386682142212 ], [ 33.074386022077569, 46.764886276248077 ], [ 33.071766798085257, 46.764887948662803 ], [ 33.070466574105076, 46.772088060606293 ], [ 33.071778751912753, 46.773887069754956 ], [ 33.075708242216983, 46.773884537862834 ], [ 33.078325292716343, 46.772082952170116 ], [ 33.078321379083697, 46.769383216885075 ] ] ], [ [ [ 33.024625246211293, 46.774806841101501 ], [ 33.019384863738935, 46.77210811212916 ], [ 33.012836137306415, 46.773008946279717 ], [ 33.010217198276152, 46.776608857886266 ], [ 33.010218049435522, 46.781108414415186 ], [ 33.022008839255768, 46.782906576064846 ], [ 33.020698099616837, 46.781106998958414 ], [ 33.022007372466554, 46.779306932470938 ], [ 33.024627707848211, 46.78020630980425 ], [ 33.031175032259767, 46.775705156319916 ], [ 33.032483283994594, 46.773005056367921 ], [ 33.025934235574056, 46.773006727755757 ], [ 33.024625246211293, 46.774806841101501 ] ] ], [ [ [ 33.099288479475874, 46.775666334544525 ], [ 33.094053689845573, 46.778370491196334 ], [ 33.095366805704572, 46.780169227229649 ], [ 33.104536675958876, 46.780161219069051 ], [ 33.10583784041048, 46.775660465410461 ], [ 33.099288479475874, 46.775666334544525 ] ] ], [ [ [ 32.953890857136457, 46.77749993747242 ], [ 32.952573827281149, 46.785598597522629 ], [ 32.96174399429826, 46.786501940223744 ], [ 32.964365455810565, 46.784702965896862 ], [ 32.963051052301083, 46.79100191848832 ], [ 32.96829309384789, 46.789203671614018 ], [ 32.969607854898385, 46.781104835288964 ], [ 32.965677836814415, 46.781103724215562 ], [ 32.965678980505558, 46.779303902323747 ], [ 32.959130531012704, 46.777501928458584 ], [ 32.953890857136457, 46.77749993747242 ] ] ], [ [ [ 33.124207079751265, 46.789140667662103 ], [ 33.122915320014066, 46.797241244854277 ], [ 33.120304558781527, 46.801743559713877 ], [ 33.121619118751312, 46.803541985818981 ], [ 33.117687474823093, 46.803546095942501 ], [ 33.117683550141926, 46.801746284619995 ], [ 33.115062541124814, 46.801748949506468 ], [ 33.116382748822119, 46.806247152014826 ], [ 33.119003976189042, 46.806244456697215 ], [ 33.11900993034223, 46.808944171207301 ], [ 33.124250573968311, 46.808038695442278 ], [ 33.125552855406227, 46.804437645829644 ], [ 33.126842274738365, 46.795437142898614 ], [ 33.124219502188367, 46.794540110570928 ], [ 33.129460817999409, 46.794534302094142 ], [ 33.132072669089737, 46.790931680912749 ], [ 33.130758069072527, 46.789133370932156 ], [ 33.124207079751265, 46.789140667662103 ] ] ], [ [ [ 32.990561976967726, 46.815304995444905 ], [ 33.008913688426063, 46.815305037478701 ], [ 33.00891339104713, 46.813505226090719 ], [ 33.004981012665169, 46.813505464767722 ], [ 33.006291490630602, 46.810805682055445 ], [ 33.003669730178963, 46.806306262994426 ], [ 33.011533822293238, 46.808105554385456 ], [ 33.011533437597976, 46.806305740737692 ], [ 33.014154673341515, 46.806305446593093 ], [ 33.012843627105475, 46.804505786961421 ], [ 33.015464517527782, 46.803605555515411 ], [ 33.015464001810471, 46.801805740475082 ], [ 33.01284298462862, 46.801806064583758 ], [ 33.015461939437202, 46.794606474627514 ], [ 33.014151133843818, 46.792806826247869 ], [ 33.007599683074474, 46.792807448762026 ], [ 32.998427494493967, 46.798207142405943 ], [ 33.002358994242044, 46.803606575921343 ], [ 33.002359151602242, 46.807206204423764 ], [ 32.993184900479783, 46.805406211874661 ], [ 32.990561976967726, 46.815304995444905 ] ], [ [ 33.002358994242044, 46.803606575921343 ], [ 33.006290441512135, 46.80180661226742 ], [ 33.006290756194687, 46.804506334696434 ], [ 33.002358994242044, 46.803606575921343 ] ], [ [ 33.00104854679757, 46.809006037333454 ], [ 33.002359269642263, 46.809905924307955 ], [ 33.001048564285824, 46.80990594381997 ], [ 33.00104854679757, 46.809006037333454 ] ], [ [ 33.002359269642263, 46.809905924307955 ], [ 33.003670036208646, 46.810805796129344 ], [ 33.002359308992723, 46.810805830651702 ], [ 33.002359269642263, 46.809905924307955 ] ] ], [ [ [ 33.141293817977591, 46.809818738722903 ], [ 33.138672419257226, 46.809821944687172 ], [ 33.136057828013357, 46.812524801637807 ], [ 33.136069176732633, 46.817024317164268 ], [ 33.138690925733187, 46.817021170449358 ], [ 33.14000647153884, 46.818819379491011 ], [ 33.145247719425669, 46.817912943263508 ], [ 33.143920017088071, 46.811615279611587 ], [ 33.14653905813563, 46.810712050097209 ], [ 33.14653417008121, 46.808912243131424 ], [ 33.141286748731531, 46.807119027015808 ], [ 33.141293817977591, 46.809818738722903 ] ], [ [ 33.142604517168266, 46.809817113227126 ], [ 33.142611653020651, 46.812516823501554 ], [ 33.139990123353648, 46.812520059787516 ], [ 33.141293817977591, 46.809818738722903 ], [ 33.142604517168266, 46.809817113227126 ] ], [ [ 33.143910415862827, 46.808015665264037 ], [ 33.142602138779615, 46.808917209517823 ], [ 33.142599760505377, 46.80801730566629 ], [ 33.143910415862827, 46.808015665264037 ] ] ], [ [ [ 33.107228121892675, 46.816155063853245 ], [ 33.105922568178464, 46.81885599539514 ], [ 33.109857162400168, 46.819752191734722 ], [ 33.109860828380206, 46.821551997857625 ], [ 33.115104771431945, 46.82154684460032 ], [ 33.11509901012171, 46.818847135685985 ], [ 33.119031769589881, 46.818843113460275 ], [ 33.117716921969489, 46.817044662728819 ], [ 33.115095169710138, 46.817047329032064 ], [ 33.113778599119073, 46.814348928493935 ], [ 33.10722275584029, 46.813455351662725 ], [ 33.105915500057606, 46.815256380410517 ], [ 33.107228121892675, 46.816155063853245 ] ] ], [ [ [ 33.167530133503178, 46.816982593202511 ], [ 33.16228393836473, 46.816090245955309 ], [ 33.160986516545918, 46.820591604621178 ], [ 33.166230354816904, 46.8205841092296 ], [ 33.167530133503178, 46.816982593202511 ] ] ], [ [ [ 33.17804383675422, 46.825065866369435 ], [ 33.176720973474822, 46.821468298117495 ], [ 33.168855090503321, 46.821480172190668 ], [ 33.167549700878645, 46.82328189983312 ], [ 33.172802449532085, 46.825973803393808 ], [ 33.17804383675422, 46.825065866369435 ] ] ], [ [ [ 33.028584342064072, 46.830600189518464 ], [ 33.035140969212009, 46.831498267488989 ], [ 33.037756497361045, 46.821598492846171 ], [ 33.031201551000393, 46.821600467365066 ], [ 33.028584342064072, 46.830600189518464 ] ] ], [ [ [ 33.104629105042122, 46.827856228897147 ], [ 33.104632597548076, 46.829656032767701 ], [ 33.112503450645093, 46.831448373891988 ], [ 33.115123981806036, 46.830545865071237 ], [ 33.11642935640355, 46.827844834280505 ], [ 33.115114375463683, 46.826046356613382 ], [ 33.109869994873669, 46.826051510676344 ], [ 33.109873662088511, 46.827851314808413 ], [ 33.104629105042122, 46.827856228897147 ] ] ], [ [ [ 33.140039184430066, 46.831417997989135 ], [ 33.140034509810725, 46.829618197053357 ], [ 33.143968050936394, 46.829613317210708 ], [ 33.143960842912428, 46.826913615198016 ], [ 33.134780788955709, 46.82602488887283 ], [ 33.133471922844983, 46.826926326531243 ], [ 33.136100967672995, 46.829622941721347 ], [ 33.132167424551625, 46.8296275512146 ], [ 33.132176248982056, 46.833227153687147 ], [ 33.136114598918283, 46.835022343712012 ], [ 33.142671158524365, 46.835014359337272 ], [ 33.142661632833402, 46.831414759577598 ], [ 33.140039184430066, 46.831417997989135 ] ], [ [ 33.136100967672995, 46.829622941721347 ], [ 33.137414441981399, 46.830521275823131 ], [ 33.13610323927395, 46.830522842408698 ], [ 33.136100967672995, 46.829622941721347 ] ] ], [ [ [ 33.012851773176173, 46.838702159675684 ], [ 33.020720897206978, 46.840500809143315 ], [ 33.019412041155938, 46.84770024672968 ], [ 33.016789072866722, 46.848600561865318 ], [ 33.016789637321686, 46.850412015662869 ], [ 33.024240182929276, 46.851622341203878 ], [ 33.02334808387188, 46.850399212286177 ], [ 33.025971463820532, 46.850398647143692 ], [ 33.025972159955728, 46.851842751910901 ], [ 33.031219447839462, 46.852510348648366 ], [ 33.03252774022242, 46.846797370620543 ], [ 33.028592933472886, 46.846798421113029 ], [ 33.027280420013042, 46.844998939963986 ], [ 33.029896049228022, 46.831499757524398 ], [ 33.023339509152649, 46.830601379106398 ], [ 33.022030139439771, 46.835101152575909 ], [ 33.014162232810968, 46.83510239643055 ], [ 33.012851773176173, 46.838702159675684 ] ], [ [ 33.028592933472886, 46.846798421113029 ], [ 33.027282242426026, 46.848598541907826 ], [ 33.027281331175672, 46.846798741220184 ], [ 33.028592933472886, 46.846798421113029 ] ], [ [ 33.027280420013042, 46.844998939963986 ], [ 33.025969295167727, 46.845899145732275 ], [ 33.025968861499784, 46.844999245023565 ], [ 33.027280420013042, 46.844998939963986 ] ] ], [ [ [ 33.039079877554656, 46.838696210062203 ], [ 33.041709651570969, 46.847694293752987 ], [ 33.046956931142645, 46.848592161909309 ], [ 33.046955362741265, 46.846792361620636 ], [ 33.056136574782485, 46.846788227280427 ], [ 33.054821311194871, 46.843189261140324 ], [ 33.048263740625721, 46.843192213871156 ], [ 33.050879972595318, 46.835991866889643 ], [ 33.041699902727018, 46.835095676912296 ], [ 33.041702687440868, 46.838695284566924 ], [ 33.039079877554656, 46.838696210062203 ] ] ], [ [ [ 33.121698284779647, 46.838638187893515 ], [ 33.12171047735886, 46.844037584398535 ], [ 33.126958725771949, 46.844931784882192 ], [ 33.126967206964963, 46.848531378426486 ], [ 33.132215979944633, 46.849425336653603 ], [ 33.133516493436261, 46.844924323720036 ], [ 33.137448857504154, 46.84401976833113 ], [ 33.134812288779969, 46.838623494196902 ], [ 33.121698284779647, 46.838638187893515 ] ] ], [ [ [ 33.184666978907821, 46.844853233173055 ], [ 33.183376867156973, 46.851154612002851 ], [ 33.186006484101718, 46.852950169361563 ], [ 33.187315100474784, 46.852048135480004 ], [ 33.191253464046035, 46.852941523133111 ], [ 33.19253948113839, 46.845740163217386 ], [ 33.188604772621176, 46.845746713891586 ], [ 33.188595324463883, 46.843047025636643 ], [ 33.183346245644458, 46.842155652045243 ], [ 33.184666978907821, 46.844853233173055 ] ] ], [ [ [ 33.084997474606155, 46.850370036824152 ], [ 33.083681593701961, 46.847671305449211 ], [ 33.078435103993606, 46.847675020607554 ], [ 33.078431174516147, 46.844975321152049 ], [ 33.075808060699728, 46.844977088391914 ], [ 33.074498991871145, 46.846777749414088 ], [ 33.073183724544926, 46.844078895310254 ], [ 33.067937583332494, 46.844082129138499 ], [ 33.067942121618401, 46.84768172953585 ], [ 33.065319966354416, 46.84858315627028 ], [ 33.067944391088986, 46.849481528881569 ], [ 33.066640515715349, 46.855781593316394 ], [ 33.070574797301148, 46.854879336051361 ], [ 33.071878190872127, 46.848579226073497 ], [ 33.075813124897913, 46.848576687602623 ], [ 33.073199616364441, 46.855777586970568 ], [ 33.070577155303567, 46.856679133023256 ], [ 33.082385107366548, 46.857571142888077 ], [ 33.083688582243447, 46.852170801117488 ], [ 33.087625241077895, 46.853067755099886 ], [ 33.088939965900366, 46.854866540201883 ], [ 33.088936994579853, 46.853066743461511 ], [ 33.091558971993791, 46.852164776570788 ], [ 33.090242718590737, 46.849466121732974 ], [ 33.084997474606155, 46.850370036824152 ] ] ], [ [ [ 32.94988423738527, 46.860289514769335 ], [ 32.952507304838761, 46.861190531490728 ], [ 32.957756526545566, 46.859392791994857 ], [ 32.961691612897027, 46.860294075052181 ], [ 32.961692892952719, 46.858494278257673 ], [ 32.965630276477555, 46.855795831259009 ], [ 32.965136428344429, 46.853995883278017 ], [ 32.951201874807921, 46.853990791215246 ], [ 32.95120024444487, 46.85579058918151 ], [ 32.948575743655617, 46.856689339379038 ], [ 32.94988423738527, 46.860289514769335 ] ] ], [ [ [ 33.166399788918426, 46.875477801627788 ], [ 33.172961264792455, 46.875468076027019 ], [ 33.176850851902408, 46.861063773688137 ], [ 33.168976364767943, 46.860175769623346 ], [ 33.166399788918426, 46.875477801627788 ] ] ], [ [ [ 32.972163331085255, 46.906191737220944 ], [ 32.974789853537786, 46.905292454435532 ], [ 32.973479487917729, 46.899892807694627 ], [ 32.978493682927343, 46.898993967163811 ], [ 32.976358256099282, 46.889629820505746 ], [ 32.974797443997304, 46.889094388688157 ], [ 32.976111204671611, 46.886554720706158 ], [ 32.973794166440818, 46.874695842609079 ], [ 32.972179621847907, 46.87469546162481 ], [ 32.970863443319054, 46.881894299165893 ], [ 32.966926071425654, 46.881893229335397 ], [ 32.962989937419216, 46.880092234084465 ], [ 32.965615338944644, 46.879193157343202 ], [ 32.968242776463143, 46.874694437191131 ], [ 32.961681368013785, 46.8746924289402 ], [ 32.962996123868535, 46.871093275561847 ], [ 32.948563712326532, 46.869287906729589 ], [ 32.947245390448359, 46.875586582728545 ], [ 32.953806134485646, 46.876489314113584 ], [ 32.953799182763085, 46.884588368808657 ], [ 32.95773675126717, 46.884589890186852 ], [ 32.957734630905776, 46.887289572669488 ], [ 32.962984986114755, 46.887291390668906 ], [ 32.962981271384542, 46.892690752137703 ], [ 32.957729682204523, 46.893588826820981 ], [ 32.955104948403751, 46.892687934312022 ], [ 32.956419126746596, 46.890888655137587 ], [ 32.949856583311849, 46.889986075086043 ], [ 32.948538764476702, 46.895384850473064 ], [ 32.964291005365723, 46.897190633138941 ], [ 32.952474737756994, 46.898086230241553 ], [ 32.941973863923337, 46.896281604117426 ], [ 32.941969009723721, 46.90078106389354 ], [ 32.949843998745216, 46.903484460424139 ], [ 32.952470761761354, 46.902585689353415 ], [ 32.953786816704216, 46.898986659839579 ], [ 32.953785270276803, 46.900786443660067 ], [ 32.965600958287588, 46.901690495660219 ], [ 32.964286822880752, 46.903489876835835 ], [ 32.956408918285156, 46.903487148301338 ], [ 32.956406729862074, 46.90618682178355 ], [ 32.969536210978255, 46.907990850453302 ], [ 32.972162399354922, 46.90799151913923 ], [ 32.972163331085255, 46.906191737220944 ] ], [ [ 32.962977555580871, 46.898090108489853 ], [ 32.969541308143128, 46.898991935386064 ], [ 32.96297693617587, 46.898990000717752 ], [ 32.962977555580871, 46.898090108489853 ] ], [ [ 32.966923306002663, 46.886392702033788 ], [ 32.964299366107149, 46.884592124852347 ], [ 32.970861981665749, 46.884593983311682 ], [ 32.970861007112909, 46.88639377203156 ], [ 32.966923306002663, 46.886392702033788 ] ] ], [ [ [ 32.957718364621051, 46.907987095872471 ], [ 32.95509443144595, 46.905286423274006 ], [ 32.948528431033573, 46.906183550849725 ], [ 32.949836443640265, 46.91158347627681 ], [ 32.952462806897103, 46.911584596917407 ], [ 32.95246121546441, 46.913384376724665 ], [ 32.955086914990417, 46.91428532690577 ], [ 32.957718364621051, 46.907987095872471 ] ], [ [ 32.952462806897103, 46.911584596917407 ], [ 32.953776762262891, 46.910685244510518 ], [ 32.953775988583537, 46.911585134644177 ], [ 32.952462806897103, 46.911584596917407 ] ] ], [ [ [ 32.956387019816987, 46.930483825563257 ], [ 32.962954617714445, 46.931386026268342 ], [ 32.964271873917575, 46.925987118904033 ], [ 32.957703497050289, 46.92688476878692 ], [ 32.956387019816987, 46.930483825563257 ] ] ], [ [ [ 32.98097203037954, 46.927790888265299 ], [ 32.9747788779164, 46.928689579222095 ], [ 32.976090475645911, 46.933189297160439 ], [ 32.980528826329177, 46.932290250972819 ], [ 32.98097203037954, 46.927790888265299 ] ] ], [ [ [ 32.965580219697912, 46.934086506784446 ], [ 32.972146546197358, 46.938587724774031 ], [ 32.97214747945506, 46.936787952519637 ], [ 32.977402671543743, 46.936789110323694 ], [ 32.977403428642177, 46.934989337428433 ], [ 32.974776765643455, 46.93318901528248 ], [ 32.970835147228776, 46.934087965962973 ], [ 32.969522436362922, 46.932287850145897 ], [ 32.965581949287774, 46.931386846225593 ], [ 32.965580219697912, 46.934086506784446 ] ] ], [ [ [ 32.961613939715392, 46.969180723470657 ], [ 32.961611364266524, 46.972780246567389 ], [ 32.968897713472003, 46.973682338181 ], [ 32.967678831915734, 46.969182596041904 ], [ 32.961613939715392, 46.969180723470657 ] ] ], [ [ [ 32.968173547045808, 46.991679721956459 ], [ 32.972117570543105, 46.994380382727613 ], [ 32.978163479046358, 46.991682062754471 ], [ 32.973436792193539, 46.986281795000338 ], [ 32.968176217743633, 46.987180332335228 ], [ 32.969489201651854, 46.990780202278565 ], [ 32.968173547045808, 46.991679721956459 ] ] ], [ [ [ 33.024735064528159, 47.0141783717674 ], [ 33.020788678485346, 47.015978904205426 ], [ 33.019474575263445, 47.020478502818186 ], [ 33.022107760278729, 47.0240775162818 ], [ 33.024740051997085, 47.024976850398517 ], [ 33.027371512169843, 47.02407637915406 ], [ 33.026057325738918, 47.027676174980407 ], [ 33.030005909161865, 47.028575080433548 ], [ 33.036583077083982, 47.024073807007596 ], [ 33.030000867419275, 47.019576355738359 ], [ 33.028682715269909, 47.015235383399371 ], [ 33.024735064528159, 47.0141783717674 ] ] ], [ [ [ 32.999736750430543, 47.036677852279752 ], [ 32.991839674937168, 47.033977949399684 ], [ 32.993156201507922, 47.031278421912099 ], [ 32.989208400430876, 47.028578502937052 ], [ 32.989209307169567, 47.024079141830207 ], [ 32.986577882017805, 47.022279118176947 ], [ 32.987894792878997, 47.01777989878628 ], [ 32.994473895419361, 47.01598065779185 ], [ 32.991842554107784, 47.015080626640668 ], [ 32.99315873085903, 47.011481215641673 ], [ 32.997105714119662, 47.009681633970594 ], [ 33.002368052084442, 47.009681646061644 ], [ 33.003683520096359, 47.007987375456537 ], [ 32.987032448424856, 47.001582056771426 ], [ 32.980005466948022, 47.003380797439561 ], [ 32.980006138402707, 47.001581045544086 ], [ 32.98263690953241, 47.001581474655616 ], [ 32.981647138490693, 46.998151295083453 ], [ 32.977376506906317, 46.99888092713141 ], [ 32.972113825436246, 47.001579395580151 ], [ 32.974742475809606, 47.006079384516845 ], [ 32.969479467203087, 47.007877853355247 ], [ 32.969476391312988, 47.013277100933529 ], [ 32.962895535526904, 47.016874653866502 ], [ 32.954999458881545, 47.01867157047397 ], [ 32.95368054112452, 47.022270537331792 ], [ 32.95894273474515, 47.0240722903335 ], [ 32.958941354833556, 47.025872034773819 ], [ 32.962889300590611, 47.025873382172783 ], [ 32.964206485571211, 47.024074056510344 ], [ 32.96947074986857, 47.023175708209045 ], [ 32.969471775808401, 47.021375962710394 ], [ 32.972103518938553, 47.021376634036635 ], [ 32.970785683830293, 47.024975796405407 ], [ 32.972101175026992, 47.025875996822641 ], [ 32.978681444293599, 47.024977538442826 ], [ 32.979994378588792, 47.033076621663561 ], [ 32.982626405023858, 47.033976922304575 ], [ 32.990521740755284, 47.043876420647699 ], [ 32.994470922439916, 47.044776548793031 ], [ 32.993154130041063, 47.047476084987402 ], [ 32.995787156938775, 47.047476212110354 ], [ 32.998420077564695, 47.05107575315526 ], [ 32.993153439152181, 47.0528752957837 ], [ 32.990520943748912, 47.048375766145071 ], [ 32.986571788742076, 47.046575633395534 ], [ 32.986572466164773, 47.043876025707959 ], [ 32.982623776044925, 47.04207575544666 ], [ 32.982624360361122, 47.040276015742911 ], [ 32.979991687842237, 47.040275586053838 ], [ 32.977358254006596, 47.042074835491377 ], [ 32.977357111796294, 47.044774443895172 ], [ 32.973407324046583, 47.045673464132477 ], [ 32.973405982354691, 47.048373070751758 ], [ 32.9826214382161, 47.049274708578928 ], [ 32.981303622741841, 47.052873974365106 ], [ 32.982619391875389, 47.055573785111235 ], [ 33.002370322238676, 47.060974282564274 ], [ 33.024758364108393, 47.064571097012099 ], [ 33.019487676217366, 47.056473313518438 ], [ 33.031336180055092, 47.052871213463277 ], [ 33.031335125905215, 47.051071477354824 ], [ 33.028701922401758, 47.051072167537072 ], [ 33.030017514405245, 47.049272093314961 ], [ 33.035283744055704, 47.049270591959846 ], [ 33.040556794874959, 47.058267525246833 ], [ 33.043191078892022, 47.059166429251562 ], [ 33.048464805367878, 47.066363251089541 ], [ 33.048467252351927, 47.069062847233965 ], [ 33.065592137950553, 47.071753916156275 ], [ 33.072176473997999, 47.070850090934975 ], [ 33.068218321173958, 47.065453322803961 ], [ 33.076121331436013, 47.066348208934613 ], [ 33.084016122283309, 47.061843358013505 ], [ 33.087966718979516, 47.061840391844846 ], [ 33.087960799007135, 47.058240928432596 ], [ 33.085324374241445, 47.056443188086902 ], [ 33.069530596029601, 47.061853068092681 ], [ 33.068216025299336, 47.063653591676086 ], [ 33.062946263570012, 47.061856876116487 ], [ 33.065576686587178, 47.059155799576359 ], [ 33.081370069355891, 47.053746462508279 ], [ 33.08136596339385, 47.051046860868951 ], [ 33.064258805393813, 47.058256679410896 ], [ 33.060307456708394, 47.057358960917142 ], [ 33.061621102660766, 47.054658658895576 ], [ 33.073466362310214, 47.051052200694578 ], [ 33.078727466735458, 47.047449230280876 ], [ 33.076086766252935, 47.042051798795192 ], [ 33.073455243551329, 47.04295338660036 ], [ 33.070816487545848, 47.038455698595079 ], [ 33.068183906312662, 47.038457296210801 ], [ 33.066869864124996, 47.040257811458474 ], [ 33.066867615612573, 47.038458072325298 ], [ 33.062915569984064, 47.035760699919905 ], [ 33.062912397236289, 47.033061088665711 ], [ 33.060281094169042, 47.03396237507318 ], [ 33.056326872124139, 47.028565159259792 ], [ 33.049747468852054, 47.029468078166097 ], [ 33.0510686890457, 47.034866724654769 ], [ 33.05370199729218, 47.035765390964279 ], [ 33.058964913795769, 47.033963060307023 ], [ 33.064239354236236, 47.042059057054111 ], [ 33.06687323730052, 47.042957419092588 ], [ 33.066876610964378, 47.045657025447909 ], [ 33.069510715397136, 47.046555326149608 ], [ 33.068198813302004, 47.050155590101554 ], [ 33.060297313355676, 47.048360285420642 ], [ 33.060299341634625, 47.050160021656581 ], [ 33.06293355756582, 47.051058472872377 ], [ 33.058986731407316, 47.05376017812906 ], [ 33.05503672900663, 47.053762144423928 ], [ 33.053716447222733, 47.050163298404655 ], [ 33.051082429984326, 47.049264634971216 ], [ 33.049767547101922, 47.051064950895721 ], [ 33.047133551720854, 47.050166196775749 ], [ 33.04449440670011, 47.042968300016184 ], [ 33.041862306232716, 47.043869161928868 ], [ 33.037912395479388, 47.042970668066594 ], [ 33.035281370576826, 47.045671117045302 ], [ 33.032648432929776, 47.045671897894387 ], [ 33.03132985668168, 47.042072788288444 ], [ 33.027380715578552, 47.042073800541765 ], [ 33.028695648494441, 47.039373868699791 ], [ 33.027378413893715, 47.037574450522591 ], [ 33.018165135984965, 47.039376023129584 ], [ 33.015533291184894, 47.042076020236422 ], [ 33.012900530042479, 47.042076347062647 ], [ 33.010268114169293, 47.043876352554662 ], [ 33.010268977592858, 47.048375698041362 ], [ 33.007635778024323, 47.047476035046252 ], [ 33.001053263908133, 47.050175890808241 ], [ 32.999736706164157, 47.045676551210747 ], [ 32.993155050915121, 47.040277129303355 ], [ 32.993155281078096, 47.038477388961653 ], [ 32.999736750430543, 47.036677852279752 ] ], [ [ 33.012902265703332, 47.049275300342998 ], [ 33.012902916748921, 47.051974905479042 ], [ 33.011586292620024, 47.051975046244316 ], [ 33.010268977592858, 47.048375698041362 ], [ 33.012902265703332, 47.049275300342998 ] ], [ [ 33.012902916748921, 47.051974905479042 ], [ 33.014220019244263, 47.053774485615016 ], [ 33.012903350831685, 47.053774641526097 ], [ 33.012902916748921, 47.051974905479042 ] ], [ [ 33.014220019244263, 47.053774485615016 ], [ 33.015536948999745, 47.05467418236713 ], [ 33.014220258450038, 47.054674353420559 ], [ 33.014220019244263, 47.053774485615016 ] ], [ [ 33.070826014117756, 47.045654651123598 ], [ 33.072141268561509, 47.04475396087372 ], [ 33.072142481722032, 47.045653829416757 ], [ 33.070826014117756, 47.045654651123598 ] ], [ [ 33.068188492082669, 47.04205677381168 ], [ 33.069503702596471, 47.041156113306926 ], [ 33.069504871255596, 47.042055982469257 ], [ 33.068188492082669, 47.04205677381168 ] ], [ [ 33.069504871255596, 47.042055982469257 ], [ 33.070823632130001, 47.043854913843994 ], [ 33.069507208743005, 47.043855720367681 ], [ 33.069504871255596, 47.042055982469257 ] ], [ [ 33.015537471746498, 47.056473917541332 ], [ 33.016853923053667, 47.055573863828535 ], [ 33.016854206584163, 47.056473731338798 ], [ 33.015537471746498, 47.056473917541332 ] ], [ [ 32.973421623349211, 47.016877580632851 ], [ 32.977368906667273, 47.016878428730031 ], [ 32.977368146240053, 47.018678175764087 ], [ 32.974736535586153, 47.018677625449143 ], [ 32.973421623349211, 47.016877580632851 ] ] ], [ [ [ 32.970780282164952, 47.034874383481842 ], [ 32.968147875552354, 47.034873681586461 ], [ 32.968148946385092, 47.03307393980424 ], [ 32.965516628374345, 47.033073177448358 ], [ 32.964201672874772, 47.031273031303684 ], [ 32.958937214299844, 47.03127126468484 ], [ 32.960251324548992, 47.033971342108295 ], [ 32.956302047197767, 47.034869774268387 ], [ 32.957616112722853, 47.037569880210519 ], [ 32.94971596069098, 47.040266294786285 ], [ 32.951030649590983, 47.042066604314421 ], [ 32.94971342416784, 47.042965903216519 ], [ 32.956293964745484, 47.044768342567636 ], [ 32.95760755963645, 47.048368312573693 ], [ 32.970771928495601, 47.050172166059262 ], [ 32.970772911635947, 47.048372429063555 ], [ 32.968140376829055, 47.047471858149763 ], [ 32.96945843086602, 47.044772609864985 ], [ 32.966825537409463, 47.044771877463539 ], [ 32.966826653083459, 47.042972138830315 ], [ 32.970776351880041, 47.042073345103411 ], [ 32.972092263004676, 47.04297354301633 ], [ 32.970780282164952, 47.034874383481842 ] ], [ [ 32.964190837513421, 47.047470691342959 ], [ 32.965506770491665, 47.048370964077364 ], [ 32.964190235272909, 47.048370559995462 ], [ 32.964190837513421, 47.047470691342959 ] ], [ [ 32.961561689928608, 47.042070623065129 ], [ 32.9615636287486, 47.03937101377803 ], [ 32.964196256370442, 47.039371867077328 ], [ 32.965510830599172, 47.042071880437966 ], [ 32.961561689928608, 47.042070623065129 ] ], [ [ 32.960247983325367, 47.038470694401767 ], [ 32.958933072567376, 47.036670489481018 ], [ 32.962882438685675, 47.03577196689951 ], [ 32.96288119067529, 47.037571707730116 ], [ 32.960247983325367, 47.038470694401767 ] ] ], [ [ [ 33.064243675255668, 47.045658532667304 ], [ 33.061605559552319, 47.041160634257942 ], [ 33.05765648734107, 47.041162690473911 ], [ 33.055020071988544, 47.037564506577688 ], [ 33.05107126466369, 47.037566335609654 ], [ 33.049756668497039, 47.03936665499252 ], [ 33.045808498080646, 47.040268172405746 ], [ 33.048441983927447, 47.041166958749201 ], [ 33.048445242245521, 47.044766435903121 ], [ 33.052396343243402, 47.046564434822528 ], [ 33.052398986901018, 47.049264040180532 ], [ 33.057664244301229, 47.048361641440266 ], [ 33.057662304780443, 47.046561904551154 ], [ 33.053711027191355, 47.044764087376912 ], [ 33.055025622720414, 47.042963724307988 ], [ 33.057658426300385, 47.042962429068005 ], [ 33.060295285272467, 47.046560548616391 ], [ 33.064243675255668, 47.045658532667304 ] ] ], [ [ [ 33.086664436786734, 47.07084004460701 ], [ 33.089297107982951, 47.069938156917665 ], [ 33.09061874846843, 47.072636714517927 ], [ 33.093253010886279, 47.072634600007817 ], [ 33.089288091610548, 47.064538968811114 ], [ 33.082706214946739, 47.066343643136051 ], [ 33.084028848014768, 47.069942143213744 ], [ 33.086664436786734, 47.07084004460701 ] ] ], [ [ [ 33.322603483069045, 46.662764533539551 ], [ 33.314755510219875, 46.66188646091647 ], [ 33.316052126065195, 46.660083025311756 ], [ 33.318666246487133, 46.660075774686753 ], [ 33.318656967601108, 46.658496373798165 ], [ 33.308195757253621, 46.657640240795594 ], [ 33.306902696713678, 46.660107932182541 ], [ 33.300372366381133, 46.661025192506159 ], [ 33.289901248107789, 46.6583524094426 ], [ 33.285984926010222, 46.659262195997485 ], [ 33.285972590267995, 46.656922406145043 ], [ 33.280745035452391, 46.65701238193509 ], [ 33.283375538526712, 46.66016861900188 ], [ 33.278151886043858, 46.661081367384682 ], [ 33.276863172528138, 46.664684213894724 ], [ 33.278188814314255, 46.66828071728564 ], [ 33.280807999371035, 46.669174248745819 ], [ 33.289958980357881, 46.669151425050906 ], [ 33.288637326947281, 46.666454978098081 ], [ 33.29124209482692, 46.664648517958241 ], [ 33.288622957919664, 46.663755224527733 ], [ 33.296456028902753, 46.661935337077225 ], [ 33.293880825907387, 46.669141419434943 ], [ 33.299095058259965, 46.666428119748517 ], [ 33.303016703599006, 46.666417801455601 ], [ 33.303006646797691, 46.664617968208482 ], [ 33.305620989051526, 46.664611015111099 ], [ 33.306917973840292, 46.66280768299859 ], [ 33.313448406007332, 46.661890049126555 ], [ 33.31479207472136, 46.668185870831856 ], [ 33.320021096403089, 46.668171365502083 ], [ 33.323932108025687, 46.666360500594152 ], [ 33.322603483069045, 46.662764533539551 ] ], [ [ 33.314771179215917, 46.664586208878958 ], [ 33.317385517021663, 46.664578986986761 ], [ 33.317396051039097, 46.666378817797039 ], [ 33.31478162646706, 46.666386040140672 ], [ 33.314771179215917, 46.664586208878958 ] ] ], [ [ [ 33.24811348392452, 46.666550026513178 ], [ 33.248105249251928, 46.664750185000791 ], [ 33.245494961534057, 46.665655744978203 ], [ 33.245486814021774, 46.663855902828352 ], [ 33.242872495049184, 46.663861481894251 ], [ 33.244208022491577, 46.670158145471014 ], [ 33.25859272727385, 46.671026469505932 ], [ 33.25987849155343, 46.66652391029853 ], [ 33.25465382740115, 46.667435586941302 ], [ 33.253342378225945, 46.66653856864928 ], [ 33.253354992055719, 46.669238328774888 ], [ 33.250736253715452, 46.668344168036015 ], [ 33.250727931474756, 46.666544327449785 ], [ 33.24811348392452, 46.666550026513178 ] ] ], [ [ [ 33.220661738500546, 46.666606260039707 ], [ 33.223279899385567, 46.667501110360234 ], [ 33.22198370238381, 46.670203419626262 ], [ 33.223298429293386, 46.672000718931905 ], [ 33.232453787340532, 46.672882414424905 ], [ 33.233757285280632, 46.671979830355326 ], [ 33.233730129673923, 46.665680381927785 ], [ 33.224572241037997, 46.663898862867015 ], [ 33.220661738500546, 46.666606260039707 ] ] ], [ [ [ 33.352731657941938, 46.672574850274579 ], [ 33.353992010542846, 46.665371520782493 ], [ 33.350064651564509, 46.664483673465249 ], [ 33.346200617526812, 46.673494726152313 ], [ 33.352731657941938, 46.672574850274579 ] ] ], [ [ [ 33.326589890222955, 46.673552380271531 ], [ 33.327859180061509, 46.667249245335078 ], [ 33.325244716199407, 46.667256706854573 ], [ 33.321339017403425, 46.669967530817274 ], [ 33.321349684642435, 46.671767359231382 ], [ 33.318735001242416, 46.671774672549986 ], [ 33.320052967933613, 46.673570851431577 ], [ 33.323969744420346, 46.672659899928505 ], [ 33.323980499999429, 46.674459727025727 ], [ 33.326589890222955, 46.673552380271531 ] ] ], [ [ [ 33.362754776283644, 46.674343370902733 ], [ 33.362691861456916, 46.664938676081015 ], [ 33.360523382097846, 46.664668338368749 ], [ 33.357996737933867, 46.677958070557224 ], [ 33.360611708921127, 46.677949859245842 ], [ 33.360587763843213, 46.674350220455302 ], [ 33.362754776283644, 46.674343370902733 ] ] ], [ [ [ 33.329171874489013, 46.668145406183342 ], [ 33.327902716926843, 46.674448554354676 ], [ 33.331824931502126, 46.674437247240924 ], [ 33.334406434721096, 46.669030157114008 ], [ 33.329171874489013, 46.668145406183342 ] ] ], [ [ [ 33.207630803272814, 46.677429790459236 ], [ 33.218097959575168, 46.679210173558658 ], [ 33.220680050557291, 46.671105870116186 ], [ 33.21021786483481, 46.670225640755376 ], [ 33.207630803272814, 46.677429790459236 ] ] ], [ [ [ 33.325390547959323, 46.691554344497646 ], [ 33.326660387708955, 46.685251241326789 ], [ 33.321429721594953, 46.685266054147824 ], [ 33.321445735904447, 46.687965789279268 ], [ 33.318830271009247, 46.687973106713599 ], [ 33.317538359324118, 46.69067647788777 ], [ 33.325390547959323, 46.691554344497646 ] ] ], [ [ [ 33.202484897316779, 46.699937159534791 ], [ 33.201166836821685, 46.697239711289122 ], [ 33.207710128558055, 46.698127945623895 ], [ 33.207706677810336, 46.697228027400371 ], [ 33.205070301610213, 46.691833232590909 ], [ 33.202454625762066, 46.691837890322454 ], [ 33.202437813884565, 46.687338291332416 ], [ 33.197210169844205, 46.688247346365436 ], [ 33.194565585746524, 46.680152534467034 ], [ 33.191947285055676, 46.679257029314918 ], [ 33.189335357610979, 46.680161308251932 ], [ 33.188021556742079, 46.67836361993966 ], [ 33.185406528299239, 46.678367887033197 ], [ 33.182797569053022, 46.680171939298802 ], [ 33.182806674827809, 46.682871705632891 ], [ 33.18804028890613, 46.683763151445469 ], [ 33.18804653416025, 46.685562994141911 ], [ 33.181511107756798, 46.686473473925744 ], [ 33.180236325054956, 46.696374668249206 ], [ 33.189398259549513, 46.698159719632713 ], [ 33.194626991820208, 46.697251021418964 ], [ 33.193331870160584, 46.700852913785916 ], [ 33.198570693512771, 46.702643790445919 ], [ 33.195957750683938, 46.703548218411548 ], [ 33.195970776723868, 46.70714788906119 ], [ 33.2051248221549, 46.706231923109847 ], [ 33.203796316916915, 46.700834755506577 ], [ 33.205100964261099, 46.69993250049275 ], [ 33.202484897316779, 46.699937159534791 ] ], [ [ 33.194610826894426, 46.692751424572222 ], [ 33.195912179247181, 46.690949353200089 ], [ 33.195918687576558, 46.692749192795816 ], [ 33.194610826894426, 46.692751424572222 ] ] ], [ [ [ 33.356772184068717, 46.690560876960966 ], [ 33.359375825862813, 46.688752876579102 ], [ 33.348908053796428, 46.687885346983528 ], [ 33.350262319337361, 46.695080618293161 ], [ 33.347646518638733, 46.695088595303893 ], [ 33.346315606768812, 46.691492927889918 ], [ 33.343711396306951, 46.693300631748968 ], [ 33.342437668713949, 46.698704002629952 ], [ 33.356825526984579, 46.698660041357435 ], [ 33.355493917372961, 46.69506448488751 ], [ 33.356772184068717, 46.690560876960966 ] ] ], [ [ [ 33.216833631594291, 46.690011695375155 ], [ 33.214214487785803, 46.68911670272589 ], [ 33.211641128739366, 46.699920591232264 ], [ 33.216866051059363, 46.698110959734912 ], [ 33.222101692940512, 46.699000841832195 ], [ 33.222090623621632, 46.696301089695467 ], [ 33.21685524301396, 46.695411206229956 ], [ 33.2181595420112, 46.694508802062373 ], [ 33.216833631594291, 46.690011695375155 ] ] ], [ [ [ 33.241697720288819, 46.693561580240548 ], [ 33.240417800526068, 46.699863749833945 ], [ 33.245649913018283, 46.699852637549185 ], [ 33.246933325455004, 46.694450326950388 ], [ 33.241697720288819, 46.693561580240548 ] ] ], [ [ [ 33.318899128184448, 46.699671947087452 ], [ 33.320217783868841, 46.70146811358677 ], [ 33.324141957700746, 46.701457065003218 ], [ 33.325460830717226, 46.703253169972214 ], [ 33.33332050806694, 46.705030393724748 ], [ 33.335892141661738, 46.697823478438963 ], [ 33.328038877472792, 46.696946336185277 ], [ 33.326747214283188, 46.699649806448157 ], [ 33.325428387068378, 46.697853715056894 ], [ 33.321504474782671, 46.697864807109909 ], [ 33.318899128184448, 46.699671947087452 ] ] ], [ [ [ 33.362129670065684, 46.709442468632375 ], [ 33.362935556408893, 46.701340599721803 ], [ 33.359465386773387, 46.702251477926865 ], [ 33.358145412986836, 46.700455767659349 ], [ 33.352907432219837, 46.699572117023735 ], [ 33.351628635604136, 46.70407567612672 ], [ 33.349012400847826, 46.704083685537981 ], [ 33.347756294750411, 46.71218682086861 ], [ 33.354309637941384, 46.713966563278184 ], [ 33.355582530401087, 46.708563076992391 ], [ 33.362129670065684, 46.709442468632375 ] ], [ [ 33.355582530401087, 46.708563076992391 ], [ 33.354268417534065, 46.707667229401004 ], [ 33.355576620879404, 46.707663171851358 ], [ 33.355582530401087, 46.708563076992391 ] ], [ [ 33.356861101740527, 46.704059477864043 ], [ 33.358163265991806, 46.703155485315285 ], [ 33.358169217565155, 46.704055390915052 ], [ 33.356861101740527, 46.704059477864043 ] ] ], [ [ [ 33.325536568936798, 46.715851878134892 ], [ 33.330759190641714, 46.714037057246472 ], [ 33.329412501428784, 46.707741481345785 ], [ 33.326796083560509, 46.707748983278428 ], [ 33.326812378014935, 46.71044870632047 ], [ 33.32288755358006, 46.710459848098878 ], [ 33.325536568936798, 46.715851878134892 ] ] ], [ [ [ 33.317654450729279, 46.710474494408224 ], [ 33.317633334075559, 46.706874860176043 ], [ 33.315016955057324, 46.706882092685426 ], [ 33.315006485205863, 46.705082274261329 ], [ 33.31238500106123, 46.704189536852283 ], [ 33.301919992787042, 46.704217626776035 ], [ 33.300621856779834, 46.706020891854344 ], [ 33.301940062946493, 46.707817268033338 ], [ 33.299323634537828, 46.707824141837392 ], [ 33.299278873350261, 46.699724943866535 ], [ 33.292733912673903, 46.698841949767363 ], [ 33.292758233092563, 46.703341508978724 ], [ 33.29537444649285, 46.703334785780882 ], [ 33.29538917197096, 46.706034518966291 ], [ 33.292777693633319, 46.706941153781443 ], [ 33.292787425305946, 46.708740975327387 ], [ 33.295408809242907, 46.709634161217402 ], [ 33.292806891456245, 46.71234061670836 ], [ 33.295423539673237, 46.71233389140864 ], [ 33.295433361139551, 46.714133710823241 ], [ 33.29935348608177, 46.7132236007347 ], [ 33.303283561060255, 46.714113174651295 ], [ 33.304652702856778, 46.724908595102882 ], [ 33.302045494578486, 46.726715347202614 ], [ 33.307280175636912, 46.726701410983267 ], [ 33.31120100855523, 46.725790895344389 ], [ 33.311190658698891, 46.723991082239195 ], [ 33.316425071706725, 46.723976728337789 ], [ 33.31641454877785, 46.722176915559473 ], [ 33.311175135779017, 46.721291361511753 ], [ 33.309851141758138, 46.718595189900505 ], [ 33.312457698802568, 46.716788258975775 ], [ 33.312442116599037, 46.714088535159767 ], [ 33.315058844523143, 46.714081360676403 ], [ 33.315043134086949, 46.711381636249534 ], [ 33.317654450729279, 46.710474494408224 ] ], [ [ 33.308542668172485, 46.718598725339142 ], [ 33.307239302391558, 46.71950215362785 ], [ 33.307234194340396, 46.71860224581669 ], [ 33.308542668172485, 46.718598725339142 ] ], [ [ 33.299333584096516, 46.70962396204019 ], [ 33.298030279443978, 46.710527286716648 ], [ 33.298025326049569, 46.709627376722402 ], [ 33.299333584096516, 46.70962396204019 ] ] ], [ [ [ 33.214296361756666, 46.709814806647891 ], [ 33.207755003364475, 46.709826869572645 ], [ 33.209070225172226, 46.711624319070388 ], [ 33.207775724266867, 46.715226364817873 ], [ 33.210399524389651, 46.717021413932379 ], [ 33.211700931251208, 46.71521917058444 ], [ 33.214317735063858, 46.715214299630482 ], [ 33.214296361756666, 46.709814806647891 ] ] ], [ [ [ 33.22736395046806, 46.706189897355465 ], [ 33.223498836058042, 46.720596264633016 ], [ 33.228740565256736, 46.722385748804371 ], [ 33.235283432060456, 46.722372483529874 ], [ 33.237833357203563, 46.707068540003966 ], [ 33.232592813829832, 46.705279465387427 ], [ 33.22736395046806, 46.706189897355465 ] ] ], [ [ [ 33.203877630851139, 46.722432745200194 ], [ 33.201227019180202, 46.713438224103484 ], [ 33.197301938770252, 46.713445058876964 ], [ 33.194662568324532, 46.707150121954051 ], [ 33.192049342738166, 46.708054460387679 ], [ 33.190731602782691, 46.705356895306586 ], [ 33.180263278750587, 46.704473941516348 ], [ 33.177682423189914, 46.715277047653451 ], [ 33.184230577242033, 46.717066535965508 ], [ 33.184258148172162, 46.725165778010634 ], [ 33.189492725827172, 46.725157229940734 ], [ 33.189476971991567, 46.720657653786063 ], [ 33.193402577261928, 46.720651086628763 ], [ 33.194720824986952, 46.723348612947106 ], [ 33.199955223646064, 46.723339586565309 ], [ 33.199961873802991, 46.725139415486446 ], [ 33.202579159220193, 46.72513481222424 ], [ 33.203877630851139, 46.722432745200194 ] ], [ [ 33.193370428406809, 46.711651925696017 ], [ 33.19467550989647, 46.710749790605135 ], [ 33.194678745678019, 46.711649707412022 ], [ 33.193370428406809, 46.711651925696017 ] ], [ [ 33.188121524017795, 46.707161062085383 ], [ 33.189439178222308, 46.709858656495605 ], [ 33.18682573444655, 46.710762875532076 ], [ 33.180281254355407, 46.709873450622702 ], [ 33.185511271327094, 46.708965169010419 ], [ 33.185505105236565, 46.70716533344914 ], [ 33.188121524017795, 46.707161062085383 ] ], [ [ 33.189439178222308, 46.709858656495605 ], [ 33.190750622856868, 46.710756400376923 ], [ 33.189442326871003, 46.710758573719389 ], [ 33.189439178222308, 46.709858656495605 ] ], [ [ 33.190750622856868, 46.710756400376923 ], [ 33.192062110981205, 46.711654129022158 ], [ 33.19075379340223, 46.711656317390421 ], [ 33.190750622856868, 46.710756400376923 ] ] ], [ [ [ 33.294149442695144, 46.71863662773093 ], [ 33.294129882992657, 46.715036990761519 ], [ 33.291503412371974, 46.713243867014612 ], [ 33.286274783846928, 46.714156989064151 ], [ 33.287607057996773, 46.718653257644824 ], [ 33.294149442695144, 46.71863662773093 ] ] ], [ [ [ 33.358300224535753, 46.723853277990884 ], [ 33.359638720951146, 46.728348682778758 ], [ 33.363128675878656, 46.730137502155365 ], [ 33.363072429372288, 46.721754918922834 ], [ 33.360917412210384, 46.723845053579176 ], [ 33.358300224535753, 46.723853277990884 ] ] ], [ [ [ 33.271923395620291, 46.722291284961948 ], [ 33.267984325398579, 46.719600814098612 ], [ 33.265367319770419, 46.719606912688853 ], [ 33.262759050755214, 46.72141277355351 ], [ 33.262772158520718, 46.724112505667115 ], [ 33.264089553732923, 46.725909313813936 ], [ 33.270632828807827, 46.72589402658928 ], [ 33.269346570911686, 46.730396660834366 ], [ 33.271973144770662, 46.732190287515245 ], [ 33.269364492138656, 46.733996295765294 ], [ 33.270682348075731, 46.735793023938925 ], [ 33.273300135489102, 46.735786802154827 ], [ 33.274590757577222, 46.732184036572484 ], [ 33.278512542558154, 46.731274639777787 ], [ 33.278489382995303, 46.726775097047593 ], [ 33.275867444981742, 46.725881527439078 ], [ 33.271946005610943, 46.726790833714801 ], [ 33.271923395620291, 46.722291284961948 ] ], [ [ 33.265380556814236, 46.722306645091081 ], [ 33.266684690686397, 46.721403692428439 ], [ 33.266689125003637, 46.722303602991602 ], [ 33.265380556814236, 46.722306645091081 ] ] ], [ [ [ 33.2928945354383, 46.728538974693755 ], [ 33.295516881715585, 46.729432152821168 ], [ 33.294217931262843, 46.731235339159667 ], [ 33.296835492803766, 46.731228579508347 ], [ 33.295497223677756, 46.725832523116836 ], [ 33.292879922843944, 46.725839251570662 ], [ 33.29287018228446, 46.724039435442428 ], [ 33.288944359845594, 46.724049415262357 ], [ 33.290267448180266, 46.726745828223578 ], [ 33.287654885769498, 46.727652345287368 ], [ 33.287664454081892, 46.729452161105222 ], [ 33.291595518747819, 46.730342131698222 ], [ 33.2928945354383, 46.728538974693755 ] ] ], [ [ [ 33.313828740503716, 46.727583559962447 ], [ 33.316456646561065, 46.729376163249569 ], [ 33.324314435874903, 46.730254083991561 ], [ 33.324330619302927, 46.732953797032259 ], [ 33.326948256500692, 46.732946348404582 ], [ 33.330858200384533, 46.730235351915667 ], [ 33.329522045531164, 46.725739606014713 ], [ 33.325596113282792, 46.725750843503761 ], [ 33.322968082270648, 46.723958449274505 ], [ 33.320350878811844, 46.723965805791309 ], [ 33.320366860949648, 46.726665522864693 ], [ 33.317749525901512, 46.726672820210489 ], [ 33.317738957932832, 46.72487300851467 ], [ 33.313813084027998, 46.724883841616716 ], [ 33.313828740503716, 46.727583559962447 ] ] ], [ [ [ 33.257584828193259, 46.734023416342083 ], [ 33.260172239494921, 46.727718127068634 ], [ 33.257550556427312, 46.726824137418745 ], [ 33.258850625268224, 46.725021363665938 ], [ 33.247068796882203, 46.724147486800931 ], [ 33.245784705776018, 46.729549772098245 ], [ 33.248402196293291, 46.729544120419476 ], [ 33.24841459138834, 46.732243851701334 ], [ 33.257584828193259, 46.734023416342083 ] ] ], [ [ [ 33.363177002155595, 46.737336704919528 ], [ 33.36233447166618, 46.740039131821881 ], [ 33.363197115891282, 46.740332245502671 ], [ 33.363177002155595, 46.737336704919528 ] ] ], [ [ [ 33.228828092765795, 46.743083711508582 ], [ 33.226202415524099, 46.741289096437463 ], [ 33.220969965424345, 46.742199236803636 ], [ 33.222293814824617, 46.745796341892863 ], [ 33.228843324818868, 46.746683349505965 ], [ 33.228835708426303, 46.744883530792102 ], [ 33.231453944265382, 46.744878265459064 ], [ 33.232770809012521, 46.746675428548656 ], [ 33.23801141297195, 46.747564566167817 ], [ 33.240609756057665, 46.743059547307631 ], [ 33.245850136810496, 46.743948326946779 ], [ 33.244557321340473, 46.747550765103078 ], [ 33.240629776897805, 46.747559090671082 ], [ 33.239336528009154, 46.751161468377887 ], [ 33.24065380825752, 46.752958538006894 ], [ 33.251119942216647, 46.751136218942079 ], [ 33.248468324119862, 46.743942672440561 ], [ 33.249769105153753, 46.742140005895628 ], [ 33.253700474736625, 46.743031275660563 ], [ 33.253692032126899, 46.741231459085633 ], [ 33.252370407658454, 46.738534627250111 ], [ 33.249756638166765, 46.739440279582048 ], [ 33.241898703881184, 46.738557241033 ], [ 33.241890655264051, 46.73675742143871 ], [ 33.244508495286354, 46.736751858170948 ], [ 33.245784705776018, 46.729549772098245 ], [ 33.243167214473068, 46.729555363908979 ], [ 33.241850423779013, 46.727758314920656 ], [ 33.239236997123726, 46.728663728050051 ], [ 33.23794806014174, 46.733166012132301 ], [ 33.240581734962319, 46.736760180616429 ], [ 33.235346051842562, 46.736771067619514 ], [ 33.23274756993203, 46.741275972183665 ], [ 33.230129508719848, 46.741281266804677 ], [ 33.228828092765795, 46.743083711508582 ] ] ], [ [ [ 33.345369361080721, 46.748190848626301 ], [ 33.351909424987383, 46.747271007487363 ], [ 33.351897712495273, 46.745471208579893 ], [ 33.344031549145299, 46.743695290718762 ], [ 33.340109978924623, 46.744606930302865 ], [ 33.34008168414757, 46.74010742425552 ], [ 33.33484015150259, 46.739222962115171 ], [ 33.334829010246054, 46.737423157446713 ], [ 33.329587822535593, 46.736538453423172 ], [ 33.326980891630932, 46.738345769237149 ], [ 33.321745093648964, 46.738360609401681 ], [ 33.321734388426641, 46.736560802100378 ], [ 33.319121883921767, 46.737468035847691 ], [ 33.317791807933155, 46.733872061288366 ], [ 33.312551239201952, 46.732986574916012 ], [ 33.308609374864062, 46.730297514329969 ], [ 33.303374346545624, 46.730311512160704 ], [ 33.304693239650902, 46.732107847363309 ], [ 33.302080662101048, 46.733014692951571 ], [ 33.307336402008474, 46.736600374944608 ], [ 33.306047858875218, 46.740203502072546 ], [ 33.308665851541917, 46.740196470805458 ], [ 33.310010955230332, 46.74649225889393 ], [ 33.320494801025717, 46.74826321323598 ], [ 33.323107802893766, 46.747355948612615 ], [ 33.325731558442406, 46.748248427873371 ], [ 33.325742401086551, 46.750048230771277 ], [ 33.328355400359563, 46.74914084661981 ], [ 33.344071628854103, 46.7499945916217 ], [ 33.342750990909693, 46.748198720551898 ], [ 33.344048724512334, 46.746394991961999 ], [ 33.345369361080721, 46.748190848626301 ] ], [ [ 33.325699036762451, 46.742849015756008 ], [ 33.326991772098829, 46.740145575040096 ], [ 33.327008094761574, 46.742845282674502 ], [ 33.325699036762451, 46.742849015756008 ] ], [ [ 33.333553380813854, 46.742826392662955 ], [ 33.332266439876776, 46.746429806908509 ], [ 33.32964815145214, 46.746437378833477 ], [ 33.329631694948333, 46.743737673615378 ], [ 33.327013536172132, 46.743745184934006 ], [ 33.333553380813854, 46.742826392662955 ] ], [ [ 33.321766507180506, 46.741960222292626 ], [ 33.323064793338389, 46.7401567283177 ], [ 33.323075544177065, 46.741956534247301 ], [ 33.321766507180506, 46.741960222292626 ] ], [ [ 33.308629908383928, 46.733897136863021 ], [ 33.311242417927708, 46.732990142060459 ], [ 33.311247595218589, 46.733890047258207 ], [ 33.308629908383928, 46.733897136863021 ] ], [ [ 33.306012220562522, 46.733904166591685 ], [ 33.307315952616555, 46.733000753682411 ], [ 33.307321064596046, 46.733900659211862 ], [ 33.306012220562522, 46.733904166591685 ] ] ], [ [ [ 33.22493830033622, 46.752090589863798 ], [ 33.222304913432446, 46.748496070532802 ], [ 33.219686500775943, 46.748501126847337 ], [ 33.217075313060363, 46.7503059422639 ], [ 33.217096994159746, 46.755705395876184 ], [ 33.22364389794889, 46.755692789379943 ], [ 33.22493830033622, 46.752090589863798 ] ] ], [ [ [ 33.291775125308604, 46.763638604704362 ], [ 33.30094709144997, 46.764514768064039 ], [ 33.302236546267345, 46.760911711569655 ], [ 33.306159943084452, 46.760001368095217 ], [ 33.304830166440183, 46.756405256365696 ], [ 33.294355046700794, 46.756432678186968 ], [ 33.291775125308604, 46.763638604704362 ] ] ], [ [ [ 33.287860807288205, 46.766348259713958 ], [ 33.29044621427704, 46.760042326178556 ], [ 33.283898817290847, 46.76005875528201 ], [ 33.278670175249395, 46.761871435848178 ], [ 33.282626984476046, 46.767261218215943 ], [ 33.287860807288205, 46.766348259713958 ] ] ], [ [ [ 33.317971688028571, 46.764468734030423 ], [ 33.321905795523605, 46.76535765045373 ], [ 33.32319925312558, 46.762654261427429 ], [ 33.320580176429623, 46.762661627839414 ], [ 33.319260005786262, 46.760865488512067 ], [ 33.308778894504222, 46.759994331990853 ], [ 33.307489897815159, 46.763597461684562 ], [ 33.303561207940575, 46.763607949730684 ], [ 33.303576373433899, 46.766307652329751 ], [ 33.307510380651081, 46.767197063553255 ], [ 33.304901235502882, 46.769003871961701 ], [ 33.308835460828185, 46.769893236701456 ], [ 33.3206228887612, 46.769860821448304 ], [ 33.32060153054212, 46.766261225784916 ], [ 33.316672651898585, 46.766272164390955 ], [ 33.316683199637005, 46.768071963191851 ], [ 33.311444516757227, 46.768086339096776 ], [ 33.314048168327474, 46.765379482025729 ], [ 33.317971688028571, 46.764468734030423 ] ], [ [ 33.315342019966899, 46.76267618085587 ], [ 33.317955804428379, 46.761769034244224 ], [ 33.317961098707265, 46.762668934315577 ], [ 33.315342019966899, 46.76267618085587 ] ] ], [ [ [ 33.276074110802114, 46.766377299075259 ], [ 33.272145207957365, 46.766386709113426 ], [ 33.272163338160524, 46.769986320469116 ], [ 33.276092502739139, 46.769976909254169 ], [ 33.278721229239885, 46.771770364008617 ], [ 33.276074110802114, 46.766377299075259 ] ] ], [ [ [ 33.319462186991913, 46.795061592046984 ], [ 33.320740432415484, 46.789658556805172 ], [ 33.316794012145373, 46.786969816159058 ], [ 33.311548304244916, 46.786084304721101 ], [ 33.308938385362353, 46.787891201061392 ], [ 33.308953832581196, 46.79059089079594 ], [ 33.314199936769043, 46.791476519486139 ], [ 33.316841537484237, 46.795068876749149 ], [ 33.319462186991913, 46.795061592046984 ] ] ], [ [ [ 33.217263423849168, 46.797101036617391 ], [ 33.219876862327503, 46.795296227879234 ], [ 33.219865866988421, 46.792596520977057 ], [ 33.206766550840214, 46.793520844517985 ], [ 33.204152758791423, 46.795325355012878 ], [ 33.204159565636921, 46.797125160723731 ], [ 33.213339381516207, 46.798908235468716 ], [ 33.218581096849675, 46.79889834517126 ], [ 33.217263423849168, 46.797101036617391 ] ] ], [ [ [ 33.270975496970735, 46.794286747203977 ], [ 33.268359347169287, 46.795192820566662 ], [ 33.269714645643731, 46.804188721207765 ], [ 33.27100260308363, 46.799686137461535 ], [ 33.27362348761131, 46.799679901852294 ], [ 33.272299425883467, 46.796983332962746 ], [ 33.273596119361294, 46.79428051276431 ], [ 33.277527051299529, 46.79427104860028 ], [ 33.277508548112571, 46.790671454208486 ], [ 33.274888101756893, 46.790677777860928 ], [ 33.274878938843294, 46.7888779794146 ], [ 33.269642712190588, 46.789790345639375 ], [ 33.270975496970735, 46.794286747203977 ] ] ], [ [ [ 33.197604336046517, 46.796236757046707 ], [ 33.19105569105583, 46.797147784598813 ], [ 33.191074804607652, 46.802547202559445 ], [ 33.1936990727989, 46.803442699334411 ], [ 33.196316880703193, 46.802538331373547 ], [ 33.197604336046517, 46.796236757046707 ] ] ], [ [ [ 33.256592000981627, 46.800619259481614 ], [ 33.246104157905933, 46.7997423825569 ], [ 33.246128780805279, 46.805141778236596 ], [ 33.25530707610293, 46.806021580890217 ], [ 33.253988006953918, 46.804224700154947 ], [ 33.256609115488352, 46.80421885372207 ], [ 33.256592000981627, 46.800619259481614 ] ] ], [ [ [ 33.320852749238078, 46.808556330705407 ], [ 33.322131167875838, 46.803153292263154 ], [ 33.316878515860374, 46.801368138110725 ], [ 33.316889083397484, 46.803167925787683 ], [ 33.319515454003195, 46.804060532432295 ], [ 33.318236752274196, 46.809463541495568 ], [ 33.322174147576952, 46.810352433606191 ], [ 33.323517219709366, 46.815748086111533 ], [ 33.328771492392761, 46.817532926981031 ], [ 33.328782462733265, 46.819332707443117 ], [ 33.33402611180292, 46.819317525196269 ], [ 33.330076854677671, 46.816629263848341 ], [ 33.331371117537728, 46.813925804666859 ], [ 33.324811790783905, 46.813044699916318 ], [ 33.326100793819379, 46.809441406304487 ], [ 33.320852749238078, 46.808556330705407 ] ] ], [ [ [ 33.301253237412304, 46.819408473197697 ], [ 33.30779241950146, 46.816691357896367 ], [ 33.307771882419971, 46.813091787396807 ], [ 33.303834521798976, 46.812202400182493 ], [ 33.299912297829628, 46.814012557986494 ], [ 33.298621436373367, 46.817615558042881 ], [ 33.301253237412304, 46.819408473197697 ] ] ], [ [ [ 33.276345750926474, 46.81947131799906 ], [ 33.276318091286335, 46.814071948901741 ], [ 33.269759632170263, 46.813187687415081 ], [ 33.271038756737134, 46.806885316492277 ], [ 33.263175049068337, 46.806903667826674 ], [ 33.263196996397205, 46.811403152959052 ], [ 33.26582731959315, 46.813196887606367 ], [ 33.264525373290148, 46.814999716612689 ], [ 33.265845057873719, 46.816796471250456 ], [ 33.268462296108567, 46.815890456528862 ], [ 33.26332439506028, 46.837500096492612 ], [ 33.269872193212471, 46.835685040598811 ], [ 33.269863183345919, 46.833885255621055 ], [ 33.267240635554863, 46.833891408515392 ], [ 33.269809142350056, 46.823086533786658 ], [ 33.272422072819595, 46.821280534559094 ], [ 33.272408437514763, 46.818580850622382 ], [ 33.276345750926474, 46.81947131799906 ] ] ], [ [ [ 33.240978911036528, 46.825850575201741 ], [ 33.241007065840932, 46.832149843193655 ], [ 33.242314255581817, 46.831247179943567 ], [ 33.248874468832248, 46.832133007868066 ], [ 33.250160649619858, 46.826730780965754 ], [ 33.240978911036528, 46.825850575201741 ] ] ], [ [ [ 33.189852942485096, 46.827746600825492 ], [ 33.179369870833575, 46.829563315783041 ], [ 33.17807355494768, 46.834064855951503 ], [ 33.183318698879454, 46.834056575917309 ], [ 33.182016528373588, 46.8367583619779 ], [ 33.189881464842401, 46.835845682910758 ], [ 33.193821921644421, 46.837638883462773 ], [ 33.19512677849567, 46.835836861546717 ], [ 33.201683417027724, 46.835825496834836 ], [ 33.20167331719788, 46.833125805980522 ], [ 33.204289020194352, 46.831321361050733 ], [ 33.202957477936195, 46.825924306893754 ], [ 33.197713131002423, 46.825933485640988 ], [ 33.197723030019809, 46.828633180554817 ], [ 33.189852942485096, 46.827746600825492 ] ] ], [ [ [ 33.294742904637523, 46.82752456792489 ], [ 33.281655234592925, 46.832057040274336 ], [ 33.281683446193561, 46.837456389873793 ], [ 33.288235427615078, 46.836540176035719 ], [ 33.28821618210516, 46.832940611677337 ], [ 33.285588917308047, 46.832047293309387 ], [ 33.297394916955604, 46.832917132033067 ], [ 33.296063902793229, 46.829320967202456 ], [ 33.29737009933686, 46.828417677048634 ], [ 33.294742904637523, 46.82752456792489 ] ] ], [ [ [ 33.310559217251004, 46.841881201317733 ], [ 33.309283904814762, 46.848183966097594 ], [ 33.311912347648807, 46.849076735233311 ], [ 33.311896720629427, 46.846377073969855 ], [ 33.31450936122642, 46.844570122055167 ], [ 33.318449263120527, 46.845459130766905 ], [ 33.319750133497244, 46.843655700703472 ], [ 33.315794523551276, 46.840067072971976 ], [ 33.310559217251004, 46.841881201317733 ] ] ], [ [ [ 33.323722490017211, 46.849943845930049 ], [ 33.315852537071301, 46.849965831932685 ], [ 33.315868364271132, 46.852665490473029 ], [ 33.317190686017547, 46.854461634793175 ], [ 33.32243775949776, 46.854446975166411 ], [ 33.323760343926345, 46.856243042381962 ], [ 33.323722490017211, 46.849943845930049 ] ] ], [ [ [ 33.238512023347205, 46.860951905119016 ], [ 33.251635575017687, 46.861823707749593 ], [ 33.252934852059617, 46.859121147327976 ], [ 33.246375401101837, 46.859135453036281 ], [ 33.246363053168444, 46.856435781472904 ], [ 33.238492099982324, 46.856452450619201 ], [ 33.237192161469089, 46.859154849576946 ], [ 33.238512023347205, 46.860951905119016 ] ] ], [ [ [ 33.353961502259502, 46.86065313864907 ], [ 33.344778092213289, 46.860681166627387 ], [ 33.344789613998167, 46.862480930499224 ], [ 33.352667265041347, 46.863356831095111 ], [ 33.355285289349808, 46.862448836377403 ], [ 33.353961502259502, 46.86065313864907 ] ] ], [ [ [ 33.197868379911256, 46.868228558800126 ], [ 33.195266991716586, 46.874532304990723 ], [ 33.196585834498499, 46.876329840598657 ], [ 33.19397742057334, 46.880833769682773 ], [ 33.199213792721892, 46.877225193762911 ], [ 33.200509368488838, 46.872723449409371 ], [ 33.203137215421229, 46.87361871324331 ], [ 33.201814847594733, 46.870921361377547 ], [ 33.204439210951129, 46.870916704660132 ], [ 33.201804728789604, 46.868221687174902 ], [ 33.197868379911256, 46.868228558800126 ] ] ], [ [ [ 33.364031810791836, 46.864221154012419 ], [ 33.36189950422844, 46.870527204431369 ], [ 33.364080484623756, 46.871420186614785 ], [ 33.364031810791836, 46.864221154012419 ] ] ], [ [ [ 33.364098742143973, 46.8741198214856 ], [ 33.361960006376698, 46.879525985922555 ], [ 33.364140310658144, 46.880264860570392 ], [ 33.364098742143973, 46.8741198214856 ] ] ], [ [ [ 33.364158401756562, 46.882938619778223 ], [ 33.363290601909327, 46.882221460122246 ], [ 33.360669777505116, 46.882834726907127 ], [ 33.364158401756562, 46.882938619778223 ] ] ] ] } }
]
}
