{
"type": "FeatureCollection",
"name": "water",
"crs": { "type": "name", "properties": { "name": "urn:ogc:def:crs:OGC:1.3:CRS84" } },
"features": [
{ "type": "Feature", "properties": { "layer": "pre-breach water below the dam (ESA WorldCover 2021)" }, "geometry": { "type": "MultiPolygon", "coordinates": [ [ [ [ 35.129801909745844, 47.716067053745192 ], [ 35.13123696185118, 47.718559899710691 ], [ 35.135019136923994, 47.719749314794839 ], [ 35.14190249943816, 47.7250199177196 ], [ 35.141472712214345, 47.727547440743272 ], [ 35.138910582364829, 47.730114740930972 ], [ 35.139013718978866, 47.732632314048686 ], [ 35.141508566886117, 47.734925297447603 ], [ 35.142159755659968, 47.737792561560553 ], [ 35.146558086998908, 47.740949692547353 ], [ 35.149505410325411, 47.741254431476555 ], [ 35.145298548826069, 47.749251585311455 ], [ 35.145357250113172, 47.757168881431092 ], [ 35.147801750574061, 47.758202921985742 ], [ 35.150720400888098, 47.757788315189543 ], [ 35.15081679201306, 47.760126032303681 ], [ 35.146905055672114, 47.768837537209983 ], [ 35.142681626250834, 47.769996272324356 ], [ 35.141977437746888, 47.77234894056766 ], [ 35.139872929071487, 47.773108064447513 ], [ 35.136346121864172, 47.771734088422193 ], [ 35.13315981379106, 47.772153302395829 ], [ 35.131928988725335, 47.774695660026154 ], [ 35.126674321213819, 47.776772773173043 ], [ 35.121328085485771, 47.783170435905717 ], [ 35.113736361258496, 47.78690979594348 ], [ 35.110197314625758, 47.791833917920968 ], [ 35.105156047791098, 47.792646372315474 ], [ 35.104219326700516, 47.795902869675878 ], [ 35.100065219187833, 47.7988583662639 ], [ 35.0972886497754, 47.802868308291657 ], [ 35.092036967355924, 47.805123718286893 ], [ 35.082715132196959, 47.81249174987974 ], [ 35.07744031141322, 47.814207019605753 ], [ 35.073304712541415, 47.817701076572 ], [ 35.066426999967419, 47.819444785560925 ], [ 35.059381412956682, 47.823710542095853 ], [ 35.055258050964433, 47.827563638162992 ], [ 35.048680868903297, 47.830200692792168 ], [ 35.041646478211867, 47.834825063733284 ], [ 35.041991214591356, 47.836798491049592 ], [ 35.042813702669839, 47.837323733073127 ], [ 35.044971736343726, 47.837825177857361 ], [ 35.046027703701867, 47.844284915670073 ], [ 35.045304084918349, 47.846277373042035 ], [ 35.048218445961375, 47.859182494083058 ], [ 35.052340268355337, 47.861988211407784 ], [ 35.071788428422117, 47.866857610124114 ], [ 35.07914086808055, 47.870143882429396 ], [ 35.079880963720939, 47.867799455925265 ], [ 35.053736409503067, 47.860430521149475 ], [ 35.050953486805568, 47.858465280132236 ], [ 35.047306499484733, 47.835457294498752 ], [ 35.045521922998525, 47.83532616406977 ], [ 35.04404093332225, 47.837336522896159 ], [ 35.043662171629322, 47.835904037841765 ], [ 35.050028325786727, 47.831793842609159 ], [ 35.05693668943691, 47.82897585435925 ], [ 35.067968484600975, 47.821126553692871 ], [ 35.074425500435289, 47.819388829635315 ], [ 35.079721850830232, 47.815592062363677 ], [ 35.083825524496355, 47.814162055490101 ], [ 35.101476664617721, 47.801509544830004 ], [ 35.102574198453226, 47.801820297863436 ], [ 35.102554708891695, 47.800004211368666 ], [ 35.107080384329961, 47.796245740596603 ], [ 35.110197868621555, 47.796255393954013 ], [ 35.115402442545822, 47.789269617922237 ], [ 35.122824106575472, 47.784794820624462 ], [ 35.129629763318782, 47.777876371519341 ], [ 35.134157226506723, 47.775356897099122 ], [ 35.141754067878232, 47.774631711053807 ], [ 35.150507449809432, 47.768835124176235 ], [ 35.149796555643327, 47.768154509729627 ], [ 35.15125037173727, 47.763701422450154 ], [ 35.153492755076499, 47.759907835966445 ], [ 35.152553906589183, 47.750538198376923 ], [ 35.150815762875261, 47.747028574463215 ], [ 35.152301758742965, 47.740705119310398 ], [ 35.146167657310187, 47.738212188646308 ], [ 35.141532718004264, 47.732275416768154 ], [ 35.144759348065136, 47.725073166108778 ], [ 35.142924835415322, 47.722806969104951 ], [ 35.136390940371903, 47.717814891693074 ], [ 35.134030555135972, 47.717906070141346 ], [ 35.129801909745844, 47.716067053745192 ] ] ], [ [ [ 34.606227382433019, 47.608338025253161 ], [ 34.607236259894648, 47.606524266465456 ], [ 34.612777806814485, 47.605006771408618 ], [ 34.621305893940509, 47.60542641442423 ], [ 34.626021096810355, 47.603020143177297 ], [ 34.643796979362314, 47.592868765986523 ], [ 34.645987121426671, 47.58635867337518 ], [ 34.650784329526935, 47.586649644170194 ], [ 34.658449482855971, 47.585099339046543 ], [ 34.664044259405813, 47.585378217568795 ], [ 34.66700316911605, 47.586415024432029 ], [ 34.667955153081785, 47.591260196114462 ], [ 34.671798161398399, 47.594983467634115 ], [ 34.676642255440406, 47.596712381356568 ], [ 34.681429018444376, 47.596642297733354 ], [ 34.690088826581764, 47.59291573022864 ], [ 34.703036658687132, 47.5902046849681 ], [ 34.708532608503972, 47.587423476176312 ], [ 34.712272532352578, 47.587907585897355 ], [ 34.714381962382092, 47.587336177673251 ], [ 34.715062048646359, 47.583726728832133 ], [ 34.72683637941936, 47.577791170955159 ], [ 34.749069942093151, 47.574574763205391 ], [ 34.77476978781683, 47.579578815558719 ], [ 34.790453729709604, 47.579334996805009 ], [ 34.808598040893528, 47.581029865705759 ], [ 34.821098397742695, 47.581011987643386 ], [ 34.83771345691639, 47.57696764046598 ], [ 34.848915377883976, 47.577867354807125 ], [ 34.853408770001138, 47.577074951539259 ], [ 34.860224143163478, 47.57426510420666 ], [ 34.871054091952239, 47.564730672816538 ], [ 34.881366441003728, 47.563122199625397 ], [ 34.889435906263046, 47.558310386417716 ], [ 34.898722599653013, 47.557797040538695 ], [ 34.901612774516607, 47.55684931003892 ], [ 34.954632498835167, 47.5599169536452 ], [ 34.959495676314994, 47.561993544738932 ], [ 34.962001306683653, 47.56501013081234 ], [ 34.977010667452014, 47.568171675647619 ], [ 34.987272186794314, 47.572313481679316 ], [ 35.001978143379034, 47.574397219383634 ], [ 35.020613763810609, 47.581808895125732 ], [ 35.029536735355727, 47.592449308806138 ], [ 35.02836735656058, 47.596609232719814 ], [ 35.02951287669184, 47.605587284664679 ], [ 35.034536708011188, 47.61161711051016 ], [ 35.038350936020755, 47.613888933258181 ], [ 35.033171119733808, 47.617580212556696 ], [ 35.033268774448963, 47.620098004759647 ], [ 35.037286674983022, 47.620746556661203 ], [ 35.040954640294714, 47.619241604424246 ], [ 35.044482659402924, 47.620978418394159 ], [ 35.047408647108355, 47.620926214005848 ], [ 35.06347060230074, 47.629996549036377 ], [ 35.076979332414261, 47.634971691418855 ], [ 35.080652438741161, 47.640304084969763 ], [ 35.085887199352776, 47.64470813584785 ], [ 35.097287130104469, 47.650079159128175 ], [ 35.104409070262747, 47.654987734081722 ], [ 35.106826234635392, 47.655483251261622 ], [ 35.105344963472866, 47.658389904822492 ], [ 35.106266512154882, 47.661432398864534 ], [ 35.102914359682288, 47.66419339663252 ], [ 35.101439860619926, 47.667279835628754 ], [ 35.100922771186461, 47.674307954080156 ], [ 35.101873277547554, 47.67806980602959 ], [ 35.104896420285705, 47.680353909102287 ], [ 35.109401596294234, 47.67973124396903 ], [ 35.110302029879378, 47.682234190854075 ], [ 35.10876948752864, 47.683882063744001 ], [ 35.109914523431456, 47.685840619928015 ], [ 35.118647939575844, 47.690898611578589 ], [ 35.121227409000014, 47.695350056566319 ], [ 35.126774160282459, 47.700646284002353 ], [ 35.127712420145883, 47.70404821178937 ], [ 35.124811178725366, 47.704821851825656 ], [ 35.123544882488716, 47.706464983590905 ], [ 35.123928245922691, 47.709337317366987 ], [ 35.125851819236097, 47.710741398495301 ], [ 35.127636195984465, 47.707041627113732 ], [ 35.126150145017839, 47.706893627228204 ], [ 35.13016276879808, 47.704288965108269 ], [ 35.129289848670631, 47.699867513470821 ], [ 35.123304390176088, 47.694248573560706 ], [ 35.117620784499834, 47.686853342210824 ], [ 35.114386062914001, 47.685166819455276 ], [ 35.109645253930402, 47.676046474995502 ], [ 35.106800760911831, 47.678366232709372 ], [ 35.103920050523278, 47.676637998367354 ], [ 35.104156056123493, 47.667125024359741 ], [ 35.108780269195726, 47.662638045088812 ], [ 35.109499101614496, 47.654837170663242 ], [ 35.087322630606508, 47.642828279843023 ], [ 35.082258661618503, 47.638599358739825 ], [ 35.079123047010206, 47.633762886048224 ], [ 35.06546531605742, 47.628716173686314 ], [ 35.047132437756296, 47.618396412746648 ], [ 35.045225324904884, 47.619286811596979 ], [ 35.046660335469348, 47.617631615304319 ], [ 35.04456552065944, 47.618035665508778 ], [ 35.044093363084578, 47.616558462586177 ], [ 35.042140762082575, 47.616601890843633 ], [ 35.043007152264437, 47.61474495452952 ], [ 35.035593434528195, 47.609403578381375 ], [ 35.035279692839204, 47.607535608477825 ], [ 35.03220583703942, 47.604982144275148 ], [ 35.031124847234253, 47.601444711446831 ], [ 35.031951076095417, 47.591471262362312 ], [ 35.02861443450616, 47.587692282467138 ], [ 35.028719025304788, 47.586313775848041 ], [ 35.025513851087169, 47.584620533735297 ], [ 35.02237288169546, 47.580660106554433 ], [ 35.003055635554468, 47.572685991678547 ], [ 34.987815298661701, 47.570660969764504 ], [ 34.984913226376115, 47.568592586811107 ], [ 34.978703867084761, 47.566706781662894 ], [ 34.971799800655035, 47.565600958672285 ], [ 34.96588830120011, 47.563371269804506 ], [ 34.963804039301401, 47.563753244130282 ], [ 34.961248025519254, 47.560841039589135 ], [ 34.955073610026005, 47.558010242268701 ], [ 34.899801849719601, 47.555157141976593 ], [ 34.898221559865924, 47.556115002375719 ], [ 34.889059054915492, 47.556565703841819 ], [ 34.882026353857093, 47.560898956222665 ], [ 34.869971092207635, 47.563020217488628 ], [ 34.863489589582137, 47.567555600283669 ], [ 34.858573102956541, 47.572595522209383 ], [ 34.85191324724871, 47.575407529889581 ], [ 34.848804513447888, 47.576040784050868 ], [ 34.83530214088713, 47.575552231130622 ], [ 34.820204122854534, 47.579230675413903 ], [ 34.808608898552151, 47.579218077418204 ], [ 34.790458423115822, 47.577620398642317 ], [ 34.775159091581862, 47.577830281460322 ], [ 34.748079485358303, 47.572770964497273 ], [ 34.74629312641224, 47.573612522959479 ], [ 34.725827951714948, 47.576216277889046 ], [ 34.712703777903705, 47.582695508302578 ], [ 34.712212967070293, 47.586118374267635 ], [ 34.70792483573306, 47.585401997150157 ], [ 34.701288327783828, 47.588714441264543 ], [ 34.688121391042074, 47.59165580991818 ], [ 34.680892737926804, 47.594942486755166 ], [ 34.676016593509203, 47.59441250704316 ], [ 34.672261553973989, 47.592259984009196 ], [ 34.669327050093109, 47.588775904289193 ], [ 34.669849261993967, 47.58553246664686 ], [ 34.668842190946172, 47.58457037421725 ], [ 34.660416833780879, 47.583292560229985 ], [ 34.650559708755971, 47.584835786539173 ], [ 34.644397334311108, 47.583891417305715 ], [ 34.641453652584993, 47.59178601936798 ], [ 34.620280285894317, 47.603679974356247 ], [ 34.619175168725519, 47.603777735281255 ], [ 34.617396946957868, 47.601876866784444 ], [ 34.616490287599497, 47.603379830866501 ], [ 34.607073156005221, 47.604436017512512 ], [ 34.604656440421714, 47.605678395541929 ], [ 34.602529343938059, 47.609906300932877 ], [ 34.604479418039304, 47.613061669626006 ], [ 34.604519565438949, 47.611694744201692 ], [ 34.606879899548979, 47.611313111029787 ], [ 34.60853489437293, 47.609475890196542 ], [ 34.610916680968167, 47.609173056064684 ], [ 34.611549702473766, 47.609794211247994 ], [ 34.598189646274712, 47.619292227940718 ], [ 34.593106779478134, 47.618829356293467 ], [ 34.578260736758118, 47.620552411097592 ], [ 34.54809127502616, 47.616823399527718 ], [ 34.549111877958168, 47.613693580776278 ], [ 34.54392185921828, 47.610606133777125 ], [ 34.541256956370134, 47.610748964318482 ], [ 34.539207831083488, 47.612119628161487 ], [ 34.532920719962164, 47.61273435937018 ], [ 34.52452673123711, 47.617570055286805 ], [ 34.504537619259366, 47.615103907748903 ], [ 34.500798619971491, 47.615140117601662 ], [ 34.495825847140658, 47.617138854999745 ], [ 34.490388936897411, 47.617612566974266 ], [ 34.484391455506454, 47.615023498033551 ], [ 34.485171994575943, 47.613728919451688 ], [ 34.479094059156793, 47.6108239729801 ], [ 34.474097264726879, 47.612868238289337 ], [ 34.461446604471675, 47.613349204587486 ], [ 34.454364202359301, 47.610126865459193 ], [ 34.442495427578585, 47.60785213645098 ], [ 34.441026864281753, 47.610437023494519 ], [ 34.437318746050273, 47.612016461449365 ], [ 34.438220022805005, 47.612759739997337 ], [ 34.437654040431141, 47.615267573824383 ], [ 34.435838230908033, 47.616569392119892 ], [ 34.436689844495277, 47.61867929697587 ], [ 34.434027655337843, 47.620756697456912 ], [ 34.435414442630396, 47.621496085528619 ], [ 34.435823353219774, 47.622115431198608 ], [ 34.437602794439051, 47.621373298715461 ], [ 34.439396257009079, 47.618831354042733 ], [ 34.438548678486363, 47.617042378802786 ], [ 34.440110482321479, 47.6157630529488 ], [ 34.440061079244515, 47.613964063338834 ], [ 34.444740925406435, 47.609946065065195 ], [ 34.453308637673288, 47.611817394119193 ], [ 34.457369171004217, 47.614285326518484 ], [ 34.460852858009815, 47.615140813603439 ], [ 34.474953581435038, 47.614960346621885 ], [ 34.478100543192902, 47.61330018216448 ], [ 34.481323524116249, 47.61433836878988 ], [ 34.482438563854181, 47.616123574913154 ], [ 34.486500782082182, 47.61859045565722 ], [ 34.489719140040542, 47.619448505124566 ], [ 34.495828497068253, 47.619009068253163 ], [ 34.500832288911901, 47.617144087034617 ], [ 34.505344939261008, 47.616725024830707 ], [ 34.509372012290541, 47.617931828949203 ], [ 34.517625085535435, 47.618002882713945 ], [ 34.525659217166513, 47.619695908497995 ], [ 34.528032855314471, 47.618944463731395 ], [ 34.534015471674778, 47.6141856002616 ], [ 34.540650574062944, 47.613556777446476 ], [ 34.543273863330114, 47.612261775969223 ], [ 34.546003082498444, 47.614564522694018 ], [ 34.545555837463212, 47.6174499383092 ], [ 34.547450068989768, 47.618504166761298 ], [ 34.57630854737986, 47.622250293650751 ], [ 34.587472736228911, 47.621736388673 ], [ 34.593293471724209, 47.620575903545536 ], [ 34.598631193331023, 47.621041513835266 ], [ 34.601796495212483, 47.620097540336545 ], [ 34.614018861805668, 47.610748112338449 ], [ 34.613963503993418, 47.608949266907878 ], [ 34.612317721760007, 47.607352753545683 ], [ 34.609912728315216, 47.607026614033245 ], [ 34.606227382433019, 47.608338025253161 ] ], [ [ 34.605961382319926, 47.608341750373249 ], [ 34.605700889225496, 47.608525360197127 ], [ 34.605695382153272, 47.608345474876771 ], [ 34.605961382319926, 47.608341750373249 ] ] ], [ [ [ 34.445885852496488, 47.59355514801684 ], [ 34.443171981473974, 47.591609752014371 ], [ 34.439187877094156, 47.591839779110153 ], [ 34.437745037982232, 47.597436684793323 ], [ 34.431691627793526, 47.599851909393983 ], [ 34.431223467060207, 47.602197249954344 ], [ 34.433237760092418, 47.607750894147337 ], [ 34.429606659604083, 47.611215472563906 ], [ 34.430468556910938, 47.613544219120833 ], [ 34.429260893873412, 47.618058296826597 ], [ 34.433098977911271, 47.622149503397814 ], [ 34.435581343427025, 47.622118460496374 ], [ 34.433467098698912, 47.620776481773831 ], [ 34.434231451654533, 47.619196408605227 ], [ 34.431986519273757, 47.617873042673757 ], [ 34.431940957338114, 47.615200742488412 ], [ 34.43405445024321, 47.612023759649929 ], [ 34.436500715009053, 47.611833881641573 ], [ 34.434318756786453, 47.609952432073534 ], [ 34.436377235304171, 47.608126879573085 ], [ 34.434242159837012, 47.601034241646822 ], [ 34.438641087138834, 47.598954221047933 ], [ 34.442594553310258, 47.598272356493268 ], [ 34.440491858487412, 47.596425656280495 ], [ 34.441433218667768, 47.593086608908749 ], [ 34.440515899056017, 47.591912727103669 ], [ 34.450411908354489, 47.600459901643674 ], [ 34.460210131233332, 47.602820118895039 ], [ 34.45547442151198, 47.597067557594485 ], [ 34.448718108253708, 47.59318971621699 ], [ 34.446459710626108, 47.588864587623441 ], [ 34.445885728722608, 47.583724915881895 ], [ 34.447370334743077, 47.582769666720381 ], [ 34.446605933098169, 47.58299769528967 ], [ 34.44626926106114, 47.582217937175102 ], [ 34.449443666869662, 47.58001417676369 ], [ 34.465173486507673, 47.575049159394339 ], [ 34.46558645651934, 47.573842273716643 ], [ 34.452996356957811, 47.56698098034714 ], [ 34.443959918431034, 47.568944592961245 ], [ 34.436602636506862, 47.56949832928877 ], [ 34.426782999211405, 47.568228823922098 ], [ 34.421654010888801, 47.566253819743139 ], [ 34.410781052995524, 47.560111640459652 ], [ 34.408200247676085, 47.553558174221436 ], [ 34.409740338179247, 47.548106628124501 ], [ 34.407607886208019, 47.546741172177526 ], [ 34.406879693366605, 47.547449983799353 ], [ 34.404345043763946, 47.547531532577793 ], [ 34.404083458477906, 47.546903336563901 ], [ 34.402211255259374, 47.548182385224585 ], [ 34.40146575273657, 47.547737003074005 ], [ 34.400840685861077, 47.548882994681925 ], [ 34.399295652589508, 47.54949672512064 ], [ 34.398660150541701, 47.548944524369404 ], [ 34.398748655705852, 47.549768213624546 ], [ 34.396567882642231, 47.550642597402963 ], [ 34.388281275425577, 47.552264711589117 ], [ 34.384823950075699, 47.551625177344768 ], [ 34.377591364084481, 47.554478583783194 ], [ 34.371976825896787, 47.555557012291509 ], [ 34.373103951362339, 47.556201013947863 ], [ 34.367106553151032, 47.558627384355184 ], [ 34.360293672417939, 47.5594401271794 ], [ 34.358670658464881, 47.55873906959792 ], [ 34.358740741844919, 47.559778600042236 ], [ 34.355071504748587, 47.560705269629381 ], [ 34.35433115838498, 47.55996141427508 ], [ 34.355647136492806, 47.559443860947766 ], [ 34.354317768319461, 47.559818412611108 ], [ 34.341220635095965, 47.570610420657779 ], [ 34.331720237711728, 47.574453897449452 ], [ 34.325969553875744, 47.574442967697912 ], [ 34.320900037287906, 47.571200256828298 ], [ 34.316773664213599, 47.573298460113456 ], [ 34.309554374885288, 47.574466470199646 ], [ 34.303004447943316, 47.577195233643032 ], [ 34.294065935536651, 47.583682358057864 ], [ 34.281289314874705, 47.589300576065533 ], [ 34.265910806949826, 47.59005757071246 ], [ 34.263052850897253, 47.589002118137962 ], [ 34.2600167610562, 47.589702087316219 ], [ 34.250199839077823, 47.587138813300186 ], [ 34.242729831909884, 47.579605323743309 ], [ 34.241359148965742, 47.575098112897606 ], [ 34.242686905254011, 47.564337810016156 ], [ 34.244406245297817, 47.562973056467335 ], [ 34.247681160001271, 47.562225636837489 ], [ 34.244848855375686, 47.556567477480407 ], [ 34.246125471148773, 47.554813475086306 ], [ 34.245900185081318, 47.552262898416089 ], [ 34.2351632626577, 47.549098436201433 ], [ 34.225003142479508, 47.542537230237663 ], [ 34.223428743609674, 47.536440464374536 ], [ 34.225424200740697, 47.528769330675857 ], [ 34.222446965146027, 47.526711927495391 ], [ 34.216811647523159, 47.528537473941853 ], [ 34.202206961779574, 47.538417920807746 ], [ 34.188664596144001, 47.542116216419288 ], [ 34.176719325429062, 47.541550429810243 ], [ 34.16897043921265, 47.537513421645087 ], [ 34.166565799434558, 47.533997703896709 ], [ 34.167040580932529, 47.533095763942065 ], [ 34.164760682083454, 47.532288240899916 ], [ 34.158151737959422, 47.532850523800349 ], [ 34.148782856294027, 47.539176560356452 ], [ 34.145175255486883, 47.553913761914842 ], [ 34.138861318295127, 47.563427367464939 ], [ 34.137831241258588, 47.568225172446603 ], [ 34.135232326719709, 47.569808664998547 ], [ 34.133617611292401, 47.569410458011198 ], [ 34.130885725608316, 47.570433869306747 ], [ 34.124905858365736, 47.570890840570364 ], [ 34.121349256035721, 47.574562396803579 ], [ 34.112770052969239, 47.577215067599646 ], [ 34.104854929954733, 47.577916231064428 ], [ 34.098641540992077, 47.575659023148567 ], [ 34.0951318393885, 47.576224371407164 ], [ 34.089133123652246, 47.582467614495499 ], [ 34.089259152352454, 47.583600074210025 ], [ 34.088822046255167, 47.583024754210086 ], [ 34.077511033982169, 47.583450014204026 ], [ 34.058158960658879, 47.5803633803271 ], [ 34.042293664732199, 47.585717674346498 ], [ 34.034308740312625, 47.582272201781699 ], [ 34.031441529281707, 47.578955723691656 ], [ 34.02147171093862, 47.577578818731702 ], [ 34.014939203826295, 47.574046707900443 ], [ 34.012671364431277, 47.570780510118247 ], [ 34.014240446222665, 47.567600792104933 ], [ 34.011453753964894, 47.563662684950849 ], [ 34.00891628325752, 47.562643696939276 ], [ 34.00371274450702, 47.563343329230641 ], [ 34.003908619416265, 47.566970955703738 ], [ 34.002398436310102, 47.569137293646406 ], [ 33.99352312406721, 47.573015268573165 ], [ 33.987903889742498, 47.572830670106349 ], [ 33.986985158918877, 47.57102197785899 ], [ 33.986058553493308, 47.57251587443713 ], [ 33.972821791668778, 47.568833295838814 ], [ 33.971005950264576, 47.567512213460404 ], [ 33.97089876596398, 47.56584903374852 ], [ 33.965215152659219, 47.560992204220369 ], [ 33.964115403900436, 47.558536904214172 ], [ 33.972882257674783, 47.54909387899454 ], [ 33.97462165808718, 47.545729239436803 ], [ 33.974258211918553, 47.538608863443841 ], [ 33.96857044960359, 47.535091483721878 ], [ 33.958742858559177, 47.538548326068764 ], [ 33.959027218984289, 47.539743405343863 ], [ 33.955292320045345, 47.544708101094741 ], [ 33.947960391897098, 47.547599444907064 ], [ 33.944378360577261, 47.552187656050535 ], [ 33.940396581185269, 47.55342781631353 ], [ 33.938950866513487, 47.555957480617288 ], [ 33.936709908801255, 47.557021822151064 ], [ 33.937228477502721, 47.558819882846564 ], [ 33.932138087350104, 47.560871788340684 ], [ 33.929241276793569, 47.563499761332729 ], [ 33.921945721952262, 47.567110409917902 ], [ 33.921968489038527, 47.568945542946622 ], [ 33.921512441383378, 47.569444906136681 ], [ 33.920646193939696, 47.569654857021192 ], [ 33.92163184700609, 47.56882416660499 ], [ 33.920320235764486, 47.567047072083611 ], [ 33.927192054633835, 47.56231250657639 ], [ 33.930056687393972, 47.557841788232651 ], [ 33.931360144682877, 47.55019011385906 ], [ 33.936180186511926, 47.546744944409845 ], [ 33.938421236474305, 47.546364728591847 ], [ 33.937118917032606, 47.544899974299575 ], [ 33.93972603711839, 47.543116560260131 ], [ 33.939133359557268, 47.540103661003165 ], [ 33.934031634721265, 47.534671290458974 ], [ 33.932309640968072, 47.533215385346374 ], [ 33.929622218218043, 47.532998124425824 ], [ 33.925276940816737, 47.528814630805421 ], [ 33.924059319959483, 47.524592763158168 ], [ 33.929740183216474, 47.515436324262645 ], [ 33.930040658574825, 47.513055881725293 ], [ 33.928435352742419, 47.509916240475498 ], [ 33.923340443565735, 47.509637227624502 ], [ 33.925306444997652, 47.507950530057606 ], [ 33.926746764537789, 47.507850807536769 ], [ 33.927830970933599, 47.508975166075381 ], [ 33.927685663465752, 47.506946738396046 ], [ 33.931617743302162, 47.497930283709003 ], [ 33.936451034532524, 47.491801188348312 ], [ 33.937481043195135, 47.48897753827562 ], [ 33.936316945946494, 47.487357134888398 ], [ 33.936338398172829, 47.483806309344814 ], [ 33.938983078769326, 47.472222287311688 ], [ 33.94760637293443, 47.455186075761226 ], [ 33.948853666820106, 47.443258418334722 ], [ 33.946646175156097, 47.443686533690112 ], [ 33.940002279362851, 47.442790364499771 ], [ 33.936472487783995, 47.44363754476506 ], [ 33.934667352424029, 47.44709308261173 ], [ 33.927487094047706, 47.452799265821184 ], [ 33.928514452006127, 47.456787476610813 ], [ 33.926883610671915, 47.454391689402904 ], [ 33.924526003916498, 47.453626356730936 ], [ 33.920749418742325, 47.454982985142856 ], [ 33.917385941237967, 47.45867543009183 ], [ 33.914848574959578, 47.458824108151148 ], [ 33.910154637214667, 47.456495496384484 ], [ 33.907091611138966, 47.458080588117625 ], [ 33.904562320178634, 47.457516592192988 ], [ 33.910299546839667, 47.455236855822761 ], [ 33.914344359538809, 47.457061435947594 ], [ 33.916667127151001, 47.456821983995304 ], [ 33.918697532298204, 47.453455903610447 ], [ 33.925861665866528, 47.450399729622937 ], [ 33.927532703721162, 47.447871328582622 ], [ 33.922664449784151, 47.444083784109004 ], [ 33.925199199715173, 47.445128558917631 ], [ 33.930943265367553, 47.445106805344011 ], [ 33.932492088467882, 47.441502421007343 ], [ 33.937269159524334, 47.438913564687695 ], [ 33.941524471574645, 47.438073629995294 ], [ 33.945224655566435, 47.433695802189504 ], [ 33.951382923154156, 47.429081611447707 ], [ 33.953437482594921, 47.425111276139823 ], [ 33.950175888558853, 47.422320300256139 ], [ 33.955068301492268, 47.420570796487617 ], [ 33.958482642147082, 47.413463587961779 ], [ 33.962583774613485, 47.408512686606812 ], [ 33.964437197359828, 47.403428856042368 ], [ 33.966108284627076, 47.402127317056966 ], [ 33.972558968377918, 47.387371072362981 ], [ 33.97536726318684, 47.369264730392011 ], [ 33.973237650770507, 47.357799028217393 ], [ 33.971469958958394, 47.357468309828896 ], [ 33.967304445768811, 47.358958206278466 ], [ 33.962852042086524, 47.358427633320659 ], [ 33.959646738055248, 47.359816677848606 ], [ 33.954059770336109, 47.359744902056981 ], [ 33.950095448635658, 47.360735070963678 ], [ 33.949542878156969, 47.36183069319798 ], [ 33.948185721752225, 47.361129443634027 ], [ 33.950192009170365, 47.358678429720982 ], [ 33.951640409402259, 47.358947339875868 ], [ 33.953630609960491, 47.357740773175465 ], [ 33.955363274307238, 47.358066119692545 ], [ 33.966750731568766, 47.355237040312659 ], [ 33.970767272040689, 47.351920687579522 ], [ 33.968058151139665, 47.326659459959728 ], [ 33.962667061375583, 47.32615588197384 ], [ 33.966078817983423, 47.321616027605877 ], [ 33.966379255395886, 47.313193364809912 ], [ 33.962455063248747, 47.303859887740508 ], [ 33.95761095653485, 47.298615985944863 ], [ 33.952646350427734, 47.296771481850776 ], [ 33.934586853514702, 47.286503645014925 ], [ 33.921867938952815, 47.276972613752314 ], [ 33.916205848535121, 47.267727422864226 ], [ 33.910216390058324, 47.242216501537527 ], [ 33.906710757557256, 47.238609094664369 ], [ 33.904256560991101, 47.237935337394447 ], [ 33.90176215164572, 47.240260764987923 ], [ 33.900133975955931, 47.243267177911306 ], [ 33.900548344725664, 47.245340317380077 ], [ 33.899687376397679, 47.244954208167393 ], [ 33.897111071124108, 47.246084098893377 ], [ 33.892001444180444, 47.245390256873435 ], [ 33.887994305285702, 47.246011231441322 ], [ 33.887912514434205, 47.248723730187216 ], [ 33.885947745372626, 47.249487070263648 ], [ 33.884317002979408, 47.252989086654786 ], [ 33.88009787518979, 47.254726776597508 ], [ 33.867663560844797, 47.25644582706137 ], [ 33.879961161774702, 47.252673211548853 ], [ 33.885966484696063, 47.243700557243237 ], [ 33.888621934358348, 47.242531519649283 ], [ 33.893889856529746, 47.242584306736653 ], [ 33.895783356517391, 47.241604703269111 ], [ 33.899761070546027, 47.233300428777113 ], [ 33.893962162795042, 47.227739765584374 ], [ 33.881546325770657, 47.218972362588893 ], [ 33.866238927933253, 47.210505988030462 ], [ 33.857443885583955, 47.208554592912606 ], [ 33.855185460826355, 47.211284073405992 ], [ 33.855988811527475, 47.212074801787921 ], [ 33.854412737362573, 47.215350323222431 ], [ 33.851414246790959, 47.217757337187017 ], [ 33.849509993013271, 47.217367440022898 ], [ 33.852570422594631, 47.215104710789497 ], [ 33.854064283857788, 47.211209380593807 ], [ 33.852422794307479, 47.207342888169059 ], [ 33.841355961512406, 47.203731345030135 ], [ 33.823213551110733, 47.195311670220342 ], [ 33.813313524258355, 47.193175581634307 ], [ 33.807018431867313, 47.19394466012178 ], [ 33.805513656011087, 47.191697430000787 ], [ 33.795629762210481, 47.187703842617118 ], [ 33.783832024954016, 47.181241434522555 ], [ 33.778527975098065, 47.183412595568768 ], [ 33.771996761673122, 47.183609138900671 ], [ 33.771646743853857, 47.184548334447221 ], [ 33.767201064378412, 47.185906375935751 ], [ 33.76134041993113, 47.186489704602252 ], [ 33.759452123271636, 47.188037296752285 ], [ 33.758271934639296, 47.191801277835559 ], [ 33.754769020569462, 47.193128204514686 ], [ 33.750989679526192, 47.193467179187117 ], [ 33.748430918399542, 47.19479410743547 ], [ 33.745445559290864, 47.193694965862072 ], [ 33.743117413240299, 47.194019459759602 ], [ 33.743782596181944, 47.192495743789223 ], [ 33.747755009334988, 47.192774574870782 ], [ 33.752979961291061, 47.191054030404125 ], [ 33.759752453351304, 47.184542886311753 ], [ 33.774673543231188, 47.179285268694542 ], [ 33.776678858326612, 47.17991283702068 ], [ 33.780351856676639, 47.176401030306472 ], [ 33.782857099836903, 47.153405289874136 ], [ 33.786204467398804, 47.138345980980731 ], [ 33.786000555015626, 47.131766425016536 ], [ 33.783672413680499, 47.12603819669674 ], [ 33.776956251277554, 47.11586501220652 ], [ 33.758867398336662, 47.096548114621697 ], [ 33.725168136379608, 47.080442568790623 ], [ 33.688282424834981, 47.06585409636169 ], [ 33.667369931979401, 47.055616031266794 ], [ 33.657723987600228, 47.049079640906392 ], [ 33.655344779179671, 47.049128915457203 ], [ 33.652230735757286, 47.052078477608738 ], [ 33.645358952140818, 47.054161826823609 ], [ 33.644473735773609, 47.055592658492323 ], [ 33.64663300281515, 47.059479269635887 ], [ 33.651522676394492, 47.062360839682576 ], [ 33.653732833855805, 47.062600118870535 ], [ 33.65066438263851, 47.063837097476402 ], [ 33.64868484350076, 47.069562770881333 ], [ 33.654239800655368, 47.070852631330169 ], [ 33.655157150476114, 47.075978440225313 ], [ 33.653185760249137, 47.078627034525773 ], [ 33.649907939137393, 47.080228909194297 ], [ 33.657597937861532, 47.08640399821568 ], [ 33.666559200128525, 47.088624720030616 ], [ 33.664842494731303, 47.089665585214007 ], [ 33.661851886894233, 47.089143435908902 ], [ 33.650742233743173, 47.085510893198126 ], [ 33.648845757603915, 47.083883624555348 ], [ 33.650315743860077, 47.085605911907564 ], [ 33.647770302494884, 47.086466121479361 ], [ 33.642290509639899, 47.085797606131258 ], [ 33.636590738715441, 47.087486982431351 ], [ 33.641890872315564, 47.084225079309405 ], [ 33.646815452756819, 47.084805864124966 ], [ 33.648550781246982, 47.083828783600701 ], [ 33.647405536522456, 47.079890963436561 ], [ 33.65113379186409, 47.075207610671065 ], [ 33.650755646282406, 47.073954443019986 ], [ 33.645584303863224, 47.071817095344962 ], [ 33.642269037155863, 47.068576318433891 ], [ 33.643717441843286, 47.06820913869668 ], [ 33.644991460310344, 47.065298720629613 ], [ 33.642969131725394, 47.062570886907821 ], [ 33.635888106698189, 47.058541926469921 ], [ 33.631821866971379, 47.058587558316304 ], [ 33.632980572525668, 47.057502214569503 ], [ 33.632752572424472, 47.055437279926949 ], [ 33.634431641049517, 47.05503708646814 ], [ 33.636370836470412, 47.051557681306342 ], [ 33.643363378688605, 47.050230894972977 ], [ 33.650393561949627, 47.046007316196224 ], [ 33.649205340682968, 47.043720820991879 ], [ 33.651536156037977, 47.041381230511263 ], [ 33.658520591781674, 47.021055385469623 ], [ 33.658440070238839, 47.004775157720978 ], [ 33.651018376298495, 46.995954581782058 ], [ 33.647872261337767, 47.000729104369654 ], [ 33.645852482305393, 47.001971100266822 ], [ 33.642545323962324, 47.001994924951191 ], [ 33.641467109487401, 47.003524106690421 ], [ 33.636593465280257, 46.997626584105483 ], [ 33.627966179487579, 46.997580904251244 ], [ 33.627402934765534, 46.998184571931475 ], [ 33.622541340954307, 46.995085641018512 ], [ 33.615996746825743, 47.005453816202795 ], [ 33.606440105795045, 47.007171312342393 ], [ 33.610095987890915, 47.004932521198135 ], [ 33.608035958460967, 47.000712605252254 ], [ 33.601239342849553, 47.00356430613521 ], [ 33.598790437269301, 47.002426642445037 ], [ 33.602043969833559, 46.999135820607563 ], [ 33.60393236379921, 46.999203536137493 ], [ 33.602829931983969, 46.997397976646894 ], [ 33.603682755330077, 46.996497922881431 ], [ 33.604425768331225, 46.99724612325717 ], [ 33.608929243705894, 46.996071676078721 ], [ 33.613851097287856, 47.000301110157785 ], [ 33.616868652116779, 46.996117368629314 ], [ 33.616667455112875, 46.99232491459351 ], [ 33.617721555489084, 46.993146403621921 ], [ 33.621983534357561, 46.992352404158517 ], [ 33.628257254700678, 46.993810516980041 ], [ 33.636859152170885, 46.994194671015201 ], [ 33.643186350652904, 46.997328416269319 ], [ 33.647067477111001, 46.9931427104938 ], [ 33.652198547650777, 46.991067989107336 ], [ 33.653276887053941, 46.98859067610929 ], [ 33.648859335875024, 46.982138979065596 ], [ 33.643527025828917, 46.980095021088715 ], [ 33.643384862025911, 46.978832293610161 ], [ 33.639053046783921, 46.976065292819179 ], [ 33.637462579694152, 46.976010356741575 ], [ 33.635711109943877, 46.973374974948335 ], [ 33.620773754171175, 46.960694132686399 ], [ 33.61266554263343, 46.955269736304039 ], [ 33.610329243929762, 46.957077578051766 ], [ 33.608715950917734, 46.957194332852453 ], [ 33.610420436780075, 46.956093515782591 ], [ 33.610090605314369, 46.953739099852406 ], [ 33.603674764607767, 46.947676909314531 ], [ 33.599688950973821, 46.940983877714963 ], [ 33.59693705307, 46.935541059572586 ], [ 33.595000493562502, 46.918086232913673 ], [ 33.594083151978666, 46.91766120817627 ], [ 33.59023884598917, 46.919810057804575 ], [ 33.595236462091243, 46.914572184827072 ], [ 33.596314744015018, 46.901781958378855 ], [ 33.595593305627347, 46.888101623513286 ], [ 33.594616863841132, 46.885537042555605 ], [ 33.591999075369834, 46.884567291959549 ], [ 33.59009745139867, 46.884851399043086 ], [ 33.588964215354366, 46.883616726004647 ], [ 33.584104029061734, 46.883896299085812 ], [ 33.581787918724196, 46.88525101066741 ], [ 33.583485830688154, 46.883520504792628 ], [ 33.586344997281138, 46.882810994642014 ], [ 33.589257878624643, 46.88243517861104 ], [ 33.590598937797864, 46.883652488823927 ], [ 33.593436796046085, 46.882875239100876 ], [ 33.592951321465101, 46.871654396138652 ], [ 33.591537795566751, 46.866637296998491 ], [ 33.589021952589128, 46.86532606650907 ], [ 33.585828670700316, 46.861105269652384 ], [ 33.579277413348578, 46.860616487398481 ], [ 33.573092194288066, 46.856467758071815 ], [ 33.557859951720673, 46.85622201087088 ], [ 33.540666949681771, 46.858866798941982 ], [ 33.527433041434392, 46.857582018903933 ], [ 33.517806551154536, 46.858619190513487 ], [ 33.511098305693231, 46.86099619026708 ], [ 33.510502927371675, 46.86582492199441 ], [ 33.506578790835668, 46.868014532803493 ], [ 33.510054920449058, 46.869391601260844 ], [ 33.506342842398119, 46.86962999614758 ], [ 33.507069575754059, 46.871001555189117 ], [ 33.506723618897794, 46.871287725169452 ], [ 33.504719942431855, 46.870845817670542 ], [ 33.498937223501528, 46.864159717695699 ], [ 33.494476763900273, 46.866121956010019 ], [ 33.490706838929768, 46.866056917729786 ], [ 33.491868142726005, 46.867448757743198 ], [ 33.491240639201934, 46.868248313199032 ], [ 33.487217193427767, 46.868197296144302 ], [ 33.486175173854974, 46.867435012217477 ], [ 33.489528009627364, 46.867810919635936 ], [ 33.4901208631522, 46.865364615583694 ], [ 33.495072148714748, 46.864277107701326 ], [ 33.497334624325966, 46.862374360509115 ], [ 33.500812144615232, 46.862964022040458 ], [ 33.50095155414958, 46.864678711588688 ], [ 33.506806865038712, 46.86506203219426 ], [ 33.507316345163595, 46.86371226506116 ], [ 33.504502794784258, 46.857907562309322 ], [ 33.486949078242034, 46.854087908954305 ], [ 33.468302285789775, 46.847818076146005 ], [ 33.462872222223488, 46.847644703817792 ], [ 33.462955399875867, 46.846685341473751 ], [ 33.441097989834468, 46.841948357652562 ], [ 33.432775121560738, 46.839476956953916 ], [ 33.419616165828252, 46.83380373492755 ], [ 33.417322926927028, 46.835117519602498 ], [ 33.418039048124648, 46.833106410526938 ], [ 33.39814779898736, 46.821398021388163 ], [ 33.363535180173407, 46.790608361653263 ], [ 33.363490029923149, 46.783901557646381 ], [ 33.368136578299755, 46.781495100411945 ], [ 33.372420088747283, 46.776006714416717 ], [ 33.374555127293199, 46.775146089538943 ], [ 33.376869847243867, 46.776412677549636 ], [ 33.378308899472472, 46.775908028194721 ], [ 33.375488490945777, 46.774121989650624 ], [ 33.385813643703457, 46.763367331211086 ], [ 33.391831216914142, 46.765001470333409 ], [ 33.39733778413347, 46.760301486045861 ], [ 33.398491353378162, 46.760269667781799 ], [ 33.396236730394442, 46.763745679559591 ], [ 33.396063643253754, 46.766806708806932 ], [ 33.401066077080905, 46.768807435574288 ], [ 33.399298497129323, 46.766769910656905 ], [ 33.40002804917988, 46.766266470488624 ], [ 33.402316010419256, 46.767234677727018 ], [ 33.404888161319761, 46.769483401932149 ], [ 33.404408087131898, 46.770420380026934 ], [ 33.407251188514081, 46.7711018822583 ], [ 33.412084662053871, 46.777718742459797 ], [ 33.412181082488232, 46.779470975371765 ], [ 33.417223704668238, 46.781153538323217 ], [ 33.420163342546935, 46.783322731633078 ], [ 33.420820530473797, 46.785045358338472 ], [ 33.429851534281902, 46.789464108494705 ], [ 33.436962077680931, 46.794194561032185 ], [ 33.43873764690602, 46.793994467650222 ], [ 33.437423364535526, 46.794572921169078 ], [ 33.438445235176218, 46.79546901152942 ], [ 33.442954090195116, 46.796480787651838 ], [ 33.452717452742128, 46.802429775180109 ], [ 33.460839077471988, 46.81311428347211 ], [ 33.464047052654749, 46.815014165855153 ], [ 33.463401971587707, 46.816110436780249 ], [ 33.464704268584768, 46.815329616691983 ], [ 33.46576359913702, 46.816488171094136 ], [ 33.473459609675587, 46.817179220635659 ], [ 33.475124556198473, 46.818562317919195 ], [ 33.489184742350673, 46.820375706154344 ], [ 33.504349929999471, 46.820400507951348 ], [ 33.504314945231322, 46.81968739583241 ], [ 33.505074069651734, 46.820270607931903 ], [ 33.508633349559773, 46.819230392339072 ], [ 33.51109523664924, 46.82062247078256 ], [ 33.547946490497829, 46.816987431683664 ], [ 33.568889235391524, 46.817022311752623 ], [ 33.573561626703274, 46.815272969154201 ], [ 33.577410573126095, 46.815315170483785 ], [ 33.578873690812472, 46.813356688269913 ], [ 33.582396830264209, 46.81229933073859 ], [ 33.585986885363802, 46.809571380343698 ], [ 33.576367233751476, 46.818059389641157 ], [ 33.590848429455193, 46.823682956773695 ], [ 33.590644539269597, 46.824303325203786 ], [ 33.596843199531783, 46.824964008815122 ], [ 33.604275592522491, 46.824475777863071 ], [ 33.604034249697115, 46.823822459204365 ], [ 33.606528554986212, 46.823137937876567 ], [ 33.606048476321433, 46.822451511672575 ], [ 33.609473673009902, 46.820216041493659 ], [ 33.612719159237578, 46.815502541927046 ], [ 33.614819341328982, 46.815566692108689 ], [ 33.615830551235611, 46.818668729807264 ], [ 33.617869052132136, 46.820192087020281 ], [ 33.623166366810658, 46.819793865990043 ], [ 33.614288285702777, 46.821572381522074 ], [ 33.611662429131712, 46.824560188601133 ], [ 33.616600322051369, 46.825112694576532 ], [ 33.622207489335828, 46.827050627866292 ], [ 33.630534404915416, 46.837405456422488 ], [ 33.633248852012471, 46.838869735717751 ], [ 33.644884187902477, 46.839829315469146 ], [ 33.647612032059186, 46.839713664771701 ], [ 33.649932124975976, 46.837834920432634 ], [ 33.651895480372445, 46.837884408996082 ], [ 33.646005379438506, 46.842218090559129 ], [ 33.640630168644492, 46.842225443303846 ], [ 33.637556359284453, 46.843916878248521 ], [ 33.640560564309034, 46.85789468472823 ], [ 33.642486297523917, 46.861680219220887 ], [ 33.64559230514844, 46.863118064852522 ], [ 33.651353639258843, 46.861799376833076 ], [ 33.655752476384855, 46.85881907299224 ], [ 33.65538778993146, 46.86138678283379 ], [ 33.657045349015135, 46.862421166746358 ], [ 33.665558679343327, 46.8600406073244 ], [ 33.663750891040131, 46.862780597321752 ], [ 33.666733462762494, 46.864709931411468 ], [ 33.67166071595139, 46.864594375639882 ], [ 33.677582988225005, 46.862736631364335 ], [ 33.676740808071713, 46.864625558119705 ], [ 33.678261576600448, 46.865280234737199 ], [ 33.684381286322939, 46.864940093209462 ], [ 33.696200217971537, 46.866653775639861 ], [ 33.701309920028514, 46.865678227400309 ], [ 33.696605264837515, 46.867090193464477 ], [ 33.687689599049911, 46.867743077205446 ], [ 33.687247061982745, 46.869565785251979 ], [ 33.683161984402609, 46.86806220586449 ], [ 33.681394559610702, 46.865678192507502 ], [ 33.681909413072347, 46.868278541526372 ], [ 33.672124713194165, 46.869760235327945 ], [ 33.671132270625478, 46.871450942470609 ], [ 33.671856529506663, 46.874157284004873 ], [ 33.66749518988793, 46.86897174427363 ], [ 33.665403046965338, 46.869657500634304 ], [ 33.664555504152894, 46.873185534873812 ], [ 33.663863477006664, 46.868230917649711 ], [ 33.662077222501921, 46.866914178819052 ], [ 33.654368500219846, 46.866265041624381 ], [ 33.652008200053892, 46.866763826725204 ], [ 33.651503932421349, 46.867845769228644 ], [ 33.649030889183095, 46.865106030270212 ], [ 33.64169243554273, 46.866052344075207 ], [ 33.638505867214384, 46.868238204266703 ], [ 33.636488936792823, 46.87211828872671 ], [ 33.637347211055499, 46.873189073847229 ], [ 33.63550185044015, 46.88624282860679 ], [ 33.636113418733302, 46.893474066758834 ], [ 33.63920604824628, 46.89709206235311 ], [ 33.645219518352825, 46.899995228268004 ], [ 33.652735107844464, 46.902212710938045 ], [ 33.661664082475546, 46.902698329545593 ], [ 33.673036651414762, 46.898523468134776 ], [ 33.680903627415049, 46.898554697550551 ], [ 33.684792762725451, 46.900237073038902 ], [ 33.695068389211087, 46.911197155790383 ], [ 33.70322226298989, 46.909265859038214 ], [ 33.700733256493088, 46.905480143044933 ], [ 33.703125705455847, 46.902936496270208 ], [ 33.707076577838762, 46.903455159279005 ], [ 33.707375705472778, 46.901900180453509 ], [ 33.711478113326855, 46.906144404548655 ], [ 33.710359615896245, 46.908298411205237 ], [ 33.706789578232147, 46.906913071447583 ], [ 33.707637219044692, 46.910369012319208 ], [ 33.704209299859578, 46.912791339153138 ], [ 33.694362881519247, 46.916468518516176 ], [ 33.690642654428913, 46.916058083089368 ], [ 33.689341788050349, 46.91730390737964 ], [ 33.689757660359078, 46.921218908523841 ], [ 33.698712227246865, 46.933202017073022 ], [ 33.696224381482779, 46.944721462501825 ], [ 33.703184762476148, 46.955366723752547 ], [ 33.699825342474526, 46.958246520160237 ], [ 33.698705368993664, 46.960818488935388 ], [ 33.699115737359733, 46.971372819460342 ], [ 33.70069835606207, 46.977143196538911 ], [ 33.701288340655175, 46.985260676997285 ], [ 33.703471710279871, 46.985818709659846 ], [ 33.707006894669917, 46.985064880786389 ], [ 33.700580296338863, 46.988336402159341 ], [ 33.699394741087168, 46.992306642215198 ], [ 33.700775637076333, 46.994658769841067 ], [ 33.717722355685744, 47.008257728900027 ], [ 33.721796575322514, 47.010020811067427 ], [ 33.723317345199227, 47.009499633308508 ], [ 33.72369287363189, 47.012036270967215 ], [ 33.727356838370035, 47.014391797321188 ], [ 33.753784541618636, 47.026321278905264 ], [ 33.756549858478287, 47.026405358924968 ], [ 33.759165067824725, 47.02522063984879 ], [ 33.759012172293644, 47.028954075642652 ], [ 33.761946648101613, 47.031074765923933 ], [ 33.766672647293674, 47.037191629967644 ], [ 33.771983364340699, 47.040529407263051 ], [ 33.782728291988292, 47.044791889878084 ], [ 33.791837060319764, 47.045588830466109 ], [ 33.79269537887788, 47.048173092677743 ], [ 33.805253539896988, 47.056488144231132 ], [ 33.814603705604981, 47.058439624091264 ], [ 33.823350351449868, 47.058301575078204 ], [ 33.82527884875276, 47.058902757662722 ], [ 33.823391849042224, 47.058508067704864 ], [ 33.815952797949272, 47.060107924008513 ], [ 33.816352525742232, 47.059448167744996 ], [ 33.810403347665144, 47.061608002454335 ], [ 33.811004177436288, 47.063844432604377 ], [ 33.820627888391421, 47.072460183859185 ], [ 33.828116642215406, 47.074213760783763 ], [ 33.835369237754648, 47.074023858752916 ], [ 33.843458928597833, 47.071627058766197 ], [ 33.857878461397725, 47.069836832346688 ], [ 33.861322417932477, 47.070143665523226 ], [ 33.864931239555801, 47.071919361701326 ], [ 33.862094848570827, 47.072420019871068 ], [ 33.859697021981937, 47.071356758057782 ], [ 33.850030267617434, 47.073190864126715 ], [ 33.845829948851993, 47.072938772923358 ], [ 33.837646437074731, 47.076204891778467 ], [ 33.831110015887816, 47.076268890048389 ], [ 33.82686671301034, 47.079591421775667 ], [ 33.828871262680998, 47.082767511925155 ], [ 33.839006379872657, 47.092207583490243 ], [ 33.844800035211634, 47.102191775301293 ], [ 33.848517450143703, 47.104105219172489 ], [ 33.847278418677341, 47.107698021051846 ], [ 33.851779112153544, 47.122745933154917 ], [ 33.852455010304361, 47.135377504901463 ], [ 33.858318337772623, 47.140435127063661 ], [ 33.862129641739173, 47.140821880935064 ], [ 33.869352868566232, 47.138840503443141 ], [ 33.863747160783078, 47.142310574374477 ], [ 33.863945624238305, 47.143839381824613 ], [ 33.872196116153482, 47.147506241456206 ], [ 33.887903066905082, 47.152217910097271 ], [ 33.903760363972552, 47.159205312473453 ], [ 33.930300742184627, 47.175328971966586 ], [ 33.939853438937774, 47.172638709114551 ], [ 33.942303648394869, 47.172732592433412 ], [ 33.947257671055638, 47.169202532991392 ], [ 33.943558943023035, 47.173496587696476 ], [ 33.938814101827894, 47.174098342576094 ], [ 33.932607504795364, 47.177331295483015 ], [ 33.931784012509837, 47.180410108523574 ], [ 33.938367156939947, 47.188877202637386 ], [ 33.946635355411445, 47.196678592559522 ], [ 33.964785916493504, 47.208556424112963 ], [ 33.967980347196864, 47.210137965845334 ], [ 33.971521062627758, 47.210575288929725 ], [ 33.969597807643012, 47.212481092816873 ], [ 33.981788500676679, 47.224595911957913 ], [ 33.984618188521338, 47.229961914003397 ], [ 33.990140891736111, 47.230619442193465 ], [ 33.987394297317522, 47.232825011888245 ], [ 33.986796119160807, 47.234868504981073 ], [ 33.990033553090811, 47.247304019826622 ], [ 33.993022912786309, 47.24786566119294 ], [ 33.990489484140163, 47.250927184399956 ], [ 33.993930804144327, 47.259259658275624 ], [ 33.993383584997957, 47.264982562046725 ], [ 34.006338707503993, 47.290349660896837 ], [ 34.01009110167071, 47.291534131562052 ], [ 34.013795259891324, 47.289480106499902 ], [ 34.014573145086423, 47.289942219372996 ], [ 34.008591864681492, 47.294805031721772 ], [ 34.008355642264263, 47.297622801854253 ], [ 34.015659398309829, 47.307039103096066 ], [ 34.022673402404948, 47.312034898500471 ], [ 34.027239820883004, 47.312160437069913 ], [ 34.028555462920991, 47.317899412188993 ], [ 34.033675796601713, 47.322828813408876 ], [ 34.040660341023283, 47.324526943148577 ], [ 34.053786991056981, 47.333947600501972 ], [ 34.062147429465668, 47.335932575747591 ], [ 34.066763560125551, 47.338313768529574 ], [ 34.079155287163488, 47.337990163218414 ], [ 34.082808481751421, 47.336725089890749 ], [ 34.099188719942688, 47.338353711606167 ], [ 34.113895340219116, 47.337695839195995 ], [ 34.116051804911869, 47.338888109091322 ], [ 34.117996367571912, 47.338748217947575 ], [ 34.124441698267979, 47.341052901357372 ], [ 34.131077441798212, 47.342236126559747 ], [ 34.134884895080255, 47.340324936485366 ], [ 34.140784452893477, 47.340813014838538 ], [ 34.151762706848864, 47.338179256981313 ], [ 34.152360914755619, 47.335667195166636 ], [ 34.154865938017707, 47.333923018291522 ], [ 34.154729140064447, 47.329421064155461 ], [ 34.155842449411551, 47.328230331821281 ], [ 34.157360435496827, 47.328712082788641 ], [ 34.160485255854155, 47.332591542481921 ], [ 34.172812682078579, 47.332886003754439 ], [ 34.176361324914112, 47.328286727067578 ], [ 34.182511626271427, 47.324468666418888 ], [ 34.181840982246882, 47.321825104020668 ], [ 34.184147737516142, 47.320370544103277 ], [ 34.189420893743971, 47.319577794651103 ], [ 34.191679365312083, 47.318290413852964 ], [ 34.191834914173818, 47.314657214197844 ], [ 34.193792918046583, 47.312824190924857 ], [ 34.207225393367764, 47.313078770758835 ], [ 34.211645656379915, 47.312169529355288 ], [ 34.214483459746731, 47.310074528477635 ], [ 34.225013859985424, 47.310281795162439 ], [ 34.225410734388383, 47.310863799984546 ], [ 34.221677255186506, 47.312853264233119 ], [ 34.216116998208051, 47.312956859232649 ], [ 34.211055600242915, 47.315970133803411 ], [ 34.208311661411571, 47.314813556788415 ], [ 34.199972695056559, 47.31656660929346 ], [ 34.196239132062438, 47.322803302667452 ], [ 34.19409871619942, 47.32357789267104 ], [ 34.188283647328824, 47.322905057247432 ], [ 34.186062829542408, 47.328777475934558 ], [ 34.181250889510451, 47.330419082851627 ], [ 34.175586067095523, 47.337997466131398 ], [ 34.172640961035903, 47.339262576559015 ], [ 34.166557757929269, 47.338844505685543 ], [ 34.162014143406964, 47.339498865549771 ], [ 34.154718450512071, 47.343446495991238 ], [ 34.15397294070921, 47.346815974540299 ], [ 34.163993645959103, 47.34979279854489 ], [ 34.159519671932394, 47.349650984460446 ], [ 34.154267906142209, 47.352620275258936 ], [ 34.153989035082624, 47.360684344157306 ], [ 34.160082895966504, 47.363653016573892 ], [ 34.158119650402121, 47.364633983814564 ], [ 34.152669364465204, 47.374258200109956 ], [ 34.150956671996283, 47.37509560836412 ], [ 34.151797584179718, 47.375753126658239 ], [ 34.15094204109991, 47.380004966673418 ], [ 34.149010736100024, 47.384490924043355 ], [ 34.149659835084933, 47.386898930099882 ], [ 34.156510164842302, 47.393040191780408 ], [ 34.156869571259598, 47.39623221830395 ], [ 34.160190219003574, 47.398440039487639 ], [ 34.164782222544133, 47.398999233556459 ], [ 34.165141621998394, 47.399972344907681 ], [ 34.163510792215945, 47.400378986048011 ], [ 34.15881157984164, 47.400048571462001 ], [ 34.154219646616966, 47.397764616137103 ], [ 34.1526800229286, 47.391100857610624 ], [ 34.148705055054258, 47.389611861773083 ], [ 34.145336140069737, 47.382253469333804 ], [ 34.140025442257347, 47.380524478662736 ], [ 34.13580888248103, 47.376652164736939 ], [ 34.131592560406112, 47.370000380412549 ], [ 34.127306354250194, 47.358420374172049 ], [ 34.119297325870775, 47.354408404624607 ], [ 34.112280588163117, 47.357813479993133 ], [ 34.115853344948732, 47.354037691595416 ], [ 34.115906943796929, 47.350839517698113 ], [ 34.114126048990563, 47.349120432390841 ], [ 34.106959056845248, 47.345747380383834 ], [ 34.083784819702508, 47.343482895113553 ], [ 34.069665655243284, 47.345583841030148 ], [ 34.063968741776591, 47.34495497533036 ], [ 34.054216049039162, 47.34864614470343 ], [ 34.048425325342315, 47.349685570490557 ], [ 34.049404254686522, 47.351666322560952 ], [ 34.048963051424771, 47.352894674191035 ], [ 34.046472546759077, 47.349044109415495 ], [ 34.039474689126195, 47.34234509047532 ], [ 34.034780900040481, 47.340531207922361 ], [ 34.0300359718698, 47.335601824483923 ], [ 34.024861955075934, 47.335340016207525 ], [ 34.0171464464999, 47.342894743064782 ], [ 34.016837971015207, 47.344444924095093 ], [ 34.020125286870432, 47.352336940284346 ], [ 34.037484457407977, 47.381555992997903 ], [ 34.039080403522874, 47.39157668270127 ], [ 34.043176187563674, 47.404351201842381 ], [ 34.047859345927215, 47.407244795759603 ], [ 34.043964677978444, 47.411045825683843 ], [ 34.04526832757567, 47.413743135042544 ], [ 34.049243275879171, 47.417068111082685 ], [ 34.059875638382557, 47.421420194824023 ], [ 34.068421132040605, 47.422436402010739 ], [ 34.088811285722151, 47.421536297554766 ], [ 34.113444650927491, 47.416026438709018 ], [ 34.119672836553967, 47.415873901660113 ], [ 34.127853537313953, 47.417866721197342 ], [ 34.135712383797951, 47.421583510874044 ], [ 34.145824355910769, 47.423476263577918 ], [ 34.159351336346177, 47.420641590490249 ], [ 34.161225640698859, 47.419291417307996 ], [ 34.164379805918692, 47.418979216358672 ], [ 34.18441585433726, 47.412232926405345 ], [ 34.203953137944481, 47.410089180429175 ], [ 34.210661350249005, 47.411570370199712 ], [ 34.216892099082315, 47.414745034273913 ], [ 34.219483153321725, 47.417628890779966 ], [ 34.236590337127581, 47.423414625207705 ], [ 34.263632358129811, 47.435482888909704 ], [ 34.271834436219031, 47.436292009018253 ], [ 34.278824277700103, 47.434844170165519 ], [ 34.291186542248809, 47.425594029324095 ], [ 34.289142747523705, 47.425078575002658 ], [ 34.285630632436273, 47.426298233274686 ], [ 34.276260311006034, 47.433601559418413 ], [ 34.272035142459323, 47.434368383094295 ], [ 34.265393161207797, 47.433901997518774 ], [ 34.259516707684234, 47.432167061881536 ], [ 34.240462538964252, 47.422656705728173 ], [ 34.220951635798265, 47.416027492853331 ], [ 34.219303035047844, 47.413525522854712 ], [ 34.213128086391961, 47.410171692773098 ], [ 34.204332336893962, 47.408104854937797 ], [ 34.184229821095599, 47.410113955245478 ], [ 34.163702626232769, 47.416982900577864 ], [ 34.146830921901078, 47.421472096452135 ], [ 34.136987010480901, 47.419950471266475 ], [ 34.131884505361235, 47.416941562182679 ], [ 34.12360936288411, 47.414323497432058 ], [ 34.118557692407201, 47.413653042126285 ], [ 34.112998757529724, 47.414067080865863 ], [ 34.088988130009007, 47.419696638206247 ], [ 34.066998845137007, 47.420623278715112 ], [ 34.056612667552102, 47.418379941121849 ], [ 34.04802586419278, 47.413239791289492 ], [ 34.046650567116558, 47.410732849992648 ], [ 34.050057045802468, 47.408722083055828 ], [ 34.050547791934015, 47.406737972604837 ], [ 34.045712903078652, 47.403542811346455 ], [ 34.042043997232938, 47.392238416775662 ], [ 34.039959109907471, 47.380559593067581 ], [ 34.023810222040787, 47.353890037013272 ], [ 34.019651338082312, 47.344208917874631 ], [ 34.0263948585918, 47.336950050128252 ], [ 34.030403801406521, 47.338893713147243 ], [ 34.034186979405014, 47.342818908398215 ], [ 34.037914281277608, 47.343865014835721 ], [ 34.044123696513807, 47.349927482261258 ], [ 34.045236026815111, 47.352616842448136 ], [ 34.048985630709332, 47.354742184067014 ], [ 34.051354378027121, 47.35400061353954 ], [ 34.051826725028143, 47.35111681408371 ], [ 34.058939357964505, 47.349251651086753 ], [ 34.064183802566156, 47.346683539949815 ], [ 34.07055213631741, 47.347344098345609 ], [ 34.077931982185731, 47.345655224229475 ], [ 34.085337168717942, 47.345225402688875 ], [ 34.098353793250723, 47.347261000292178 ], [ 34.104964799689292, 47.346837518783985 ], [ 34.11353859851183, 47.351613644889561 ], [ 34.113058262768966, 47.353957880287702 ], [ 34.109672793426434, 47.35669021066856 ], [ 34.11052001490895, 47.359201538722871 ], [ 34.1144957970604, 47.359342913657713 ], [ 34.119201307305531, 47.356417592226066 ], [ 34.125360224548928, 47.359596685791622 ], [ 34.1284840828611, 47.369464133771878 ], [ 34.132338337804633, 47.376264842740397 ], [ 34.138293564090283, 47.382144739661086 ], [ 34.142563257689453, 47.383541986493768 ], [ 34.146697036531791, 47.390879311707074 ], [ 34.150168855666777, 47.39210428786366 ], [ 34.152176551031729, 47.39910278987913 ], [ 34.157800589105243, 47.401745605755423 ], [ 34.16417664058865, 47.402400888415436 ], [ 34.168119983123326, 47.400921045246335 ], [ 34.168329291670851, 47.39839939158815 ], [ 34.166715511778463, 47.397336034213183 ], [ 34.161937852506007, 47.397024633060006 ], [ 34.159521408709757, 47.39560937653399 ], [ 34.159181451344608, 47.392193463426963 ], [ 34.152427974398272, 47.386322685358728 ], [ 34.15186282927057, 47.38470867130065 ], [ 34.153634850251223, 47.380911560074523 ], [ 34.153564197238701, 47.377672878034183 ], [ 34.157111227116495, 47.370258499087505 ], [ 34.162791602816661, 47.363542242988572 ], [ 34.160882617228054, 47.361042058826207 ], [ 34.15634948154014, 47.359648149569665 ], [ 34.156737491458941, 47.353165422346962 ], [ 34.160669512039441, 47.351325997969845 ], [ 34.165174315628292, 47.351460255221141 ], [ 34.166727157956466, 47.349824752605272 ], [ 34.165095109519726, 47.347861715613881 ], [ 34.156576301277013, 47.345788393763314 ], [ 34.156817440910785, 47.344706155999482 ], [ 34.163881889498761, 47.340855314355352 ], [ 34.173415164827951, 47.340938068879581 ], [ 34.177093000421642, 47.339640579990196 ], [ 34.179956541695866, 47.337451520986995 ], [ 34.183264778048219, 47.331478474249479 ], [ 34.1882609152537, 47.329987036256675 ], [ 34.190806263038397, 47.325461414952102 ], [ 34.193985799167372, 47.325608300066904 ], [ 34.198712388117734, 47.323939243413548 ], [ 34.202807356500308, 47.317777413702537 ], [ 34.207813944363828, 47.3168249124708 ], [ 34.211538611625627, 47.317685436894976 ], [ 34.217032862895884, 47.314927690383428 ], [ 34.222324225457911, 47.31487137202128 ], [ 34.228086338602054, 47.312290203975969 ], [ 34.228284182925364, 47.309408583601339 ], [ 34.225340969726702, 47.308000342993921 ], [ 34.222443549878456, 47.308571195113053 ], [ 34.213966007558746, 47.308121411801196 ], [ 34.20979503780562, 47.310865052584134 ], [ 34.207422292479386, 47.311250015058796 ], [ 34.193128374609103, 47.311039795184982 ], [ 34.189477140033169, 47.313417343452677 ], [ 34.189036816688478, 47.317381217929025 ], [ 34.182714910554374, 47.318706417000598 ], [ 34.180101056502309, 47.320173109796407 ], [ 34.179078695609483, 47.321803346950439 ], [ 34.179920595643416, 47.323954299213469 ], [ 34.174166796089644, 47.327072852902084 ], [ 34.171611985257705, 47.331238262120273 ], [ 34.161543255382121, 47.330800852847766 ], [ 34.158537625028856, 47.326512048803359 ], [ 34.15429958822736, 47.326374846590433 ], [ 34.151968763365197, 47.32873788190556 ], [ 34.152335173342742, 47.333413359381076 ], [ 34.150241280927808, 47.334514200325678 ], [ 34.149233345242706, 47.336863890888182 ], [ 34.140272789870913, 47.338753070710275 ], [ 34.134967316902461, 47.338265833083689 ], [ 34.12944713369842, 47.340120042114918 ], [ 34.127302698368062, 47.338881384173831 ], [ 34.116937755288838, 47.33700322842607 ], [ 34.114264371389709, 47.335769480358124 ], [ 34.09468522058971, 47.336318104574943 ], [ 34.081682451134036, 47.334821861547326 ], [ 34.077473183197498, 47.336121283546674 ], [ 34.071117038747055, 47.336000897990388 ], [ 34.068219993754276, 47.336747806196499 ], [ 34.06420261876108, 47.334445607781809 ], [ 34.055958059369125, 47.332542229540721 ], [ 34.046040834747267, 47.326334322276537 ], [ 34.042790767322735, 47.322584625624778 ], [ 34.035621325884058, 47.321389865832352 ], [ 34.030203042257199, 47.314959869584065 ], [ 34.030394169460422, 47.311178829461099 ], [ 34.027198445311093, 47.310127712280647 ], [ 34.023759139484653, 47.31015848893113 ], [ 34.017855845946912, 47.305891846643185 ], [ 34.011081031617309, 47.297493326402432 ], [ 34.011046728569845, 47.295693947831801 ], [ 34.01626414156361, 47.2918684633525 ], [ 34.017280618521291, 47.289699824228443 ], [ 34.0140658124607, 47.287568697964851 ], [ 34.009604395103409, 47.289407775946131 ], [ 34.00853971359669, 47.289057214690239 ], [ 33.996179616339056, 47.26468959391233 ], [ 33.996600217967654, 47.258926924466479 ], [ 33.993283796390223, 47.251217041260759 ], [ 33.995330533941306, 47.247599889842469 ], [ 33.992386778023452, 47.245645758990101 ], [ 33.989553330864723, 47.235411989754454 ], [ 33.989526530630783, 47.233972461819313 ], [ 33.992659790283753, 47.231965688293165 ], [ 33.992619469383946, 47.22980639697311 ], [ 33.9907468416245, 47.228562814902375 ], [ 33.986781119024293, 47.228417069358429 ], [ 33.983504699452268, 47.222686195855871 ], [ 33.973019227712385, 47.212697385525907 ], [ 33.974309970309264, 47.211066680888031 ], [ 33.973752179818739, 47.209451687686169 ], [ 33.966847234699806, 47.207350520511021 ], [ 33.961755367588474, 47.203254052596641 ], [ 33.953492876126319, 47.199003818116033 ], [ 33.940622959244415, 47.187952008374033 ], [ 33.934409737471405, 47.179904148438958 ], [ 33.934390793895624, 47.17882447454113 ], [ 33.939618315307101, 47.175902172858287 ], [ 33.946190265008099, 47.174408306742492 ], [ 33.949292845111827, 47.170783205013166 ], [ 33.94899050340198, 47.168626049016666 ], [ 33.945550680433911, 47.168114578437795 ], [ 33.941115877682726, 47.171030646193707 ], [ 33.931647754670479, 47.172907756015576 ], [ 33.928471698078191, 47.17239362730443 ], [ 33.905256763261555, 47.157461806745346 ], [ 33.890902560534819, 47.151095351398865 ], [ 33.867827452184379, 47.14353369087565 ], [ 33.867288252203281, 47.142817885588848 ], [ 33.871988536993342, 47.139902643575951 ], [ 33.870889546103996, 47.13721141805857 ], [ 33.868773964196095, 47.136867538418713 ], [ 33.865105326328319, 47.138335084156878 ], [ 33.859836707411283, 47.138734698993254 ], [ 33.855295693967534, 47.135169247618585 ], [ 33.854566487586062, 47.1225766034351 ], [ 33.85013032942382, 47.108931662411202 ], [ 33.85109570864595, 47.103345318853229 ], [ 33.846838969711634, 47.100857242497021 ], [ 33.84114314121922, 47.090640716631398 ], [ 33.829908948892204, 47.079924236079329 ], [ 33.831467159710712, 47.07847314116497 ], [ 33.840933546006717, 47.077324179088151 ], [ 33.846686047493598, 47.07458218183185 ], [ 33.850379473730428, 47.074914765636088 ], [ 33.858519119368722, 47.073234268563688 ], [ 33.861694420628531, 47.074110293494442 ], [ 33.865905966153392, 47.073898553901614 ], [ 33.867732256995595, 47.072804884555431 ], [ 33.867433819081228, 47.070647451654729 ], [ 33.86212545481137, 47.068167891866331 ], [ 33.858959174083509, 47.067831734410078 ], [ 33.842131573008743, 47.06975645402747 ], [ 33.836370904210796, 47.071958361611507 ], [ 33.82926480872478, 47.072369984969441 ], [ 33.82186199788579, 47.070623604969455 ], [ 33.817063226441057, 47.066878479064933 ], [ 33.813304856104331, 47.062225893555407 ], [ 33.824858865892921, 47.059983561995303 ], [ 33.825884423740483, 47.058176423413954 ], [ 33.824808910233273, 47.056744376319692 ], [ 33.815589915404829, 47.056630427749418 ], [ 33.806609847110217, 47.054894281448703 ], [ 33.804739581575745, 47.053107690866291 ], [ 33.798906565545309, 47.050448908003339 ], [ 33.795438286073157, 47.047413476542033 ], [ 33.795142916891521, 47.045255827426161 ], [ 33.793544636621874, 47.044007088176706 ], [ 33.783790807272325, 47.043174385786251 ], [ 33.770545015413418, 47.037505072801167 ], [ 33.766810811005143, 47.034110608044251 ], [ 33.763848698508525, 47.029451044369218 ], [ 33.761462065591147, 47.028207110842921 ], [ 33.76223112374997, 47.026762190279641 ], [ 33.760611156672489, 47.023893352503755 ], [ 33.758237587890328, 47.023549142274661 ], [ 33.755094868454556, 47.024649762038258 ], [ 33.740784207216279, 47.017544205710649 ], [ 33.729410628533877, 47.013297798542432 ], [ 33.725960888313097, 47.01116001022185 ], [ 33.725395695441094, 47.008283976604197 ], [ 33.721444512616571, 47.00794898658301 ], [ 33.719325315547756, 47.00688246254542 ], [ 33.702571760255914, 46.993308289122474 ], [ 33.703301786342045, 46.988804395447438 ], [ 33.707227712006606, 46.987340401647167 ], [ 33.709303040917675, 46.985167844768611 ], [ 33.707699055999477, 46.983198025887333 ], [ 33.703759274296551, 46.983582262105671 ], [ 33.70176071666237, 46.971536076084696 ], [ 33.701361359192653, 46.961099842659813 ], [ 33.705254578087192, 46.957296400791961 ], [ 33.70575186316006, 46.95513360567972 ], [ 33.69904285806868, 46.944556076689359 ], [ 33.700251148780332, 46.936449680697308 ], [ 33.701789958446263, 46.93356060687583 ], [ 33.699627228025328, 46.928894406916434 ], [ 33.695909780386437, 46.925857430363465 ], [ 33.692427600232165, 46.920659165752248 ], [ 33.692132492053744, 46.918141248672853 ], [ 33.696332545934773, 46.917935800592005 ], [ 33.706003231381253, 46.914276994659559 ], [ 33.710157753869183, 46.910651719667172 ], [ 33.718566126020491, 46.910959209356612 ], [ 33.71966234936788, 46.914371923720935 ], [ 33.723626012314433, 46.916146727422536 ], [ 33.726777663444729, 46.916126762895288 ], [ 33.729418689682234, 46.917189839353433 ], [ 33.732020604544083, 46.915373442981235 ], [ 33.735962567855474, 46.915528148304801 ], [ 33.736547020394717, 46.919843882028431 ], [ 33.739190895953527, 46.921086693065384 ], [ 33.740016050040261, 46.92378104298227 ], [ 33.743976091002551, 46.925195206386356 ], [ 33.746577894125167, 46.923378482283475 ], [ 33.745459805249908, 46.918526341255067 ], [ 33.743601349825887, 46.917098596677796 ], [ 33.745382439623739, 46.912947497981648 ], [ 33.748806535377589, 46.913645068660259 ], [ 33.756417557412057, 46.91323507481097 ], [ 33.765372299142406, 46.914975347654433 ], [ 33.769309163615063, 46.914768980730891 ], [ 33.776693949208827, 46.916878865219424 ], [ 33.779309892352956, 46.91614117157534 ], [ 33.779275975464614, 46.913801674770475 ], [ 33.77161340400567, 46.910613953764155 ], [ 33.761088689820262, 46.909244574984932 ], [ 33.759757879146385, 46.907993560433546 ], [ 33.7565965987311, 46.907294580185443 ], [ 33.752152661970904, 46.908763697585009 ], [ 33.745300108049527, 46.907008723226276 ], [ 33.737454430397513, 46.909399261364932 ], [ 33.734823470299048, 46.909056220946496 ], [ 33.728535636399286, 46.910176283018352 ], [ 33.728766532621371, 46.907835085081018 ], [ 33.726626844898298, 46.904969019286945 ], [ 33.723201162639725, 46.904090815548898 ], [ 33.713492891853114, 46.904691671846471 ], [ 33.709769229966618, 46.901115234206095 ], [ 33.707659236201351, 46.900408379580597 ], [ 33.701892266177147, 46.901163800629746 ], [ 33.699547900474819, 46.902617984426975 ], [ 33.698009836696023, 46.905507039591882 ], [ 33.70015037032595, 46.908553612763832 ], [ 33.695695447874265, 46.909300687975573 ], [ 33.693276302258873, 46.904995865821832 ], [ 33.688222693280153, 46.899986940754168 ], [ 33.682405249044599, 46.896782138679093 ], [ 33.673211638563401, 46.896476614284673 ], [ 33.663283755830754, 46.900494110789055 ], [ 33.656198894343198, 46.900894899172599 ], [ 33.648825299607374, 46.899137135605528 ], [ 33.641437159455123, 46.896119123476034 ], [ 33.638775383188992, 46.893074358239957 ], [ 33.638162798483904, 46.885698615614587 ], [ 33.640125742818029, 46.874168949327554 ], [ 33.63957093389034, 46.871652330341227 ], [ 33.642672772076395, 46.867675395202745 ], [ 33.647918715237246, 46.8674658423339 ], [ 33.651356095436356, 46.869606096650806 ], [ 33.654485380158562, 46.867968426174542 ], [ 33.661052163645365, 46.868470632638669 ], [ 33.661360996095233, 46.872248431654008 ], [ 33.662966585624005, 46.874758864655028 ], [ 33.666640731078644, 46.874737526753727 ], [ 33.667928361910036, 46.872750240291531 ], [ 33.669532033499117, 46.875080612386768 ], [ 33.672165424656278, 46.875785099708622 ], [ 33.674513885717801, 46.874691405620688 ], [ 33.674466534561184, 46.870912102672065 ], [ 33.682850259668832, 46.869782517105186 ], [ 33.686015275342491, 46.871023454384641 ], [ 33.68863947081217, 46.871007697621003 ], [ 33.689930811406199, 46.869380099884729 ], [ 33.700933328688023, 46.86787341454076 ], [ 33.702481921742546, 46.865884137715653 ], [ 33.699834594242361, 46.864100549500087 ], [ 33.695643403398044, 46.864666038042579 ], [ 33.686439157974561, 46.863101780080726 ], [ 33.680666769951188, 46.8631362502068 ], [ 33.680121551276493, 46.861519667069643 ], [ 33.678013498464068, 46.860812251001946 ], [ 33.672786321264979, 46.862462917124667 ], [ 33.66754320530702, 46.862853574214 ], [ 33.666747150086898, 46.862138292203582 ], [ 33.668023319806075, 46.859251164452679 ], [ 33.665121765537776, 46.858008197347772 ], [ 33.658329062774619, 46.860387211643982 ], [ 33.658040307421004, 46.858229106271175 ], [ 33.655405768679692, 46.857344318596638 ], [ 33.650453626641436, 46.860072273164675 ], [ 33.644421305911507, 46.860286372750714 ], [ 33.640297501435946, 46.844471216982718 ], [ 33.647893163999619, 46.843528571007681 ], [ 33.654137821837153, 46.83935349068436 ], [ 33.654885263151137, 46.8361095561702 ], [ 33.653298667921241, 46.835038735581421 ], [ 33.650938451387148, 46.835052182434751 ], [ 33.645728013755843, 46.83796139404128 ], [ 33.634438070286961, 46.83694464190723 ], [ 33.632591714295089, 46.836054955332038 ], [ 33.630476856397735, 46.834626774626237 ], [ 33.624607367033235, 46.826019851872438 ], [ 33.616708312352365, 46.823182981262491 ], [ 33.624290991668012, 46.821342058592769 ], [ 33.62532302232254, 46.819896572019729 ], [ 33.623727084394666, 46.817925481834493 ], [ 33.618483790708943, 46.817953934794303 ], [ 33.616867579197468, 46.814183040386972 ], [ 33.611096270960239, 46.813854036119878 ], [ 33.607218786759198, 46.818734178940232 ], [ 33.602279771482614, 46.822539887597728 ], [ 33.600188275914199, 46.823090818394839 ], [ 33.592312661610919, 46.822231937514168 ], [ 33.579941472693278, 46.817795750351927 ], [ 33.588252268194552, 46.810554069436314 ], [ 33.587968563646918, 46.808575726544042 ], [ 33.585863780147669, 46.807866592051532 ], [ 33.583508614958127, 46.808238587124684 ], [ 33.58065241608135, 46.810772858945086 ], [ 33.577254329132991, 46.811689956589525 ], [ 33.575964782072028, 46.813676252439819 ], [ 33.572292825266082, 46.813514689744416 ], [ 33.567593138915221, 46.815337908983288 ], [ 33.54740170371339, 46.814896312498711 ], [ 33.537709194088855, 46.815662183811476 ], [ 33.534051460328456, 46.81693917996985 ], [ 33.513618052580199, 46.818652529974621 ], [ 33.508623185226192, 46.817234983065418 ], [ 33.500507710766982, 46.818530628636474 ], [ 33.490022414437099, 46.818755980125303 ], [ 33.485291936419934, 46.817516264580242 ], [ 33.477948019131887, 46.817187203511807 ], [ 33.473473795326285, 46.815226003102303 ], [ 33.466913610591718, 46.814533026344961 ], [ 33.463746091556793, 46.812026162349532 ], [ 33.455267916643173, 46.801441277079988 ], [ 33.44446730854478, 46.794824395712482 ], [ 33.440530533190795, 46.794119687715458 ], [ 33.433413096985497, 46.788927378357307 ], [ 33.42367837385455, 46.783924323409614 ], [ 33.4197160851432, 46.77979932600779 ], [ 33.414989238676199, 46.778376702661291 ], [ 33.409685458621063, 46.769936624703071 ], [ 33.403890478971647, 46.765637633100773 ], [ 33.398907358846898, 46.76475519575375 ], [ 33.40123520132618, 46.760787431412126 ], [ 33.399647853596804, 46.758633187969252 ], [ 33.39598144938229, 46.758645932627012 ], [ 33.391819973585413, 46.762619883882401 ], [ 33.387096649019128, 46.761376076124726 ], [ 33.384218311503808, 46.76174574168796 ], [ 33.374856015673544, 46.771315883036799 ], [ 33.369851894008718, 46.76737254251664 ], [ 33.361443669164402, 46.763439782255681 ], [ 33.358019756654926, 46.760570816375591 ], [ 33.343057363837246, 46.755217151817057 ], [ 33.33702871626727, 46.754335148515622 ], [ 33.332827763223939, 46.752547610476171 ], [ 33.301376589578084, 46.747595223314647 ], [ 33.280688775468967, 46.747107883476303 ], [ 33.255306197197925, 46.750407023541342 ], [ 33.249295266607866, 46.752940040368728 ], [ 33.244346727850591, 46.758890154757466 ], [ 33.240950165286328, 46.76069718581698 ], [ 33.228385041389529, 46.762162813437136 ], [ 33.221832184858101, 46.760915822264025 ], [ 33.211893333564326, 46.764354329484711 ], [ 33.200107672622785, 46.764555526071923 ], [ 33.199063309827878, 46.765457261185077 ], [ 33.19042362658103, 46.766551858862933 ], [ 33.181787829998555, 46.768905676444462 ], [ 33.160331099741086, 46.776497011684206 ], [ 33.160062722331247, 46.774337598351984 ], [ 33.161626449744624, 46.771635663336703 ], [ 33.160041928944551, 46.767318307587132 ], [ 33.160819694404552, 46.764617476620344 ], [ 33.157668249234284, 46.761742136800841 ], [ 33.137750048078232, 46.756548339430637 ], [ 33.134870250000063, 46.756911735408906 ], [ 33.134086832534365, 46.757812570825337 ], [ 33.128323167685465, 46.756919263681581 ], [ 33.125706845353307, 46.758002065157335 ], [ 33.122302292991129, 46.758005754075839 ], [ 33.118902095023529, 46.759989149252398 ], [ 33.118397223924298, 46.768628844513927 ], [ 33.119188999761342, 46.771327761200666 ], [ 33.121025897905881, 46.772765693512035 ], [ 33.120764742319444, 46.773125934326316 ], [ 33.092713789884705, 46.760913275226486 ], [ 33.095330280250607, 46.759471262729164 ], [ 33.098473032076861, 46.759468601753291 ], [ 33.098737558335749, 46.760908236799985 ], [ 33.100834796475056, 46.761986305195073 ], [ 33.106333450437212, 46.761261397124727 ], [ 33.107373560201623, 46.757480785147877 ], [ 33.105789914740633, 46.75118285297529 ], [ 33.097929024376128, 46.74831011828708 ], [ 33.09713961863816, 46.746150991715133 ], [ 33.09268138853237, 46.742015071391066 ], [ 33.082984972743553, 46.735903073120944 ], [ 33.081934573626683, 46.733744025992294 ], [ 33.075649539503324, 46.731948515998944 ], [ 33.067006459389475, 46.727994259148346 ], [ 33.063865746078193, 46.728176038897033 ], [ 33.061769322989321, 46.726017382802311 ], [ 33.054962403466902, 46.724221014828586 ], [ 33.049466494357425, 46.724583490438377 ], [ 33.048941411910448, 46.722783876093303 ], [ 33.047108441117018, 46.721704740986738 ], [ 33.020672968219387, 46.715413123994686 ], [ 33.010205541002982, 46.714874583401958 ], [ 32.994243276926561, 46.712535097484725 ], [ 32.980638022208737, 46.708213977997019 ], [ 32.956827740487228, 46.708567441174445 ], [ 32.94845391379009, 46.70964388242168 ], [ 32.937199612521916, 46.712338025761582 ], [ 32.932224088171381, 46.715394920593496 ], [ 32.926465843141621, 46.716291286618663 ], [ 32.920187739977813, 46.714667221697965 ], [ 32.918096756477986, 46.713045885281566 ], [ 32.906851390316511, 46.709257611397916 ], [ 32.904235496663738, 46.708895483192691 ], [ 32.899785759862752, 46.709791595250827 ], [ 32.895338659335195, 46.709247660898882 ], [ 32.885670804664983, 46.702938949767265 ], [ 32.85900924080206, 46.693729979203056 ], [ 32.847257535565468, 46.686875462436014 ], [ 32.828452562502932, 46.678569489522715 ], [ 32.826888136787105, 46.67712724940349 ], [ 32.823490433602728, 46.676582102008418 ], [ 32.822187094363457, 46.675320185120604 ], [ 32.80310500241, 46.67348908458645 ], [ 32.798925341806509, 46.672401902047504 ], [ 32.803395851227478, 46.665390224521225 ], [ 32.808103685005563, 46.664858259112009 ], [ 32.808374662147969, 46.662158923757985 ], [ 32.802637075839854, 46.658369463437332 ], [ 32.795846611700142, 46.656737673631802 ], [ 32.793769794570458, 46.652954238005826 ], [ 32.78567483801546, 46.650959511374175 ], [ 32.78803982682831, 46.647724161304815 ], [ 32.786752150112321, 46.642862131649039 ], [ 32.779189654850541, 46.638888079440143 ], [ 32.773966413472706, 46.638157932757778 ], [ 32.773199032194498, 46.634196703452915 ], [ 32.765104517097726, 46.632920462927899 ], [ 32.757541779454527, 46.629664920106357 ], [ 32.749966690149186, 46.629288642419255 ], [ 32.74420783296285, 46.631615743989151 ], [ 32.738463222772978, 46.63088280849815 ], [ 32.727487969022015, 46.631217167854196 ], [ 32.716492847956815, 46.635330151775328 ], [ 32.711798163261641, 46.633698539903563 ], [ 32.713372529231677, 46.632442585845901 ], [ 32.721472203753535, 46.632462590392237 ], [ 32.72252744192226, 46.630485296975287 ], [ 32.720707806950706, 46.628680998555943 ], [ 32.710001850300465, 46.627574440412701 ], [ 32.707907928501832, 46.62828906247951 ], [ 32.707376679795722, 46.629907589117096 ], [ 32.705280679613864, 46.630982131675161 ], [ 32.691173003989753, 46.630764934450525 ], [ 32.673689497084787, 46.627116663201441 ], [ 32.665094790980255, 46.622772132504586 ], [ 32.648146218194675, 46.617861603423975 ], [ 32.643462198177453, 46.615147288537145 ], [ 32.646089388522981, 46.612815606016966 ], [ 32.646361115900959, 46.61119655673798 ], [ 32.654449557726238, 46.612481186557794 ], [ 32.656554943981462, 46.609967697816415 ], [ 32.656045136383717, 46.607986300359904 ], [ 32.653181560147232, 46.606537752492741 ], [ 32.647954992603424, 46.607061752669317 ], [ 32.646140965447806, 46.604896301307043 ], [ 32.643531872191261, 46.604528225701415 ], [ 32.641174449335118, 46.605600783813003 ], [ 32.641680131883938, 46.608122199203265 ], [ 32.637761520173939, 46.608289846945176 ], [ 32.63409192706861, 46.610258035386032 ], [ 32.630435535281372, 46.610246282752492 ], [ 32.630463688741607, 46.606106652861968 ], [ 32.628166284148669, 46.598359722870534 ], [ 32.626607021042481, 46.597274715224074 ], [ 32.622485534200827, 46.589161713866268 ], [ 32.622491782115844, 46.588261792065261 ], [ 32.624836399616441, 46.5889894588286 ], [ 32.63418522332239, 46.596399256915269 ], [ 32.641763184391266, 46.595523295799545 ], [ 32.64410837474091, 46.596250568268793 ], [ 32.646982856023456, 46.595899497722556 ], [ 32.650925973049787, 46.591771866353781 ], [ 32.649668106783921, 46.58438849391019 ], [ 32.647601889013188, 46.580962363575573 ], [ 32.643959243431517, 46.579151197491022 ], [ 32.636431719537711, 46.572827911937189 ], [ 32.625765751722895, 46.567753823674664 ], [ 32.621855006261256, 46.567200995931508 ], [ 32.614842108100731, 46.562497879184271 ], [ 32.605988360449018, 46.559947875876787 ], [ 32.601837203350307, 46.556693692389011 ], [ 32.597661269202867, 46.556859070884649 ], [ 32.590370594154273, 46.554853311307099 ], [ 32.605264308659152, 46.551845850628624 ], [ 32.612608923592141, 46.546291276790278 ], [ 32.613401735674948, 46.544854040102571 ], [ 32.612638369269092, 46.542151608926829 ], [ 32.607479869482461, 46.5340344702471 ], [ 32.600181311551729, 46.533469222136041 ], [ 32.588953277044247, 46.53522932862623 ], [ 32.584463223984052, 46.542592699836057 ], [ 32.581063936843321, 46.543660240886247 ], [ 32.581806404405427, 46.548882663729678 ], [ 32.583622893766311, 46.550149218316619 ], [ 32.582833356177488, 46.551046290407676 ], [ 32.578405278593721, 46.550130107791041 ], [ 32.572959254612776, 46.545970140941577 ], [ 32.570094052438854, 46.545419439157733 ], [ 32.563605784127219, 46.54125510141531 ], [ 32.557100947475988, 46.539250209903322 ], [ 32.555810018350641, 46.537625293061055 ], [ 32.549805213082934, 46.538321778682665 ], [ 32.531317782831053, 46.534647720398581 ], [ 32.522167521965052, 46.537129727045347 ], [ 32.520354486075036, 46.535682217131814 ], [ 32.516704753467245, 46.535486864878514 ], [ 32.51408703899272, 46.536555716678379 ], [ 32.513550947121828, 46.53817335026698 ], [ 32.510686767261404, 46.537621163612229 ], [ 32.498768632734105, 46.528930023057676 ], [ 32.48994605413052, 46.524211267477739 ], [ 32.481929435239984, 46.517155598619233 ], [ 32.481418270287804, 46.516073336715991 ], [ 32.485848712643971, 46.516273328103026 ], [ 32.489784709087473, 46.513591087931708 ], [ 32.489550968888601, 46.510710188131355 ], [ 32.487214927834422, 46.509619792628769 ], [ 32.485413924693702, 46.507091827849401 ], [ 32.486475253740998, 46.505116693885569 ], [ 32.48571193898664, 46.503133359898655 ], [ 32.482609724221298, 46.500419498524494 ], [ 32.479483772747201, 46.500225324393476 ], [ 32.47738832095574, 46.501295717935548 ], [ 32.47685149718648, 46.502913186431613 ], [ 32.478139251619396, 46.504538991089319 ], [ 32.476816964654674, 46.506512854702109 ], [ 32.472105776001726, 46.508471112211375 ], [ 32.462774601720866, 46.503027927539371 ], [ 32.457059996988164, 46.50102103867497 ], [ 32.451595588418364, 46.500095012314262 ], [ 32.440120217015718, 46.50075938304569 ], [ 32.435756382749183, 46.494258241657413 ], [ 32.436039317066722, 46.492099736249209 ], [ 32.434003082310973, 46.487409890159583 ], [ 32.440741143372584, 46.49104287209979 ], [ 32.4430938258797, 46.490334384305079 ], [ 32.444150851698417, 46.488899591422779 ], [ 32.442356204144019, 46.486010985296261 ], [ 32.429646673996849, 46.480368560043303 ], [ 32.426518290559173, 46.4805329091636 ], [ 32.423891976131081, 46.482499623892018 ], [ 32.422596837651525, 46.481773124574715 ], [ 32.422372481030983, 46.478352140576114 ], [ 32.417700202613133, 46.476708518444489 ], [ 32.416154388993242, 46.475080707237069 ], [ 32.409921481644623, 46.473248796539345 ], [ 32.406309625032613, 46.469990240924268 ], [ 32.400326254571326, 46.469239055600319 ], [ 32.387865287762935, 46.465393196816429 ], [ 32.38005126483926, 46.465351107970712 ], [ 32.37720870562908, 46.46335574454173 ], [ 32.366557103060337, 46.460957340010367 ], [ 32.349374175054876, 46.460320902311857 ], [ 32.332430116103474, 46.461483206354629 ], [ 32.323554893335732, 46.463050993862034 ], [ 32.315229426643967, 46.462281478016223 ], [ 32.312869534391794, 46.463527274434639 ], [ 32.304786276822334, 46.464198396377988 ], [ 32.29720753448138, 46.466131998199195 ], [ 32.292779607040401, 46.466104703370739 ], [ 32.291198121537249, 46.467534855640565 ], [ 32.288065409101556, 46.4680553763665 ], [ 32.278162610494533, 46.468353290201904 ], [ 32.27631065399386, 46.470501499882083 ], [ 32.270546299577035, 46.472984778062454 ], [ 32.262707073247711, 46.474734437749952 ], [ 32.257494518509006, 46.474880709019324 ], [ 32.255395742264959, 46.475947020096257 ], [ 32.242888748700011, 46.476044903442684 ], [ 32.240814676312716, 46.475311184245761 ], [ 32.220730015104401, 46.476976027249144 ], [ 32.217627067673199, 46.475334909163251 ], [ 32.212922399143359, 46.47638258548713 ], [ 32.208251488247853, 46.475090396947564 ], [ 32.202741482805621, 46.477752010793253 ], [ 32.19649174776734, 46.477528281706697 ], [ 32.193857362342854, 46.479489662763278 ], [ 32.187610150118907, 46.479085473604073 ], [ 32.181601966241999, 46.480122594919642 ], [ 32.177927493173819, 46.481896168826651 ], [ 32.17528135410226, 46.484577006656259 ], [ 32.166666823345906, 46.485594519301266 ], [ 32.161164817086785, 46.487534215731714 ], [ 32.160322205206008, 46.491487865188503 ], [ 32.156951364570887, 46.490383114230802 ], [ 32.150955377406696, 46.490518752765063 ], [ 32.134742764185539, 46.49399709691675 ], [ 32.125868321955814, 46.494829577297551 ], [ 32.124550917388554, 46.495719462533742 ], [ 32.096134092481584, 46.496218390516965 ], [ 32.092503697652312, 46.495109688520621 ], [ 32.091506288765387, 46.492401883869682 ], [ 32.076723397907458, 46.488143674233321 ], [ 32.071236383957974, 46.488999211020193 ], [ 32.06986914988898, 46.492767943924271 ], [ 32.068826834587547, 46.492759462528184 ], [ 32.062352585036351, 46.490366664963894 ], [ 32.05273975276495, 46.488667518284906 ], [ 32.044204403993881, 46.484996651591658 ], [ 32.036102251693933, 46.486368596727971 ], [ 32.022595818051244, 46.483914060712792 ], [ 32.020241328811977, 46.484433893548299 ], [ 32.019173310174381, 46.485864682218946 ], [ 32.001453228290835, 46.485891335190082 ], [ 31.99518037430656, 46.486916352649551 ], [ 31.993857737974551, 46.487984681856219 ], [ 31.977933895848299, 46.489463421723855 ], [ 31.97373792354384, 46.490865789947449 ], [ 31.972661786045176, 46.492656056471333 ], [ 31.966675484049549, 46.492242141517622 ], [ 31.961443568295675, 46.493274708413011 ], [ 31.951205134276794, 46.497141118460519 ], [ 31.940485997022808, 46.498842246607737 ], [ 31.939401612236722, 46.500992107631689 ], [ 31.935467909109935, 46.502215509654754 ], [ 31.928417216145533, 46.502869636775031 ], [ 31.926821647780702, 46.50447460932039 ], [ 31.91869951580432, 46.506558018955786 ], [ 31.916628757615751, 46.505818452540908 ], [ 31.912969192744466, 46.506323706678813 ], [ 31.910830224087487, 46.509003244528245 ], [ 31.906927788371341, 46.508606029813699 ], [ 31.904567554131667, 46.509303418128603 ], [ 31.898977727118616, 46.515009499856227 ], [ 31.886983206553673, 46.515073396485988 ], [ 31.886843803218174, 46.509132289318579 ], [ 31.87905785132418, 46.507436311557413 ], [ 31.874336733502311, 46.508829883356576 ], [ 31.872988896491062, 46.510976520282433 ], [ 31.867220956756771, 46.512539470255355 ], [ 31.864841321919236, 46.514135808896548 ], [ 31.862242194170051, 46.513749997639238 ], [ 31.849428014118736, 46.515601722546791 ], [ 31.845472231986051, 46.51772176836424 ], [ 31.843670382745888, 46.516623610859142 ], [ 31.839499601442931, 46.5165813670204 ], [ 31.837103628772443, 46.518896932123447 ], [ 31.830337432967465, 46.518287958222359 ], [ 31.819291407525771, 46.522674268680426 ], [ 31.815159325022744, 46.520831613189216 ], [ 31.811509646385236, 46.520793745913288 ], [ 31.805964171704588, 46.523975848850263 ], [ 31.800477475188735, 46.524458413679511 ], [ 31.797040607301881, 46.52658222448779 ], [ 31.792327757808, 46.527432519590946 ], [ 31.79018205364012, 46.530109726544417 ], [ 31.783643636946103, 46.530940338599059 ], [ 31.776555257923238, 46.533024640591954 ], [ 31.77180097229661, 46.535673567740517 ], [ 31.768835010654218, 46.539961488740744 ], [ 31.76307336661629, 46.540979275495687 ], [ 31.760954350033078, 46.542396275126002 ], [ 31.753342033832553, 46.544473459511835 ], [ 31.73692013876061, 46.543933302518262 ], [ 31.725230763548218, 46.54182370260515 ], [ 31.712204417584452, 46.5411377973942 ], [ 31.70851938066761, 46.542536183310638 ], [ 31.695805610199251, 46.539692032179268 ], [ 31.693454364623701, 46.539845188955411 ], [ 31.690111959318543, 46.537827042415358 ], [ 31.685922430038424, 46.538498952913322 ], [ 31.680720249234426, 46.53789908702106 ], [ 31.676918135606769, 46.533355354949762 ], [ 31.668596540512876, 46.532358821928689 ], [ 31.66335983090039, 46.533197703482983 ], [ 31.661238568187226, 46.53461283322482 ], [ 31.652629651616252, 46.534691730114695 ], [ 31.639268954799451, 46.537053446261901 ], [ 31.635105956531781, 46.536643855646005 ], [ 31.633001900987772, 46.537338696795892 ], [ 31.611624962991211, 46.53690119973799 ], [ 31.600948212698221, 46.536231113686931 ], [ 31.595765830080502, 46.534907651719962 ], [ 31.581700188454352, 46.534194107522261 ], [ 31.566222386870056, 46.537600973891095 ], [ 31.544876153411799, 46.54579103526288 ], [ 31.557641623143116, 46.536593114452188 ], [ 31.578573616484121, 46.524075681384979 ], [ 31.595480009862026, 46.515644882142254 ], [ 31.615865006664727, 46.503473866301995 ], [ 31.63282243945546, 46.492518233929182 ], [ 31.654334469180149, 46.476213932174822 ], [ 31.656625484209755, 46.478400799403587 ], [ 31.660762147694026, 46.479709277923526 ], [ 31.663110874169924, 46.479556765337186 ], [ 31.664978246995737, 46.477778638311484 ], [ 31.664258488241487, 46.475250313715776 ], [ 31.671881862399861, 46.472459194613187 ], [ 31.673761819218459, 46.470141085487931 ], [ 31.677802399302376, 46.475407710012568 ], [ 31.682712079005423, 46.477084317932103 ], [ 31.688459712665896, 46.476430403497211 ], [ 31.691385250259096, 46.473943999187561 ], [ 31.694519324660387, 46.473619831452886 ], [ 31.696394072175263, 46.471481286445133 ], [ 31.698994226995033, 46.47169089136932 ], [ 31.700992150270189, 46.475313488160481 ], [ 31.707943728941476, 46.478812128262454 ], [ 31.710185985049176, 46.483157295067478 ], [ 31.716702761098727, 46.483050614905871 ], [ 31.722379030423472, 46.485454090023694 ], [ 31.720744228018265, 46.488495708483967 ], [ 31.721492076552295, 46.489944020968146 ], [ 31.724841177924034, 46.491601355676586 ], [ 31.723987993041479, 46.494651729861495 ], [ 31.72731646381192, 46.497208727361006 ], [ 31.728291611854324, 46.500099469018565 ], [ 31.73216690938396, 46.501582442099327 ], [ 31.736853394454982, 46.501814292895894 ], [ 31.741577295945401, 46.500426423991023 ], [ 31.741895999572822, 46.497910024037225 ], [ 31.739584094851928, 46.496444620773239 ], [ 31.740651294542868, 46.495376416981841 ], [ 31.742677724496957, 46.497918620976101 ], [ 31.746586354477255, 46.49796152555065 ], [ 31.749580575762899, 46.492414506807791 ], [ 31.751359114007933, 46.494413866987315 ], [ 31.754208827843062, 46.495164918587278 ], [ 31.756252301058797, 46.496987093793635 ], [ 31.75964383175813, 46.496843933961387 ], [ 31.766886962121891, 46.499262172986583 ], [ 31.771060363593953, 46.499127102046444 ], [ 31.772868254068534, 46.499866487577776 ], [ 31.781792557271558, 46.497082004773326 ], [ 31.784919458689206, 46.49711526936327 ], [ 31.790688033854433, 46.495556473117901 ], [ 31.792828337604462, 46.493059178892452 ], [ 31.795173349784825, 46.493083907452451 ], [ 31.795662680616047, 46.494529007782802 ], [ 31.797731328939559, 46.495270746190911 ], [ 31.802425505810845, 46.495140004132487 ], [ 31.806104965226154, 46.493738528300639 ], [ 31.813144047985499, 46.493631801410132 ], [ 31.823512197456552, 46.496258833367499 ], [ 31.825876741427781, 46.495383167317165 ], [ 31.8290692651081, 46.492356014231682 ], [ 31.833521823409562, 46.491321555549611 ], [ 31.834660129624318, 46.486833327480639 ], [ 31.841675377193141, 46.487804562011576 ], [ 31.850027726937554, 46.487168878799793 ], [ 31.849989797328092, 46.488968430258154 ], [ 31.852806576579201, 46.491336631605897 ], [ 31.868100921688871, 46.495268878673656 ], [ 31.871771297843019, 46.494225187505037 ], [ 31.871830845143592, 46.491345885748622 ], [ 31.874183276898577, 46.491009080843085 ], [ 31.883500650697297, 46.494160302341861 ], [ 31.885812703998653, 46.495802786737073 ], [ 31.893934440320955, 46.493721705839043 ], [ 31.896507370579013, 46.495366496493062 ], [ 31.900672984715982, 46.49558660580437 ], [ 31.903036289442444, 46.494709333301721 ], [ 31.903318571932168, 46.493632082864266 ], [ 31.910407879528385, 46.490999948297805 ], [ 31.912078880126529, 46.485616063311042 ], [ 31.911072664291176, 46.48380655518941 ], [ 31.912414733689548, 46.481839399945152 ], [ 31.911430110224558, 46.478950138956591 ], [ 31.909360493944646, 46.478210447273639 ], [ 31.906487823666879, 46.478543002799043 ], [ 31.903908144854281, 46.477258353818236 ], [ 31.9067879705186, 46.476565944571121 ], [ 31.908925836094507, 46.473886458085566 ], [ 31.910763530918199, 46.473184001452466 ], [ 31.910817388084411, 46.470484610520238 ], [ 31.912640607233985, 46.470501960123634 ], [ 31.913910686966862, 46.472133971297112 ], [ 31.918581290257446, 46.473078199435299 ], [ 31.923836871468211, 46.470787858966006 ], [ 31.930373120610984, 46.469589223258168 ], [ 31.935117514104526, 46.466753600424319 ], [ 31.935187700842125, 46.463154379350854 ], [ 31.930514119873912, 46.462390793458617 ], [ 31.930795682823426, 46.461313463200739 ], [ 31.934719504107509, 46.460450111663079 ], [ 31.936046114925272, 46.459202504186855 ], [ 31.936095191281176, 46.456683045581855 ], [ 31.933779730081181, 46.455221529208117 ], [ 31.943150272064212, 46.455488503862192 ], [ 31.950475809931959, 46.453756027170947 ], [ 31.959082195471488, 46.453114710818035 ], [ 31.964340997582223, 46.450462545117134 ], [ 31.964827636516258, 46.452266891742134 ], [ 31.966890237538486, 46.453365507507442 ], [ 31.973403201163993, 46.453244164644346 ], [ 31.974164073156039, 46.454330956075196 ], [ 31.978056430726294, 46.455085780478946 ], [ 31.981451595891507, 46.454576087814949 ], [ 31.984275730066575, 46.456761132279389 ], [ 31.992057869993584, 46.458449929877382 ], [ 31.999659187647058, 46.455816765127082 ], [ 32.005127535620673, 46.455864466712789 ], [ 32.01270510823683, 46.454490184729671 ], [ 32.021626136093346, 46.450786981241407 ], [ 32.025583118670113, 46.447940861817351 ], [ 32.032355720156261, 46.447818373402903 ], [ 32.033441735578677, 46.44530764103726 ], [ 32.031413166143892, 46.442230577964764 ], [ 32.03785446800709, 46.431305299011129 ], [ 32.039768114325142, 46.426101541319206 ], [ 32.040154727097608, 46.418904997211634 ], [ 32.042569203962948, 46.414785354760895 ], [ 32.049149416686745, 46.410520377590878 ], [ 32.051280831110333, 46.407658158380592 ], [ 32.053377774974543, 46.406775560335625 ], [ 32.053932337837793, 46.404800202243564 ], [ 32.064180102361426, 46.398944679850153 ], [ 32.063724487059126, 46.395161045480044 ], [ 32.065869886701279, 46.391398684188204 ], [ 32.064887906735606, 46.387970739976609 ], [ 32.066999208501755, 46.386188028363797 ], [ 32.06600803808719, 46.383300003397423 ], [ 32.060809984516659, 46.383077431864415 ], [ 32.057404479731701, 46.38448937743204 ], [ 32.056952536544088, 46.380525740569354 ], [ 32.048399260850822, 46.378834915651233 ], [ 32.047152310273432, 46.375764597693646 ], [ 32.045354124890174, 46.374489625968202 ], [ 32.041723377459476, 46.373919267464899 ], [ 32.039367500716402, 46.374799480876455 ], [ 32.036554815322141, 46.372075872695198 ], [ 32.027461160489239, 46.371638897526566 ], [ 32.022822911693687, 46.369259400717539 ], [ 32.018130243355266, 46.369939187012882 ], [ 32.007747673314121, 46.354549843406438 ], [ 32.004125193296886, 46.353618365456796 ], [ 32.000216674292751, 46.354124247470708 ], [ 31.982662834304708, 46.34748951567029 ], [ 31.964559601424138, 46.342647077765001 ], [ 31.958381160925551, 46.339531002282563 ], [ 31.951348253783198, 46.340366703113972 ], [ 31.948784302212569, 46.338543183588847 ], [ 31.943854358516475, 46.338137755989194 ], [ 31.930146413959697, 46.334770353232827 ], [ 31.903435870442529, 46.331997327972118 ], [ 31.898532177101423, 46.330330210851216 ], [ 31.894620788251835, 46.331012454130828 ], [ 31.883983844543874, 46.330189129221289 ], [ 31.879805151614192, 46.331228252141003 ], [ 31.863972614100138, 46.33035204229332 ], [ 31.841325441175691, 46.332284749774296 ], [ 31.834834355861695, 46.332038785100501 ], [ 31.828893654814454, 46.330358105783226 ], [ 31.824733220738107, 46.330495412670473 ], [ 31.822705129201925, 46.328134570642263 ], [ 31.817013359877212, 46.326995829928379 ], [ 31.814977957062347, 46.324994770024844 ], [ 31.811604980228015, 46.324779761354968 ], [ 31.809821800118456, 46.323141226899416 ], [ 31.804386650822696, 46.322184525354942 ], [ 31.804177881766233, 46.319842361596599 ], [ 31.802135356765881, 46.318200992608084 ], [ 31.797716070868695, 46.318334603224045 ], [ 31.796110343725204, 46.320477688774595 ], [ 31.791466792282566, 46.318988709083882 ], [ 31.786611512724953, 46.315337309074934 ], [ 31.784341862087022, 46.312253219153327 ], [ 31.784669283662875, 46.309196719655901 ], [ 31.783139110608314, 46.307920450635059 ], [ 31.779515651088371, 46.307341829020956 ], [ 31.772468287325754, 46.308886368458133 ], [ 31.768897338435398, 46.305967986909877 ], [ 31.766049109758189, 46.305577282378479 ], [ 31.766069329321798, 46.30467750520981 ], [ 31.771550357495222, 46.303476537868548 ], [ 31.772142090817564, 46.300242909759518 ], [ 31.778868700183196, 46.301394951508442 ], [ 31.782020358987609, 46.299808579199834 ], [ 31.781652774213224, 46.292964689128176 ], [ 31.778301922843788, 46.291848933246634 ], [ 31.777068019724769, 46.288955748735255 ], [ 31.779448268102879, 46.287001190886237 ], [ 31.779536204123723, 46.283042137446309 ], [ 31.784535477936647, 46.2800354035423 ], [ 31.786415867551707, 46.277175383341181 ], [ 31.787107094366192, 46.281142714737143 ], [ 31.788888251521541, 46.282781595522714 ], [ 31.792777668628826, 46.283002733192177 ], [ 31.795164993060855, 46.280687922054796 ], [ 31.800627300791071, 46.280205359813827 ], [ 31.802432364585112, 46.280764282094083 ], [ 31.802908344776952, 46.282749263677765 ], [ 31.805740029996862, 46.283858877619501 ], [ 31.806491363496992, 46.285126721021271 ], [ 31.809338842413826, 46.285516411923751 ], [ 31.812496495646034, 46.283569259816915 ], [ 31.812295272874216, 46.280867174892961 ], [ 31.815932866678633, 46.28072490883261 ], [ 31.818826602057513, 46.278954846631983 ], [ 31.819426860290655, 46.275181051684541 ], [ 31.816335816440784, 46.274069090002307 ], [ 31.818706295268669, 46.272473610128934 ], [ 31.820732205929801, 46.274834524668499 ], [ 31.823827234486384, 46.275766408389558 ], [ 31.824044412123062, 46.27774864005837 ], [ 31.82635335031587, 46.279032365398486 ], [ 31.827326249036499, 46.282102343190068 ], [ 31.832738754418003, 46.283957729951808 ], [ 31.837433817179583, 46.282925573958309 ], [ 31.838544332902167, 46.279516869266004 ], [ 31.847414238371538, 46.277446643043696 ], [ 31.84954704307053, 46.274768130124897 ], [ 31.857336567458972, 46.274666253336619 ], [ 31.861222002284283, 46.275065022275044 ], [ 31.863783805887767, 46.276710509278125 ], [ 31.867680557693294, 46.276569171890763 ], [ 31.868774254311322, 46.27388000388293 ], [ 31.870868922517303, 46.27300071291301 ], [ 31.873011482862339, 46.269781858032381 ], [ 31.880160311058024, 46.275612099942336 ], [ 31.881677230766574, 46.277606944582843 ], [ 31.88187453587453, 46.280668866679079 ], [ 31.884455489610893, 46.281414078108881 ], [ 31.890773774952191, 46.289935523776812 ], [ 31.889709913744202, 46.291185191081816 ], [ 31.887691356971494, 46.288285582508102 ], [ 31.883300229185444, 46.287162779692729 ], [ 31.87991826228123, 46.287489693931462 ], [ 31.876736980843397, 46.290698468018768 ], [ 31.872539014761831, 46.292817135480611 ], [ 31.872487303506965, 46.295336613068947 ], [ 31.874264108290792, 46.297334111975786 ], [ 31.869831814223662, 46.298190377722214 ], [ 31.868248029172936, 46.29943470319909 ], [ 31.868181273584753, 46.302674022756975 ], [ 31.873289538269688, 46.306864451448675 ], [ 31.872589108384613, 46.315677477401493 ], [ 31.873539355428928, 46.320006805128614 ], [ 31.876367039319607, 46.321474616600185 ], [ 31.880007197908494, 46.321330335373062 ], [ 31.881587693237176, 46.320265817369709 ], [ 31.887990130565274, 46.324828223137935 ], [ 31.896800474698072, 46.325993562636242 ], [ 31.897778107420862, 46.329062958088315 ], [ 31.902973845487864, 46.329112929108078 ], [ 31.9066825905734, 46.325548494089276 ], [ 31.906988961028603, 46.323211448117938 ], [ 31.905498597634612, 46.319777225037328 ], [ 31.906331617911132, 46.317085222342598 ], [ 31.904058719807676, 46.313823486899437 ], [ 31.90464996502936, 46.310229183305303 ], [ 31.902651512416664, 46.306250050225827 ], [ 31.90007635290225, 46.305145312304617 ], [ 31.90195524376632, 46.302103394515079 ], [ 31.904039702677998, 46.30176339775069 ], [ 31.905373862187741, 46.299976191170948 ], [ 31.909791482963598, 46.299838403253631 ], [ 31.912334517863197, 46.302562606668339 ], [ 31.922713982392434, 46.303020877949969 ], [ 31.923194496583712, 46.305005390097861 ], [ 31.925766603328455, 46.30628957676192 ], [ 31.93226564318342, 46.305990459384759 ], [ 31.933616468658343, 46.303303087452562 ], [ 31.931858300280517, 46.300226696698005 ], [ 31.942303367135867, 46.297263825628285 ], [ 31.944449653912628, 46.293683684034654 ], [ 31.948901129994894, 46.291744707930803 ], [ 31.948969986655513, 46.288145360198634 ], [ 31.951986882325926, 46.27971309230864 ], [ 31.955374819075899, 46.279024101785595 ], [ 31.957239503682207, 46.276521133354002 ], [ 31.961945272540813, 46.274763963611541 ], [ 31.962498308829538, 46.272968988829511 ], [ 31.966920416071257, 46.272469035769547 ], [ 31.968757345933486, 46.271405623028414 ], [ 31.969347233539629, 46.267630950640644 ], [ 31.967578025647622, 46.265094991096362 ], [ 31.975632292526434, 46.26462744433659 ], [ 31.981401051466381, 46.261438992566177 ], [ 31.983723016330039, 46.262179656680821 ], [ 31.991251183503003, 46.262066331077257 ], [ 31.993888762965668, 46.259749576225303 ], [ 31.994332008791957, 46.263893471358891 ], [ 31.99714697939087, 46.266078195414359 ], [ 32.001804865247074, 46.266838958265851 ], [ 32.006501903315439, 46.265439875968092 ], [ 32.008623286338633, 46.262938296018845 ], [ 32.008688165823592, 46.259338863093276 ], [ 32.006155289976171, 46.255896874081898 ], [ 32.014973379466525, 46.256153192951345 ], [ 32.019588984229607, 46.259252866463363 ], [ 32.023734066643726, 46.259648338343361 ], [ 32.027126264978179, 46.258597257059975 ], [ 32.03110065489048, 46.253951012827763 ], [ 32.0334198285694, 46.254870644330175 ], [ 32.037324136467547, 46.254183588413731 ], [ 32.040428050823834, 46.254749683195719 ], [ 32.041915773608054, 46.258722157186348 ], [ 32.046307975315592, 46.259838880075328 ], [ 32.055936243823673, 46.258298796429919 ], [ 32.057264414852206, 46.256509758716184 ], [ 32.065106242485768, 46.253154158281539 ], [ 32.066440097836285, 46.251005059236149 ], [ 32.073960590403779, 46.25124622437815 ], [ 32.078087396645792, 46.252719577212844 ], [ 32.081466132729318, 46.252386774033162 ], [ 32.083052762999976, 46.250599511821527 ], [ 32.082319497725983, 46.247893628489685 ], [ 32.084418798784178, 46.246470460322385 ], [ 32.089106082008485, 46.245427903360209 ], [ 32.090429888644792, 46.243818442601999 ], [ 32.090492349203679, 46.240038935614315 ], [ 32.08636913703598, 46.238386055471025 ], [ 32.087552809122855, 46.22957548761525 ], [ 32.090938983806289, 46.228702461668419 ], [ 32.092274194901997, 46.22637306330995 ], [ 32.097988024082127, 46.225878288261342 ], [ 32.102422789315106, 46.2242931879723 ], [ 32.104803372237562, 46.221431842586782 ], [ 32.104596743972252, 46.218190209217042 ], [ 32.105648473408799, 46.217298437681265 ], [ 32.111585690303421, 46.218964740846822 ], [ 32.115742900675805, 46.218456970356641 ], [ 32.124644292500257, 46.213125449311967 ], [ 32.125738441234482, 46.209533801104357 ], [ 32.12371317842846, 46.206458274575361 ], [ 31.499854851824704, 46.19997324143381 ], [ 31.488083700877471, 46.627490569692569 ], [ 31.496475983099007, 46.626341254205109 ], [ 31.517255461515504, 46.621212781742273 ], [ 31.532078859510886, 46.614024356234353 ], [ 31.535284944758533, 46.611365594420661 ], [ 31.538427783904595, 46.611045814434185 ], [ 31.541111218357848, 46.608380209068372 ], [ 31.544529396512207, 46.607523800373457 ], [ 31.548266237254481, 46.60451144357733 ], [ 31.554004883074583, 46.604764124590474 ], [ 31.554929508420464, 46.609275580341318 ], [ 31.556709323916802, 46.611097958978903 ], [ 31.555849494673343, 46.613966957115977 ], [ 31.558417627222642, 46.615619266936847 ], [ 31.562689996519612, 46.621972696427768 ], [ 31.573421975214348, 46.631106551152911 ], [ 31.576523294984831, 46.632405116137356 ], [ 31.579401228965779, 46.632260902957974 ], [ 31.581700329993044, 46.634269321258472 ], [ 31.585329158327152, 46.635394195558774 ], [ 31.587889838889421, 46.637405722531597 ], [ 31.588076167594284, 46.640287858344415 ], [ 31.589601527141951, 46.641926582306226 ], [ 31.603056846473159, 46.647131392420555 ], [ 31.627525934360317, 46.651027365556793 ], [ 31.64136123492953, 46.651732484839819 ], [ 31.659692510465483, 46.650328824972199 ], [ 31.697252919141409, 46.642663215101166 ], [ 31.725483146708843, 46.63128191549557 ], [ 31.735467937241228, 46.628872872236826 ], [ 31.740186283080025, 46.628204974306222 ], [ 31.751666679272724, 46.62887079823625 ], [ 31.772358857238416, 46.626574878182367 ], [ 31.78659612875089, 46.620787130178861 ], [ 31.796430856149623, 46.613151475050778 ], [ 31.81221047697559, 46.620156011286731 ], [ 31.815079397001593, 46.620365753392683 ], [ 31.830644978462452, 46.625385634782809 ], [ 31.85121473611979, 46.62865386173825 ], [ 31.869148499655807, 46.633152279821807 ], [ 31.880049875892475, 46.636679307305151 ], [ 31.888325228059873, 46.640899758587707 ], [ 31.896024362007743, 46.647813872612431 ], [ 31.901590985646276, 46.656866860127032 ], [ 31.900715746028226, 46.661358151612347 ], [ 31.898010586431003, 46.665831821836306 ], [ 31.897525978846296, 46.676806394093084 ], [ 31.900266809959795, 46.683492301501069 ], [ 31.904595576257172, 46.689293414028803 ], [ 31.904715194840943, 46.696314047493495 ], [ 31.906912914403776, 46.704074490576815 ], [ 31.906723972882453, 46.713431977485492 ], [ 31.913610906703965, 46.722316892323036 ], [ 31.914825427205031, 46.727008049878322 ], [ 31.907229099299038, 46.727295727215008 ], [ 31.896356556318555, 46.73421081997958 ], [ 31.895000140333298, 46.736537542207287 ], [ 31.890764383596395, 46.73883637181104 ], [ 31.889942206763273, 46.740628253807444 ], [ 31.884890928389343, 46.744358833892022 ], [ 31.881391084026927, 46.749004292426754 ], [ 31.880531173233564, 46.752595587082119 ], [ 31.873312203539438, 46.759724138533663 ], [ 31.86973883259137, 46.767788217558717 ], [ 31.8709053508876, 46.77463914877454 ], [ 31.869976532213215, 46.781469388321064 ], [ 31.871083139668833, 46.791199454777242 ], [ 31.874795573900546, 46.801675079229625 ], [ 31.878640329344115, 46.80585243927122 ], [ 31.880860864714798, 46.812533562061262 ], [ 31.887103102468409, 46.814934215830043 ], [ 31.893744659499063, 46.823457811214716 ], [ 31.89762920885466, 46.825835070743771 ], [ 31.904820113493496, 46.833283398514155 ], [ 31.909492514403947, 46.835667786152086 ], [ 31.908101220938502, 46.839614135431631 ], [ 31.909361426468777, 46.842145903952378 ], [ 31.910916744637678, 46.843060625563844 ], [ 31.918769962814743, 46.843855011842471 ], [ 31.921888274803813, 46.845324284936353 ], [ 31.925815105954094, 46.845721170666174 ], [ 31.939339784775335, 46.8516067270251 ], [ 31.948152553422773, 46.85708750827385 ], [ 31.952493107198702, 46.863246689008172 ], [ 31.960332553239788, 46.864937997522581 ], [ 31.965752366968854, 46.869666612779113 ], [ 31.968307288019041, 46.873289293679811 ], [ 31.974768075562984, 46.878566794211601 ], [ 31.986050700108574, 46.892705787786781 ], [ 31.989485712948486, 46.905514762746037 ], [ 31.9915356141166, 46.908232540418794 ], [ 31.991663187817064, 46.915432859545156 ], [ 31.988322130229637, 46.925482241263687 ], [ 31.984832710692519, 46.929410898736492 ], [ 31.98326002335499, 46.929216962536366 ], [ 31.980162505232808, 46.926309739376791 ], [ 31.975216460733513, 46.923925836648401 ], [ 31.966078966137768, 46.92096400065406 ], [ 31.956897085254532, 46.920340765351327 ], [ 31.952673878126873, 46.921382084447231 ], [ 31.944812349515807, 46.920409992066588 ], [ 31.937440794981718, 46.921241706416843 ], [ 31.924244078068, 46.924358091551589 ], [ 31.916824526850007, 46.927527763844388 ], [ 31.909090264036248, 46.933213670047287 ], [ 31.90021503480774, 46.943207598961649 ], [ 31.900156062484299, 46.946086700113746 ], [ 31.905064041005229, 46.950273265563858 ], [ 31.906808209305826, 46.954969386653616 ], [ 31.915258800037655, 46.966028467083511 ], [ 31.925355207173155, 46.973862751096839 ], [ 31.932122417177744, 46.977345654841741 ], [ 31.935728207476153, 46.981158768166573 ], [ 31.94460415051406, 46.98448053204028 ], [ 31.951629887280191, 46.988324611384527 ], [ 31.953158504084239, 46.990858284880005 ], [ 31.952839282200117, 46.993735006915507 ], [ 31.954382148262031, 46.995548882003625 ], [ 31.953985691448189, 47.002384400547093 ], [ 31.95186379662788, 47.003264882638362 ], [ 31.945294858236124, 47.002844607657202 ], [ 31.93719777769758, 46.99989009832553 ], [ 31.936440847422542, 46.998263273010139 ], [ 31.93150095934698, 46.995337640352652 ], [ 31.913737331955431, 46.989231225841394 ], [ 31.899059150516642, 46.986751314242198 ], [ 31.889863173212436, 46.986302563312471 ], [ 31.879315003565985, 46.987639626225601 ], [ 31.869776451518057, 46.990965446076594 ], [ 31.861227515514042, 46.99717996313688 ], [ 31.853156445839915, 47.005558356494689 ], [ 31.852541722238424, 47.009691680522756 ], [ 31.846309115998164, 47.01808798657612 ], [ 31.842105760992077, 47.029924043992182 ], [ 31.84360310879908, 47.033718688823221 ], [ 31.843246596786464, 47.038034528700472 ], [ 31.846230454031478, 47.046163575009551 ], [ 31.854682499599715, 47.057226969304814 ], [ 31.855662538473542, 47.060656310000581 ], [ 31.849548236337231, 47.06329468541125 ], [ 31.849222946640761, 47.066171029816871 ], [ 31.852623220445849, 47.06728500299559 ], [ 31.854691452767291, 47.069105463184137 ], [ 31.859939403388857, 47.070057706469541 ], [ 31.863897480599089, 47.069737090687376 ], [ 31.868416509977063, 47.067802102027294 ], [ 31.868767428412319, 47.063666128308235 ], [ 31.874511480262893, 47.066062409820809 ], [ 31.878988321769366, 47.066106321182836 ], [ 31.882603686721488, 47.069561190539389 ], [ 31.883089054960095, 47.071545655629521 ], [ 31.888274151984284, 47.075555566634463 ], [ 31.888756040216428, 47.077719946803043 ], [ 31.890840850880178, 47.078820008791681 ], [ 31.890521407719689, 47.081516541738623 ], [ 31.891548963676559, 47.082786317556376 ], [ 31.890669023583349, 47.087097197454007 ], [ 31.887101757258602, 47.093901632112825 ], [ 31.887839748541246, 47.096428446987055 ], [ 31.88193364235563, 47.101590204844321 ], [ 31.875025294533536, 47.104222172583277 ], [ 31.873409936516282, 47.105826064365722 ], [ 31.855443064143831, 47.107807614097709 ], [ 31.839005369699866, 47.112141525108008 ], [ 31.829674018468662, 47.116905861294342 ], [ 31.826415978350106, 47.12119190534154 ], [ 31.822298993600864, 47.128528584072249 ], [ 31.821545121926608, 47.138779338879431 ], [ 31.823079653327785, 47.140954800752233 ], [ 31.827523133399033, 47.14280010820012 ], [ 31.830424030041975, 47.142829766279647 ], [ 31.833269809889885, 47.145378418013379 ], [ 31.833478424455762, 47.147900170291663 ], [ 31.836320689951652, 47.150628680922381 ], [ 31.837289373656517, 47.15459792829683 ], [ 31.83909662149728, 47.156415990036734 ], [ 31.840030358282402, 47.162004612021001 ], [ 31.836762462796152, 47.166650766366331 ], [ 31.833840570301785, 47.167520920902795 ], [ 31.832446442356883, 47.170926200956835 ], [ 31.830587591725255, 47.171447157251613 ], [ 31.828121807571552, 47.175561327758537 ], [ 31.81979401649512, 47.182134811232707 ], [ 31.819474255178338, 47.184651129204354 ], [ 31.814715616450201, 47.184961934686584 ], [ 31.813595763520066, 47.187829898568133 ], [ 31.81013238328757, 47.189233754659412 ], [ 31.801909582665935, 47.190947771748689 ], [ 31.7960497069189, 47.193225973593421 ], [ 31.78491394756367, 47.195268063552255 ], [ 31.783557068809159, 47.196873412370266 ], [ 31.756710209371651, 47.204503958137593 ], [ 31.745988427395378, 47.211226027944356 ], [ 31.740809647921324, 47.218008150303135 ], [ 31.734728733602385, 47.240437575604638 ], [ 31.7366668812911, 47.247837772226298 ], [ 31.734518756703221, 47.249253831964978 ], [ 31.734475892042088, 47.251053066194729 ], [ 31.73682842996541, 47.252158851730705 ], [ 31.741056453728216, 47.252205388166878 ], [ 31.74156790603368, 47.252930889603526 ], [ 31.745378733601104, 47.259451622305995 ], [ 31.747020711554349, 47.268288134797487 ], [ 31.749046332216473, 47.272089640188199 ], [ 31.752986247823092, 47.273212407684021 ], [ 31.755940572611401, 47.271264852754399 ], [ 31.763233334765822, 47.276023020537842 ], [ 31.772151258499228, 47.279178417649348 ], [ 31.773964570206939, 47.28081756149902 ], [ 31.773927153249222, 47.282436887650412 ], [ 31.766956449140626, 47.286501387041689 ], [ 31.764228375081817, 47.290071387011785 ], [ 31.760748588679519, 47.291833499682554 ], [ 31.755992694716905, 47.291601996375611 ], [ 31.749180663215558, 47.28882829625389 ], [ 31.744143627143572, 47.289313109265521 ], [ 31.740394518219915, 47.29125162225121 ], [ 31.733845951214256, 47.299638010799057 ], [ 31.725508477966109, 47.305304597250625 ], [ 31.719537064082743, 47.311536944720942 ], [ 31.716765289093324, 47.316725038387126 ], [ 31.716916596244324, 47.321405921407901 ], [ 31.719167463917252, 47.326830160635602 ], [ 31.71619994736734, 47.329136545556032 ], [ 31.693392871999563, 47.330858428638855 ], [ 31.676743177082098, 47.329767539574682 ], [ 31.669292826595196, 47.331300985724575 ], [ 31.663411766311967, 47.333572136426106 ], [ 31.651588587589945, 47.340452405164569 ], [ 31.636924595237243, 47.344418202131138 ], [ 31.629433814636343, 47.347388324970325 ], [ 31.624003906104807, 47.352542341531809 ], [ 31.620004668026347, 47.353574064170147 ], [ 31.619660152433347, 47.356629376124424 ], [ 31.6068991404446, 47.368532831848079 ], [ 31.595855382937788, 47.375416807592138 ], [ 31.561459954116668, 47.383448739063297 ], [ 31.547210483716512, 47.381289353054541 ], [ 31.530158559033971, 47.384671294972705 ], [ 31.524540650960606, 47.386578757260104 ], [ 31.516126802920951, 47.393668848169483 ], [ 31.513280085297826, 47.400650698444373 ], [ 31.513918122001556, 47.406237966734061 ], [ 31.515957224811235, 47.409143865255587 ], [ 31.519081874049807, 47.411163920051969 ], [ 31.518700800596029, 47.415298241950843 ], [ 31.508991692764209, 47.42111127062973 ], [ 31.499933338401345, 47.422612785208095 ], [ 31.489440969360345, 47.427874003071459 ], [ 31.483412322561463, 47.434633140204191 ], [ 31.481078937570736, 47.441980880601072 ], [ 31.478302691733276, 47.446263257759327 ], [ 31.472385109417491, 47.449064014452453 ], [ 31.464631316946701, 47.451120020293544 ], [ 31.464484660478174, 47.456157115428006 ], [ 31.481329624001617, 47.451702392703702 ], [ 31.485946827110801, 47.447984175527388 ], [ 31.489703491191499, 47.437235738747582 ], [ 31.49435988099696, 47.43207795938153 ], [ 31.502986726515125, 47.427151878920355 ], [ 31.509639629002933, 47.426338739449264 ], [ 31.515792497218634, 47.424438939013406 ], [ 31.524706312140527, 47.418615104064095 ], [ 31.527472296119669, 47.414511429018155 ], [ 31.527832618961124, 47.411096681200931 ], [ 31.525297928383438, 47.406924849716681 ], [ 31.521123395916419, 47.404531486515758 ], [ 31.520979283061749, 47.400210406308389 ], [ 31.525404516243977, 47.393608621625319 ], [ 31.529728549602371, 47.390604720238443 ], [ 31.533747264045335, 47.389036492371623 ], [ 31.548391612942851, 47.386523387751573 ], [ 31.557344275467702, 47.388616072490976 ], [ 31.564771622241878, 47.388349386197142 ], [ 31.574386128421615, 47.385589897509774 ], [ 31.593559533615274, 47.38204746371477 ], [ 31.601847081636869, 47.379269381245329 ], [ 31.614782449373806, 47.370967968150133 ], [ 31.634338077749742, 47.352306018164128 ], [ 31.643965535519612, 47.348641005321944 ], [ 31.647100824030034, 47.35029777565596 ], [ 31.650825407622573, 47.349621811410117 ], [ 31.654047896100188, 47.347860020665927 ], [ 31.654632204979585, 47.345707261703986 ], [ 31.674737702429411, 47.335863297914706 ], [ 31.680053371783455, 47.33502480463779 ], [ 31.689819054319464, 47.336216680713079 ], [ 31.710745270552064, 47.335734140520998 ], [ 31.721379691506677, 47.333873634041289 ], [ 31.724872215046691, 47.331752928003745 ], [ 31.727331849947305, 47.328540838451524 ], [ 31.727392361714788, 47.32602195154719 ], [ 31.724620160459509, 47.320232136095207 ], [ 31.72496267589236, 47.316996509809769 ], [ 31.730123216727666, 47.311474778040619 ], [ 31.740355567158606, 47.304029015186771 ], [ 31.747449603376527, 47.294928347897546 ], [ 31.748784664115433, 47.294403025650162 ], [ 31.751911644759065, 47.296416790185276 ], [ 31.756911336441366, 47.297550953341762 ], [ 31.764858304085354, 47.297096981632961 ], [ 31.768065477149023, 47.295691753242536 ], [ 31.775095488087135, 47.289108254042205 ], [ 31.779111768513374, 47.286991484473312 ], [ 31.783619440447943, 47.2864995162669 ], [ 31.783949853349004, 47.28362351198998 ], [ 31.78159493289035, 47.282518678421809 ], [ 31.781904775396164, 47.280542307347687 ], [ 31.779880615582094, 47.276561438381741 ], [ 31.769674221251201, 47.271953054466977 ], [ 31.760573132505947, 47.265376045066745 ], [ 31.755148993133265, 47.259918133015205 ], [ 31.751596956839016, 47.25358051851169 ], [ 31.751391912528522, 47.25105869553866 ], [ 31.747845138422637, 47.244541040164123 ], [ 31.745943752466186, 47.235521693166916 ], [ 31.751372954466561, 47.218123768971147 ], [ 31.754085451547425, 47.215093782421121 ], [ 31.758310556161646, 47.215139655023258 ], [ 31.765557371877321, 47.210178763328599 ], [ 31.766391234038011, 47.208388027333349 ], [ 31.783652434481485, 47.204253277234379 ], [ 31.807327636243016, 47.196583444368684 ], [ 31.819538699017063, 47.193650401945504 ], [ 31.819490809399419, 47.195809572497488 ], [ 31.82129483127137, 47.197807840108595 ], [ 31.824454758973776, 47.198200253580829 ], [ 31.828970339238666, 47.196986698779696 ], [ 31.838867395321824, 47.191148367738073 ], [ 31.849096224210765, 47.182073012989889 ], [ 31.853551776651269, 47.183557468611475 ], [ 31.857269856361135, 47.182514785726269 ], [ 31.85757623822542, 47.180538147207855 ], [ 31.85525135836329, 47.178175297835402 ], [ 31.855320972103204, 47.174936490590802 ], [ 31.861713189559978, 47.159882487379441 ], [ 31.858663136023846, 47.154452948534015 ], [ 31.850427920615381, 47.144832014532149 ], [ 31.850245671489258, 47.141050743336869 ], [ 31.848465748729392, 47.137973312418659 ], [ 31.849097979773077, 47.133120378238999 ], [ 31.847814601514617, 47.131487711466683 ], [ 31.845976742415605, 47.131109261112286 ], [ 31.846380484528407, 47.124634267948991 ], [ 31.849323098004007, 47.122684154717902 ], [ 31.850156610306069, 47.120712810886005 ], [ 31.85839399605149, 47.11773565298693 ], [ 31.862088189701254, 47.117592441186439 ], [ 31.865312557388648, 47.114744844020208 ], [ 31.87581798897434, 47.116648182535215 ], [ 31.881138891784289, 47.114360622031953 ], [ 31.887988289240518, 47.114607302801687 ], [ 31.896991065850507, 47.112714642962011 ], [ 31.901523692774312, 47.110238566910333 ], [ 31.909032186547421, 47.104011236301211 ], [ 31.915301807256494, 47.093812241818789 ], [ 31.917273848916256, 47.087531787272219 ], [ 31.916618491397948, 47.080866517732382 ], [ 31.915125642236617, 47.076532983565066 ], [ 31.910256818484825, 47.069827671851883 ], [ 31.907645230608235, 47.068722938269303 ], [ 31.906116619466996, 47.066188690619299 ], [ 31.900919970209888, 47.062719397917043 ], [ 31.888915288470734, 47.057384255892138 ], [ 31.880339353417792, 47.051901447355668 ], [ 31.876999897126559, 47.047909272053964 ], [ 31.877323565487753, 47.045032826070127 ], [ 31.875293292386729, 47.041413376318026 ], [ 31.868289053911031, 47.036485001512766 ], [ 31.867285771189099, 47.034135385474805 ], [ 31.863891096968956, 47.032841918064712 ], [ 31.865836286175547, 47.028001828479745 ], [ 31.869810209306955, 47.026781282805189 ], [ 31.869676215376433, 47.020660743731433 ], [ 31.875029332731216, 47.016394011821482 ], [ 31.875337772898526, 47.014237315563612 ], [ 31.882189351928819, 47.013764476646138 ], [ 31.887266504970366, 47.010034407145632 ], [ 31.890156537596059, 47.010242433625365 ], [ 31.899400985394816, 47.008531892919358 ], [ 31.904654887297372, 47.008942228181645 ], [ 31.907307560909693, 47.007887710010571 ], [ 31.913087592058993, 47.008302677988198 ], [ 31.917790012488673, 47.009967014344113 ], [ 31.92113383936789, 47.013778088687218 ], [ 31.927130861655506, 47.01653409120636 ], [ 31.93153184380277, 47.020174779765739 ], [ 31.940929546927254, 47.024041596598188 ], [ 31.954570838914758, 47.026326670921875 ], [ 31.962209318117569, 47.026036200839215 ], [ 31.969605347240677, 47.024663180778433 ], [ 31.98206911695377, 47.019735314485075 ], [ 31.986603531955019, 47.016535954829727 ], [ 31.988762766168204, 47.013675416423958 ], [ 31.991880316890988, 47.00182442792012 ], [ 31.995603318143093, 46.999697420625658 ], [ 31.998047942549587, 46.995579362373519 ], [ 31.997606057360141, 46.991076060542703 ], [ 31.994278398479906, 46.986187486462221 ], [ 31.993304260672605, 46.982039439337449 ], [ 32.001205899814458, 46.981388730633093 ], [ 32.007559714591125, 46.97910427098202 ], [ 32.010894800161857, 46.983632572970798 ], [ 32.007969062342909, 46.985407036819979 ], [ 32.007925778291849, 46.987746369740222 ], [ 32.005542362913793, 46.988625581049803 ], [ 32.004100464618098, 46.995452189010727 ], [ 32.001403340939966, 46.999028242717173 ], [ 31.999727790906494, 47.004232953461063 ], [ 32.001225588550362, 47.00856547505964 ], [ 32.005627666766443, 47.012383301325535 ], [ 32.014516482027439, 47.015519751282689 ], [ 32.022146586620039, 47.015585164887895 ], [ 32.024547326628188, 47.013805875368568 ], [ 32.024836633133546, 47.012368526279836 ], [ 32.034145446579437, 47.006868146199437 ], [ 32.040655559564712, 46.995944280328239 ], [ 32.043391317192025, 47.004786041372043 ], [ 32.047808911903225, 47.007882467944981 ], [ 32.054357127598379, 47.009556524354174 ], [ 32.060680531197264, 47.009068641893407 ], [ 32.063865773977177, 47.007474937152324 ], [ 32.070310622804612, 46.999968420907933 ], [ 32.073232011273781, 46.998372311312828 ], [ 32.088441711211892, 47.001194059471196 ], [ 32.093442556505828, 47.001053785165375 ], [ 32.095302075531933, 46.999988631684317 ], [ 32.095259543325135, 47.002507970466965 ], [ 32.093941256893167, 47.002677523285818 ], [ 32.083973079426443, 47.00097842068535 ], [ 32.076072570415853, 47.001454874273499 ], [ 32.069950773223042, 47.005544779853786 ], [ 32.067473597209428, 47.011823814853294 ], [ 32.070317647737703, 47.014726565108973 ], [ 32.075298046281205, 47.015846751220018 ], [ 32.082055719467434, 47.020760483300009 ], [ 32.084310104851895, 47.027437649103696 ], [ 32.090252950697774, 47.033964148912951 ], [ 32.094439847535313, 47.035437141140278 ], [ 32.103903395272717, 47.036231489559476 ], [ 32.11606481419394, 47.033086447475853 ], [ 32.122458333595802, 47.028456250957078 ], [ 32.125456172705988, 47.022180027558875 ], [ 32.125240057129801, 47.019298759652813 ], [ 32.123950882451233, 47.017669118790465 ], [ 32.120808150428061, 47.016745151181262 ], [ 32.119040300400655, 47.012232156860343 ], [ 32.121183465078133, 47.009908932249338 ], [ 32.125135650873268, 47.009579243565319 ], [ 32.127213952031539, 47.011214891048361 ], [ 32.128438658821963, 47.016803483742791 ], [ 32.133873999653979, 47.022423983306602 ], [ 32.129853657193884, 47.026892902322807 ], [ 32.126285598171457, 47.035864520963955 ], [ 32.125712137089607, 47.038739753131836 ], [ 32.127224013601825, 47.042890721163232 ], [ 32.131398036226585, 47.045262136371377 ], [ 32.139799274387471, 47.0467653527948 ], [ 32.142978687002355, 47.04552936424227 ], [ 32.145937778460642, 47.041592014560138 ], [ 32.151786207523138, 47.038035974865913 ], [ 32.156535648318076, 47.037351153650448 ], [ 32.162040825409115, 47.038831373162864 ], [ 32.163085311333653, 47.039378937486021 ], [ 32.161466429158104, 47.041886749560952 ], [ 32.162644679120824, 47.050714154005369 ], [ 32.166025376729465, 47.053438448055587 ], [ 32.172316838238281, 47.05528384057785 ], [ 32.174362236082892, 47.059258050401226 ], [ 32.172172002642334, 47.064641478568753 ], [ 32.15632220159064, 47.067585379894112 ], [ 32.151003308219188, 47.070785613980128 ], [ 32.148532491925394, 47.077066373095938 ], [ 32.150293458920409, 47.082298702672603 ], [ 32.153652694723128, 47.086462978456218 ], [ 32.162285012717312, 47.090485868645331 ], [ 32.166492375215839, 47.091056486539408 ], [ 32.171770539809934, 47.090554855666966 ], [ 32.17522088161094, 47.088959990681658 ], [ 32.177386905296501, 47.085196117581461 ], [ 32.183254575360664, 47.080558788800339 ], [ 32.18801835180836, 47.079152869582806 ], [ 32.193811152162908, 47.079373766829477 ], [ 32.199628258970812, 47.07797477449914 ], [ 32.200182042873259, 47.076178902328948 ], [ 32.198625815561435, 47.074548256310365 ], [ 32.186766907312048, 47.074824611006626 ], [ 32.176968078700071, 47.078174121735998 ], [ 32.169766111395653, 47.083881309843221 ], [ 32.168406831002841, 47.086571057335689 ], [ 32.165250846046611, 47.08618815070691 ], [ 32.159230792109675, 47.083624479737054 ], [ 32.156392476847877, 47.079824152377263 ], [ 32.156497560522062, 47.073165879166559 ], [ 32.158890819123478, 47.071743685980643 ], [ 32.175523535053628, 47.069344992381453 ], [ 32.180882182912157, 47.063444286480099 ], [ 32.181483261572204, 47.058589268601942 ], [ 32.176867941348597, 47.05045731994732 ], [ 32.16901397163609, 47.047520997627217 ], [ 32.169590794985339, 47.044285629076853 ], [ 32.171705226976869, 47.04376101648495 ], [ 32.172270710852352, 47.04124545171139 ], [ 32.169965705280937, 47.037089334607302 ], [ 32.165272582041389, 47.034175613817297 ], [ 32.156875408441138, 47.032494316299712 ], [ 32.152395305932579, 47.032821194446122 ], [ 32.143122767973495, 47.03653167302582 ], [ 32.136990385292179, 47.041344959879702 ], [ 32.133067985769252, 47.03969555395863 ], [ 32.132836825125203, 47.037714073306908 ], [ 32.136097178906468, 47.031439569569919 ], [ 32.139550517409305, 47.029485837005488 ], [ 32.141242193328885, 47.02247947732365 ], [ 32.140782300432093, 47.018336578744048 ], [ 32.138211809585705, 47.014537762823032 ], [ 32.138258129353652, 47.011658491159636 ], [ 32.132814664491981, 47.006578056689868 ], [ 32.12862893680866, 47.00510646821381 ], [ 32.122587313256588, 47.004520402975153 ], [ 32.11836354196916, 47.005387842589954 ], [ 32.114112857885992, 47.007874706958901 ], [ 32.111900856559579, 47.014336723088178 ], [ 32.117540999400248, 47.023379135902701 ], [ 32.115388211033832, 47.02624214115194 ], [ 32.110600395113615, 47.029264644979889 ], [ 32.1013618799592, 47.030812300608233 ], [ 32.094026117340533, 47.028774763000683 ], [ 32.092743772472787, 47.026784874722644 ], [ 32.093866487933461, 47.022654315079841 ], [ 32.092085473651053, 47.019040684112923 ], [ 32.085076275583731, 47.013405628175931 ], [ 32.07594223766737, 47.009012844701175 ], [ 32.081256290339454, 47.005996003154429 ], [ 32.083886941097987, 47.006017080376772 ], [ 32.102232227275422, 47.010301845616411 ], [ 32.106967808731383, 47.010338876307856 ], [ 32.111479109701342, 47.008034276843276 ], [ 32.113362341572667, 47.005529202940636 ], [ 32.113670056287411, 47.002831935902329 ], [ 32.1116253074808, 46.999216555535575 ], [ 32.098029354089476, 46.994250887146464 ], [ 32.087502910349748, 46.994527436339467 ], [ 32.08516654170738, 46.992709022764203 ], [ 32.077814935947728, 46.991930140588337 ], [ 32.07333779291627, 46.992253948353238 ], [ 32.067248166388453, 46.994544204833026 ], [ 32.061392679182767, 46.998455849618033 ], [ 32.060302711198375, 47.000606632988749 ], [ 32.056835727493258, 47.003277780952075 ], [ 32.053409725537506, 47.003609463321432 ], [ 32.050285007308567, 47.001783819930061 ], [ 32.048789801659183, 46.997092006717779 ], [ 32.050903512593834, 46.996569615538284 ], [ 32.053334226265044, 46.992990195517599 ], [ 32.053663936753566, 46.989213399190561 ], [ 32.051411730335538, 46.982715576201066 ], [ 32.053315905804006, 46.979131785267036 ], [ 32.05281546861012, 46.97768782542866 ], [ 32.058327399394635, 46.978273224034822 ], [ 32.060446580242704, 46.977390745595585 ], [ 32.062866339572686, 46.974350956307866 ], [ 32.05825088496411, 46.967653906173759 ], [ 32.050925406731878, 46.965613658791334 ], [ 32.045142392472727, 46.965565574722646 ], [ 32.037743487363215, 46.967663365453099 ], [ 32.033748531871993, 46.970509367547898 ], [ 32.031560971071379, 46.975170309576626 ], [ 32.030375951402831, 46.982539365346796 ], [ 32.03211588217652, 46.988133388920687 ], [ 32.031271685707893, 46.991185864612703 ], [ 32.018174341637355, 47.002592843773044 ], [ 32.013409747469098, 47.004171682405861 ], [ 32.010516190777238, 47.004146713975395 ], [ 32.008168723056791, 47.003046541919964 ], [ 32.009806845027235, 46.999821132543062 ], [ 32.010612543166388, 46.998928211645996 ], [ 32.014294893887573, 46.998959971199511 ], [ 32.016155891978634, 46.997896114038753 ], [ 32.018838803105787, 46.995039500421505 ], [ 32.022655415146879, 46.987693071110648 ], [ 32.019637959291785, 46.9801082164172 ], [ 32.01289444339573, 46.975010898486396 ], [ 32.005563065240928, 46.973327655066605 ], [ 32.00029838670735, 46.973641763238334 ], [ 31.993671880878217, 46.976463358856499 ], [ 31.984702190233989, 46.978003970649141 ], [ 31.979057551855011, 46.984432977615072 ], [ 31.976434911774742, 46.984049606400028 ], [ 31.967858054927568, 46.978753252330108 ], [ 31.965502167639215, 46.97819205633526 ], [ 31.965273964995831, 46.976390214402805 ], [ 31.96265878159053, 46.975646637802143 ], [ 31.956219183932753, 46.968748941336294 ], [ 31.943760759062833, 46.960535652854148 ], [ 31.942016722423968, 46.955660125781115 ], [ 31.938110219579794, 46.953824170923561 ], [ 31.935905555013022, 46.945704648760987 ], [ 31.941231684473223, 46.942154448023892 ], [ 31.945119777938515, 46.94489002651023 ], [ 31.949057579680062, 46.945106221710532 ], [ 31.950946092183052, 46.942603835607606 ], [ 31.954113041448476, 46.941912895461208 ], [ 31.955738476188706, 46.93940802559753 ], [ 31.963347203201046, 46.940017113904652 ], [ 31.965120443836636, 46.943452759331855 ], [ 31.967996854549611, 46.944198640601911 ], [ 31.970112686691788, 46.943497778067595 ], [ 31.97273330266729, 46.943881280897912 ], [ 31.97268510332146, 46.946400553473268 ], [ 31.976080452559184, 46.947510844097053 ], [ 31.980018588691223, 46.947725976689291 ], [ 31.981622523640336, 46.946300424625484 ], [ 31.989454672622049, 46.949069507933132 ], [ 32.003638095191114, 46.949553781070584 ], [ 32.01259256978198, 46.948551488682284 ], [ 32.015003793735637, 46.946052557368652 ], [ 32.020837159937969, 46.943222936758957 ], [ 32.024633363805471, 46.936776101421373 ], [ 32.027089123995282, 46.931757583596102 ], [ 32.02754399902436, 46.921142669259901 ], [ 32.028633611699227, 46.918992165952957 ], [ 32.026150728628323, 46.911051966152243 ], [ 32.023829845531225, 46.908692461020642 ], [ 32.021308825778348, 46.90291157680609 ], [ 32.018469983101951, 46.900187569353228 ], [ 32.018020469836387, 46.896044169350674 ], [ 32.015438072982683, 46.893682243292787 ], [ 32.016553911451155, 46.890092227052094 ], [ 32.014510007569179, 46.887014980211063 ], [ 32.017515552328987, 46.880561512776282 ], [ 32.015281944790132, 46.873523065907804 ], [ 32.009817643986992, 46.870956192853228 ], [ 32.002590505117531, 46.864414122634791 ], [ 31.999196466651462, 46.863484590502381 ], [ 31.996828508106443, 46.863823824343463 ], [ 31.995015476299464, 46.862548050635404 ], [ 31.991194740840147, 46.856395069826107 ], [ 31.985154458933724, 46.856701636915112 ], [ 31.98490569716634, 46.855979504602587 ], [ 31.987814933984033, 46.854745397034627 ], [ 31.987848747343243, 46.85294587932794 ], [ 31.986554127972845, 46.852034515195179 ], [ 31.983668776216248, 46.852008931179164 ], [ 31.980905974891229, 46.845505018927703 ], [ 31.977765533470514, 46.845117050191242 ], [ 31.974856594342938, 46.846350906659474 ], [ 31.972271589273515, 46.844347922754736 ], [ 31.972023054920722, 46.843625762720016 ], [ 31.974679924222162, 46.841849773745054 ], [ 31.973675459676755, 46.839501003481203 ], [ 31.969517426595047, 46.837483838312892 ], [ 31.962447548806029, 46.836880019847257 ], [ 31.960111790609915, 46.835598945636207 ], [ 31.956699414862722, 46.835747873341184 ], [ 31.958041838525194, 46.83414026112608 ], [ 31.957541768249477, 46.832875830683179 ], [ 31.953133139980302, 46.830315836429399 ], [ 31.949990289851254, 46.830107063777739 ], [ 31.950371600109921, 46.823991152150896 ], [ 31.954338981160426, 46.8222276411217 ], [ 31.95734448306272, 46.815955661689721 ], [ 31.954817359907732, 46.811073069375162 ], [ 31.954376859826443, 46.806749449733587 ], [ 31.948534829201343, 46.797156805279769 ], [ 31.942585592197261, 46.793142351152753 ], [ 31.937904733630354, 46.791299168073891 ], [ 31.934764219380636, 46.791089995000227 ], [ 31.93427573459666, 46.789285608990376 ], [ 31.931670024319317, 46.788541378298248 ], [ 31.935387588522183, 46.786056247857339 ], [ 31.936474497411893, 46.784086530505306 ], [ 31.939635814423951, 46.783215946159864 ], [ 31.942297777738222, 46.781080771996933 ], [ 31.942605538054494, 46.778743822882731 ], [ 31.940283341733672, 46.776922500848649 ], [ 31.945001711774463, 46.776786112542126 ], [ 31.947132277310672, 46.775005892384158 ], [ 31.946316227495444, 46.763119410463887 ], [ 31.943753809453398, 46.760216033266019 ], [ 31.943845241414124, 46.755537273423357 ], [ 31.940062424450915, 46.748122913955854 ], [ 31.949515092246838, 46.746770200769639 ], [ 31.953511614278508, 46.743207117301701 ], [ 31.956195350541051, 46.739811910289902 ], [ 31.956240498741249, 46.737472513163127 ], [ 31.970852297378929, 46.72626577851964 ], [ 31.973065378430942, 46.719986161448801 ], [ 31.976586099685544, 46.713718198640059 ], [ 31.979249938843321, 46.711222189141679 ], [ 31.979569222751326, 46.708165273114872 ], [ 31.977795734254812, 46.705089677391115 ], [ 31.977248864107036, 46.692485738736039 ], [ 31.972780156085634, 46.679846626666446 ], [ 31.975181020078917, 46.677348337662423 ], [ 31.981196903546316, 46.663363054729956 ], [ 31.98576843887049, 46.656564142979093 ], [ 31.99636596210097, 46.648918123986149 ], [ 32.002756774450752, 46.642494441113726 ], [ 32.010693955771927, 46.63716370773647 ], [ 32.013848775543039, 46.636111016013253 ], [ 32.020474505772512, 46.630948276151855 ], [ 32.027592395385582, 46.627409230049238 ], [ 32.034403355352019, 46.626386988975504 ], [ 32.052593784183792, 46.616999681765009 ], [ 32.060969999621967, 46.615988810492446 ], [ 32.081028315154903, 46.619211503136576 ], [ 32.090440059012295, 46.618746753660027 ], [ 32.096996598605436, 46.617178797016486 ], [ 32.1067371152917, 46.612575562416595 ], [ 32.11518497036699, 46.607061561076186 ], [ 32.118640958624546, 46.603308471883068 ], [ 32.127796029680404, 46.586099674546396 ], [ 32.136735687335779, 46.565648651992731 ], [ 32.14073776949374, 46.56009908938222 ], [ 32.152675034254699, 46.56432791009756 ], [ 32.180932036914946, 46.576773037035956 ], [ 32.189520545030597, 46.578454115525503 ], [ 32.208829183756826, 46.578949266370401 ], [ 32.230114155855865, 46.587374005219445 ], [ 32.233989232648192, 46.590279844924098 ], [ 32.240216879495414, 46.593021211564611 ], [ 32.245679386709817, 46.594497272411644 ], [ 32.250117713939574, 46.594526451718941 ], [ 32.260853754393203, 46.592256466389806 ], [ 32.26793168, 46.590142111190517 ], [ 32.272142345179745, 46.587649132351707 ], [ 32.275540747996807, 46.587310726152076 ], [ 32.283433774220171, 46.582680721184673 ], [ 32.284245267602635, 46.580525930384368 ], [ 32.287377425913682, 46.580545484846979 ], [ 32.29183574566094, 46.578953267136349 ], [ 32.297097732474505, 46.575745911893897 ], [ 32.298183490187022, 46.572512767997566 ], [ 32.300809436188437, 46.571268921565519 ], [ 32.303726166779008, 46.567686920015397 ], [ 32.306614993429925, 46.566264549574079 ], [ 32.309789717923465, 46.562863944019412 ], [ 32.316877751329564, 46.559486684979667 ], [ 32.320849849151578, 46.554830598136867 ], [ 32.322921315223518, 46.556102807823166 ], [ 32.322901167114146, 46.557722598045487 ], [ 32.324194523988425, 46.558630195803943 ], [ 32.328888693031672, 46.558837821699889 ], [ 32.336689727923762, 46.561043200525653 ], [ 32.344510909284068, 46.561628253991827 ], [ 32.351034058396365, 46.561665446767208 ], [ 32.354962885348002, 46.560427739836719 ], [ 32.356314313608635, 46.556475576038103 ], [ 32.36593833720471, 46.559049183592094 ], [ 32.381517567735756, 46.565794093686826 ], [ 32.395321816318997, 46.568207758111726 ], [ 32.399242176771921, 46.56768844515387 ], [ 32.402887683568665, 46.568427489667471 ], [ 32.404983246364914, 46.567718451005589 ], [ 32.40525600721854, 46.56663993261084 ], [ 32.412295907053668, 46.5672162852157 ], [ 32.416233416512966, 46.565076572637857 ], [ 32.417302252257237, 46.562742157864797 ], [ 32.419385889692734, 46.563112731647358 ], [ 32.426446356131137, 46.561708432956671 ], [ 32.439481761984588, 46.562852985233626 ], [ 32.446251458145326, 46.56432587174546 ], [ 32.455085702133594, 46.568148072153186 ], [ 32.454264907125776, 46.571923934683433 ], [ 32.456071976506919, 46.573912422398102 ], [ 32.459981467890373, 46.574470911694078 ], [ 32.462861274866185, 46.573584523950466 ], [ 32.46724344421142, 46.579184677461924 ], [ 32.469844830925581, 46.580096707487009 ], [ 32.470867900490838, 46.582261311181078 ], [ 32.47183686110067, 46.590005305775776 ], [ 32.470515747654737, 46.591619096460754 ], [ 32.472581654763289, 46.593968490690983 ], [ 32.472508304138138, 46.601527665356144 ], [ 32.471453309571537, 46.602602725733519 ], [ 32.468594977238425, 46.601149578282516 ], [ 32.461548276122009, 46.600756652633088 ], [ 32.454739324879597, 46.602704274278231 ], [ 32.452084495050727, 46.607011307332883 ], [ 32.448941586006143, 46.60789615257832 ], [ 32.445745332351549, 46.614000305464494 ], [ 32.445429029932129, 46.619398408206351 ], [ 32.447208027653097, 46.62426668532602 ], [ 32.447164053907855, 46.628586173903415 ], [ 32.450249879819104, 46.633460702865158 ], [ 32.456475455258747, 46.637990128574025 ], [ 32.463795358572369, 46.637664693897904 ], [ 32.465645696088622, 46.635513504396009 ], [ 32.471422038922903, 46.632660540486938 ], [ 32.474391868519724, 46.622774912291284 ], [ 32.478786064664902, 46.627654678707948 ], [ 32.482697944403505, 46.628392382803931 ], [ 32.486099342375915, 46.627867749273953 ], [ 32.494687116204204, 46.63150574831981 ], [ 32.498083605104718, 46.631520698983017 ], [ 32.499664484963795, 46.630087724727908 ], [ 32.508026496633292, 46.629944000130692 ], [ 32.509347440832933, 46.628329786400109 ], [ 32.509642825633343, 46.624551316446031 ], [ 32.511753744764739, 46.622220506345116 ], [ 32.511511945822726, 46.620059622901017 ], [ 32.508909571592575, 46.618968556009094 ], [ 32.508143873392463, 46.616985401894794 ], [ 32.528759902699342, 46.61923202786852 ], [ 32.540774082300445, 46.619460870160388 ], [ 32.546239992733867, 46.621822517711585 ], [ 32.548591006243356, 46.621831817935224 ], [ 32.550143441330874, 46.623637807662583 ], [ 32.557186452074632, 46.624925195936306 ], [ 32.560826332478356, 46.627099074471211 ], [ 32.568909357937684, 46.629109676595796 ], [ 32.597915910446339, 46.628315357068658 ], [ 32.613351861664384, 46.625308779412947 ], [ 32.618562811276405, 46.627306131352441 ], [ 32.62922869868752, 46.634000718052668 ], [ 32.648720276766731, 46.65026103237053 ], [ 32.651572162949563, 46.653869481740529 ], [ 32.656516757669984, 46.657304172743466 ], [ 32.660690120002712, 46.658756515056069 ], [ 32.663542131076071, 46.662544646795247 ], [ 32.668504777673817, 46.663279076446116 ], [ 32.671649531386016, 46.662028241385087 ], [ 32.675306195992988, 46.662578634776374 ], [ 32.695135993940198, 46.669472654949736 ], [ 32.701926969652625, 46.670750448016747 ], [ 32.704001977320445, 46.67381559269537 ], [ 32.708188545538185, 46.673286389028405 ], [ 32.712368348518986, 46.67401691522705 ], [ 32.717847251913803, 46.67637037026067 ], [ 32.725425037306287, 46.677468718644185 ], [ 32.737716272009706, 46.677317567189839 ], [ 32.75603319288706, 46.674658303044964 ], [ 32.780086830088806, 46.675427002799971 ], [ 32.793932026827108, 46.679052485226208 ], [ 32.810904803508485, 46.686281207016009 ], [ 32.820039016656651, 46.692235446906196 ], [ 32.824994310392157, 46.696742757221394 ], [ 32.823152003987254, 46.700159637048792 ], [ 32.823923956044361, 46.704120491688251 ], [ 32.822872148631795, 46.705738730285375 ], [ 32.821559821504486, 46.706996583661621 ], [ 32.815797594056939, 46.708787298847369 ], [ 32.803502021224297, 46.708226892433579 ], [ 32.794600569444874, 46.709651137399831 ], [ 32.779948709328664, 46.709443915721884 ], [ 32.769212529847643, 46.711402596292537 ], [ 32.760039220695575, 46.714803432225011 ], [ 32.749277088723289, 46.721979729660205 ], [ 32.742177417313052, 46.728983332649889 ], [ 32.734795595679472, 46.73976549065592 ], [ 32.735018594591878, 46.74768528070431 ], [ 32.737872620523433, 46.753091351648173 ], [ 32.742307129585001, 46.756701085350002 ], [ 32.749102653697172, 46.759595913304317 ], [ 32.755913537801426, 46.75925067611697 ], [ 32.760895077848431, 46.758001311241607 ], [ 32.764578740837621, 46.754049320398188 ], [ 32.77455524354405, 46.747949978366968 ], [ 32.785832840536365, 46.743292070774693 ], [ 32.797882445430375, 46.741694134905764 ], [ 32.801808256669396, 46.742060968051454 ], [ 32.806776226629189, 46.743869298451827 ], [ 32.803097650496483, 46.747462695922721 ], [ 32.795230966904327, 46.750508606338926 ], [ 32.789456923740353, 46.753917809788838 ], [ 32.779998927282506, 46.761459305594386 ], [ 32.775783822142316, 46.76739055771592 ], [ 32.773662727274107, 46.773505791477113 ], [ 32.76839956187542, 46.779074717357354 ], [ 32.767601203679668, 46.781952815850964 ], [ 32.770727669064122, 46.78609871191474 ], [ 32.778583207796864, 46.787374053309335 ], [ 32.793808431241757, 46.780203207729102 ], [ 32.799577669562012, 46.778773597530311 ], [ 32.7995696551584, 46.780933371087471 ], [ 32.803750519151507, 46.784000314017661 ], [ 32.8066088224097, 46.790664515594301 ], [ 32.815503633790698, 46.794998764522795 ], [ 32.823598903314199, 46.803830629123688 ], [ 32.824639156794788, 46.806351968449064 ], [ 32.823064651021816, 46.806889489641485 ], [ 32.814155498014401, 46.805975463413134 ], [ 32.803155629546502, 46.803437333240225 ], [ 32.796338783476195, 46.803965351213712 ], [ 32.791089606342958, 46.805755705803236 ], [ 32.788982096057701, 46.808451561433849 ], [ 32.785304368015396, 46.810424517144739 ], [ 32.779761187077014, 46.819773007800919 ], [ 32.769479737392267, 46.832891365585986 ], [ 32.768895050386597, 46.846928659905352 ], [ 32.773846629831354, 46.854677693152354 ], [ 32.776464223634548, 46.856122674115504 ], [ 32.780398949117938, 46.856310270006169 ], [ 32.798263366467765, 46.8500438475292 ], [ 32.800626376645177, 46.849508047336606 ], [ 32.807707418429864, 46.850060101763795 ], [ 32.80873886835731, 46.855101269756119 ], [ 32.811087480186032, 46.858704766989476 ], [ 32.811327790936119, 46.8650044529589 ], [ 32.814714320424642, 46.872209163986362 ], [ 32.816544061241991, 46.874371862981732 ], [ 32.832259872633841, 46.884474801459859 ], [ 32.83801543517265, 46.890962329451057 ], [ 32.836693474619068, 46.894020089579577 ], [ 32.807266030943723, 46.900093601917604 ], [ 32.803040383478361, 46.90674561074745 ], [ 32.803025878886551, 46.910705106869486 ], [ 32.804330516640768, 46.91304705976394 ], [ 32.806427116813815, 46.914310470364263 ], [ 32.810365571345507, 46.914677017763886 ], [ 32.823242534191422, 46.912537885934334 ], [ 32.832172853465117, 46.912371347142503 ], [ 32.838996082892137, 46.914180926668763 ], [ 32.843184802091535, 46.918866167582415 ], [ 32.84133547918578, 46.92246317622444 ], [ 32.837914557239451, 46.924438139449002 ], [ 32.825528595134017, 46.936478429039624 ], [ 32.822372537092583, 46.937373462818428 ], [ 32.805032268802577, 46.936805315780767 ], [ 32.794003332447346, 46.93498622995201 ], [ 32.787951579276999, 46.937134910226014 ], [ 32.784525598356176, 46.939648196195577 ], [ 32.783462176012023, 46.942705802704054 ], [ 32.784232458285715, 46.947206684446236 ], [ 32.788946745965468, 46.951354941532003 ], [ 32.811284082311424, 46.952293821244851 ], [ 32.823894811657865, 46.95393370311961 ], [ 32.828341261433536, 46.960779569478888 ], [ 32.828074349821115, 46.962039004878221 ], [ 32.808866028039994, 46.967047893074437 ], [ 32.803336421720282, 46.969378221822453 ], [ 32.79779412541064, 46.97494783181471 ], [ 32.798562684338293, 46.9803484682419 ], [ 32.803811578612375, 46.983237196501271 ], [ 32.823011324318273, 46.982728554728823 ], [ 32.829056501352788, 46.983817594098866 ], [ 32.831681870488985, 46.985261289868959 ], [ 32.831138875852083, 46.990659761782695 ], [ 32.812204430600147, 46.989730396402798 ], [ 32.797988607297036, 46.993125736822023 ], [ 32.789810563885744, 46.999230183988139 ], [ 32.788471094036012, 47.005346877396377 ], [ 32.793183860680465, 47.011294664007814 ], [ 32.797125937360079, 47.012561540459693 ], [ 32.801335341040023, 47.012748895359586 ], [ 32.805023097016402, 47.011675383801787 ], [ 32.811090207518511, 47.007366152015621 ], [ 32.820841310090643, 47.002522492950277 ], [ 32.826107008215722, 47.001270783296093 ], [ 32.829000252604182, 47.001455115575872 ], [ 32.834255081167839, 47.003622544961402 ], [ 32.835298021923862, 47.006683627591102 ], [ 32.816853276170718, 47.0147544888165 ], [ 32.808702351470075, 47.012941413803553 ], [ 32.804226487111592, 47.013653749165371 ], [ 32.801583139778373, 47.016888747337973 ], [ 32.802615845907155, 47.022289774009607 ], [ 32.806292516600124, 47.024455747440356 ], [ 32.808124514586794, 47.027338424078138 ], [ 32.815220416940363, 47.030409658585569 ], [ 32.822326691017452, 47.030600878450372 ], [ 32.82812731928037, 47.027550165824017 ], [ 32.837598282036417, 47.029003783762427 ], [ 32.840757882276428, 47.028648271970418 ], [ 32.843663166534846, 47.025232759932599 ], [ 32.848661278291011, 47.026139346609902 ], [ 32.852069909980649, 47.030823135356044 ], [ 32.852325186989226, 47.033703053644857 ], [ 32.847587999391955, 47.033336898595252 ], [ 32.830207264081821, 47.035652113641319 ], [ 32.82493474599017, 47.037983839437899 ], [ 32.820446133298979, 47.041936319719262 ], [ 32.822012609732532, 47.045898191920628 ], [ 32.828590917277076, 47.047168043576576 ], [ 32.839631181377229, 47.053303142419139 ], [ 32.829077270378548, 47.059766925731722 ], [ 32.822198746053047, 47.069115065638833 ], [ 32.820846726882856, 47.079551392436528 ], [ 32.821623289681177, 47.083691978043731 ], [ 32.8234622974785, 47.085314581341287 ], [ 32.834783932346376, 47.088031060846035 ], [ 32.844795420144798, 47.088584981997506 ], [ 32.849280069628783, 47.086791245541413 ], [ 32.85298188053676, 47.082116767895613 ], [ 32.862729901862309, 47.082308838254136 ], [ 32.870639772046516, 47.079978399211427 ], [ 32.894069007450334, 47.089541013591216 ], [ 32.887190399809477, 47.102492448996649 ], [ 32.886652175246731, 47.107711105238486 ], [ 32.889012969509267, 47.11329254327832 ], [ 32.891644852510076, 47.115454723434638 ], [ 32.896124586545461, 47.11653870324362 ], [ 32.9058844471448, 47.113667591430904 ], [ 32.913008579977252, 47.10989381628265 ], [ 32.915912542349751, 47.107196406900606 ], [ 32.917499962239148, 47.103418149917175 ], [ 32.913028806592095, 47.097475762261496 ], [ 32.912770548108249, 47.094236065065509 ], [ 32.917260082812049, 47.088120334075192 ], [ 32.919369461945074, 47.087221975798137 ], [ 32.925958664000966, 47.085966616916451 ], [ 32.930435217962291, 47.088129093711906 ], [ 32.931481150872052, 47.094428758388879 ], [ 32.935159483036067, 47.103609479916798 ], [ 32.93673839961339, 47.105770026599117 ], [ 32.941480452916529, 47.108112182246551 ], [ 32.945960948772139, 47.108834271085897 ], [ 32.951496981290838, 47.10847680533977 ], [ 32.954661748787821, 47.106678382849161 ], [ 32.957828008672429, 47.102720208852524 ], [ 32.96257437455332, 47.099842304669622 ], [ 32.96626456529021, 47.09930353454989 ], [ 32.969426540653217, 47.100564227061483 ], [ 32.969950833821322, 47.105603582528346 ], [ 32.962306495129639, 47.105961265938234 ], [ 32.952551074492341, 47.108837190540797 ], [ 32.947538865236041, 47.112614412186858 ], [ 32.946743326024738, 47.117293308103697 ], [ 32.948586946655389, 47.119273837465968 ], [ 32.952277495183999, 47.119995320478125 ], [ 32.962034074063297, 47.118379226032239 ], [ 32.968625379529563, 47.11838122102322 ], [ 32.974951850926693, 47.120902380169291 ], [ 32.985234276878195, 47.122703881441474 ], [ 32.995253426416582, 47.127743931874512 ], [ 32.998681418382283, 47.131343446400976 ], [ 32.997626328873963, 47.136382618864737 ], [ 32.992878097515984, 47.143041344181093 ], [ 32.991030861082315, 47.147900422971176 ], [ 32.989447822563108, 47.149160082218494 ], [ 32.983116231371994, 47.150059176807112 ], [ 32.981004926830863, 47.152398462747797 ], [ 32.983114008225975, 47.157078023286125 ], [ 32.987599056563639, 47.158338388680143 ], [ 32.987333838057808, 47.164097405719346 ], [ 32.984430387287816, 47.166796598756598 ], [ 32.984165960741414, 47.168596262364048 ], [ 32.986276563282871, 47.170936143584946 ], [ 32.990499223311467, 47.170576631812011 ], [ 32.988122905747517, 47.175615564899594 ], [ 32.988384878869859, 47.184614071394726 ], [ 32.987063798279046, 47.189473102945968 ], [ 32.991287363405554, 47.192532979212878 ], [ 32.998679890150214, 47.193073210461705 ], [ 33.002904163124427, 47.191633427610171 ], [ 33.003960115343489, 47.190193641964569 ], [ 33.003432007155482, 47.188753904624861 ], [ 33.001319984906125, 47.188034071100184 ], [ 32.996831961268789, 47.189293820161872 ], [ 32.993135985708015, 47.188753750413682 ], [ 32.994192164582003, 47.187134084713563 ], [ 32.994193420538963, 47.175616033402342 ], [ 32.998680510073633, 47.16805743909535 ], [ 32.997888930205683, 47.165177906947946 ], [ 32.993403085153787, 47.163737975768179 ], [ 32.993403307935537, 47.161938274402438 ], [ 32.993667560531222, 47.158698825401039 ], [ 32.995514597763083, 47.157799061194588 ], [ 32.996833994060459, 47.15509955016357 ], [ 32.996042666263961, 47.152759910114128 ], [ 32.994196028090357, 47.151680008602085 ], [ 32.996570519153821, 47.149520458005448 ], [ 32.998417301584212, 47.144841261973916 ], [ 33.002901290645887, 47.138902199780482 ], [ 33.005274344252669, 47.131523303695253 ], [ 33.00079106358028, 47.125584372127491 ], [ 32.994462965785338, 47.12162487075809 ], [ 32.987871871971187, 47.118924790311169 ], [ 32.978117376981523, 47.117123626663961 ], [ 32.969682339616789, 47.11424215865668 ], [ 32.962828038715735, 47.114060167742458 ], [ 32.952808793644024, 47.115496251451908 ], [ 32.953337328095948, 47.114056694704502 ], [ 32.958875794007241, 47.111179269380543 ], [ 32.964412583387777, 47.109921320845288 ], [ 32.97232108371292, 47.109563561246311 ], [ 32.974694159110065, 47.108304307213565 ], [ 32.976541195111785, 47.10416534608779 ], [ 32.976278892145473, 47.101285739483423 ], [ 32.974698934510435, 47.098225875170513 ], [ 32.972064348439446, 47.096425540845672 ], [ 32.966530717157553, 47.095164251776922 ], [ 32.960205144376182, 47.096062090069985 ], [ 32.952822312167832, 47.10019864738392 ], [ 32.949656170354586, 47.103796740823668 ], [ 32.944384005275907, 47.104334218282922 ], [ 32.941486172357628, 47.102892998488983 ], [ 32.941488341381756, 47.100913306848064 ], [ 32.939381857022433, 47.099112490143511 ], [ 32.935708088830246, 47.085792531770842 ], [ 32.928598634859547, 47.08218886774543 ], [ 32.923856625762454, 47.081825868050963 ], [ 32.913576867956237, 47.084518162831856 ], [ 32.907505813736066, 47.090812459551557 ], [ 32.906703322841039, 47.097650756887965 ], [ 32.910908408459633, 47.104673016746922 ], [ 32.901144464471265, 47.110784050740911 ], [ 32.895079212950534, 47.111858486423493 ], [ 32.893240353722966, 47.10861729454713 ], [ 32.892984685689818, 47.104657673411943 ], [ 32.900657749146021, 47.089007000218025 ], [ 32.898554819652283, 47.086305569024745 ], [ 32.889078019984531, 47.081977439961143 ], [ 32.871440980543639, 47.075479979898546 ], [ 32.867752376628644, 47.075655753171716 ], [ 32.863532270804548, 47.077630504525047 ], [ 32.850623204316754, 47.077614396021175 ], [ 32.847193206671122, 47.079409599717422 ], [ 32.844810056149285, 47.083545768793002 ], [ 32.842436088639047, 47.084442391003357 ], [ 32.827690290085094, 47.081541593194231 ], [ 32.828249615005973, 47.07146394972667 ], [ 32.831430511080278, 47.065169614335673 ], [ 32.835919715520248, 47.061396693663006 ], [ 32.845416128979188, 47.056190674279854 ], [ 32.846739039906758, 47.054032769216214 ], [ 32.845167890992691, 47.05097110359484 ], [ 32.838861247184347, 47.046643032945127 ], [ 32.828344937326172, 47.041768457224606 ], [ 32.83440802347323, 47.039257747666333 ], [ 32.856789574305161, 47.037668155600706 ], [ 32.859165959937961, 47.034971490048711 ], [ 32.858913154751569, 47.031011744832853 ], [ 32.853934543380902, 47.02272667744878 ], [ 32.840520938232899, 47.019829188729624 ], [ 32.824732182285963, 47.019446163270921 ], [ 32.821315258491339, 47.018181059525219 ], [ 32.825270838925604, 47.015667515985768 ], [ 32.83686128559863, 47.01172516638438 ], [ 32.841078774135759, 47.009211447009619 ], [ 32.841879799392252, 47.005253103709855 ], [ 32.837425217335522, 46.999307682727064 ], [ 32.831380387834891, 46.997499187391419 ], [ 32.824542113243254, 46.997128962909258 ], [ 32.818486996200583, 46.998559328235665 ], [ 32.808211522659413, 47.003041962564787 ], [ 32.800299591031532, 47.008247718269843 ], [ 32.797933653152029, 47.007703642583145 ], [ 32.795835666470381, 47.005900169932076 ], [ 32.795325283505377, 47.00175982840215 ], [ 32.796383059004626, 47.00032191155092 ], [ 32.801130327257688, 46.99709069730919 ], [ 32.805608111829628, 46.995478607059191 ], [ 32.812451708783009, 46.994230191616161 ], [ 32.829545291829255, 46.995516740603712 ], [ 32.834018749770486, 46.994983385737086 ], [ 32.837975284174675, 46.991389541456584 ], [ 32.838520308062336, 46.985091161882238 ], [ 32.834588149237767, 46.980946104290148 ], [ 32.829071415569835, 46.979138242495765 ], [ 32.821974326343572, 46.978227548335916 ], [ 32.805407123887058, 46.978380568293957 ], [ 32.804094944355938, 46.977658426659119 ], [ 32.804630038076709, 46.975139675563184 ], [ 32.808056706762429, 46.972805780737048 ], [ 32.818059819089562, 46.969402563231412 ], [ 32.831214783704077, 46.966543088707304 ], [ 32.833585386529464, 46.965106747344556 ], [ 32.835172719795736, 46.961869466664794 ], [ 32.834655274211045, 46.959169071981485 ], [ 32.829425937906286, 46.95034253982449 ], [ 32.81208959237577, 46.94743576903624 ], [ 32.791857402843924, 46.94632091447707 ], [ 32.790811793713821, 46.944879192281221 ], [ 32.792139713531071, 46.94128206763876 ], [ 32.794510241556608, 46.939846528822393 ], [ 32.799498224713254, 46.941115213000401 ], [ 32.820251776344016, 46.942949447047468 ], [ 32.823931995685442, 46.942595211244921 ], [ 32.833140720311107, 46.93900945786983 ], [ 32.835779419470271, 46.935413726776531 ], [ 32.847894035362081, 46.925531698725571 ], [ 32.850005209464349, 46.922114907272054 ], [ 32.850019272164992, 46.917075545655358 ], [ 32.845567973398843, 46.912210221412565 ], [ 32.840324290890116, 46.909143399624746 ], [ 32.834550452271763, 46.907875353636236 ], [ 32.824046357196139, 46.90767971346876 ], [ 32.809858731351987, 46.909456811626363 ], [ 32.811450887953541, 46.90478000968232 ], [ 32.814345721127097, 46.902984956931796 ], [ 32.825641311928642, 46.901742868355349 ], [ 32.842719487643372, 46.898348013425178 ], [ 32.845090918146461, 46.89547158957533 ], [ 32.845102837303962, 46.891332095879271 ], [ 32.839615857863691, 46.882505574408789 ], [ 32.835685050570369, 46.880340251021195 ], [ 32.829405999302388, 46.873851814621496 ], [ 32.826783804752687, 46.873127959652486 ], [ 32.821809216094792, 46.869520736436272 ], [ 32.819718816214824, 46.866817770962477 ], [ 32.816878132359712, 46.853314780266253 ], [ 32.81742235172657, 46.847556287644338 ], [ 32.812969111169288, 46.845749296291416 ], [ 32.80195722077481, 46.844290932275875 ], [ 32.797495978611394, 46.844823067660329 ], [ 32.783574081720921, 46.849657057009736 ], [ 32.778323730047561, 46.850546910317419 ], [ 32.776240732264981, 46.846763274478057 ], [ 32.776278091344594, 46.837764330148438 ], [ 32.779194811799115, 46.830030827490482 ], [ 32.791578390013626, 46.814935645372586 ], [ 32.797891224816588, 46.809367546675865 ], [ 32.800254454153205, 46.808291806914319 ], [ 32.803662165937055, 46.808297703109076 ], [ 32.813089559830608, 46.811013206521032 ], [ 32.825930029082834, 46.812473304808265 ], [ 32.830129567308902, 46.810859782931026 ], [ 32.831461653205238, 46.804022458607697 ], [ 32.8251954659356, 46.796453831244428 ], [ 32.822072520802116, 46.789789689991224 ], [ 32.81657575160903, 46.78798119278224 ], [ 32.812133710363504, 46.784374345864279 ], [ 32.809014981152345, 46.777169893594341 ], [ 32.806666173276639, 46.7746461961272 ], [ 32.802216664451407, 46.773558698428637 ], [ 32.795402218211038, 46.774446631732872 ], [ 32.775203045355141, 46.781068087975591 ], [ 32.779939561661678, 46.776037787195214 ], [ 32.786272527141598, 46.764530901751598 ], [ 32.789427478185225, 46.761477041839008 ], [ 32.796780426251516, 46.756270828600165 ], [ 32.814616618009389, 46.748021884909548 ], [ 32.81593990622661, 46.743884403572935 ], [ 32.812547481968096, 46.740639194551797 ], [ 32.80758153539611, 46.738291166254243 ], [ 32.801826721583708, 46.737021460066742 ], [ 32.791354589043564, 46.737182830178128 ], [ 32.782185536133369, 46.738785598631246 ], [ 32.776155330968912, 46.740933765371025 ], [ 32.763558818759947, 46.747747804426226 ], [ 32.756477865052751, 46.750252722171254 ], [ 32.751749703072385, 46.753482261405701 ], [ 32.74808359537731, 46.753474250199993 ], [ 32.743128689275622, 46.749143638254367 ], [ 32.741845248962328, 46.743741248414153 ], [ 32.743968758632192, 46.737626577289888 ], [ 32.755016024389505, 46.72613179359206 ], [ 32.764991568231181, 46.719313317449682 ], [ 32.770498712304921, 46.716624730538641 ], [ 32.778619106161976, 46.714660900345613 ], [ 32.798246283184056, 46.714337218625637 ], [ 32.801643459569618, 46.715603048034815 ], [ 32.800848479929805, 46.718301431537448 ], [ 32.801889992153029, 46.719743113084256 ], [ 32.809215761611412, 46.720295513477254 ], [ 32.823097915239273, 46.716718131028138 ], [ 32.825458912501375, 46.714921913439476 ], [ 32.828337958622299, 46.714746284158366 ], [ 32.839350367581162, 46.707382911584389 ], [ 32.840402775923351, 46.705404553665502 ], [ 32.855290415506971, 46.714963525630097 ], [ 32.863648314771957, 46.721273236958112 ], [ 32.8654740268789, 46.72379517476714 ], [ 32.872794655942727, 46.727043257985883 ], [ 32.887953891896132, 46.737498162338589 ], [ 32.89475726744746, 46.739124473224635 ], [ 32.895276680558396, 46.741284751749944 ], [ 32.897630226038515, 46.742726748803932 ], [ 32.90653099966439, 46.743274314783768 ], [ 32.910978343603716, 46.745437661090612 ], [ 32.916477011849054, 46.74526182292621 ], [ 32.91936086922707, 46.742744124043234 ], [ 32.92092991784925, 46.744005102654612 ], [ 32.924071014448209, 46.744547179887597 ], [ 32.937687516962598, 46.743115536964268 ], [ 32.940307276260036, 46.741677066038619 ], [ 32.942137058225597, 46.744377756849943 ], [ 32.946586807320273, 46.745639803541735 ], [ 32.957845887853232, 46.745104554620092 ], [ 32.963081439344904, 46.746546229823274 ], [ 32.96570023312848, 46.745827111475386 ], [ 32.965701602960941, 46.743667311761229 ], [ 32.977744647111983, 46.745290137574685 ], [ 32.991883422657722, 46.744752063723986 ], [ 32.994239809981345, 46.745112173258676 ], [ 32.994763324185826, 46.746552064871743 ], [ 32.99685795267542, 46.747272074642716 ], [ 33.013614903802484, 46.744751541684323 ], [ 33.027753548857, 46.744928969613596 ], [ 33.034561712135819, 46.746007015974321 ], [ 33.042418480112417, 46.74834415601736 ], [ 33.047658183244636, 46.751581791220772 ], [ 33.048183022159741, 46.752841453225685 ], [ 33.046090563958025, 46.755722043761978 ], [ 33.045830822151949, 46.758241909494714 ], [ 33.046879632231807, 46.759681347853736 ], [ 33.048713237695715, 46.760040547816246 ], [ 33.050549729179203, 46.763459424758175 ], [ 33.053431156469458, 46.763818081296698 ], [ 33.055525755271255, 46.763097153215156 ], [ 33.056045103541948, 46.758777312016505 ], [ 33.059713194347687, 46.76021531999141 ], [ 33.062331362312698, 46.759493992510613 ], [ 33.071240817881495, 46.763268432627505 ], [ 33.074383544772807, 46.76308645042792 ], [ 33.07857599487869, 46.76434352806919 ], [ 33.094303737554888, 46.771530954153647 ], [ 33.11370048015992, 46.77727276559893 ], [ 33.12235567364219, 46.781583414360774 ], [ 33.142286380984984, 46.788579673812521 ], [ 33.154079568881592, 46.789104351118766 ], [ 33.16430401967564, 46.790709967711251 ], [ 33.180025616305016, 46.790326354926975 ], [ 33.185269597079305, 46.791217896199193 ], [ 33.191291619945318, 46.789768134103632 ], [ 33.198366746895239, 46.789756090425492 ], [ 33.215667233082499, 46.791164654079118 ], [ 33.220903041090253, 46.789894794556346 ], [ 33.220890524029464, 46.786835123947057 ], [ 33.234260143281041, 46.788248396702016 ], [ 33.244731697135506, 46.786066699451233 ], [ 33.257831114954534, 46.785677975198091 ], [ 33.263066268293194, 46.784586168925088 ], [ 33.271975692505841, 46.784745326127634 ], [ 33.282989786437533, 46.786518444823514 ], [ 33.28874854480609, 46.785424167998187 ], [ 33.289781167732755, 46.782541842281027 ], [ 33.293968346119456, 46.781631252547683 ], [ 33.301016272124066, 46.776933390411713 ], [ 33.304680909249157, 46.776383745832845 ], [ 33.313066178899895, 46.776721080834534 ], [ 33.327504310833568, 46.781540201596549 ], [ 33.336943007745212, 46.782592697326912 ], [ 33.350588228139706, 46.785791393774268 ], [ 33.353468081135816, 46.785422571445224 ], [ 33.354763978702749, 46.783258774291077 ], [ 33.357127989155735, 46.784151333750636 ], [ 33.356360959160753, 46.787033440795305 ], [ 33.357422163408756, 46.789009935739237 ], [ 33.367427233527927, 46.795997553972526 ], [ 33.379040371462615, 46.807658499332476 ], [ 33.382726707653326, 46.809985992495378 ], [ 33.395924609272591, 46.822359813293133 ], [ 33.407518312833886, 46.829878327310936 ], [ 33.415152123764507, 46.833630492952274 ], [ 33.415697440142232, 46.836328225636024 ], [ 33.421730884952815, 46.836486135851409 ], [ 33.431208345128447, 46.840950342168995 ], [ 33.434358660097999, 46.841298392354091 ], [ 33.440148060398187, 46.843616024737827 ], [ 33.458542523585592, 46.847503387256424 ], [ 33.462494247278443, 46.849467273625962 ], [ 33.468266956149961, 46.849623784411328 ], [ 33.485635560825799, 46.855670746232349 ], [ 33.502195727414602, 46.859018915821835 ], [ 33.502745666014675, 46.861716203763883 ], [ 33.496176136921036, 46.860664987609397 ], [ 33.493308109333, 46.862657164067372 ], [ 33.489116437804611, 46.863395071292139 ], [ 33.487299237814995, 46.865562581154563 ], [ 33.48415040816532, 46.865575942243588 ], [ 33.483116944701095, 46.867380107578995 ], [ 33.485235697924111, 46.869530904142557 ], [ 33.491799525761053, 46.869862852313219 ], [ 33.493890655967419, 46.868953950112157 ], [ 33.49414316441171, 46.867872981218873 ], [ 33.497544558809452, 46.86677836842987 ], [ 33.499652171537775, 46.867669087957211 ], [ 33.503369686181884, 46.872332276749617 ], [ 33.508096905861336, 46.872671351790075 ], [ 33.509393760649843, 46.87104577024823 ], [ 33.512270195580712, 46.869953055258343 ], [ 33.511723113480514, 46.867615763724302 ], [ 33.513280425879636, 46.865808991996033 ], [ 33.513770889326537, 46.862207191065451 ], [ 33.522405143998043, 46.859648390704677 ], [ 33.528437933084952, 46.859440719650188 ], [ 33.538947161666414, 46.860831563880296 ], [ 33.557808452014271, 46.857861522726829 ], [ 33.569089997433871, 46.857805991481577 ], [ 33.57224406575962, 46.858330208282652 ], [ 33.578847634657407, 46.86243655188072 ], [ 33.584097247644479, 46.862589865560061 ], [ 33.586762263318946, 46.866355819260903 ], [ 33.589670363292647, 46.868320656579996 ], [ 33.590595795836471, 46.880914475216457 ], [ 33.588229606231977, 46.880566699079921 ], [ 33.581945860700706, 46.882038652771804 ], [ 33.58039816173266, 46.884566224016041 ], [ 33.581990625517065, 46.886177954521202 ], [ 33.587232742301083, 46.885431265843934 ], [ 33.592498490416048, 46.886843968678122 ], [ 33.593039361819869, 46.888281003596987 ], [ 33.593747113491531, 46.904835418692748 ], [ 33.592793975843342, 46.913659317954632 ], [ 33.588131566269674, 46.919622656423478 ], [ 33.58919799701885, 46.921057000357123 ], [ 33.593141999327244, 46.921396591496027 ], [ 33.594616655727819, 46.935967173632903 ], [ 33.598652050470136, 46.944405101690123 ], [ 33.60185788482913, 46.949067712417452 ], [ 33.60743583836944, 46.954257601811705 ], [ 33.607480644992393, 46.958216865494038 ], [ 33.610380177113804, 46.958921353830256 ], [ 33.61352412607404, 46.958004663833002 ], [ 33.618824663888134, 46.961755660510107 ], [ 33.634756278558939, 46.975166722326883 ], [ 33.63556852852583, 46.977141961148931 ], [ 33.640592346189784, 46.979453662311208 ], [ 33.641932954845885, 46.981605874172139 ], [ 33.6469487795205, 46.983197433633947 ], [ 33.650700240888767, 46.988935424337349 ], [ 33.644427217221931, 46.992210474886271 ], [ 33.642614160005522, 46.994560355641632 ], [ 33.635745593937656, 46.992079028987931 ], [ 33.628116062648118, 46.991941158456953 ], [ 33.622047942109042, 46.990354497624509 ], [ 33.615476905104757, 46.990749958735549 ], [ 33.613917399560222, 46.99237811683853 ], [ 33.613701768820448, 46.996518724354146 ], [ 33.608412423749662, 46.994027284823225 ], [ 33.602111941799357, 46.995140444904266 ], [ 33.594838938491961, 47.003457351901254 ], [ 33.590867058694052, 47.001138229459286 ], [ 33.588250275997119, 47.002411533307473 ], [ 33.579565151648318, 47.002095869021105 ], [ 33.575652020869754, 47.005175196043695 ], [ 33.575414062791133, 47.007516076140071 ], [ 33.576746962172628, 47.009129151368015 ], [ 33.574916842749225, 47.010218207890532 ], [ 33.570962574995519, 47.009518090089912 ], [ 33.565723314798099, 47.011703800126746 ], [ 33.563607042561337, 47.010634382427142 ], [ 33.559658528107249, 47.010473772704032 ], [ 33.555734304640332, 47.012652590425297 ], [ 33.547573925093253, 47.012331951423455 ], [ 33.546011725928693, 47.01395918969326 ], [ 33.546828660698417, 47.016654921936876 ], [ 33.550523705205336, 47.017717069523762 ], [ 33.561291857546941, 47.015685066753861 ], [ 33.566829088546925, 47.016737644150666 ], [ 33.571018201112125, 47.014737102521146 ], [ 33.573394063742903, 47.015445132338037 ], [ 33.576890371817704, 47.022446609223202 ], [ 33.574024478057794, 47.025160638082276 ], [ 33.573515466330413, 47.026782964176711 ], [ 33.574862319588007, 47.029655811266984 ], [ 33.573056506714657, 47.033084385327065 ], [ 33.574126752456628, 47.03469879828473 ], [ 33.576768713016584, 47.035585396663969 ], [ 33.578866774404901, 47.03485491145279 ], [ 33.579633071530758, 47.03269133719818 ], [ 33.581996149531221, 47.032139427405717 ], [ 33.583815093924862, 47.029970469467997 ], [ 33.581413043513059, 47.02692311466636 ], [ 33.584264909723231, 47.022949146836488 ], [ 33.583970342296489, 47.020071045436829 ], [ 33.58183382669781, 47.017202315464388 ], [ 33.586833488045876, 47.017176803444229 ], [ 33.591546152906162, 47.014992850844806 ], [ 33.591520318430675, 47.012653302766473 ], [ 33.597039763614724, 47.012084731961139 ], [ 33.601990400764471, 47.007739397824906 ], [ 33.60379351864654, 47.00431036479619 ], [ 33.60694431291747, 47.003753780180823 ], [ 33.603297759222833, 47.007012614554704 ], [ 33.604370415196847, 47.008806715397206 ], [ 33.606742371905526, 47.009154123375396 ], [ 33.618287580874103, 47.006392732040716 ], [ 33.623183647987005, 46.997547370084526 ], [ 33.626893594115501, 46.999866808020712 ], [ 33.635302744830618, 46.99910055759792 ], [ 33.636923811266684, 47.00269107244533 ], [ 33.640899935785946, 47.005188550200437 ], [ 33.647718212678917, 47.003350426432576 ], [ 33.651887908709782, 47.000087196200845 ], [ 33.653501335807675, 47.002957616141487 ], [ 33.655621281343784, 47.004205329748878 ], [ 33.656445773826746, 47.007080220697468 ], [ 33.656325987376675, 47.018779326711901 ], [ 33.648963053116383, 47.040958232050592 ], [ 33.646619861953567, 47.043131183551672 ], [ 33.6474401383594, 47.045646194582922 ], [ 33.641948024285071, 47.048736680163984 ], [ 33.634329606925185, 47.05021892733167 ], [ 33.632524805442067, 47.053468449125944 ], [ 33.630431001249399, 47.054559840292661 ], [ 33.630458575412888, 47.056899354202159 ], [ 33.629158844621571, 47.058346295627281 ], [ 33.630501003959502, 47.060498604471441 ], [ 33.635241315501936, 47.060472409424825 ], [ 33.63657520427153, 47.061904795992177 ], [ 33.640808328704047, 47.063500955435963 ], [ 33.6421575707896, 47.066193008535599 ], [ 33.640067778153643, 47.067644498663846 ], [ 33.640091477379954, 47.069624079178674 ], [ 33.644085766170285, 47.073201162298453 ], [ 33.648322192636918, 47.074976996864386 ], [ 33.644690727920597, 47.079676810814007 ], [ 33.645777124145468, 47.082370293407394 ], [ 33.638672358996509, 47.083130026316645 ], [ 33.635545060090813, 47.086026996862714 ], [ 33.635832093092411, 47.088005110304252 ], [ 33.638212065752512, 47.08871176637566 ], [ 33.642676230611976, 47.087426990821356 ], [ 33.646900669748909, 47.08812310187556 ], [ 33.652161601220932, 47.087373373323608 ], [ 33.663276981961445, 47.091268955274209 ], [ 33.666173244953683, 47.09107217294217 ], [ 33.669049202503402, 47.089255676148653 ], [ 33.668229470428962, 47.086920807846525 ], [ 33.659246746013487, 47.084993156577823 ], [ 33.654187936160191, 47.080702799236306 ], [ 33.657566275107897, 47.076904006505735 ], [ 33.657502078925873, 47.071685135633579 ], [ 33.656424154074301, 47.069711606148061 ], [ 33.65193327172193, 47.06865741431249 ], [ 33.651654527912598, 47.067399183004419 ], [ 33.655809069441645, 47.062516168925001 ], [ 33.654472450135131, 47.060904047574816 ], [ 33.648648152566913, 47.058417544349474 ], [ 33.647559932627054, 47.055544114054705 ], [ 33.652023302156728, 47.05443894340457 ], [ 33.657247684720843, 47.050989565506853 ], [ 33.666546228470217, 47.057594876946339 ], [ 33.686952377296812, 47.067552848527946 ], [ 33.722964453937657, 47.081549121160229 ], [ 33.73650203924911, 47.088841785883766 ], [ 33.745242204997865, 47.092024771968767 ], [ 33.756920322527861, 47.097887312227471 ], [ 33.774584585463579, 47.116486413791122 ], [ 33.781327848336836, 47.126879027528013 ], [ 33.783244864473915, 47.131725190471485 ], [ 33.78360636804581, 47.138381691036749 ], [ 33.779874165405971, 47.153704772702014 ], [ 33.778081638346244, 47.175493490968776 ], [ 33.776527034186032, 47.177483719577076 ], [ 33.773098678834096, 47.17768687781917 ], [ 33.758129393413256, 47.183006070952885 ], [ 33.75161956837804, 47.189347935316931 ], [ 33.747944061074158, 47.190811753694028 ], [ 33.743451231471241, 47.190481056654207 ], [ 33.740557387818875, 47.19121968087223 ], [ 33.7392599251327, 47.192847793520116 ], [ 33.740074438689135, 47.194462267408703 ], [ 33.741940044119694, 47.195709992504398 ], [ 33.745636222051857, 47.195685996084791 ], [ 33.747760962196537, 47.196571999007318 ], [ 33.75144957315586, 47.196007953721583 ], [ 33.760123466641218, 47.19325117750369 ], [ 33.763214059459088, 47.187831516289123 ], [ 33.768226936291569, 47.187618040489717 ], [ 33.774000287318017, 47.185239562433011 ], [ 33.779804743828031, 47.185020228827042 ], [ 33.784265513703517, 47.183190070942736 ], [ 33.793858851004849, 47.189242998566385 ], [ 33.803683053457, 47.192953883016287 ], [ 33.805302416720608, 47.195282127823617 ], [ 33.808217419888742, 47.195981482287671 ], [ 33.814011875011452, 47.195040605405637 ], [ 33.818777802200657, 47.19590649549712 ], [ 33.828868976250256, 47.199613310314156 ], [ 33.840051816158585, 47.205470879311754 ], [ 33.850401712977657, 47.208633986659436 ], [ 33.850737724059925, 47.213130745156747 ], [ 33.84683076802505, 47.216579119419862 ], [ 33.847660380831456, 47.218912593183369 ], [ 33.851369598688926, 47.219604969857812 ], [ 33.854257622787465, 47.218503653556034 ], [ 33.857119426830927, 47.21578273054044 ], [ 33.859145069398963, 47.210368455885906 ], [ 33.864450017810476, 47.211768312778325 ], [ 33.878310145876959, 47.219401609635355 ], [ 33.897035360469879, 47.233294176077067 ], [ 33.893983124158055, 47.240336841841604 ], [ 33.888701638280658, 47.240557897857606 ], [ 33.884497980239651, 47.2420301801126 ], [ 33.879828177786131, 47.247285240325745 ], [ 33.878046759256613, 47.251438193296423 ], [ 33.868567939015279, 47.253670064880119 ], [ 33.866480016375867, 47.255305592420527 ], [ 33.866776620015088, 47.257283005694894 ], [ 33.86890288056091, 47.257986776696946 ], [ 33.875501823451941, 47.257396639774598 ], [ 33.886026195172875, 47.254436240643621 ], [ 33.888335633989826, 47.250279072675021 ], [ 33.890170477136515, 47.249364987271967 ], [ 33.890401571542213, 47.247383531443859 ], [ 33.897281432730168, 47.247869768888187 ], [ 33.902016752451296, 47.246572804143383 ], [ 33.905612038682911, 47.240425487246988 ], [ 33.909179337521785, 47.24813591633 ], [ 33.912930188251302, 47.266462922542608 ], [ 33.917585913184325, 47.275784097629789 ], [ 33.922161984451606, 47.28042653901413 ], [ 33.930733936140776, 47.286656122313488 ], [ 33.948625924001774, 47.296227676834363 ], [ 33.951045131455508, 47.298367239055132 ], [ 33.956638768345648, 47.300480293755946 ], [ 33.962350420597858, 47.309070918906023 ], [ 33.96373538266424, 47.312478662476273 ], [ 33.963614743942848, 47.320398238651876 ], [ 33.960252963662263, 47.324745666847633 ], [ 33.960024188098572, 47.326727220626005 ], [ 33.961909407892051, 47.328511082595298 ], [ 33.965608068401131, 47.328120045291961 ], [ 33.966441429091411, 47.330272623960951 ], [ 33.968156177089959, 47.351674174027714 ], [ 33.964753466129217, 47.353862461181912 ], [ 33.960784949401315, 47.354075763250478 ], [ 33.956842422222671, 47.355728439674486 ], [ 33.948656331597114, 47.35705624961107 ], [ 33.946046903931034, 47.359237409267656 ], [ 33.945562289321082, 47.361760930648721 ], [ 33.946647347348723, 47.363191700687423 ], [ 33.949831805752439, 47.363525287065038 ], [ 33.954298294906273, 47.361508561957763 ], [ 33.959333214282552, 47.361646496601971 ], [ 33.964077104859342, 47.360346930803345 ], [ 33.968320770705951, 47.360671089245884 ], [ 33.971220568634287, 47.359926689989344 ], [ 33.972729883011731, 47.369991978943467 ], [ 33.968602825266281, 47.390542982196237 ], [ 33.963758705088338, 47.401021775961127 ], [ 33.959881439844253, 47.406453247167711 ], [ 33.959914133482968, 47.408252618484042 ], [ 33.955757842035567, 47.412966421223501 ], [ 33.952955565272489, 47.419288498022865 ], [ 33.949256903349315, 47.420039040945134 ], [ 33.947688798873259, 47.421311763261798 ], [ 33.947727553455742, 47.423471010809266 ], [ 33.950682919933293, 47.425606107729742 ], [ 33.948875406908485, 47.42832054073444 ], [ 33.943112608003602, 47.432327296490243 ], [ 33.940790127823711, 47.435945651145978 ], [ 33.934192002530011, 47.43779924197915 ], [ 33.930258278279624, 47.440350716652738 ], [ 33.9292480910891, 47.443238322219635 ], [ 33.925800018319777, 47.44326621825288 ], [ 33.923125614757069, 47.442028040758977 ], [ 33.920489002705047, 47.442949056695745 ], [ 33.920267704440754, 47.445470318171154 ], [ 33.924565275714357, 47.448495114532882 ], [ 33.91719421458216, 47.451793654776651 ], [ 33.91459757254399, 47.455053730679346 ], [ 33.911916604407502, 47.453455420353755 ], [ 33.908733136300256, 47.45348069718171 ], [ 33.906092607399451, 47.4542214473786 ], [ 33.902696148955549, 47.457307606786955 ], [ 33.904858754786972, 47.45963007450937 ], [ 33.910418050667182, 47.458866213855714 ], [ 33.914694316031088, 47.460631804579371 ], [ 33.919988247314947, 47.459869596667538 ], [ 33.924157691635138, 47.455516957085862 ], [ 33.926858106430508, 47.458194600876979 ], [ 33.929779704090663, 47.458350907854104 ], [ 33.931601923461464, 47.456356524489188 ], [ 33.93022146118858, 47.453308363534155 ], [ 33.937029404116608, 47.448213958218247 ], [ 33.939090631118653, 47.44477779188859 ], [ 33.945996621536374, 47.445260905413399 ], [ 33.944850864238781, 47.455348288828496 ], [ 33.938154822730304, 47.466740930743605 ], [ 33.936131043218481, 47.47233630979148 ], [ 33.933425351508546, 47.484415837250154 ], [ 33.934570110718738, 47.489085523329805 ], [ 33.9338183671194, 47.491611113916484 ], [ 33.929138131918812, 47.497227946996524 ], [ 33.926359980575619, 47.505348691352886 ], [ 33.921617889761876, 47.50754643830988 ], [ 33.920852682465721, 47.509352198216277 ], [ 33.921952778001099, 47.511502892822882 ], [ 33.927277060589603, 47.512179806614178 ], [ 33.926809260805761, 47.515782810313787 ], [ 33.921382834648057, 47.524464661769727 ], [ 33.923077734220399, 47.530209772526362 ], [ 33.928204928992329, 47.534667400700087 ], [ 33.931402849569864, 47.535181353765793 ], [ 33.93681939602083, 47.540895966412037 ], [ 33.936845042670207, 47.542335439205246 ], [ 33.927395991978891, 47.549070764330502 ], [ 33.925687702429457, 47.557722639727842 ], [ 33.920459671007862, 47.562803587902621 ], [ 33.918067111936899, 47.562822764783526 ], [ 33.916228194783528, 47.56409718684715 ], [ 33.918999967627748, 47.570553549521399 ], [ 33.923260354240327, 47.570879251767082 ], [ 33.925862070633357, 47.567619009767142 ], [ 33.934536333721852, 47.561969910933904 ], [ 33.938763963947594, 47.560495706889675 ], [ 33.942385503425847, 47.554887251760931 ], [ 33.946871649577979, 47.553050701477964 ], [ 33.950248826345408, 47.548703727400671 ], [ 33.955272220773665, 47.547222313039214 ], [ 33.958425234961901, 47.54521644344976 ], [ 33.963355754234229, 47.538696557686436 ], [ 33.968643525526097, 47.537212332035395 ], [ 33.972419977867538, 47.540239701012887 ], [ 33.971742523286309, 47.546724017457187 ], [ 33.961828192971225, 47.556885361010202 ], [ 33.961080132260804, 47.559591030561997 ], [ 33.971118322086298, 47.570484014752836 ], [ 33.98474873025944, 47.574146943898896 ], [ 33.994068559191419, 47.574786383408757 ], [ 34.003568547181409, 47.570924498625359 ], [ 34.006434556846735, 47.567840068668097 ], [ 34.006106671460046, 47.564603668046807 ], [ 34.009030933357842, 47.564577977618676 ], [ 34.010947221732451, 47.567440460271342 ], [ 34.010232698629153, 47.571765790905943 ], [ 34.012152788299993, 47.574808176532166 ], [ 34.020482870793671, 47.57923335135888 ], [ 34.029279209436083, 47.580234506170193 ], [ 34.033349438603871, 47.584336975641087 ], [ 34.040054953887655, 47.587155716967175 ], [ 34.043781877341026, 47.587301820367067 ], [ 34.057509953196927, 47.582137199920943 ], [ 34.076722994358796, 47.585197714792507 ], [ 34.089491828838028, 47.585257092900108 ], [ 34.091604380452857, 47.584517167191741 ], [ 34.094686815273455, 47.579268953393999 ], [ 34.096784020742625, 47.577809237672426 ], [ 34.104270861512383, 47.579716956858078 ], [ 34.113300345244269, 47.579089783915983 ], [ 34.122811393382229, 47.576117704471663 ], [ 34.126190799478337, 47.572485365700814 ], [ 34.137068135896172, 47.571298276784248 ], [ 34.140747254697168, 47.5692821764491 ], [ 34.141431441327683, 47.564056513185584 ], [ 34.147872723328071, 47.554634261795613 ], [ 34.151270479142816, 47.539843384851494 ], [ 34.159923606733742, 47.534537301623857 ], [ 34.163904770777783, 47.534317001309866 ], [ 34.166657312122354, 47.538608109098448 ], [ 34.173118313240266, 47.542321387128339 ], [ 34.178996304776618, 47.543700797223501 ], [ 34.189629191003, 47.543770948066282 ], [ 34.197302290458225, 47.542251399248386 ], [ 34.204946076153021, 47.539471911808029 ], [ 34.216968250947687, 47.530706784766799 ], [ 34.221969651085274, 47.528674013730523 ], [ 34.222567840151783, 47.531547031393934 ], [ 34.220542800235656, 47.535887691388837 ], [ 34.222304144721861, 47.543067403693918 ], [ 34.232839932067861, 47.550333048628858 ], [ 34.243002201996248, 47.552922772315512 ], [ 34.243310525444528, 47.554719045174963 ], [ 34.23775475947852, 47.555858913155092 ], [ 34.235139275423627, 47.557686726591918 ], [ 34.230089326921785, 47.557741004929703 ], [ 34.22534710583485, 47.559591385869737 ], [ 34.225173602593273, 47.56355238555939 ], [ 34.229519303698396, 47.567465021184205 ], [ 34.229569839552276, 47.569624011339883 ], [ 34.227780401570669, 47.572702517937579 ], [ 34.222546893774805, 47.576357641853029 ], [ 34.222892382036321, 47.579773211223184 ], [ 34.225880280107162, 47.582440722097679 ], [ 34.224406486292672, 47.587675319152915 ], [ 34.225068533290752, 47.593247019077189 ], [ 34.226706389793854, 47.595029115141408 ], [ 34.22529957421699, 47.603142355389316 ], [ 34.218175571959542, 47.605737676971899 ], [ 34.214567766088919, 47.610814809475386 ], [ 34.209811924321095, 47.612304747319676 ], [ 34.208265268916143, 47.614480564490087 ], [ 34.209899085210765, 47.616082977563764 ], [ 34.214156434665952, 47.616037991398393 ], [ 34.215620318264996, 47.621781187170797 ], [ 34.214951227045717, 47.627367012040345 ], [ 34.218004197458583, 47.632733407235776 ], [ 34.217813280474019, 47.635974695298941 ], [ 34.21970169854589, 47.637034384792564 ], [ 34.220013965100968, 47.639010611406007 ], [ 34.223246164134359, 47.640595819002471 ], [ 34.224095227087815, 47.642746266895877 ], [ 34.227631950306751, 47.645947728685094 ], [ 34.23379770789942, 47.647681165383837 ], [ 34.238847802549685, 47.647266820897507 ], [ 34.23985740517147, 47.644916449810822 ], [ 34.23525092242113, 47.641546928947193 ], [ 34.231959086685009, 47.637443275078098 ], [ 34.228993008346023, 47.635855461196492 ], [ 34.225651538843529, 47.629592646401584 ], [ 34.225014119691721, 47.625100475476721 ], [ 34.22657721708395, 47.623644097111836 ], [ 34.228820505115301, 47.61714154738516 ], [ 34.227853742520175, 47.609953515055423 ], [ 34.228875798661349, 47.608142971708531 ], [ 34.236037734623295, 47.607166216336054 ], [ 34.241215886250068, 47.612329132546868 ], [ 34.245794499475906, 47.614618970862388 ], [ 34.259651880343228, 47.615367424122468 ], [ 34.267350676520579, 47.614562777664567 ], [ 34.279070931151097, 47.614972558558875 ], [ 34.28168767986908, 47.613143748691087 ], [ 34.281102818834995, 47.610990762550827 ], [ 34.277343040008219, 47.609593014726926 ], [ 34.273627143864324, 47.609994256874316 ], [ 34.266688174261851, 47.609171298242174 ], [ 34.260320400114004, 47.609961284699011 ], [ 34.24724546757399, 47.608484568798715 ], [ 34.245589402310749, 47.605983126055477 ], [ 34.240994536168138, 47.602973613386027 ], [ 34.235609777265211, 47.588994852781028 ], [ 34.233701649022976, 47.587035828997912 ], [ 34.233545230343509, 47.580378970567644 ], [ 34.229763614941156, 47.577900132326789 ], [ 34.235013689236844, 47.574964344327185 ], [ 34.237030496899912, 47.570263624453183 ], [ 34.23688221969681, 47.563966585816353 ], [ 34.240067785609433, 47.563752223059971 ], [ 34.239052730470675, 47.577080308228041 ], [ 34.241303139966192, 47.582274834470489 ], [ 34.245394215000445, 47.586549537646484 ], [ 34.248906965124291, 47.588850826752136 ], [ 34.258275314626779, 47.591267876532548 ], [ 34.276643545505671, 47.59178473097203 ], [ 34.283004457387094, 47.590813947266234 ], [ 34.288802317328788, 47.588589413441447 ], [ 34.295109339540318, 47.585459031798273 ], [ 34.305301291784247, 47.578145044392784 ], [ 34.311096795568169, 47.575919400975145 ], [ 34.316666539885745, 47.57531570720267 ], [ 34.320884207330749, 47.57382751629185 ], [ 34.324931095155428, 47.576120332314844 ], [ 34.333173053769677, 47.576024817701509 ], [ 34.344224383684342, 47.571396776814929 ], [ 34.354901208241685, 47.562632965025152 ], [ 34.369981299900765, 47.559754372984884 ], [ 34.374182059355476, 47.557724527504575 ], [ 34.375207479986507, 47.556272537017506 ], [ 34.379189219074718, 47.556044755709955 ], [ 34.384177101104662, 47.553645147183687 ], [ 34.389501607320277, 47.553940678656815 ], [ 34.392922988288262, 47.552639433316799 ], [ 34.397962545950129, 47.552218182456592 ], [ 34.403471042859366, 47.549451457201577 ], [ 34.406384406735803, 47.549055837997464 ], [ 34.405441772984467, 47.55356646078976 ], [ 34.40829691305489, 47.560909893899307 ], [ 34.419644532078536, 47.567608544784697 ], [ 34.426092499649286, 47.570048012939651 ], [ 34.437030797009591, 47.571351165349228 ], [ 34.444193446907811, 47.570721299929744 ], [ 34.452645237859613, 47.568634964613821 ], [ 34.461547362600989, 47.573200876862302 ], [ 34.461572396274491, 47.574100369609774 ], [ 34.45154982711562, 47.577107063868262 ], [ 34.444987447741156, 47.58024929395804 ], [ 34.443254882113294, 47.584950122258256 ], [ 34.445885852496488, 47.59355514801684 ] ], [ [ 33.680666769951188, 46.8631362502068 ], [ 33.68040666225545, 46.863317777004575 ], [ 33.680404388424904, 46.86313781011512 ], [ 33.680666769951188, 46.8631362502068 ] ], [ [ 32.641680131883938, 46.608122199203265 ], [ 32.641940106762931, 46.608303000991633 ], [ 32.641678945015421, 46.608302183334814 ], [ 32.641680131883938, 46.608122199203265 ] ], [ [ 32.513550947121828, 46.53817335026698 ], [ 32.513810161669085, 46.538354442507348 ], [ 32.51354933978655, 46.538353333637723 ], [ 32.513550947121828, 46.53817335026698 ] ], [ [ 32.481418270287804, 46.516073336715991 ], [ 32.481159269351984, 46.515892171241298 ], [ 32.481419982456337, 46.515893353527588 ], [ 32.481418270287804, 46.516073336715991 ] ], [ [ 32.481159269351984, 46.515892171241298 ], [ 32.480900270137532, 46.515711005181458 ], [ 32.481160982364791, 46.51571218805455 ], [ 32.481159269351984, 46.515892171241298 ] ], [ [ 32.480900270137532, 46.515711005181458 ], [ 32.480642987345739, 46.515349855353016 ], [ 32.480903697835231, 46.515351038805527 ], [ 32.480900270137532, 46.515711005181458 ] ], [ [ 32.480382276872668, 46.515348671306327 ], [ 32.477024120902833, 46.5120935282159 ], [ 32.47990721640523, 46.51048675390814 ], [ 32.480932830613625, 46.512291323683421 ], [ 32.480382276872668, 46.515348671306327 ] ], [ [ 31.544876153411799, 46.54579103526288 ], [ 31.544610561041182, 46.545967648492599 ], [ 31.544615370774601, 46.54578771701712 ], [ 31.544876153411799, 46.54579103526288 ] ], [ [ 31.674022254607507, 46.470144105566469 ], [ 31.674287059737637, 46.46996718128058 ], [ 31.674282690038392, 46.470147125052129 ], [ 31.674022254607507, 46.470144105566469 ] ], [ [ 31.786675398604888, 46.277178138138495 ], [ 31.786950815931263, 46.27646106142042 ], [ 31.786934929696013, 46.277180892346841 ], [ 31.786675398604888, 46.277178138138495 ] ], [ [ 32.095259543325135, 47.002507970466965 ], [ 32.095519554818047, 47.002690001362353 ], [ 32.095256505090617, 47.002687923193399 ], [ 32.095259543325135, 47.002507970466965 ] ], [ [ 31.956699414862722, 46.835747873341184 ], [ 31.956171483700462, 46.835923042103474 ], [ 31.956174968593682, 46.835743091550761 ], [ 31.956699414862722, 46.835747873341184 ] ], [ [ 32.990499223311467, 47.170576631812011 ], [ 32.990763164973735, 47.170396683500009 ], [ 32.990763133771466, 47.170576653394008 ], [ 32.990499223311467, 47.170576631812011 ] ], [ [ 32.775203045355141, 46.781068087975591 ], [ 32.77494029632286, 46.781247553875978 ], [ 32.774941046306409, 46.781067573075156 ], [ 32.775203045355141, 46.781068087975591 ] ], [ [ 33.502745666014675, 46.861716203763883 ], [ 33.50300972995808, 46.861895023792712 ], [ 33.502747346065348, 46.861896176468647 ], [ 33.502745666014675, 46.861716203763883 ] ], [ [ 34.406384406735803, 47.549055837997464 ], [ 34.406645316606436, 47.548872675069887 ], [ 34.406650131111356, 47.549052578719873 ], [ 34.406384406735803, 47.549055837997464 ] ], [ [ 34.44615179749038, 47.593551794869207 ], [ 34.44642270078581, 47.593728340233142 ], [ 34.446156754929227, 47.59373169401816 ], [ 34.44615179749038, 47.593551794869207 ] ], [ [ 34.451565232981856, 47.596902677272311 ], [ 34.45373777845257, 47.598494813851289 ], [ 34.454023688689254, 47.599211035674323 ], [ 34.452412911968551, 47.598691561169026 ], [ 34.451565232981856, 47.596902677272311 ] ], [ [ 34.451033310260534, 47.596909408407598 ], [ 34.450762375033058, 47.596732874368385 ], [ 34.451028335555236, 47.596729509746488 ], [ 34.451033310260534, 47.596909408407598 ] ], [ [ 32.987336275674707, 47.153839101154787 ], [ 32.988127878669296, 47.153299274634186 ], [ 32.987600103258409, 47.153839130015321 ], [ 32.987336275674707, 47.153839101154787 ] ], [ [ 32.815245878656455, 47.023030745169628 ], [ 32.811829583715806, 47.021585385543155 ], [ 32.812360345509951, 47.020326433646233 ], [ 32.815518359246688, 47.020331564560919 ], [ 32.81866906171792, 47.022496292789 ], [ 32.815245878656455, 47.023030745169628 ] ], [ [ 33.589642841696936, 47.009423425086652 ], [ 33.590167062642401, 47.0092407489186 ], [ 33.590169045012424, 47.009420714341523 ], [ 33.589642841696936, 47.009423425086652 ] ], [ [ 32.039117674075818, 46.979013509773011 ], [ 32.039701529675447, 46.975778809565242 ], [ 32.039906462361863, 46.979020126814078 ], [ 32.039117674075818, 46.979013509773011 ] ], [ [ 33.503539545834755, 46.862432634651661 ], [ 33.503805299570182, 46.862791425450162 ], [ 33.503542911342258, 46.862792579966367 ], [ 33.503539545834755, 46.862432634651661 ] ], [ [ 33.503539545834755, 46.862432634651661 ], [ 33.503275477491457, 46.862253815878887 ], [ 33.503537863105308, 46.862252661985735 ], [ 33.503539545834755, 46.862432634651661 ] ], [ [ 31.955119099637546, 46.836093421742376 ], [ 31.954591160060055, 46.836268583135812 ], [ 31.954594650270817, 46.836088632684628 ], [ 31.955119099637546, 46.836093421742376 ] ], [ [ 31.955119099637546, 46.836093421742376 ], [ 31.955647035815428, 46.835918257880664 ], [ 31.955643549138529, 46.836098208397608 ], [ 31.955119099637546, 46.836093421742376 ] ], [ [ 33.21250140357246, 46.785771114650188 ], [ 33.212240088865059, 46.785951581647453 ], [ 33.212239381484906, 46.785771600841343 ], [ 33.21250140357246, 46.785771114650188 ] ], [ [ 33.21250140357246, 46.785771114650188 ], [ 33.215118039243912, 46.784866315798752 ], [ 33.216955054919502, 46.785582776866065 ], [ 33.21250140357246, 46.785771114650188 ] ], [ [ 33.185775117042411, 46.785817616289684 ], [ 33.177387430436305, 46.784931012973637 ], [ 33.188380903815201, 46.781673767126549 ], [ 33.196487921684046, 46.777520543265197 ], [ 33.209047045939101, 46.773358696476343 ], [ 33.21951820482834, 46.771539265900671 ], [ 33.227376032206045, 46.771343941853011 ], [ 33.227653151841196, 46.77494304156869 ], [ 33.230283585795945, 46.777457533208519 ], [ 33.224781224988682, 46.777288489774968 ], [ 33.21717365081112, 46.774783424254622 ], [ 33.214031452000953, 46.775149308526281 ], [ 33.205406952144052, 46.780564583154472 ], [ 33.202001664462585, 46.780750626289148 ], [ 33.19570914785406, 46.779501683336541 ], [ 33.19073574883884, 46.780769955702254 ], [ 33.187075878199558, 46.783115765372628 ], [ 33.185775117042411, 46.785817616289684 ] ], [ [ 33.217217799975501, 46.785762260634002 ], [ 33.21747909709331, 46.785581782295324 ], [ 33.217479821932201, 46.785761763045599 ], [ 33.217217799975501, 46.785762260634002 ] ], [ [ 33.193370551402005, 46.784905125023066 ], [ 33.197034865433814, 46.783818982464055 ], [ 33.204638691895724, 46.785245496736053 ], [ 33.202019841531694, 46.785610113482178 ], [ 33.193370551402005, 46.784905125023066 ] ], [ [ 33.193371195874306, 46.785085106066681 ], [ 33.193109820410541, 46.785265529497927 ], [ 33.193109176805308, 46.785085548457261 ], [ 33.193371195874306, 46.785085106066681 ] ], [ [ 33.252499823895661, 46.766251755270289 ], [ 33.261395749657538, 46.764251971936993 ], [ 33.282334962482679, 46.761502487705435 ], [ 33.283900708031169, 46.760418716561212 ], [ 33.283892199986006, 46.758798890625251 ], [ 33.280481093145752, 46.757547420058614 ], [ 33.286498696974306, 46.756452615358704 ], [ 33.303518756192311, 46.756048775626319 ], [ 33.321340217241577, 46.758339903992706 ], [ 33.323440695866708, 46.759233902290639 ], [ 33.322217084762585, 46.773635980100629 ], [ 33.316444454988016, 46.772032243135641 ], [ 33.308581741095615, 46.771333782534825 ], [ 33.298894560708945, 46.772259404894186 ], [ 33.285829186111478, 46.778412186141296 ], [ 33.281131254669269, 46.781843487150311 ], [ 33.273785168280099, 46.779881490352842 ], [ 33.261469777128184, 46.779550323572721 ], [ 33.253616804956579, 46.781007853402187 ], [ 33.24837187321144, 46.779939461804801 ], [ 33.23868925736901, 46.782479816656476 ], [ 33.22847331573761, 46.783040612823299 ], [ 33.214837405965127, 46.780187305069866 ], [ 33.216405048889143, 46.779104457786886 ], [ 33.220604233756767, 46.780896263955192 ], [ 33.226633968765562, 46.781784394169144 ], [ 33.238157309509496, 46.78068110207839 ], [ 33.239723699137002, 46.779417955654488 ], [ 33.23997609435763, 46.777257638205924 ], [ 33.238132711031419, 46.775101699212378 ], [ 33.233673772560927, 46.773851012527714 ], [ 33.233664431203323, 46.771691241039363 ], [ 33.235496535919282, 46.77132752067449 ], [ 33.239949712313312, 46.77131827089508 ], [ 33.247039682070792, 46.775082820057676 ], [ 33.253583005739294, 46.773808631632761 ], [ 33.257250491053149, 46.773800446876834 ], [ 33.259614213768145, 46.775054987065964 ], [ 33.262756092907821, 46.774687851963215 ], [ 33.263796931415193, 46.773245597369304 ], [ 33.262995279898703, 46.770007755391795 ], [ 33.258275112496953, 46.768938608721136 ], [ 33.257216216207631, 46.766601218036996 ], [ 33.252499823895661, 46.766251755270289 ] ], [ [ 33.252500664887101, 46.766431736179442 ], [ 33.251977649021676, 46.766612871654544 ], [ 33.251976809766902, 46.76643289074385 ], [ 33.252500664887101, 46.766431736179442 ] ], [ [ 33.251978488284514, 46.76679285255954 ], [ 33.250411082524963, 46.767696206456478 ], [ 33.248838651207379, 46.767519653413444 ], [ 33.251191863663756, 46.766614599016123 ], [ 33.251978488284514, 46.76679285255954 ] ], [ [ 33.152479382004522, 46.779207476691695 ], [ 33.138593384311839, 46.779045151908996 ], [ 33.133612447702035, 46.777791198994208 ], [ 33.134394370915004, 46.776170442306835 ], [ 33.139887955293489, 46.773104158250618 ], [ 33.140926881844145, 46.769683215564925 ], [ 33.137510602655723, 46.765367787557842 ], [ 33.129913934051828, 46.76501669752556 ], [ 33.132003599248591, 46.762674530408937 ], [ 33.135145633129383, 46.762310897611187 ], [ 33.140124710770614, 46.763384806510139 ], [ 33.143801092339373, 46.766979900833256 ], [ 33.14407118214757, 46.770039265782209 ], [ 33.145908211611221, 46.77129681643855 ], [ 33.146179903934822, 46.774896119370766 ], [ 33.153520696342802, 46.77686631436525 ], [ 33.154834206296975, 46.778124421347442 ], [ 33.152479382004522, 46.779207476691695 ] ], [ [ 33.331134780473818, 46.775410351711564 ], [ 33.328768294039023, 46.773977313598444 ], [ 33.329743645980457, 46.762095643778551 ], [ 33.339212878559827, 46.768547352734096 ], [ 33.341864120955691, 46.773578979634124 ], [ 33.337408549883705, 46.773232236713298 ], [ 33.331134780473818, 46.775410351711564 ] ], [ [ 33.248315612483111, 46.767700772162627 ], [ 33.248576718304619, 46.767520222624462 ], [ 33.248577546266269, 46.76770020354752 ], [ 33.248315612483111, 46.767700772162627 ] ], [ [ 33.086422361165695, 46.757318541029967 ], [ 33.068076761191314, 46.746531936791591 ], [ 33.046075225793132, 46.737723721653488 ], [ 33.029842693784033, 46.735029351737758 ], [ 33.017277119903909, 46.734312003991491 ], [ 33.000523552583815, 46.734673274302423 ], [ 32.992931875535312, 46.735932942708253 ], [ 32.976963533978108, 46.735030924214257 ], [ 32.963614430746055, 46.7326876705554 ], [ 32.962830243734516, 46.731067564782485 ], [ 32.960736695892656, 46.73034693049555 ], [ 32.958904135427957, 46.730706254667894 ], [ 32.958117889079276, 46.731965855998212 ], [ 32.953144857628388, 46.731423976652337 ], [ 32.953670073905606, 46.729444368715654 ], [ 32.952624330987838, 46.728004069758583 ], [ 32.944774217889019, 46.725840743756038 ], [ 32.942681875507439, 46.724399843156341 ], [ 32.936924523123572, 46.723856862641753 ], [ 32.935618473447121, 46.721696326805905 ], [ 32.930647073254015, 46.720793501464684 ], [ 32.938238893173548, 46.718818025096446 ], [ 32.946093283132569, 46.715402294405322 ], [ 32.974356331394745, 46.712712353380368 ], [ 32.980113006808139, 46.712893482955934 ], [ 32.98403748733616, 46.714873925171347 ], [ 32.993981067421082, 46.717394659633037 ], [ 33.021721722936462, 46.720452487044454 ], [ 33.025648188045203, 46.722251515200732 ], [ 33.033238841129979, 46.723689434445326 ], [ 33.039523087355022, 46.727647083440232 ], [ 33.043710672198699, 46.727285592786117 ], [ 33.045544218875349, 46.728904732597449 ], [ 33.052873346544992, 46.729081564892681 ], [ 33.060730061854038, 46.732857324637642 ], [ 33.067536686517926, 46.733393461254849 ], [ 33.069108225633776, 46.734112457803441 ], [ 33.068588558159135, 46.737172492273629 ], [ 33.070684745198378, 46.738611085280475 ], [ 33.079323983838961, 46.738605423123786 ], [ 33.090594433948695, 46.746516326759277 ], [ 33.0934826900166, 46.75119356781137 ], [ 33.099247153771572, 46.753168528323329 ], [ 33.098204269173507, 46.75568919069427 ], [ 33.094013287218239, 46.755152761147343 ], [ 33.090873508898248, 46.756775144327541 ], [ 33.086422361165695, 46.757318541029967 ] ], [ [ 32.913603812934987, 46.740940088178725 ], [ 32.906276355797473, 46.739134486758374 ], [ 32.906279162467349, 46.737514637025953 ], [ 32.904971794980341, 46.736613640893871 ], [ 32.891363661423135, 46.734261744438136 ], [ 32.88874999457687, 46.732279412490875 ], [ 32.88849268170965, 46.730119356579173 ], [ 32.885352780924585, 46.729576302521359 ], [ 32.878038355543353, 46.723089318863039 ], [ 32.874114654291326, 46.722185149550924 ], [ 32.867844036817154, 46.717858460143191 ], [ 32.872813691207689, 46.71894399666035 ], [ 32.874641419833992, 46.720745854984067 ], [ 32.877257686664798, 46.721108659297883 ], [ 32.87935257100046, 46.720570934701996 ], [ 32.880402582602386, 46.719132163679383 ], [ 32.878575523857172, 46.716970429113488 ], [ 32.878838422495733, 46.716430755012937 ], [ 32.897660533453333, 46.72670822877523 ], [ 32.90184604601771, 46.727971782615327 ], [ 32.902105835789961, 46.729051908365129 ], [ 32.908119332995028, 46.733016537862071 ], [ 32.91989329642707, 46.736805042161073 ], [ 32.93402690927617, 46.739153849064756 ], [ 32.924600684479628, 46.740227927867807 ], [ 32.91727350626774, 46.738063063441295 ], [ 32.915178038023193, 46.73878146370194 ], [ 32.913603812934987, 46.740940088178725 ] ], [ [ 32.942937338971952, 46.7303394393983 ], [ 32.943199283112421, 46.730159585907039 ], [ 32.943199094166125, 46.730339569618359 ], [ 32.942937338971952, 46.7303394393983 ] ], [ [ 32.94267577446734, 46.730159324869838 ], [ 32.93116064714355, 46.72853312287274 ], [ 32.917031312634187, 46.725284040720219 ], [ 32.903954688459486, 46.719694306979129 ], [ 32.895066541899908, 46.714646943569321 ], [ 32.905530877698524, 46.716275919178784 ], [ 32.916777055092318, 46.720424286889724 ], [ 32.924882482130784, 46.725829415486075 ], [ 32.939798479602757, 46.728358009040221 ], [ 32.94267577446734, 46.730159324869838 ] ], [ [ 32.87361055684832, 46.713905320196631 ], [ 32.868902146993221, 46.713180085600605 ], [ 32.865509357727888, 46.709576459955457 ], [ 32.852177773933171, 46.704880416444347 ], [ 32.847215410866518, 46.701814158820675 ], [ 32.851138669490034, 46.702179299227318 ], [ 32.863422933907458, 46.706874220923432 ], [ 32.872045184895384, 46.711923752467079 ], [ 32.87361055684832, 46.713905320196631 ] ], [ [ 32.843820624823465, 46.699649758601169 ], [ 32.84303528525998, 46.699828668846202 ], [ 32.842775245743688, 46.699288357427079 ], [ 32.843820624823465, 46.699649758601169 ] ], [ [ 32.833895606324383, 46.694416220205852 ], [ 32.834157737905798, 46.694236615435074 ], [ 32.834157186927357, 46.694416599615032 ], [ 32.833895606324383, 46.694416220205852 ] ], [ [ 32.827371004112479, 46.689726951745271 ], [ 32.832595489600379, 46.691894535353036 ], [ 32.833115300034912, 46.692975204867537 ], [ 32.828935237248196, 46.691349166804017 ], [ 32.827371004112479, 46.689726951745271 ] ], [ [ 32.826848463545375, 46.689546177103416 ], [ 32.8258028142547, 46.689364604919668 ], [ 32.825803392886677, 46.68918462065804 ], [ 32.826848463545375, 46.689546177103416 ] ], [ [ 32.825803392886677, 46.68918462065804 ], [ 32.825542417151318, 46.689004237921608 ], [ 32.825803971513096, 46.689004636390749 ], [ 32.825803392886677, 46.68918462065804 ] ], [ [ 32.793183217038802, 46.669691881361182 ], [ 32.784305012849984, 46.666795716453237 ], [ 32.758440276425105, 46.662604358818633 ], [ 32.755562158378282, 46.66313820454701 ], [ 32.730208116347981, 46.662181301334826 ], [ 32.718174236973553, 46.663772168328244 ], [ 32.697805737103515, 46.659580506000111 ], [ 32.67328093847906, 46.651593706836692 ], [ 32.660771155706868, 46.645797731582114 ], [ 32.638655330335446, 46.630971097524842 ], [ 32.638142385195003, 46.629529579086984 ], [ 32.636578417039694, 46.62898466036814 ], [ 32.638431213925529, 46.62539078555141 ], [ 32.63818316074893, 46.623410140596782 ], [ 32.632200371652765, 46.619611327680737 ], [ 32.638474346935951, 46.618911374970146 ], [ 32.646023713664015, 46.622894705111001 ], [ 32.66245450525993, 46.62726405578745 ], [ 32.666348978521427, 46.631235196784587 ], [ 32.670790616127, 46.631248063301527 ], [ 32.672351736713942, 46.632332467042062 ], [ 32.677832171950016, 46.633427952492795 ], [ 32.679647350313623, 46.635772880041962 ], [ 32.682520542174814, 46.635960875682734 ], [ 32.685139764921608, 46.634888191920417 ], [ 32.709420580979767, 46.638552172579317 ], [ 32.711238254184941, 46.640716615978427 ], [ 32.707565236265197, 46.643407087809862 ], [ 32.70727963367564, 46.647906022596793 ], [ 32.71144789900513, 46.650436421467056 ], [ 32.715630703888564, 46.650266907257205 ], [ 32.716145902155311, 46.651708077980253 ], [ 32.718233143609119, 46.65243318264892 ], [ 32.721371505494524, 46.652080895386582 ], [ 32.722424369787888, 46.650643563163726 ], [ 32.721138807628492, 46.646500747678076 ], [ 32.718801602418687, 46.643615241661543 ], [ 32.720121264925638, 46.641098663602456 ], [ 32.719606060416446, 46.639657508087751 ], [ 32.723270888306132, 46.638406523091412 ], [ 32.730328906518352, 46.637883415785552 ], [ 32.731386600491156, 46.635366087680914 ], [ 32.73870370639046, 46.635203045381623 ], [ 32.743924484412872, 46.636294770671697 ], [ 32.748894159989945, 46.635225864278482 ], [ 32.751514513252012, 46.633611702884167 ], [ 32.756213623635844, 46.634521746623633 ], [ 32.76403982793812, 46.6374179443646 ], [ 32.770031536853537, 46.641749826202194 ], [ 32.77629816164383, 46.643022156662425 ], [ 32.778641339560899, 46.645186553117988 ], [ 32.781251861448489, 46.645911520033486 ], [ 32.778882146995336, 46.650226640282447 ], [ 32.779130325302866, 46.653466873975155 ], [ 32.782782471043944, 46.65527372835421 ], [ 32.788790261770593, 46.656364893351736 ], [ 32.791643499521101, 46.662129680175894 ], [ 32.798178437047163, 46.662321379458021 ], [ 32.793183217038802, 46.669691881361182 ] ], [ [ 32.60449583331598, 46.621678759734586 ], [ 32.604511560168852, 46.619518964086105 ], [ 32.599303204411804, 46.617340990454096 ], [ 32.594850657931886, 46.618945197852192 ], [ 32.590152927428349, 46.618388502903535 ], [ 32.5856959084457, 46.620532300428735 ], [ 32.581510861985286, 46.621237018899784 ], [ 32.579672557542388, 46.622490192393364 ], [ 32.579658627419164, 46.624290015654978 ], [ 32.570776587706, 46.624257038400152 ], [ 32.572130979457356, 46.618142535784393 ], [ 32.576332751400926, 46.615278370007942 ], [ 32.576880370457864, 46.612040617037827 ], [ 32.575074649093196, 46.609154118941369 ], [ 32.577707268993755, 46.606464047603481 ], [ 32.575116868831124, 46.60375463628047 ], [ 32.583209386775664, 46.604144380484229 ], [ 32.587375328686043, 46.605779373698681 ], [ 32.584208502421127, 46.610087618345219 ], [ 32.585238063503965, 46.61207122153268 ], [ 32.588619751969965, 46.613883308813364 ], [ 32.591499575808164, 46.61299368894047 ], [ 32.594364524002735, 46.614083808974826 ], [ 32.596721897587393, 46.613192204152377 ], [ 32.601134275279968, 46.616987413581732 ], [ 32.603221264537048, 46.61735464568654 ], [ 32.605547268934011, 46.62078245221786 ], [ 32.607371910622732, 46.621328690975744 ], [ 32.60449583331598, 46.621678759734586 ] ], [ [ 32.604493211997763, 46.622038725595978 ], [ 32.604230673790759, 46.622217805172717 ], [ 32.604231985334366, 46.62203782225626 ], [ 32.604493211997763, 46.622038725595978 ] ], [ [ 32.564274566555113, 46.620632710640756 ], [ 32.562969922051821, 46.620447746931241 ], [ 32.563498143096858, 46.619729813182119 ], [ 32.564274566555113, 46.620632710640756 ] ], [ [ 32.623840224414586, 46.619764133849749 ], [ 32.620721967353902, 46.617414000946681 ], [ 32.627764637866811, 46.618877031793893 ], [ 32.623840224414586, 46.619764133849749 ] ], [ [ 32.548373182969925, 46.616611317422908 ], [ 32.545247840117078, 46.615519011098172 ], [ 32.546570331627876, 46.613544394715987 ], [ 32.548122464534636, 46.615350413406787 ], [ 32.548373182969925, 46.616611317422908 ] ], [ [ 32.491973133076911, 46.614394909227109 ], [ 32.4943271570721, 46.614045362409612 ], [ 32.494325481788479, 46.614225342858695 ], [ 32.491973133076911, 46.614394909227109 ] ], [ [ 32.49458834135681, 46.614046516533428 ], [ 32.494851199194734, 46.613867689591807 ], [ 32.494849525657585, 46.614047670061012 ], [ 32.49458834135681, 46.614046516533428 ] ], [ [ 32.611115372681709, 46.609282303234835 ], [ 32.615821444678126, 46.608578251594039 ], [ 32.618969276155966, 46.606608911891534 ], [ 32.618984419527344, 46.60444910682503 ], [ 32.616390780697131, 46.601920607115808 ], [ 32.617194454315751, 46.599043489162632 ], [ 32.616419995582199, 46.59778097785226 ], [ 32.618524036513804, 46.595628154193037 ], [ 32.620590226560282, 46.598874813087441 ], [ 32.621589579413886, 46.605357693222508 ], [ 32.623918727633871, 46.60842516788545 ], [ 32.622331741092395, 46.611299745186557 ], [ 32.622845346481355, 46.612561353753073 ], [ 32.617360534220332, 46.612543141149835 ], [ 32.616322163887816, 46.611639724809116 ], [ 32.614232748002195, 46.611632698652144 ], [ 32.611115372681709, 46.609282303234835 ] ], [ [ 32.611117948963269, 46.608922336281914 ], [ 32.610858074143984, 46.60874146477861 ], [ 32.611119237085511, 46.608742352796867 ], [ 32.611117948963269, 46.608922336281914 ] ], [ [ 32.498016998579892, 46.610461853687411 ], [ 32.498299770160116, 46.608123250068722 ], [ 32.503554134859847, 46.604726397719624 ], [ 32.503061478867878, 46.601484471477455 ], [ 32.496814496516954, 46.599297306409902 ], [ 32.489499943955522, 46.599624877286203 ], [ 32.48557129998796, 46.600867197233548 ], [ 32.484279359302967, 46.599421474119367 ], [ 32.480374701510165, 46.598143887103902 ], [ 32.480689110923237, 46.592565672371215 ], [ 32.485118959450141, 46.593485637955155 ], [ 32.486934665694918, 46.594753714823199 ], [ 32.492156494508656, 46.59477701424214 ], [ 32.495826800988901, 46.593173351881177 ], [ 32.497414934995199, 46.590840488758531 ], [ 32.503378515636825, 46.595366244837187 ], [ 32.514059285515884, 46.598111936995508 ], [ 32.519536203593375, 46.598855022932625 ], [ 32.537824811688608, 46.597670450215283 ], [ 32.537026160314532, 46.599467103783546 ], [ 32.53284212075669, 46.600170048133371 ], [ 32.530998756940406, 46.601962388185314 ], [ 32.52525080837929, 46.602298656420302 ], [ 32.523408700800843, 46.603910890726745 ], [ 32.518177991198819, 46.604788921507527 ], [ 32.515028241612171, 46.606575493705492 ], [ 32.510066409817185, 46.606554352567336 ], [ 32.504020562419846, 46.610848014076666 ], [ 32.498016998579892, 46.610461853687411 ] ], [ [ 32.569366135564103, 46.604453086683669 ], [ 32.567010131325688, 46.605164146355655 ], [ 32.565193641819533, 46.603717352612946 ], [ 32.569366135564103, 46.604453086683669 ] ], [ [ 32.564671367262271, 46.603715366473196 ], [ 32.564933945375031, 46.603536377236296 ], [ 32.564932504533992, 46.603716359841101 ], [ 32.564671367262271, 46.603715366473196 ] ], [ [ 32.54848536967576, 46.603112666974084 ], [ 32.547191697275586, 46.60166764883013 ], [ 32.548255651857986, 46.599332008313908 ], [ 32.553983953110148, 46.601334354327022 ], [ 32.54848536967576, 46.603112666974084 ] ], [ [ 32.55997527051678, 46.603157436453436 ], [ 32.560237861308785, 46.602978458021497 ], [ 32.560236404944035, 46.603158440531139 ], [ 32.55997527051678, 46.603157436453436 ] ], [ [ 32.597111196566331, 46.595914726328814 ], [ 32.5932202733688, 46.592481179158149 ], [ 32.585478312166423, 46.580574141910681 ], [ 32.581591985771183, 46.576780228215057 ], [ 32.5870608707108, 46.5784199994985 ], [ 32.586784813925945, 46.580398879701079 ], [ 32.588337347950151, 46.582204364520045 ], [ 32.591206025474428, 46.582574628749683 ], [ 32.592758768301813, 46.584380053546965 ], [ 32.59588997599807, 46.584571145730273 ], [ 32.595350473133415, 46.586909090629035 ], [ 32.597930440351774, 46.591057922712181 ], [ 32.597111196566331, 46.595914726328814 ] ], [ [ 32.55665246275133, 46.594325183823045 ], [ 32.544936486234285, 46.590319434483249 ], [ 32.533197522285072, 46.589192205959542 ], [ 32.512313874483155, 46.588925097683472 ], [ 32.502976437900429, 46.582225328309214 ], [ 32.496472310173566, 46.579857029803051 ], [ 32.491804218511795, 46.576596586185282 ], [ 32.49546161918277, 46.576252797096373 ], [ 32.49729861860861, 46.575180949885514 ], [ 32.497069234700277, 46.571760148290942 ], [ 32.499432970325763, 46.57015061291289 ], [ 32.518539831219798, 46.563932998080986 ], [ 32.521917882586791, 46.565567069802604 ], [ 32.522923822944776, 46.569891011833242 ], [ 32.531769046205838, 46.573167362099831 ], [ 32.547939949554426, 46.574492330101236 ], [ 32.551344778057071, 46.573065821764629 ], [ 32.554475180926552, 46.573258045068471 ], [ 32.558659793940386, 46.572194331205012 ], [ 32.560467791553251, 46.574541149602808 ], [ 32.563074871646798, 46.57491111460493 ], [ 32.566734591491617, 46.574205077758194 ], [ 32.568051002169106, 46.572770143664002 ], [ 32.579392572799712, 46.591171257524451 ], [ 32.568156245303065, 46.592389313811047 ], [ 32.559784108850259, 46.594517265463125 ], [ 32.55665246275133, 46.594325183823045 ] ], [ [ 32.612315392615088, 46.587507804927924 ], [ 32.615948637014348, 46.590579863729467 ], [ 32.617238811603585, 46.592744048352081 ], [ 32.611780420750257, 46.589305875819619 ], [ 32.612315392615088, 46.587507804927924 ] ], [ [ 32.612054331638198, 46.587506919947202 ], [ 32.611794555598173, 46.587326050194434 ], [ 32.612055615698715, 46.587326935765361 ], [ 32.612054331638198, 46.587506919947202 ] ], [ [ 32.620680649821765, 46.585915950308255 ], [ 32.620940448837338, 46.586096799995367 ], [ 32.620679394370725, 46.586095934716376 ], [ 32.620680649821765, 46.585915950308255 ] ], [ [ 32.620419596231166, 46.585915084439009 ], [ 32.611849795696841, 46.579586725205111 ], [ 32.608462976332049, 46.5786752398473 ], [ 32.606126843251701, 46.576867332029835 ], [ 32.598834503628218, 46.574682125277988 ], [ 32.59256918319587, 46.574839971864215 ], [ 32.582158240742437, 46.571022649964895 ], [ 32.578274219162232, 46.567048636090568 ], [ 32.578307692374857, 46.562729016649719 ], [ 32.576015306004706, 46.555520964589753 ], [ 32.571602560965388, 46.552624690149074 ], [ 32.565345459257728, 46.552061117385755 ], [ 32.562201761368605, 46.553669036363196 ], [ 32.56061168432408, 46.556722763284675 ], [ 32.55826932244522, 46.555993783969463 ], [ 32.55542579208128, 46.552742954774139 ], [ 32.558292688332287, 46.553114040038409 ], [ 32.560911792435768, 46.551864195339071 ], [ 32.561198790617901, 46.548625480802102 ], [ 32.559135123762857, 46.545737708251053 ], [ 32.57160680959727, 46.552084736998587 ], [ 32.578092792936864, 46.556788572542267 ], [ 32.583565074376338, 46.557708572012913 ], [ 32.585902375204014, 46.559156972524761 ], [ 32.594756383059902, 46.561528542734507 ], [ 32.598128614697906, 46.564240278935536 ], [ 32.59602632729743, 46.566212756114041 ], [ 32.596526891909747, 46.569094349497981 ], [ 32.599898354945964, 46.571986016073119 ], [ 32.602762632291551, 46.572895942973581 ], [ 32.609815836093482, 46.572020272075989 ], [ 32.61189602570451, 46.573107282201974 ], [ 32.618115613651753, 46.579427824264961 ], [ 32.620419596231166, 46.585915084439009 ] ], [ [ 32.547195908508087, 46.569809670995014 ], [ 32.543023351517178, 46.56943310080036 ], [ 32.541729103112715, 46.568167998935039 ], [ 32.537030189604984, 46.568329067887589 ], [ 32.532867089866926, 46.566872229749528 ], [ 32.529208990129504, 46.567397201370532 ], [ 32.529483958020307, 46.565778428999735 ], [ 32.527427586051076, 46.562170164958111 ], [ 32.520929525597019, 46.559263304674502 ], [ 32.515450159918849, 46.559240226474074 ], [ 32.507069693663247, 46.562624222183153 ], [ 32.506032476355387, 46.561899790233404 ], [ 32.511024188994355, 46.558141455957426 ], [ 32.517042839982764, 46.556187138601814 ], [ 32.530875608866857, 46.555704733780239 ], [ 32.543376451140396, 46.558455159859847 ], [ 32.54935971768014, 46.560638760419394 ], [ 32.557677304411598, 46.564630990189521 ], [ 32.563386425967067, 46.568612686048233 ], [ 32.557653896565064, 46.567510728057151 ], [ 32.553730593218681, 46.568575425544338 ], [ 32.549297117581226, 46.568198065930581 ], [ 32.547195908508087, 46.569809670995014 ] ], [ [ 32.443484451221742, 46.528674413579886 ], [ 32.444018851617088, 46.527417077902108 ], [ 32.449257835521472, 46.525102543543071 ], [ 32.45446034257462, 46.52638740896834 ], [ 32.464367548407559, 46.526614220852913 ], [ 32.475088346027249, 46.523604078907788 ], [ 32.479762944559091, 46.52560533246217 ], [ 32.4867509054598, 46.531216607927924 ], [ 32.494801920715027, 46.53485225687561 ], [ 32.503606955219944, 46.541730433840691 ], [ 32.510100379026753, 46.544818258491091 ], [ 32.515053377664557, 46.54519934335417 ], [ 32.5163704385293, 46.543764999234327 ], [ 32.52237152274472, 46.543610223624491 ], [ 32.5294392891429, 46.54075967513738 ], [ 32.533095595284784, 46.540234687125981 ], [ 32.536968288102102, 46.544930169682075 ], [ 32.544240580095732, 46.548739163025267 ], [ 32.546036678057774, 46.552346100440246 ], [ 32.530675215844603, 46.548684311735826 ], [ 32.521021378628518, 46.548824286685935 ], [ 32.506378287856826, 46.552541822651825 ], [ 32.500860007126235, 46.556837630327003 ], [ 32.499629900766571, 46.548732716656154 ], [ 32.498333836788113, 46.547827090523846 ], [ 32.494942571682394, 46.54781216778202 ], [ 32.493629871047297, 46.548706314057185 ], [ 32.493343879177068, 46.551404895691036 ], [ 32.489933846017856, 46.553369629200176 ], [ 32.489391803386901, 46.555527087793138 ], [ 32.49042193794493, 46.556971598691362 ], [ 32.493802055384371, 46.558246533243512 ], [ 32.496121979495832, 46.561316597940433 ], [ 32.491896673032109, 46.566697591419796 ], [ 32.483784822533011, 46.569001135141001 ], [ 32.484093569918855, 46.563962825775995 ], [ 32.483063473057207, 46.562518259800825 ], [ 32.476801003280897, 46.56248978897105 ], [ 32.472850354393188, 46.566251430306828 ], [ 32.462978520205773, 46.561705776677307 ], [ 32.465878796153468, 46.558659532196948 ], [ 32.464858130180751, 46.556314896220428 ], [ 32.460946325261702, 46.556116539791418 ], [ 32.455967551787026, 46.558252846340267 ], [ 32.438560547737389, 46.550969145185306 ], [ 32.428975980895046, 46.544442060613797 ], [ 32.428996738834726, 46.542462272345951 ], [ 32.427703896537565, 46.541375870158973 ], [ 32.432398888645082, 46.541399263160685 ], [ 32.435281116276151, 46.540153596803151 ], [ 32.437878244362714, 46.541246330366498 ], [ 32.449354894607104, 46.541302152206335 ], [ 32.453542676605949, 46.539882312835651 ], [ 32.454354004645111, 46.537006341215644 ], [ 32.452559062541965, 46.533937928523855 ], [ 32.452336258859091, 46.530157061685742 ], [ 32.448180184220298, 46.528517172385776 ], [ 32.443484451221742, 46.528674413579886 ] ], [ [ 32.443480774735676, 46.529034376903446 ], [ 32.443218161255778, 46.529213089517839 ], [ 32.443220000386503, 46.529033107872586 ], [ 32.443480774735676, 46.529034376903446 ] ], [ [ 32.569956164864678, 46.562877915245515 ], [ 32.565544586884343, 46.559801425865423 ], [ 32.567657732276913, 46.556569620614198 ], [ 32.570482309076461, 46.562339923853536 ], [ 32.569956164864678, 46.562877915245515 ] ], [ [ 32.387056257936983, 46.560604205918914 ], [ 32.381318003711336, 46.56039332536681 ], [ 32.37873344015096, 46.558219440660011 ], [ 32.372237652147348, 46.555844109461901 ], [ 32.370983065615562, 46.551517458761481 ], [ 32.369430301167426, 46.550428969561317 ], [ 32.385086800598721, 46.550154223469107 ], [ 32.393396639771126, 46.553618401057349 ], [ 32.394151267772749, 46.556142258492009 ], [ 32.387056257936983, 46.560604205918914 ] ], [ [ 32.308551378735906, 46.557636759390356 ], [ 32.308819139343726, 46.557098407716019 ], [ 32.308812283391504, 46.557638336158391 ], [ 32.308551378735906, 46.557636759390356 ] ], [ [ 32.423383837874148, 46.555213407319883 ], [ 32.416331857449308, 46.555897602304981 ], [ 32.410876297094063, 46.553709757909452 ], [ 32.403875601411961, 46.549713710650416 ], [ 32.401790606907092, 46.549522836082708 ], [ 32.395575669761634, 46.545350393619373 ], [ 32.386729067057416, 46.543323414440081 ], [ 32.379688440739805, 46.543105460725009 ], [ 32.384662681876193, 46.541512414511445 ], [ 32.385756750760912, 46.537018535274058 ], [ 32.39638016495902, 46.543374749493616 ], [ 32.400802580559535, 46.544477941869545 ], [ 32.404201460720699, 46.543775734701775 ], [ 32.414581026755748, 46.548869048834263 ], [ 32.423383837874148, 46.555213407319883 ] ], [ [ 32.362897944686978, 46.55129272408395 ], [ 32.362887414124252, 46.55219261557064 ], [ 32.361850217320196, 46.551646864001356 ], [ 32.362897944686978, 46.55129272408395 ] ], [ [ 32.363419698960307, 46.551295628825514 ], [ 32.363682679592507, 46.551117101962099 ], [ 32.363680576127237, 46.551297080303947 ], [ 32.363419698960307, 46.551295628825514 ] ], [ [ 32.306292686131073, 46.550603471746797 ], [ 32.307404849764794, 46.545210503382847 ], [ 32.306679597779613, 46.540706349610922 ], [ 32.304613691606264, 46.539073894551485 ], [ 32.29887575593623, 46.539038868230826 ], [ 32.300715325183347, 46.537970185582672 ], [ 32.322866355240656, 46.539543381739399 ], [ 32.330403556531785, 46.541747636327933 ], [ 32.335587219973725, 46.544477717912216 ], [ 32.332185226671548, 46.545357858703468 ], [ 32.318612198820638, 46.545997773539703 ], [ 32.310498530380045, 46.548109037675076 ], [ 32.306292686131073, 46.550603471746797 ] ], [ [ 32.356970044964186, 46.545139889727906 ], [ 32.351235696740375, 46.544747530187756 ], [ 32.352309044998634, 46.542233748462401 ], [ 32.356970044964186, 46.545139889727906 ] ], [ [ 32.374469602721931, 46.543257031037811 ], [ 32.364303191356974, 46.542661013697703 ], [ 32.362492088198401, 46.541391002100625 ], [ 32.362767658075882, 46.54013260498072 ], [ 32.367210027027284, 46.539437304707747 ], [ 32.368280445141352, 46.537103345525338 ], [ 32.369588658344199, 46.536750581878358 ], [ 32.371401851960101, 46.537840503167665 ], [ 32.372654094853843, 46.542347137149683 ], [ 32.374469602721931, 46.543257031037811 ] ], [ [ 32.35788211508347, 46.512026713465723 ], [ 32.365189795197907, 46.511347538986854 ], [ 32.367025045448713, 46.5104577533221 ], [ 32.368570377795002, 46.512086216134897 ], [ 32.37116897268244, 46.512820496796429 ], [ 32.376382844396453, 46.512849041992581 ], [ 32.378686014358884, 46.516641390072031 ], [ 32.383093679220096, 46.518825139706593 ], [ 32.38674379884835, 46.518844767739523 ], [ 32.388336412010062, 46.516333420619532 ], [ 32.386531689611104, 46.5145238444086 ], [ 32.386570167544669, 46.511104217947171 ], [ 32.390506614055589, 46.508785374715934 ], [ 32.392116812585925, 46.50465414172303 ], [ 32.395994750050868, 46.507554547903538 ], [ 32.395964843705109, 46.510254259585899 ], [ 32.399079147585553, 46.511530602121873 ], [ 32.400086254206748, 46.514775729673943 ], [ 32.404202444159637, 46.519836993036662 ], [ 32.40653920356278, 46.52074909544158 ], [ 32.413497653988983, 46.528344599514718 ], [ 32.419641104103782, 46.539175363847257 ], [ 32.412888842101779, 46.536441050770229 ], [ 32.396247009440238, 46.531854660567184 ], [ 32.383820911154267, 46.523688815029764 ], [ 32.369043849104962, 46.516228626264564 ], [ 32.35788211508347, 46.512026713465723 ] ], [ [ 32.357884234808793, 46.511846734086127 ], [ 32.357625667324456, 46.511665290958732 ], [ 32.357886354513823, 46.511666754700798 ], [ 32.357884234808793, 46.511846734086127 ] ], [ [ 32.292402147846985, 46.53539919318176 ], [ 32.290614066082334, 46.532508266452069 ], [ 32.290369692519221, 46.531246815140697 ], [ 32.296344330164011, 46.533083632748188 ], [ 32.294234724156837, 46.534870542913843 ], [ 32.292402147846985, 46.53539919318176 ] ], [ [ 32.421311195825083, 46.529284348996931 ], [ 32.423385964823382, 46.530374770239213 ], [ 32.424385350218174, 46.534519585743453 ], [ 32.421311195825083, 46.529284348996931 ] ], [ [ 32.421315018796655, 46.528924387071086 ], [ 32.421056158294718, 46.528743086548261 ], [ 32.42131693025496, 46.528744406099548 ], [ 32.421315018796655, 46.528924387071086 ] ], [ [ 32.312005188713485, 46.532098956052309 ], [ 32.305748708042032, 46.531881163219239 ], [ 32.30446088619113, 46.530613404186326 ], [ 32.312005188713485, 46.532098956052309 ] ], [ [ 32.367562791771839, 46.531519672469827 ], [ 32.368887553266262, 46.529727082612204 ], [ 32.372273471855479, 46.530105695388237 ], [ 32.367562791771839, 46.531519672469827 ] ], [ [ 32.374870909285541, 46.531019873460501 ], [ 32.375133754082896, 46.530841318972612 ], [ 32.375131689930868, 46.531021298351831 ], [ 32.374870909285541, 46.531019873460501 ] ], [ [ 32.331097610541825, 46.52771242883896 ], [ 32.318585533861878, 46.527278594103926 ], [ 32.309246104758344, 46.523442765545752 ], [ 32.306419184077924, 46.520185819760286 ], [ 32.30825796611515, 46.519117008008401 ], [ 32.308033802664937, 46.51623579302445 ], [ 32.318711536536163, 46.517199846918238 ], [ 32.326276630795576, 46.516884674008153 ], [ 32.333083735973446, 46.514584680394172 ], [ 32.335951435715899, 46.51460136492225 ], [ 32.350490629728903, 46.51972460040799 ], [ 32.349934833507277, 46.522601299134983 ], [ 32.351465000231215, 46.525489839747422 ], [ 32.337634182962653, 46.526310540107453 ], [ 32.331097610541825, 46.52771242883896 ] ], [ [ 32.299836322101257, 46.525185463353765 ], [ 32.299854820644939, 46.523745648595629 ], [ 32.300115562527999, 46.523747244312908 ], [ 32.301656951157945, 46.525556575223447 ], [ 32.299836322101257, 46.525185463353765 ] ], [ [ 32.432055494138361, 46.524298461353027 ], [ 32.429716267810896, 46.523566859601104 ], [ 32.432863969492971, 46.521782601471507 ], [ 32.43265381408343, 46.516921804455635 ], [ 32.435277755117454, 46.515314870036114 ], [ 32.437152885402654, 46.510464352276145 ], [ 32.436125035171699, 46.509019360131447 ], [ 32.431175905972566, 46.508634872534273 ], [ 32.429887579401068, 46.507188528124864 ], [ 32.439016569294367, 46.506693691642013 ], [ 32.452821125122924, 46.507840510597205 ], [ 32.46735556707236, 46.514388797292042 ], [ 32.471481485799636, 46.519087700339909 ], [ 32.463109833562697, 46.521928565797346 ], [ 32.455550143552657, 46.521712842193203 ], [ 32.448262188280502, 46.520417984877263 ], [ 32.440930276606288, 46.523442228209909 ], [ 32.43545831208656, 46.523055370915465 ], [ 32.432055494138361, 46.524298461353027 ] ], [ [ 32.299596391863211, 46.523564075423266 ], [ 32.299859445059276, 46.523385694848322 ], [ 32.299857132863181, 46.523565671724867 ], [ 32.299596391863211, 46.523564075423266 ] ], [ [ 32.415668730038163, 46.520436116130981 ], [ 32.409465766873652, 46.515364511987556 ], [ 32.408697310123259, 46.514100604303437 ], [ 32.41494255818305, 46.51521266527228 ], [ 32.415668730038163, 46.520436116130981 ] ], [ [ 32.321131906126517, 46.511274525552473 ], [ 32.308893498659458, 46.510121285331849 ], [ 32.308132021121338, 46.508496758717243 ], [ 32.315165582057496, 46.508899070395181 ], [ 32.317518386519211, 46.508373158905826 ], [ 32.319102629750269, 46.506762677396047 ], [ 32.324293565963707, 46.50859337576334 ], [ 32.325839788676795, 46.51004243106118 ], [ 32.321131906126517, 46.511274525552473 ] ], [ [ 32.357106415272639, 46.51148238232873 ], [ 32.35736498015541, 46.511663826622602 ], [ 32.357104293006692, 46.511662361692402 ], [ 32.357106415272639, 46.51148238232873 ] ], [ [ 32.357106415272639, 46.51148238232873 ], [ 32.356847852110675, 46.511300937453335 ], [ 32.357108537518243, 46.511302402959309 ], [ 32.357106415272639, 46.51148238232873 ] ], [ [ 32.356326481356575, 46.511298004659217 ], [ 32.355285868340779, 46.511112152631163 ], [ 32.352185456414631, 46.508754747428483 ], [ 32.356078549705657, 46.510216661253402 ], [ 32.356326481356575, 46.511298004659217 ] ], [ [ 32.412737718563541, 46.502062002469188 ], [ 32.402063170607597, 46.500926748711983 ], [ 32.385711928952198, 46.494720384369252 ], [ 32.368276273098097, 46.492465511879686 ], [ 32.354524334675858, 46.487348955643789 ], [ 32.344131802698513, 46.484769944038078 ], [ 32.350395912197179, 46.483905732369649 ], [ 32.353774593419487, 46.484644840604069 ], [ 32.359727308059249, 46.488098168187271 ], [ 32.364924142293283, 46.48938708570526 ], [ 32.375852095371158, 46.490887176529547 ], [ 32.379508527895197, 46.490187103362615 ], [ 32.383918163952572, 46.492010859349094 ], [ 32.389400725586448, 46.491140299894873 ], [ 32.395630982949925, 46.493333292173318 ], [ 32.398471801725194, 46.495688160484477 ], [ 32.403141174250521, 46.497692530346519 ], [ 32.407311138891721, 46.497714214290887 ], [ 32.411759199594961, 46.496117251857285 ], [ 32.419317057448609, 46.496155871632268 ], [ 32.424021451758563, 46.494919716596243 ], [ 32.425313127650703, 46.496006163899317 ], [ 32.428961748044756, 46.496024437892736 ], [ 32.432047913389297, 46.499999618936755 ], [ 32.431779778317782, 46.500718253263493 ], [ 32.412737718563541, 46.502062002469188 ] ], [ [ 32.365050667940601, 46.500907262776543 ], [ 32.367919752420903, 46.500743162253023 ], [ 32.367917666631399, 46.500923142334671 ], [ 32.365050667940601, 46.500907262776543 ] ], [ [ 32.161004302465479, 46.497972590792017 ], [ 32.160740923188214, 46.498150650592514 ], [ 32.160743692323443, 46.497970678792242 ], [ 32.161004302465479, 46.497972590792017 ] ], [ [ 32.161004302465479, 46.497972590792017 ], [ 32.161267680023471, 46.497794530368104 ], [ 32.161264912634032, 46.49797450219809 ], [ 32.161004302465479, 46.497972590792017 ] ], [ [ 32.161267680023471, 46.497794530368104 ], [ 32.161531055862206, 46.497616469320796 ], [ 32.161528289358905, 46.497796441168525 ], [ 32.161267680023471, 46.497794530368104 ] ], [ [ 32.162052272893312, 46.497620289116618 ], [ 32.162066096416332, 46.496720429671335 ], [ 32.162847909267597, 46.496726154733409 ], [ 32.162052272893312, 46.497620289116618 ] ], [ [ 32.355983667966889, 46.496176785728508 ], [ 32.358055865131007, 46.497268385198481 ], [ 32.355439048624184, 46.498153627090282 ], [ 32.355983667966889, 46.496176785728508 ] ], [ [ 32.355983667966889, 46.496176785728508 ], [ 32.355725180581679, 46.495995338218464 ], [ 32.355985792783443, 46.495996805914949 ], [ 32.355983667966889, 46.496176785728508 ] ], [ [ 31.774605629002739, 46.492145404523683 ], [ 31.773551289790984, 46.492674082812755 ], [ 31.771983921364669, 46.492837256940369 ], [ 31.774605629002739, 46.492145404523683 ] ], [ [ 31.774597544529509, 46.492505304711187 ], [ 31.774854055442599, 46.492688046308331 ], [ 31.774593502234826, 46.49268525479598 ], [ 31.774597544529509, 46.492505304711187 ] ], [ [ 31.749332403068777, 46.49187181259316 ], [ 31.749597074541434, 46.491694713199003 ], [ 31.749592949906056, 46.491874661610154 ], [ 31.749332403068777, 46.49187181259316 ] ], [ [ 31.749886485888794, 46.490437922435063 ], [ 31.749088361446621, 46.491149169444782 ], [ 31.74858378625494, 46.490423675095428 ], [ 31.749886485888794, 46.490437922435063 ] ], [ [ 32.274690172758838, 46.494430218096717 ], [ 32.27521615569043, 46.494073568400431 ], [ 32.275211373410428, 46.494433522072597 ], [ 32.274690172758838, 46.494430218096717 ] ], [ [ 31.794759579478892, 46.488219726186166 ], [ 31.781965346698758, 46.489344130955949 ], [ 31.782815209398457, 46.486293289542161 ], [ 31.789620767069856, 46.48492557109217 ], [ 31.79245858640844, 46.486215525202553 ], [ 31.797144057965703, 46.486444895669919 ], [ 31.798991503559378, 46.48538435073467 ], [ 31.7995798444983, 46.482330636973749 ], [ 31.806629265511919, 46.481684440116062 ], [ 31.807375382315371, 46.4833121657052 ], [ 31.803167733433625, 46.485068144835353 ], [ 31.802611154207597, 46.48668226034939 ], [ 31.798687401984981, 46.487361085301593 ], [ 31.797878058153714, 46.488612535056426 ], [ 31.794759579478892, 46.488219726186166 ] ], [ [ 31.810644366968692, 46.488746013454133 ], [ 31.809850977116636, 46.489277739856902 ], [ 31.809602215915902, 46.488735170658202 ], [ 31.810644366968692, 46.488746013454133 ] ], [ [ 31.811161521550343, 46.488931383919244 ], [ 31.811425980652803, 46.488754139321053 ], [ 31.811422060341449, 46.488934091965149 ], [ 31.811161521550343, 46.488931383919244 ] ], [ [ 32.337515162839644, 46.493191436011983 ], [ 32.332572614723482, 46.492442733687191 ], [ 32.332581421664166, 46.491722817297934 ], [ 32.340911633935178, 46.492491090723021 ], [ 32.337515162839644, 46.493191436011983 ] ], [ [ 32.311253961602702, 46.488356520117257 ], [ 32.311516805871797, 46.488178110507384 ], [ 32.311514534963777, 46.48835808894124 ], [ 32.311253961602702, 46.488356520117257 ] ], [ [ 32.334510924465484, 46.483094440020331 ], [ 32.32748274974584, 46.4825133538789 ], [ 32.308465205283859, 46.482219957894216 ], [ 32.31655334560817, 46.481368613381875 ], [ 32.324133538603199, 46.47943374237088 ], [ 32.325721184355068, 46.477463196988623 ], [ 32.328028218053738, 46.480536644801603 ], [ 32.332194609423652, 46.480741039659122 ], [ 32.333777610414899, 46.479130340607306 ], [ 32.333026807912582, 46.476606071321683 ], [ 32.337711775797302, 46.476993280817197 ], [ 32.338460619058267, 46.479697500044807 ], [ 32.335053951904186, 46.481297675848886 ], [ 32.334510924465484, 46.483094440020331 ] ], [ [ 31.68195697500947, 46.465195989096621 ], [ 31.682495167905795, 46.464482212727177 ], [ 31.684821516626343, 46.465228969416273 ], [ 31.68195697500947, 46.465195989096621 ] ], [ [ 31.899418862706529, 46.467315590829514 ], [ 31.895005893273758, 46.466553061664648 ], [ 31.894517804610945, 46.464928400150818 ], [ 31.902891412721459, 46.463029105052769 ], [ 31.90152775583589, 46.466075910186042 ], [ 31.899418862706529, 46.467315590829514 ] ], [ [ 31.691194857702573, 46.44928255729338 ], [ 31.691719842415846, 46.44910856973673 ], [ 31.691715533304443, 46.449288515428059 ], [ 31.691194857702573, 46.44928255729338 ] ], [ [ 31.537675429242867, 46.288844169998626 ], [ 31.538113149505591, 46.291909772993044 ], [ 31.535387870714427, 46.29673489332189 ], [ 31.532215006961117, 46.298854199505982 ], [ 31.531888057177902, 46.301370001077963 ], [ 31.53336887449591, 46.304269007424104 ], [ 31.530209452581726, 46.315568412102678 ], [ 31.527852982553469, 46.316258089209917 ], [ 31.52569330901612, 46.319290249172397 ], [ 31.525586952548398, 46.323248864208082 ], [ 31.528044180666928, 46.32850050721126 ], [ 31.528438181022832, 46.333185556129578 ], [ 31.530193880700988, 46.335548128811055 ], [ 31.532767613636427, 46.336481183786056 ], [ 31.534513986982841, 46.33920356647296 ], [ 31.533590247985927, 46.344591684340976 ], [ 31.534398663713528, 46.353241980903697 ], [ 31.531761040293471, 46.364368030209057 ], [ 31.532728429400731, 46.367080420314885 ], [ 31.530615213867698, 46.368313266554452 ], [ 31.523905395490328, 46.366426853849518 ], [ 31.519353169563146, 46.361688037962473 ], [ 31.515433580257465, 46.352817288716679 ], [ 31.51397061748542, 46.339658377160475 ], [ 31.516795373273055, 46.321695144718483 ], [ 31.522073962637084, 46.308983537439204 ], [ 31.525608919460698, 46.303089188494944 ], [ 31.537675429242867, 46.288844169998626 ] ], [ [ 31.537934989045901, 46.28884749001719 ], [ 31.538199336682446, 46.288670870359958 ], [ 31.538194548894683, 46.288850809446721 ], [ 31.537934989045901, 46.28884749001719 ] ], [ [ 31.544600362528939, 46.282272530422055 ], [ 31.542697759132196, 46.285488299253231 ], [ 31.541140492888488, 46.285468436279814 ], [ 31.544600362528939, 46.282272530422055 ] ], [ [ 31.544859892096135, 46.282275834361954 ], [ 31.54512418572849, 46.282099197863914 ], [ 31.545119421708833, 46.282279137712933 ], [ 31.544859892096135, 46.282275834361954 ] ], [ [ 31.54512418572849, 46.282099197863914 ], [ 31.545393240742225, 46.281742620847886 ], [ 31.545383714537586, 46.282102500605369 ], [ 31.54512418572849, 46.282099197863914 ] ], [ [ 31.545393240742225, 46.281742620847886 ], [ 31.545657530083634, 46.281565983050697 ], [ 31.54565276789863, 46.281745922959182 ], [ 31.545393240742225, 46.281742620847886 ] ], [ [ 31.612805435972476, 46.244060361259194 ], [ 31.637117456539926, 46.236612752644767 ], [ 31.64037754730936, 46.241151612166306 ], [ 31.657947363216174, 46.244059260722558 ], [ 31.662105908355468, 46.243748005773917 ], [ 31.67033590179404, 46.246724052477099 ], [ 31.667992809391379, 46.247056775898194 ], [ 31.643709137511284, 46.242811202577421 ], [ 31.627369892453601, 46.242616167906128 ], [ 31.612805435972476, 46.244060361259194 ] ], [ [ 31.612800899555488, 46.244240307591667 ], [ 31.61227764585858, 46.244413957804525 ], [ 31.612282184013868, 46.244234011517385 ], [ 31.612800899555488, 46.244240307591667 ] ], [ [ 31.611754388901645, 46.244587605579945 ], [ 31.612018287305258, 46.244410808865446 ], [ 31.612013748259148, 46.244590755126886 ], [ 31.611754388901645, 46.244587605579945 ] ] ], [ [ [ 35.204442729358576, 47.759647991752615 ], [ 35.206804785686558, 47.758702757842059 ], [ 35.207802975149768, 47.757063874859853 ], [ 35.210690549380175, 47.755928480630928 ], [ 35.212693875864076, 47.746531712851414 ], [ 35.210667640956977, 47.742791524956139 ], [ 35.195795056915529, 47.731739413442106 ], [ 35.195218551205826, 47.724371893390597 ], [ 35.20454008331351, 47.711415596017915 ], [ 35.223871746167596, 47.695745321593229 ], [ 35.224692270435789, 47.689970496159752 ], [ 35.222134919643132, 47.686240785088003 ], [ 35.222020310931065, 47.683543512563624 ], [ 35.224218056050866, 47.678821786742908 ], [ 35.22703209601238, 47.6760676798094 ], [ 35.226628082665485, 47.672836126895788 ], [ 35.231898992199604, 47.671473902101617 ], [ 35.233967353402676, 47.669993896235589 ], [ 35.254192579745208, 47.650881538306479 ], [ 35.259005902511497, 47.65132672197857 ], [ 35.266987957685302, 47.65728809778799 ], [ 35.270479029456752, 47.657938900408283 ], [ 35.28818720883708, 47.666945237424308 ], [ 35.295461073073568, 47.668779512420542 ], [ 35.308762168051189, 47.6803903520902 ], [ 35.312573303950622, 47.688232123199711 ], [ 35.320617937119501, 47.689329394747688 ], [ 35.324047830919326, 47.688540071300672 ], [ 35.326873028214024, 47.686143208990487 ], [ 35.335111619158745, 47.685615820398233 ], [ 35.336661066719294, 47.684504455641836 ], [ 35.33808986833683, 47.680696014855009 ], [ 35.335178500433507, 47.67517633564848 ], [ 35.332201946752342, 47.674157101458597 ], [ 35.330516524628706, 47.672211719833669 ], [ 35.325982972022771, 47.672123794652869 ], [ 35.321771495262496, 47.673288943609101 ], [ 35.319697576886952, 47.674590686537684 ], [ 35.318736295614364, 47.676949705345507 ], [ 35.316434737470253, 47.667097997859216 ], [ 35.303035459450697, 47.659269329054673 ], [ 35.296044595792893, 47.657789805504621 ], [ 35.293718482764099, 47.653337161041655 ], [ 35.28690837775688, 47.649873820136847 ], [ 35.285201888110961, 47.647388289713767 ], [ 35.281132183058403, 47.64566964116036 ], [ 35.281562014397018, 47.631083671856153 ], [ 35.283869873043116, 47.629058075424638 ], [ 35.283063670531661, 47.622775234101567 ], [ 35.284940545778625, 47.616978850696817 ], [ 35.283798458799538, 47.615201917294996 ], [ 35.284416027531265, 47.611050331750853 ], [ 35.283211455890225, 47.607834884904094 ], [ 35.299992963819577, 47.583923474572387 ], [ 35.305705511003993, 47.580749240362117 ], [ 35.322185048072484, 47.574477604088628 ], [ 35.326308986574908, 47.571514468859043 ], [ 35.331029954929129, 47.564039779188349 ], [ 35.334295629485986, 47.547775946819456 ], [ 35.338159266894614, 47.544997635778103 ], [ 35.341651633674097, 47.545826202894588 ], [ 35.348540251489204, 47.545325331913752 ], [ 35.354068711755289, 47.544132101420338 ], [ 35.356378082521168, 47.542284936601838 ], [ 35.362751147414251, 47.542153748722527 ], [ 35.364802678382333, 47.540491698310397 ], [ 35.365204287190487, 47.53760386503059 ], [ 35.364077512993873, 47.53618733576814 ], [ 35.360577390453791, 47.535179640344452 ], [ 35.353094826791889, 47.534253662081355 ], [ 35.349651286688271, 47.534504273537117 ], [ 35.348629422664189, 47.535425073900868 ], [ 35.34381812369034, 47.534803668558318 ], [ 35.34145379196282, 47.529452841052439 ], [ 35.335237824720224, 47.521120977654839 ], [ 35.326175994469594, 47.514466312726384 ], [ 35.315932021403171, 47.511074318575545 ], [ 35.300171361856272, 47.509052056117753 ], [ 35.290468620003814, 47.505826898945848 ], [ 35.28313187448822, 47.50201390103593 ], [ 35.282250037159926, 47.500051774114965 ], [ 35.278683763217494, 47.497423153983462 ], [ 35.276647562107151, 47.493324265143094 ], [ 35.28066718280882, 47.481906106722882 ], [ 35.283124867036619, 47.477357864741734 ], [ 35.289076718588483, 47.473819663541285 ], [ 35.290059407902575, 47.472000305525718 ], [ 35.288857986526708, 47.4687847983569 ], [ 35.284833382188857, 47.467785270517979 ], [ 35.281745068595477, 47.463887400434785 ], [ 35.280793940643925, 47.460306877615963 ], [ 35.27727711040788, 47.458757060043929 ], [ 35.276123378500124, 47.456620306103893 ], [ 35.287289793626108, 47.450998788119662 ], [ 35.287999256882351, 47.449004920414936 ], [ 35.285738245779996, 47.445810522312321 ], [ 35.283337017330354, 47.445498445670431 ], [ 35.279953274518178, 47.447005602742557 ], [ 35.273630104321576, 47.448031095967025 ], [ 35.264295445364382, 47.45307518539331 ], [ 35.263155138778032, 47.457417057184053 ], [ 35.266084782259902, 47.463838181272308 ], [ 35.267735606651023, 47.471364372567223 ], [ 35.265083558409373, 47.471416818523899 ], [ 35.258783393459908, 47.466861880318135 ], [ 35.239845878971977, 47.458414914412941 ], [ 35.232746456688126, 47.453694192224724 ], [ 35.226027275770008, 47.451665233118561 ], [ 35.211674478167907, 47.444744226273215 ], [ 35.208485973175279, 47.44462574486392 ], [ 35.200420977260833, 47.442081297099278 ], [ 35.180002984695392, 47.442291550430411 ], [ 35.177116856732212, 47.443066304884425 ], [ 35.169900524585174, 47.441763391779247 ], [ 35.15402537930045, 47.442782766555787 ], [ 35.149231924170934, 47.442332846915683 ], [ 35.1276547524309, 47.446694847088331 ], [ 35.104124678339915, 47.448749012090715 ], [ 35.066141394083296, 47.447640359051448 ], [ 35.061801023238957, 47.44519893065916 ], [ 35.059246522023408, 47.44092555234753 ], [ 35.054139806305464, 47.439217485375366 ], [ 35.049779719720263, 47.436236041602157 ], [ 35.049186720560343, 47.434626905582988 ], [ 35.042316608132936, 47.428450548186461 ], [ 35.039478671277649, 47.423641861169301 ], [ 35.029307016495899, 47.414283941369391 ], [ 35.001422826211289, 47.399116798437376 ], [ 34.98497398939309, 47.391664118975932 ], [ 34.980695885475384, 47.390658314171439 ], [ 34.978754395622651, 47.388352222470175 ], [ 34.975583065927367, 47.388586912773668 ], [ 34.961989389484394, 47.386480832006121 ], [ 34.944252207305894, 47.386963119395872 ], [ 34.915050555173984, 47.392853988452153 ], [ 34.898563965274647, 47.398707414082708 ], [ 34.889615166814579, 47.400475056934738 ], [ 34.877324031461129, 47.40517632809096 ], [ 34.871105693745768, 47.409237372017586 ], [ 34.869755427628697, 47.408539528357728 ], [ 34.870228015209889, 47.406912083930017 ], [ 34.868846000409256, 47.40531489561409 ], [ 34.866448831290562, 47.404994021064006 ], [ 34.864354718021623, 47.405747988884052 ], [ 34.863958132186184, 47.409533816161563 ], [ 34.866980800383644, 47.41254410830944 ], [ 34.86054016968594, 47.417867980780471 ], [ 34.859890896167848, 47.422017827436378 ], [ 34.862580757832454, 47.430612692618773 ], [ 34.870289487475809, 47.438585787945023 ], [ 34.871282583066417, 47.444148629832483 ], [ 34.869522268679198, 47.446876895447154 ], [ 34.866896252002562, 47.447639575393133 ], [ 34.863417493951573, 47.446796339158588 ], [ 34.855500977584434, 47.448004585353104 ], [ 34.831633924669283, 47.455947161454986 ], [ 34.82640469455189, 47.458190227405538 ], [ 34.823327905104513, 47.461298676085022 ], [ 34.819071845851035, 47.461006361665923 ], [ 34.808549127284927, 47.463692429074918 ], [ 34.799253355363433, 47.463478783659639 ], [ 34.791091945890365, 47.465406281642345 ], [ 34.764403175965349, 47.476798223786666 ], [ 34.748914162932252, 47.489993219468317 ], [ 34.741671481579907, 47.487763914921281 ], [ 34.722352085178684, 47.489675506316061 ], [ 34.705274160046983, 47.487051349542881 ], [ 34.701063027230141, 47.488193714137026 ], [ 34.697035951744859, 47.486813665978488 ], [ 34.691780463446818, 47.488511044052601 ], [ 34.687782418142042, 47.488030075686957 ], [ 34.685682394936876, 47.488780840366132 ], [ 34.684672637562258, 47.490415382025361 ], [ 34.682289838427934, 47.490630339750396 ], [ 34.677321800840609, 47.493042698448129 ], [ 34.677707558929676, 47.496816345626478 ], [ 34.676200894813284, 47.499537877244791 ], [ 34.67812778227745, 47.501669281489832 ], [ 34.676586632728075, 47.503311524487131 ], [ 34.674728413218475, 47.503338684346815 ], [ 34.669356452851098, 47.501437405799393 ], [ 34.669818890145045, 47.499271078508343 ], [ 34.672184997923537, 47.498516726524251 ], [ 34.6747306472041, 47.495060209584906 ], [ 34.674887358839278, 47.491638560415446 ], [ 34.672464470968663, 47.490594134821478 ], [ 34.669291115700709, 47.491000318940813 ], [ 34.66365122542193, 47.497381119594898 ], [ 34.66296856013647, 47.500990344910363 ], [ 34.663584723746034, 47.503680894857837 ], [ 34.66683293445891, 47.505613340109527 ], [ 34.670572382118053, 47.506278775091246 ], [ 34.668539812441885, 47.509187828150033 ], [ 34.669924339153873, 47.510967327647791 ], [ 34.669270485266431, 47.515475991733844 ], [ 34.661757797316852, 47.521523988933808 ], [ 34.659090912838636, 47.521202680758506 ], [ 34.653565187641455, 47.522902196132513 ], [ 34.653384432288483, 47.525604281520145 ], [ 34.646156603643981, 47.532366990251866 ], [ 34.643979806630945, 47.539236886051434 ], [ 34.638717348575618, 47.540931900091437 ], [ 34.636642509546299, 47.542581216230573 ], [ 34.631871729634987, 47.543009143019084 ], [ 34.628644722326904, 47.541795273106537 ], [ 34.619352117355902, 47.542106853128089 ], [ 34.618250703908615, 47.540862651743474 ], [ 34.621964347277547, 47.5406302150502 ], [ 34.624277438944354, 47.538077967159616 ], [ 34.62414964038615, 47.533940590055551 ], [ 34.62173130894282, 47.533074996950845 ], [ 34.618549434789053, 47.533299922197422 ], [ 34.615262552085369, 47.530106908646424 ], [ 34.60748856523378, 47.527876621449963 ], [ 34.603340167943969, 47.522535762342983 ], [ 34.600142423811214, 47.522220505462819 ], [ 34.596982940589044, 47.5231643804849 ], [ 34.594787482924779, 47.52085539597563 ], [ 34.59526951042281, 47.519229005973138 ], [ 34.594163703432208, 47.517804667020975 ], [ 34.588061612594657, 47.518069314217136 ], [ 34.586137717307146, 47.515936366658153 ], [ 34.582116820553601, 47.514732167571317 ], [ 34.579727050240294, 47.514765119616918 ], [ 34.576323650960212, 47.516431646438136 ], [ 34.570897696589142, 47.521545130455294 ], [ 34.556397949852972, 47.52534216477968 ], [ 34.551691674389019, 47.5279254541651 ], [ 34.542708723127717, 47.529666348066769 ], [ 34.53520335850174, 47.52742754985541 ], [ 34.526151486650384, 47.517650352712614 ], [ 34.522532748262748, 47.511939598782028 ], [ 34.522209990679173, 47.509964273342483 ], [ 34.525047235111991, 47.507047133399411 ], [ 34.524479768440479, 47.505794926671769 ], [ 34.520674531539754, 47.502786058419424 ], [ 34.517738719715354, 47.502285065591984 ], [ 34.515115029653145, 47.503399556824817 ], [ 34.51308425065239, 47.506665741039662 ], [ 34.508114591292646, 47.500072522674017 ], [ 34.501375352420261, 47.496561675821376 ], [ 34.474519487856014, 47.495290534896242 ], [ 34.460460808130172, 47.495830412162249 ], [ 34.437047063898895, 47.494146664765914 ], [ 34.420864614823536, 47.494708284762261 ], [ 34.399757704789906, 47.499826951148002 ], [ 34.393225505872564, 47.503865722223054 ], [ 34.390504002610349, 47.501379264427946 ], [ 34.385957591507818, 47.500174564141453 ], [ 34.385630564209613, 47.497838984174415 ], [ 34.381890397922902, 47.496984304171932 ], [ 34.37968655130441, 47.49395145550919 ], [ 34.374884972708763, 47.493109314875625 ], [ 34.376397716999797, 47.490031772734653 ], [ 34.374948466550329, 47.485370089773063 ], [ 34.364997871322103, 47.480449988890236 ], [ 34.36023954973993, 47.481226400502813 ], [ 34.354377893773552, 47.480395974121826 ], [ 34.351878657353588, 47.476106324432294 ], [ 34.349732716211932, 47.475231786089253 ], [ 34.346149786889256, 47.470054939110632 ], [ 34.342631718376161, 47.467396723937277 ], [ 34.346234792906323, 47.452597343698372 ], [ 34.345617092565774, 47.449185256576747 ], [ 34.338611582564752, 47.444948106432939 ], [ 34.329619416158451, 47.435514587311559 ], [ 34.323453030146247, 47.432886461196667 ], [ 34.312779941095869, 47.430309703444557 ], [ 34.306597175529042, 47.426960995423954 ], [ 34.297004194395612, 47.425090315610021 ], [ 34.295104274495202, 47.423312139704741 ], [ 34.291653528301886, 47.423171109173701 ], [ 34.287968419230936, 47.424292368126181 ], [ 34.292205882349457, 47.423788375122797 ], [ 34.295832265418269, 47.42690232649538 ], [ 34.306043391172345, 47.428925602761339 ], [ 34.311426612994161, 47.431854091851108 ], [ 34.327047773492112, 47.436415420116496 ], [ 34.336679664436851, 47.446189824447139 ], [ 34.342939908874229, 47.449702286489696 ], [ 34.343344844100805, 47.452345910105329 ], [ 34.339624604420926, 47.465495481387329 ], [ 34.340193315107925, 47.468099312727439 ], [ 34.347774461794614, 47.476706237561089 ], [ 34.349843844771151, 47.477456278592953 ], [ 34.351034856809498, 47.48074108735468 ], [ 34.352013747125248, 47.480481826784917 ], [ 34.351211810962148, 47.481187023248516 ], [ 34.362334890569976, 47.483628701002452 ], [ 34.362648648697466, 47.481866810222137 ], [ 34.372936276150213, 47.486865862113575 ], [ 34.373369463025682, 47.490858760141968 ], [ 34.372065979417734, 47.491310060064684 ], [ 34.370703333967818, 47.48866756772442 ], [ 34.367659105824032, 47.488910431520999 ], [ 34.36699116803586, 47.491005622134331 ], [ 34.373675266560795, 47.495309839176343 ], [ 34.377886386928196, 47.495570825487732 ], [ 34.379946246555946, 47.501090473708246 ], [ 34.380962837811005, 47.499318276046601 ], [ 34.382824312049458, 47.498611616934461 ], [ 34.384203028003462, 47.501907757504938 ], [ 34.389848940382279, 47.503369960139281 ], [ 34.390905809422463, 47.504520610773575 ], [ 34.388813662572005, 47.506408598015653 ], [ 34.388361646791893, 47.50522640078394 ], [ 34.3862682678295, 47.504424616271116 ], [ 34.37303165339091, 47.503891931060487 ], [ 34.373575960559442, 47.50687416008396 ], [ 34.380622209047402, 47.509149934879034 ], [ 34.384337115206002, 47.512566744096766 ], [ 34.390079729887233, 47.510204258845718 ], [ 34.40011105414596, 47.501575307035417 ], [ 34.413959431159221, 47.498890719647584 ], [ 34.421145045528093, 47.496563931140329 ], [ 34.437450182484881, 47.496132558671256 ], [ 34.459583818280556, 47.497596775156957 ], [ 34.474282270819259, 47.497250701958386 ], [ 34.500719439015455, 47.498499306925858 ], [ 34.506664566957689, 47.501945764747916 ], [ 34.509612340327941, 47.506558987770397 ], [ 34.513214461359532, 47.509019400074187 ], [ 34.51666787022463, 47.508975928809591 ], [ 34.516049549166944, 47.506883288794434 ], [ 34.517809106768851, 47.504219835516508 ], [ 34.519673345312569, 47.504912930258477 ], [ 34.520140026110866, 47.507057232572926 ], [ 34.522220750286813, 47.506864688240327 ], [ 34.518978615853179, 47.510091982982082 ], [ 34.519651785609732, 47.512358445102208 ], [ 34.5330909857732, 47.52890335571017 ], [ 34.541270433862302, 47.531308428004927 ], [ 34.545905236040284, 47.531391713975594 ], [ 34.55407255109867, 47.529180493710022 ], [ 34.558179789231218, 47.526910739083306 ], [ 34.571898635978961, 47.523212732112817 ], [ 34.576638009541277, 47.518841912311558 ], [ 34.58137349220609, 47.516533163610177 ], [ 34.58031942691192, 47.517462908560461 ], [ 34.584114740239031, 47.517341066875261 ], [ 34.585515540411471, 47.518826930496409 ], [ 34.580751159970006, 47.520156969474733 ], [ 34.582099664216322, 47.521119177766053 ], [ 34.592528052977315, 47.519226265225569 ], [ 34.589304772930895, 47.520611639149415 ], [ 34.589059459457843, 47.523154702776154 ], [ 34.592310201434678, 47.52618673061891 ], [ 34.596210119235465, 47.52492161061496 ], [ 34.598160144167053, 47.525847989646131 ], [ 34.599828410933355, 47.52858097395422 ], [ 34.598704640906817, 47.531100226872567 ], [ 34.600380934139373, 47.53451380521507 ], [ 34.610822807456401, 47.537858357406186 ], [ 34.612255118876377, 47.54105248194427 ], [ 34.615339536278974, 47.541722359410485 ], [ 34.618668338761935, 47.544284359439182 ], [ 34.62597994759394, 47.544434659142397 ], [ 34.628702347320633, 47.543706757481964 ], [ 34.62973369765426, 47.544249992991638 ], [ 34.628938333327589, 47.544584871178202 ], [ 34.631668884786819, 47.544994068753297 ], [ 34.636523725482412, 47.544507092630248 ], [ 34.645238246987212, 47.541106755536077 ], [ 34.649832751991809, 47.531339191484072 ], [ 34.655550023935199, 47.526567879463123 ], [ 34.659472048886755, 47.525583099500864 ], [ 34.657037260594358, 47.5258080875548 ], [ 34.659268957126073, 47.524206964971832 ], [ 34.65588662834827, 47.525047441502302 ], [ 34.655655929901684, 47.524091108442526 ], [ 34.659968465913501, 47.523051900186267 ], [ 34.661544035036037, 47.525434584164572 ], [ 34.664021710754156, 47.522287140531844 ], [ 34.671537324338352, 47.516720720583251 ], [ 34.67340536496279, 47.513525084793081 ], [ 34.672722850350219, 47.512535875033876 ], [ 34.671566744629516, 47.512675383452908 ], [ 34.672843105978004, 47.51155582663413 ], [ 34.672509606656263, 47.510072015342487 ], [ 34.671034462525711, 47.509443399212891 ], [ 34.672073694362901, 47.507980782009696 ], [ 34.674013059555975, 47.508662536102918 ], [ 34.674102825425109, 47.51020704187632 ], [ 34.674731832218406, 47.509377211105999 ], [ 34.677226156108496, 47.509583791493341 ], [ 34.674173943206917, 47.510584831400834 ], [ 34.674586935048772, 47.51236559005352 ], [ 34.681957690174592, 47.506803557158001 ], [ 34.680474359403192, 47.502474900715427 ], [ 34.684025597093409, 47.502451405731321 ], [ 34.683124391083112, 47.50211613575518 ], [ 34.683722647166839, 47.499983390503552 ], [ 34.682083656999694, 47.498789168897055 ], [ 34.684647916629963, 47.498415879435747 ], [ 34.683081498742858, 47.496600081724495 ], [ 34.68610175715051, 47.496306627613826 ], [ 34.679854757310544, 47.494842256928081 ], [ 34.681536458013525, 47.494581306695899 ], [ 34.681633059028329, 47.493773010679632 ], [ 34.685176357006199, 47.494577710308398 ], [ 34.683569660683695, 47.492478973396466 ], [ 34.68564033559776, 47.492203611233265 ], [ 34.687496356478185, 47.494784288881611 ], [ 34.688419154594357, 47.49029691618793 ], [ 34.692226532687499, 47.490722008138803 ], [ 34.696857287409586, 47.488841565229443 ], [ 34.700931536195213, 47.490884186529428 ], [ 34.704705512609536, 47.489013705334727 ], [ 34.710520434054203, 47.490209890958496 ], [ 34.716445461261145, 47.490193587282839 ], [ 34.719371823494605, 47.491522070740906 ], [ 34.741202310074151, 47.489867387286786 ], [ 34.749053038827725, 47.491964258536768 ], [ 34.766314889262254, 47.478257294051424 ], [ 34.792011404810431, 47.46730326143895 ], [ 34.79966095601435, 47.465366819619547 ], [ 34.808960298525584, 47.465504609762348 ], [ 34.819136610973899, 47.462952411750152 ], [ 34.822966760394543, 47.463482757814674 ], [ 34.826520669051192, 47.461936043414539 ], [ 34.828151446987093, 47.459687344634453 ], [ 34.83351053440839, 47.457460299347069 ], [ 34.83869253701409, 47.455730216389831 ], [ 34.840561996697765, 47.456044762356562 ], [ 34.842521453553509, 47.454583069217236 ], [ 34.856615080652283, 47.449770397581098 ], [ 34.864055471901004, 47.44862219069887 ], [ 34.867515626452303, 47.449670605638261 ], [ 34.869629145717383, 47.448466169994788 ], [ 34.871281435651106, 47.44858048182558 ], [ 34.873614898097671, 47.445146790739685 ], [ 34.872780701058787, 47.438351191532682 ], [ 34.865058658905177, 47.429613338260076 ], [ 34.862293357181777, 47.421073475927784 ], [ 34.863328652906915, 47.418494686187472 ], [ 34.869155725018665, 47.41339635972588 ], [ 34.876849664788466, 47.40770953310372 ], [ 34.886779208678014, 47.403425340161114 ], [ 34.899291752865274, 47.40047877534937 ], [ 34.915409073525389, 47.394913975116552 ], [ 34.942156115845812, 47.3893122878954 ], [ 34.96123184544404, 47.3885077733052 ], [ 34.972572234625119, 47.38966461974384 ], [ 34.975165958064423, 47.391030110929456 ], [ 34.977333179316929, 47.389967795911254 ], [ 34.977856284750715, 47.39105371655252 ], [ 34.974439128092179, 47.392005215330691 ], [ 34.982973942291899, 47.3932381350347 ], [ 35.000145440032895, 47.400970763410307 ], [ 35.01335803577232, 47.408371986753451 ], [ 35.01965583141758, 47.410887942658739 ], [ 35.027412850142682, 47.415868372543194 ], [ 35.037827748048059, 47.425692038371771 ], [ 35.039667760125759, 47.429090727857236 ], [ 35.048726944812209, 47.438435576535475 ], [ 35.05359651945539, 47.441121417543933 ], [ 35.056426200840079, 47.441611221418704 ], [ 35.059805843063756, 47.446380232341866 ], [ 35.065205162075891, 47.449284261202891 ], [ 35.091386134856393, 47.450755164059039 ], [ 35.106827564312894, 47.450492230929385 ], [ 35.133826644615716, 47.44804542769073 ], [ 35.133405653890662, 47.447207398517442 ], [ 35.134160762516224, 47.447746122389105 ], [ 35.135843706052313, 47.44662153217768 ], [ 35.147818536223724, 47.444385828639646 ], [ 35.157420795184159, 47.444820160025479 ], [ 35.158283053360478, 47.443933219961721 ], [ 35.169478628700467, 47.443711929196652 ], [ 35.17714174210235, 47.445137672100053 ], [ 35.180357651879781, 47.444161823816238 ], [ 35.200822852172386, 47.444067404977801 ], [ 35.208290214936625, 47.44675211258577 ], [ 35.210173037919645, 47.446345792662129 ], [ 35.224721416096379, 47.453437673499174 ], [ 35.231700487584448, 47.45569390301371 ], [ 35.240428398361644, 47.461003859613335 ], [ 35.257803764067383, 47.46894609722478 ], [ 35.261671471175319, 47.47205732625735 ], [ 35.266290270758596, 47.473359070749424 ], [ 35.270179559843818, 47.472713563232361 ], [ 35.270630150543084, 47.469384775058217 ], [ 35.265773986381703, 47.456466525990471 ], [ 35.266769163636624, 47.454358171397622 ], [ 35.269290453847916, 47.454237633567658 ], [ 35.270017243230086, 47.452034768785026 ], [ 35.272073086474862, 47.451672505737655 ], [ 35.272208646246966, 47.455156613629121 ], [ 35.273296956732445, 47.454796231203026 ], [ 35.272361544599853, 47.455314927658705 ], [ 35.273701233424475, 47.455568843387418 ], [ 35.272985065294371, 47.457732375980243 ], [ 35.281796245967172, 47.467720430035492 ], [ 35.283027249459487, 47.470701186760849 ], [ 35.27414914402312, 47.492993675064355 ], [ 35.275396443466612, 47.497163703606773 ], [ 35.281291957725692, 47.503246809033755 ], [ 35.289574630551229, 47.507457667034927 ], [ 35.299844662939691, 47.510823864626474 ], [ 35.315216506205488, 47.512968939684768 ], [ 35.324987840871003, 47.516334771733469 ], [ 35.328799256419202, 47.520151536391218 ], [ 35.333101471289403, 47.52254342686777 ], [ 35.336639250395791, 47.527434621782866 ], [ 35.337207878298535, 47.530495324553613 ], [ 35.330931758425002, 47.550461537093398 ], [ 35.328750957791883, 47.562274513299627 ], [ 35.323841043177651, 47.570404973480215 ], [ 35.320713759442036, 47.572834303586355 ], [ 35.301357493240943, 47.580680030669818 ], [ 35.29775255608007, 47.583160514912642 ], [ 35.253386246306242, 47.648663179451205 ], [ 35.231311598582487, 47.669255544787099 ], [ 35.224093844509817, 47.671281170141398 ], [ 35.222516684626655, 47.672693618966832 ], [ 35.22311753584362, 47.673490112880586 ], [ 35.22029041939129, 47.675281737248682 ], [ 35.221036153716753, 47.676054560637496 ], [ 35.219748628115049, 47.678488968036255 ], [ 35.217565238426083, 47.679337815755339 ], [ 35.216655969149883, 47.682478078049449 ], [ 35.221824719144585, 47.690371978062146 ], [ 35.220889345506748, 47.695427522241765 ], [ 35.203528275481837, 47.709132832344181 ], [ 35.193619690875323, 47.722970680803272 ], [ 35.196145313726269, 47.717754839047515 ], [ 35.19481965027434, 47.719068672471458 ], [ 35.192425058481653, 47.724999228663741 ], [ 35.192475910475252, 47.731400501069402 ], [ 35.2075230606887, 47.743356522985742 ], [ 35.20972783589135, 47.746639096248252 ], [ 35.20860669128303, 47.754274706607966 ], [ 35.20517351217422, 47.755475697076399 ], [ 35.204178388718262, 47.757008409648272 ], [ 35.206758644959457, 47.757981179718072 ], [ 35.206985255421458, 47.758240377708447 ], [ 35.204146225304129, 47.757172524978735 ], [ 35.204442729358576, 47.759647991752615 ] ], [ [ 35.320807365259988, 47.68158696625418 ], [ 35.318387126578841, 47.681096016612251 ], [ 35.319122111190531, 47.67964141635845 ], [ 35.320807365259988, 47.68158696625418 ] ], [ [ 34.602031646491838, 47.5319122206188 ], [ 34.602291779711969, 47.531728621055905 ], [ 34.60229726040172, 47.531908509089881 ], [ 34.602031646491838, 47.5319122206188 ] ], [ [ 34.385682323739495, 47.509895940380439 ], [ 34.383510802127446, 47.508122526090709 ], [ 34.378148574588153, 47.506207502660871 ], [ 34.384260052277348, 47.506313844828576 ], [ 34.389086718676047, 47.50805510860944 ], [ 34.385682323739495, 47.509895940380439 ] ] ], [ [ [ 35.185000704026471, 47.754261098374663 ], [ 35.187742645973493, 47.756008479717039 ], [ 35.198157563928731, 47.756169316029798 ], [ 35.200130367856666, 47.758650993390084 ], [ 35.203349217023707, 47.759668999517544 ], [ 35.203639258557089, 47.757715228047985 ], [ 35.200458179340124, 47.75543243821263 ], [ 35.204733561453651, 47.754105178127617 ], [ 35.204336557792772, 47.749578789264845 ], [ 35.201359369398759, 47.7451348727609 ], [ 35.199532735080368, 47.745486558744972 ], [ 35.202523481498304, 47.750675223608809 ], [ 35.202110377044022, 47.753715730647343 ], [ 35.185000704026471, 47.754261098374663 ] ] ], [ [ [ 35.16627067469846, 47.760423470016363 ], [ 35.175483613736461, 47.756421574467616 ], [ 35.176174260444071, 47.753785053038563 ], [ 35.173244453094696, 47.75376797798851 ], [ 35.173008388299749, 47.755740713535424 ], [ 35.165589439832921, 47.759215459000906 ], [ 35.16627067469846, 47.760423470016363 ] ] ], [ [ [ 35.094840472562773, 47.841604656933967 ], [ 35.112452298574048, 47.834263337230155 ], [ 35.115042636254245, 47.832236052773183 ], [ 35.119619362934799, 47.833051411672479 ], [ 35.131164061170217, 47.827798671547214 ], [ 35.137038913066519, 47.827689412045054 ], [ 35.144694045691402, 47.825387053348706 ], [ 35.151962510075712, 47.820212045216294 ], [ 35.157316033881465, 47.813992814750648 ], [ 35.160082668498582, 47.816280271027487 ], [ 35.162507854540507, 47.81677447662188 ], [ 35.169351826521662, 47.814305781259414 ], [ 35.169239436075799, 47.811608473790606 ], [ 35.16352886111639, 47.809196822200718 ], [ 35.163736020102519, 47.807753218188715 ], [ 35.167360780515111, 47.804985371680026 ], [ 35.172240269296907, 47.806692720624888 ], [ 35.174360642849372, 47.806292633470349 ], [ 35.175368234477261, 47.80483383533084 ], [ 35.174210488886231, 47.802696230080549 ], [ 35.171503964400287, 47.801847672769895 ], [ 35.173519090627174, 47.798930116436573 ], [ 35.171226610501115, 47.7951943066602 ], [ 35.171550466710364, 47.790149221225306 ], [ 35.168281039093365, 47.788591390113716 ], [ 35.172704706272448, 47.785808260273058 ], [ 35.172243007016931, 47.781137965145042 ], [ 35.170841633381578, 47.77954482224807 ], [ 35.166009594557138, 47.778916297910186 ], [ 35.163429425345434, 47.774645867471754 ], [ 35.166419109920902, 47.763071799388683 ], [ 35.168467100507954, 47.760972164498341 ], [ 35.165262260652923, 47.760495596629681 ], [ 35.164106150698629, 47.762093081696186 ], [ 35.163993468997198, 47.764880501258347 ], [ 35.161716259737723, 47.768493365407224 ], [ 35.162641672791906, 47.768733181930749 ], [ 35.163001126439781, 47.769216265428611 ], [ 35.161300545775994, 47.76880353608513 ], [ 35.160599898748536, 47.773553004484505 ], [ 35.161841530371113, 47.777131935692609 ], [ 35.1632383928441, 47.776984130785046 ], [ 35.16189663010281, 47.7777201863627 ], [ 35.164835660740529, 47.780877736331966 ], [ 35.169449732248104, 47.781188928417997 ], [ 35.169405291805418, 47.782433762956458 ], [ 35.167096535141283, 47.781292699349201 ], [ 35.164572731310578, 47.781895168829017 ], [ 35.165777808669091, 47.783384385243878 ], [ 35.16899611863321, 47.783265099708828 ], [ 35.169654405608995, 47.784396227305479 ], [ 35.169814582634409, 47.786027531264949 ], [ 35.167755923889885, 47.78622652340507 ], [ 35.167221597333544, 47.78456674231262 ], [ 35.165016200471371, 47.787897650762943 ], [ 35.166153018614885, 47.789989405963084 ], [ 35.168830292860605, 47.790418608633743 ], [ 35.170723033089423, 47.799129449279199 ], [ 35.169277121398501, 47.799363842536913 ], [ 35.1695533387837, 47.797761632252843 ], [ 35.167249384594633, 47.796306536556671 ], [ 35.166333195238252, 47.794258588116563 ], [ 35.166130207935488, 47.798902035329384 ], [ 35.169490445282698, 47.80003187912321 ], [ 35.167804086516661, 47.801115993607766 ], [ 35.166128850087382, 47.800455766997921 ], [ 35.166454442121257, 47.799479531968792 ], [ 35.163634320310237, 47.804106490760795 ], [ 35.168377010928552, 47.801725048243625 ], [ 35.169108686875092, 47.803025304002517 ], [ 35.163111121781817, 47.805083023072811 ], [ 35.159734761371205, 47.811021041124121 ], [ 35.162743345362962, 47.814088694255872 ], [ 35.164196019107251, 47.813209543695763 ], [ 35.162471824066984, 47.811777789801042 ], [ 35.162882329639892, 47.810700897534787 ], [ 35.167154258193648, 47.813338350365747 ], [ 35.162810706144697, 47.814999472176908 ], [ 35.160851180116467, 47.814280640295586 ], [ 35.158749539627806, 47.811370261592927 ], [ 35.159931762392276, 47.808544203306226 ], [ 35.151487990840188, 47.815636056310673 ], [ 35.150684251608531, 47.819964178501777 ], [ 35.145629716465734, 47.823039868901681 ], [ 35.135261951844733, 47.826450344445952 ], [ 35.126435867916236, 47.827883597607737 ], [ 35.118755311639262, 47.831391751104256 ], [ 35.116769661100655, 47.83049745784966 ], [ 35.114117073939603, 47.830982493604971 ], [ 35.109084698276753, 47.83434750562288 ], [ 35.093478594034728, 47.840089137073676 ], [ 35.095336943174367, 47.840733851999104 ], [ 35.094840472562773, 47.841604656933967 ] ] ], [ [ [ 35.094580597935206, 47.841789361031381 ], [ 35.09457501795098, 47.841650803299551 ], [ 35.094439025593665, 47.841791944949634 ], [ 35.094580597935206, 47.841789361031381 ] ] ], [ [ [ 35.091448957906415, 47.863621659474575 ], [ 35.092185495491641, 47.861988595625405 ], [ 35.088011003439128, 47.857925541810211 ], [ 35.087584923611971, 47.853974171958058 ], [ 35.089635637308803, 47.851777328467357 ], [ 35.088487500195541, 47.849818666266081 ], [ 35.088920678456503, 47.84729133850621 ], [ 35.093295672882114, 47.843072529912398 ], [ 35.091871793782339, 47.842464493215658 ], [ 35.092801593864891, 47.840366927174138 ], [ 35.086550260509348, 47.847037437019601 ], [ 35.085897519467174, 47.849256065663468 ], [ 35.087077189770078, 47.851959755097539 ], [ 35.085130997261821, 47.854012215006911 ], [ 35.085608621751703, 47.85841651567597 ], [ 35.091448957906415, 47.863621659474575 ] ] ], [ [ [ 33.391994836865777, 46.765333158551094 ], [ 33.392289956738942, 46.764998818914563 ], [ 33.391721136294542, 46.765316637345904 ], [ 33.391994836865777, 46.765333158551094 ] ] ], [ [ [ 33.700534688865304, 46.976742399541642 ], [ 33.700070716554642, 46.976552122043387 ], [ 33.700446166931236, 46.976950994420804 ], [ 33.700534688865304, 46.976742399541642 ] ] ], [ [ [ 33.703922290114583, 46.985803162193207 ], [ 33.704372956276465, 46.985824237670272 ], [ 33.70444002535465, 46.9857044105607 ], [ 33.703922290114583, 46.985803162193207 ] ] ], [ [ [ 33.703617886119588, 46.985834729307406 ], [ 33.703450273164563, 46.985988919290406 ], [ 33.703652787065266, 46.985908935178827 ], [ 33.703617886119588, 46.985834729307406 ] ] ], [ [ [ 34.029928718274384, 47.33530728254118 ], [ 34.029267650036076, 47.33523088652889 ], [ 34.028819627761322, 47.335491812217704 ], [ 34.029883147595925, 47.335530041314513 ], [ 34.030119247054643, 47.335629870731573 ], [ 34.030293536606877, 47.3357775866642 ], [ 34.029928718274384, 47.33530728254118 ] ] ], [ [ [ 33.931158357271649, 47.551996301016551 ], [ 33.931176510194824, 47.551903114335708 ], [ 33.931098717171345, 47.55192336157571 ], [ 33.931158357271649, 47.551996301016551 ] ] ], [ [ [ 33.818388357072195, 47.058830632325609 ], [ 33.819529638978025, 47.058667962604453 ], [ 33.818005360986795, 47.058714135372391 ], [ 33.818388357072195, 47.058830632325609 ] ] ], [ [ [ 33.69328872816655, 46.910440426839308 ], [ 33.692561184427845, 46.910273220529369 ], [ 33.693003037676078, 46.910658491314599 ], [ 33.69328872816655, 46.910440426839308 ] ] ] ] } }
]
}
