{
"type": "FeatureCollection",
"name": "zones",
"crs": { "type": "name", "properties": { "name": "urn:ogc:def:crs:OGC:1.3:CRS84" } },
"features": [
{ "type": "Feature", "properties": { "domain": "R_FORMER_KAKHOVKA_RESERVOIR", "letter": "R", "label": "Reservoir", "area_km2": 2144.0 }, "geometry": { "type": "MultiPolygon", "coordinates": [ [ [ [ 35.126392021227694, 47.71091134984637 ], [ 35.128552863669647, 47.711591129217567 ], [ 35.129796902391121, 47.715944231078964 ], [ 35.133975658554064, 47.717890714690846 ], [ 35.134312165864593, 47.717377314338428 ], [ 35.136390940371903, 47.717814891693074 ], [ 35.142924835415322, 47.722806969104951 ], [ 35.144759348065136, 47.725073166108778 ], [ 35.143305727021826, 47.729238342408252 ], [ 35.141476351111613, 47.730608472316327 ], [ 35.141532718004264, 47.732275416768154 ], [ 35.145580172573986, 47.736864720691415 ], [ 35.143589943907052, 47.736015066259164 ], [ 35.146167657310187, 47.738212188646308 ], [ 35.152301758742965, 47.740705119310398 ], [ 35.150815762875261, 47.747028574463215 ], [ 35.152553906589183, 47.750538198376923 ], [ 35.153492755076499, 47.759907835966445 ], [ 35.15125037173727, 47.763701422450154 ], [ 35.149796555643327, 47.768154509729627 ], [ 35.150507449809432, 47.768835124176235 ], [ 35.141754067878232, 47.774631711053807 ], [ 35.134157226506723, 47.775356897099122 ], [ 35.129629763318782, 47.777876371519341 ], [ 35.122824106575472, 47.784794820624462 ], [ 35.115402442545822, 47.789269617922237 ], [ 35.110197868621555, 47.796255393954013 ], [ 35.107080384329961, 47.796245740596603 ], [ 35.102554708891695, 47.800004211368666 ], [ 35.102574198453226, 47.801820297863436 ], [ 35.101476664617721, 47.801509544830004 ], [ 35.099019633765316, 47.803937480883583 ], [ 35.091999476425393, 47.807774604152357 ], [ 35.083825524496355, 47.814162055490101 ], [ 35.079721850830232, 47.815592062363677 ], [ 35.074425500435289, 47.819388829635315 ], [ 35.067968484600975, 47.821126553692871 ], [ 35.06175177766918, 47.824772576515606 ], [ 35.05693668943691, 47.82897585435925 ], [ 35.050028325786727, 47.831793842609159 ], [ 35.043662171629322, 47.835904037841765 ], [ 35.04404093332225, 47.837336522896159 ], [ 35.045521922998525, 47.83532616406977 ], [ 35.047306499484733, 47.835457294498752 ], [ 35.048348090510785, 47.846385495729926 ], [ 35.049387248379141, 47.847050790952025 ], [ 35.049047646106217, 47.851336569024404 ], [ 35.051096467032764, 47.855535681816278 ], [ 35.049983312712314, 47.857002806027182 ], [ 35.052453238365402, 47.859885163789414 ], [ 35.076679779188552, 47.866518614434362 ], [ 35.080108567031864, 47.867923192330608 ], [ 35.079682597473926, 47.870314026923872 ], [ 35.083742072878472, 47.871500112961165 ], [ 35.090105944842549, 47.870124677986318 ], [ 35.092640976470456, 47.866659248145758 ], [ 35.092048568700342, 47.865230369750329 ], [ 35.089874500401173, 47.864370180124453 ], [ 35.091235040040779, 47.863625557595498 ], [ 35.085608621751703, 47.85841651567597 ], [ 35.085130997261821, 47.854012215006911 ], [ 35.087077189770078, 47.851959755097539 ], [ 35.085897519467174, 47.849256065663468 ], [ 35.086550260509348, 47.847037437019601 ], [ 35.092369675554451, 47.840457854938968 ], [ 35.092386754000266, 47.842975460780849 ], [ 35.095336943174367, 47.840733851999104 ], [ 35.093478594034728, 47.840089137073676 ], [ 35.09778085793176, 47.839048232085929 ], [ 35.100123289647236, 47.837275965721737 ], [ 35.109084698276753, 47.83434750562288 ], [ 35.112752852518433, 47.831482716013895 ], [ 35.116769661100655, 47.83049745784966 ], [ 35.117224369339105, 47.831255343421162 ], [ 35.118755311639262, 47.831391751104256 ], [ 35.126435867916236, 47.827883597607737 ], [ 35.135261951844733, 47.826450344445952 ], [ 35.145629716465734, 47.823039868901681 ], [ 35.150684251608531, 47.819964178501777 ], [ 35.151487990840188, 47.815636056310673 ], [ 35.159931762392276, 47.808544203306226 ], [ 35.158749539627806, 47.811370261592927 ], [ 35.160851180116467, 47.814280640295586 ], [ 35.162810706144697, 47.814999472176908 ], [ 35.167154258193648, 47.813338350365747 ], [ 35.162882329639892, 47.810700897534787 ], [ 35.16208658686071, 47.810903055158498 ], [ 35.162471824066984, 47.811777789801042 ], [ 35.164196019107251, 47.813209543695763 ], [ 35.162743345362962, 47.814088694255872 ], [ 35.159734761371205, 47.811021041124121 ], [ 35.163111121781817, 47.805083023072811 ], [ 35.167559305408105, 47.802971351755133 ], [ 35.169108686875092, 47.803025304002517 ], [ 35.168377010928552, 47.801725048243625 ], [ 35.163634320310237, 47.804106490760795 ], [ 35.166454442121257, 47.799479531968792 ], [ 35.166128850087382, 47.800455766997921 ], [ 35.167804086516661, 47.801115993607766 ], [ 35.169490445282698, 47.80003187912321 ], [ 35.168502483791777, 47.799503649586278 ], [ 35.167765833345648, 47.800013996303306 ], [ 35.167898391090972, 47.79931953596887 ], [ 35.166130207935488, 47.798902035329384 ], [ 35.166917039063414, 47.796737615424682 ], [ 35.166333195238252, 47.794258588116563 ], [ 35.167249384594633, 47.796306536556671 ], [ 35.1695533387837, 47.797761632252843 ], [ 35.168767714202453, 47.798538266467574 ], [ 35.169597168646632, 47.799596241434024 ], [ 35.170870452990279, 47.798424086303932 ], [ 35.169590409712875, 47.797090210747093 ], [ 35.168830292860605, 47.790418608633743 ], [ 35.166153018614885, 47.789989405963084 ], [ 35.165016200471371, 47.787897650762943 ], [ 35.167221597333544, 47.78456674231262 ], [ 35.167755923889885, 47.78622652340507 ], [ 35.169814582634409, 47.786027531264949 ], [ 35.16899611863321, 47.783265099708828 ], [ 35.166847442968113, 47.783810766631973 ], [ 35.164572731310578, 47.781895168829017 ], [ 35.165846071153013, 47.78140638369775 ], [ 35.166471342821495, 47.782008881798497 ], [ 35.167096535141283, 47.781292699349201 ], [ 35.167483018118119, 47.782111158636233 ], [ 35.169405291805418, 47.782433762956458 ], [ 35.169449732248104, 47.781188928417997 ], [ 35.16502189093206, 47.781025481068376 ], [ 35.16189663010281, 47.7777201863627 ], [ 35.1632383928441, 47.776984130785046 ], [ 35.161841530371113, 47.777131935692609 ], [ 35.160796019713011, 47.77511903898997 ], [ 35.160908990931965, 47.770823980537784 ], [ 35.161775299046013, 47.770847791744686 ], [ 35.160879482690056, 47.770546763137041 ], [ 35.161300545775994, 47.76880353608513 ], [ 35.162968906747544, 47.769308294225333 ], [ 35.161716259737723, 47.768493365407224 ], [ 35.163993468997198, 47.764880501258347 ], [ 35.163660895358063, 47.762989239802501 ], [ 35.165106629958032, 47.760607411847673 ], [ 35.168467100507954, 47.760972164498341 ], [ 35.168440881868356, 47.760341527888997 ], [ 35.165980952788608, 47.760333379810604 ], [ 35.16568596834599, 47.759078394165456 ], [ 35.173008388299749, 47.755740713535424 ], [ 35.173244453094696, 47.75376797798851 ], [ 35.176422740235132, 47.753344376763152 ], [ 35.175510313675581, 47.750662225610967 ], [ 35.171488300236028, 47.750198537658996 ], [ 35.173753169244023, 47.746916292287871 ], [ 35.174734058858519, 47.738439387767627 ], [ 35.180835204570712, 47.737603701222362 ], [ 35.186890944587915, 47.735688768248956 ], [ 35.18590753777351, 47.737687120588099 ], [ 35.18730819665776, 47.739280100717743 ], [ 35.185716265182442, 47.739490408757213 ], [ 35.183673915681823, 47.741688876695946 ], [ 35.181822820879148, 47.742084027644701 ], [ 35.180831592058169, 47.743902518106744 ], [ 35.18133120134496, 47.749471905397769 ], [ 35.18329542545186, 47.75177407068179 ], [ 35.185192037874103, 47.752457814481772 ], [ 35.184980794971203, 47.753785742943052 ], [ 35.196257755177562, 47.75441542128911 ], [ 35.202110377044022, 47.753715730647343 ], [ 35.202523481498304, 47.750675223608809 ], [ 35.201037547163416, 47.746810397186508 ], [ 35.199532735080368, 47.745486558744972 ], [ 35.200704835379852, 47.74479578113651 ], [ 35.204111347312548, 47.74879244360627 ], [ 35.204733561453651, 47.754105178127617 ], [ 35.200930158675725, 47.75484452948713 ], [ 35.200495639708052, 47.755580279991385 ], [ 35.203639258557089, 47.757715228047985 ], [ 35.203349217023707, 47.759668999517544 ], [ 35.204334042863017, 47.759444471358407 ], [ 35.204146225304129, 47.757172524978735 ], [ 35.205602291222235, 47.757843789808398 ], [ 35.206977300012603, 47.758257357396801 ], [ 35.204170268514225, 47.756961505066016 ], [ 35.205671170232215, 47.755101882269109 ], [ 35.207930769633514, 47.755035739031953 ], [ 35.20860669128303, 47.754274706607966 ], [ 35.20991565496989, 47.748276573372053 ], [ 35.209422073208117, 47.745895973870653 ], [ 35.2075230606887, 47.743356522985742 ], [ 35.195222555232561, 47.734351939431178 ], [ 35.192475910475252, 47.731400501069402 ], [ 35.192396186558845, 47.725194592385499 ], [ 35.19481965027434, 47.719068672471458 ], [ 35.196145313726269, 47.717754839047515 ], [ 35.193619690875323, 47.722970680803272 ], [ 35.203528275481837, 47.709132832344181 ], [ 35.220889345506748, 47.695427522241765 ], [ 35.221824719144585, 47.690371978062146 ], [ 35.216655969149883, 47.682478078049449 ], [ 35.217565238426083, 47.679337815755339 ], [ 35.219748628115049, 47.678488968036255 ], [ 35.221036153716753, 47.676054560637496 ], [ 35.22029041939129, 47.675281737248682 ], [ 35.22311753584362, 47.673490112880586 ], [ 35.222516684626655, 47.672693618966832 ], [ 35.224093844509817, 47.671281170141398 ], [ 35.225158631752208, 47.670493677602209 ], [ 35.226483540641127, 47.670829606020476 ], [ 35.231311598582487, 47.669255544787099 ], [ 35.253386246306242, 47.648663179451205 ], [ 35.29775255608007, 47.583160514912642 ], [ 35.301357493240943, 47.580680030669818 ], [ 35.32147010582495, 47.572407307950606 ], [ 35.327758465666108, 47.564612872461694 ], [ 35.331398249670819, 47.548747184831491 ], [ 35.337100540953351, 47.530976957470898 ], [ 35.336639250395791, 47.527434621782866 ], [ 35.332677674715896, 47.52206072949371 ], [ 35.328799256419202, 47.520151536391218 ], [ 35.324344061365188, 47.516005072267035 ], [ 35.314725597144395, 47.512860163245641 ], [ 35.299496157578638, 47.510738801396116 ], [ 35.289574630551229, 47.507457667034927 ], [ 35.281291957725692, 47.503246809033755 ], [ 35.275396443466612, 47.497163703606773 ], [ 35.27414914402312, 47.492993675064355 ], [ 35.283027249459487, 47.470701186760849 ], [ 35.281796245967172, 47.467720430035492 ], [ 35.272985065294371, 47.457732375980243 ], [ 35.273701233424475, 47.455568843387418 ], [ 35.272361544599853, 47.455314927658705 ], [ 35.273296956732445, 47.454796231203026 ], [ 35.272208646246966, 47.455156613629121 ], [ 35.272095274496237, 47.451682504261186 ], [ 35.270017243230086, 47.452034768785026 ], [ 35.269290453847916, 47.454237633567658 ], [ 35.266769163636624, 47.454358171397622 ], [ 35.265773986381703, 47.456466525990471 ], [ 35.270630150543084, 47.469384775058217 ], [ 35.270179559843818, 47.472713563232361 ], [ 35.266290270758596, 47.473359070749424 ], [ 35.261671471175319, 47.47205732625735 ], [ 35.257803764067383, 47.46894609722478 ], [ 35.240428398361644, 47.461003859613335 ], [ 35.231700487584448, 47.45569390301371 ], [ 35.226566846011842, 47.453506667970188 ], [ 35.224721416096379, 47.453437673499174 ], [ 35.210173037919645, 47.446345792662129 ], [ 35.208290214936625, 47.44675211258577 ], [ 35.200822852172386, 47.444067404977801 ], [ 35.180357651879781, 47.444161823816238 ], [ 35.17714174210235, 47.445137672100053 ], [ 35.169478628700467, 47.443711929196652 ], [ 35.161474900358151, 47.444324973615444 ], [ 35.158283053360478, 47.443933219961721 ], [ 35.157420795184159, 47.444820160025479 ], [ 35.147818536223724, 47.444385828639646 ], [ 35.141326248184242, 47.446139033841582 ], [ 35.135843706052313, 47.44662153217768 ], [ 35.134160762516224, 47.447746122389105 ], [ 35.133405653890662, 47.447207398517442 ], [ 35.133826644615716, 47.44804542769073 ], [ 35.132761841088431, 47.447649063897806 ], [ 35.128116326442473, 47.448649407313141 ], [ 35.106827564312894, 47.450492230929385 ], [ 35.091386134856393, 47.450755164059039 ], [ 35.065205162075891, 47.449284261202891 ], [ 35.059805843063756, 47.446380232341866 ], [ 35.056426200840079, 47.441611221418704 ], [ 35.05359651945539, 47.441121417543933 ], [ 35.048726944812209, 47.438435576535475 ], [ 35.039667760125759, 47.429090727857236 ], [ 35.037827748048059, 47.425692038371771 ], [ 35.027412850142682, 47.415868372543194 ], [ 35.01965583141758, 47.410887942658739 ], [ 35.01335803577232, 47.408371986753451 ], [ 35.000145440032895, 47.400970763410307 ], [ 34.982973942291899, 47.3932381350347 ], [ 34.978145988837291, 47.392070595473903 ], [ 34.974439128092179, 47.392005215330691 ], [ 34.977856284750715, 47.39105371655252 ], [ 34.977333179316929, 47.389967795911254 ], [ 34.975165958064423, 47.391030110929456 ], [ 34.972572234625119, 47.38966461974384 ], [ 34.96123184544404, 47.3885077733052 ], [ 34.942156115845812, 47.3893122878954 ], [ 34.915409073525389, 47.394913975116552 ], [ 34.899291752865274, 47.40047877534937 ], [ 34.886779208678014, 47.403425340161114 ], [ 34.876849664788466, 47.40770953310372 ], [ 34.869155725018665, 47.41339635972588 ], [ 34.863328652906915, 47.418494686187472 ], [ 34.862293357181777, 47.421073475927784 ], [ 34.865058658905177, 47.429613338260076 ], [ 34.872780701058787, 47.438351191532682 ], [ 34.873614898097671, 47.445146790739685 ], [ 34.871281435651106, 47.44858048182558 ], [ 34.869629145717383, 47.448466169994788 ], [ 34.867515626452303, 47.449670605638261 ], [ 34.864055471901004, 47.44862219069887 ], [ 34.856615080652283, 47.449770397581098 ], [ 34.842521453553509, 47.454583069217236 ], [ 34.840561996697765, 47.456044762356562 ], [ 34.840524867243865, 47.455543605723598 ], [ 34.83869253701409, 47.455730216389831 ], [ 34.83351053440839, 47.457460299347069 ], [ 34.828151446987093, 47.459687344634453 ], [ 34.826520669051192, 47.461936043414539 ], [ 34.822966760394543, 47.463482757814674 ], [ 34.819136610973899, 47.462952411750152 ], [ 34.808960298525584, 47.465504609762348 ], [ 34.79966095601435, 47.465366819619547 ], [ 34.792011404810431, 47.46730326143895 ], [ 34.766314889262254, 47.478257294051424 ], [ 34.751306238008269, 47.490880471417981 ], [ 34.749053038827725, 47.491964258536768 ], [ 34.741202310074151, 47.489867387286786 ], [ 34.719371823494605, 47.491522070740906 ], [ 34.716445461261145, 47.490193587282839 ], [ 34.710520434054203, 47.490209890958496 ], [ 34.704705512609536, 47.489013705334727 ], [ 34.700931536195213, 47.490884186529428 ], [ 34.696857287409586, 47.488841565229443 ], [ 34.692226532687499, 47.490722008138803 ], [ 34.688419154594357, 47.49029691618793 ], [ 34.687335446027845, 47.49209121059107 ], [ 34.687496356478185, 47.494784288881611 ], [ 34.68564033559776, 47.492203611233265 ], [ 34.683569660683695, 47.492478973396466 ], [ 34.685176357006199, 47.494577710308398 ], [ 34.681633059028329, 47.493773010679632 ], [ 34.681536458013525, 47.494581306695899 ], [ 34.679854757310544, 47.494842256928081 ], [ 34.681568681528098, 47.495748365439532 ], [ 34.683741262523206, 47.495458405715326 ], [ 34.68610175715051, 47.496306627613826 ], [ 34.684197329685091, 47.496973411558741 ], [ 34.683081498742858, 47.496600081724495 ], [ 34.684647916629963, 47.498415879435747 ], [ 34.682083656999694, 47.498789168897055 ], [ 34.683722647166839, 47.499983390503552 ], [ 34.683124391083112, 47.50211613575518 ], [ 34.684025597093409, 47.502451405731321 ], [ 34.680474359403192, 47.502474900715427 ], [ 34.682309054239873, 47.505477271439062 ], [ 34.681957690174592, 47.506803557158001 ], [ 34.674586935048772, 47.51236559005352 ], [ 34.674173943206917, 47.510584831400834 ], [ 34.677226156108496, 47.509583791493341 ], [ 34.674731832218406, 47.509377211105999 ], [ 34.674102825425109, 47.51020704187632 ], [ 34.674013059555975, 47.508662536102918 ], [ 34.672073694362901, 47.507980782009696 ], [ 34.671034462525711, 47.509443399212891 ], [ 34.672509606656263, 47.510072015342487 ], [ 34.672843105978004, 47.51155582663413 ], [ 34.671566744629516, 47.512675383452908 ], [ 34.672722850350219, 47.512535875033876 ], [ 34.67340536496279, 47.513525084793081 ], [ 34.671537324338352, 47.516720720583251 ], [ 34.664021710754156, 47.522287140531844 ], [ 34.661544035036037, 47.525434584164572 ], [ 34.659968465913501, 47.523051900186267 ], [ 34.655655929901684, 47.524091108442526 ], [ 34.65588662834827, 47.525047441502302 ], [ 34.659268957126073, 47.524206964971832 ], [ 34.658968378083863, 47.525206792479985 ], [ 34.657037260594358, 47.5258080875548 ], [ 34.659472048886755, 47.525583099500864 ], [ 34.655550023935199, 47.526567879463123 ], [ 34.649832751991809, 47.531339191484072 ], [ 34.646603453946646, 47.53994609196689 ], [ 34.645238246987212, 47.541106755536077 ], [ 34.636523725482412, 47.544507092630248 ], [ 34.631668884786819, 47.544994068753297 ], [ 34.628938333327589, 47.544584871178202 ], [ 34.62973369765426, 47.544249992991638 ], [ 34.628702347320633, 47.543706757481964 ], [ 34.62597994759394, 47.544434659142397 ], [ 34.618668338761935, 47.544284359439182 ], [ 34.615339536278974, 47.541722359410485 ], [ 34.612255118876377, 47.54105248194427 ], [ 34.610822807456401, 47.537858357406186 ], [ 34.606544665353233, 47.536101908072993 ], [ 34.60491249010542, 47.53626027884274 ], [ 34.605341763772422, 47.535906308010532 ], [ 34.601531552831212, 47.534338110877528 ], [ 34.600380934139373, 47.53451380521507 ], [ 34.598704640906817, 47.531100226872567 ], [ 34.599828410933355, 47.52858097395422 ], [ 34.598160144167053, 47.525847989646131 ], [ 34.596210119235465, 47.52492161061496 ], [ 34.592310201434678, 47.52618673061891 ], [ 34.589059459457843, 47.523154702776154 ], [ 34.589304772930895, 47.520611639149415 ], [ 34.592528052977315, 47.519226265225569 ], [ 34.582099664216322, 47.521119177766053 ], [ 34.580751159970006, 47.520156969474733 ], [ 34.585515540411471, 47.518826930496409 ], [ 34.584114740239031, 47.517341066875261 ], [ 34.58031942691192, 47.517462908560461 ], [ 34.58137349220609, 47.516533163610177 ], [ 34.576638009541277, 47.518841912311558 ], [ 34.571898635978961, 47.523212732112817 ], [ 34.558179789231218, 47.526910739083306 ], [ 34.55407255109867, 47.529180493710022 ], [ 34.545905236040284, 47.531391713975594 ], [ 34.541270433862302, 47.531308428004927 ], [ 34.5330909857732, 47.52890335571017 ], [ 34.522001419397093, 47.516354704770258 ], [ 34.519651785609732, 47.512358445102208 ], [ 34.518978615853179, 47.510091982982082 ], [ 34.520756915651859, 47.507481237056467 ], [ 34.522220750286813, 47.506864688240327 ], [ 34.520140026110866, 47.507057232572926 ], [ 34.519673345312569, 47.504912930258477 ], [ 34.517809106768851, 47.504219835516508 ], [ 34.516049549166944, 47.506883288794434 ], [ 34.51666787022463, 47.508975928809591 ], [ 34.513214461359532, 47.509019400074187 ], [ 34.509612340327941, 47.506558987770397 ], [ 34.506664566957689, 47.501945764747916 ], [ 34.500719439015455, 47.498499306925858 ], [ 34.474282270819259, 47.497250701958386 ], [ 34.459583818280556, 47.497596775156957 ], [ 34.437450182484881, 47.496132558671256 ], [ 34.427770154349602, 47.496920912331127 ], [ 34.421145045528093, 47.496563931140329 ], [ 34.413959431159221, 47.498890719647584 ], [ 34.40011105414596, 47.501575307035417 ], [ 34.395036585106887, 47.505186231763048 ], [ 34.390079729887233, 47.510204258845718 ], [ 34.384337115206002, 47.512566744096766 ], [ 34.380622209047402, 47.509149934879034 ], [ 34.373575960559442, 47.50687416008396 ], [ 34.37303165339091, 47.503891931060487 ], [ 34.3862682678295, 47.504424616271116 ], [ 34.388361646791893, 47.50522640078394 ], [ 34.388813662572005, 47.506408598015653 ], [ 34.390905809422463, 47.504520610773575 ], [ 34.389848940382279, 47.503369960139281 ], [ 34.384203028003462, 47.501907757504938 ], [ 34.382824312049458, 47.498611616934461 ], [ 34.380962837811005, 47.499318276046601 ], [ 34.379946246555946, 47.501090473708246 ], [ 34.377886386928196, 47.495570825487732 ], [ 34.376990554425561, 47.495016230788586 ], [ 34.375896190481171, 47.495668691454398 ], [ 34.373675266560795, 47.495309839176343 ], [ 34.372379848306771, 47.493782070379524 ], [ 34.371095061921132, 47.493939793596532 ], [ 34.370904534527696, 47.492919425784713 ], [ 34.36699116803586, 47.491005622134331 ], [ 34.367659105824032, 47.488910431520999 ], [ 34.370703333967818, 47.48866756772442 ], [ 34.372065979417734, 47.491310060064684 ], [ 34.373369463025682, 47.490858760141968 ], [ 34.372936276150213, 47.486865862113575 ], [ 34.362648648697466, 47.481866810222137 ], [ 34.362334890569976, 47.483628701002452 ], [ 34.351211810962148, 47.481187023248516 ], [ 34.352013747125248, 47.480481826784917 ], [ 34.351034856809498, 47.48074108735468 ], [ 34.351564439518647, 47.480046841588745 ], [ 34.349843844771151, 47.477456278592953 ], [ 34.347774461794614, 47.476706237561089 ], [ 34.34386788205893, 47.471266777462205 ], [ 34.340193315107925, 47.468099312727439 ], [ 34.339624604420926, 47.465495481387329 ], [ 34.343344844100805, 47.452345910105329 ], [ 34.343122141652202, 47.449872828197982 ], [ 34.336679664436851, 47.446189824447139 ], [ 34.327047773492112, 47.436415420116496 ], [ 34.311426612994161, 47.431854091851108 ], [ 34.306043391172345, 47.428925602761339 ], [ 34.295832265418269, 47.42690232649538 ], [ 34.292205882349457, 47.423788375122797 ], [ 34.28797174844528, 47.424428834681002 ], [ 34.287729599200176, 47.425373135488059 ], [ 34.291154463882556, 47.4256974209829 ], [ 34.284145827361733, 47.43028833529057 ], [ 34.279441208883576, 47.434543132895826 ], [ 34.271834436219031, 47.436292009018253 ], [ 34.263632358129811, 47.435482888909704 ], [ 34.260048867917199, 47.434216506692444 ], [ 34.236590337127581, 47.423414625207705 ], [ 34.219483153321725, 47.417628890779966 ], [ 34.216892099082315, 47.414745034273913 ], [ 34.212721356602032, 47.412461560124967 ], [ 34.204572733769908, 47.410125592828003 ], [ 34.18441585433726, 47.412232926405345 ], [ 34.164379805918692, 47.418979216358672 ], [ 34.161225640698859, 47.419291417307996 ], [ 34.159351336346177, 47.420641590490249 ], [ 34.145824355910769, 47.423476263577918 ], [ 34.135712383797951, 47.421583510874044 ], [ 34.127853537313953, 47.417866721197342 ], [ 34.118336970794026, 47.415793990102053 ], [ 34.113444650927491, 47.416026438709018 ], [ 34.094151580311141, 47.420652483759987 ], [ 34.086593114909121, 47.421668832616717 ], [ 34.066253846591351, 47.422342123533902 ], [ 34.059875638382557, 47.421420194824023 ], [ 34.053438249193192, 47.419235104028758 ], [ 34.049243275879171, 47.417068111082685 ], [ 34.044581624075363, 47.412635862946345 ], [ 34.043814548484299, 47.410377903786937 ], [ 34.047859345927215, 47.407244795759603 ], [ 34.043176187563674, 47.404351201842381 ], [ 34.039080403522874, 47.39157668270127 ], [ 34.037484457407977, 47.381555992997903 ], [ 34.020125286870432, 47.352336940284346 ], [ 34.016837971015207, 47.344444924095093 ], [ 34.0171464464999, 47.342894743064782 ], [ 34.024861955075934, 47.335340016207525 ], [ 34.0300359718698, 47.335601824483923 ], [ 34.034780900040481, 47.340531207922361 ], [ 34.039474689126195, 47.34234509047532 ], [ 34.046472546759077, 47.349044109415495 ], [ 34.047043912672109, 47.351068464945136 ], [ 34.048963051424771, 47.352894674191035 ], [ 34.048425325342315, 47.349685570490557 ], [ 34.054216049039162, 47.34864614470343 ], [ 34.063968741776591, 47.34495497533036 ], [ 34.069665655243284, 47.345583841030148 ], [ 34.083784819702508, 47.343482895113553 ], [ 34.097898632005339, 47.345365809677617 ], [ 34.103472157483083, 47.34494406931104 ], [ 34.106959056845248, 47.345747380383834 ], [ 34.114126048990563, 47.349120432390841 ], [ 34.115906943796929, 47.350839517698113 ], [ 34.115853344948732, 47.354037691595416 ], [ 34.112280588163117, 47.357813479993133 ], [ 34.119297325870775, 47.354408404624607 ], [ 34.127306354250194, 47.358420374172049 ], [ 34.131592560406112, 47.370000380412549 ], [ 34.13580888248103, 47.376652164736939 ], [ 34.140025442257347, 47.380524478662736 ], [ 34.145336140069737, 47.382253469333804 ], [ 34.148705055054258, 47.389611861773083 ], [ 34.1526800229286, 47.391100857610624 ], [ 34.154219646616966, 47.397764616137103 ], [ 34.15881157984164, 47.400048571462001 ], [ 34.163510792215945, 47.400378986048011 ], [ 34.165141621998394, 47.399972344907681 ], [ 34.164782222544133, 47.398999233556459 ], [ 34.160190219003574, 47.398440039487639 ], [ 34.156869571259598, 47.39623221830395 ], [ 34.156510164842302, 47.393040191780408 ], [ 34.149659835084933, 47.386898930099882 ], [ 34.149010736100024, 47.384490924043355 ], [ 34.15094204109991, 47.380004966673418 ], [ 34.151797584179718, 47.375753126658239 ], [ 34.150956671996283, 47.37509560836412 ], [ 34.152669364465204, 47.374258200109956 ], [ 34.158119650402121, 47.364633983814564 ], [ 34.160082895966504, 47.363653016573892 ], [ 34.153989035082624, 47.360684344157306 ], [ 34.154267906142209, 47.352620275258936 ], [ 34.155957682475389, 47.351072084113973 ], [ 34.159519671932394, 47.349650984460446 ], [ 34.163993645959103, 47.34979279854489 ], [ 34.15397294070921, 47.346815974540299 ], [ 34.153522174516596, 47.345791009553622 ], [ 34.154718450512071, 47.343446495991238 ], [ 34.162014143406964, 47.339498865549771 ], [ 34.166557757929269, 47.338844505685543 ], [ 34.172640961035903, 47.339262576559015 ], [ 34.175586067095523, 47.337997466131398 ], [ 34.177828460367834, 47.336056166400077 ], [ 34.181250889510451, 47.330419082851627 ], [ 34.186062829542408, 47.328777475934558 ], [ 34.187838362364808, 47.326170515959518 ], [ 34.188283647328824, 47.322905057247432 ], [ 34.19409871619942, 47.32357789267104 ], [ 34.196239132062438, 47.322803302667452 ], [ 34.199972695056559, 47.31656660929346 ], [ 34.208311661411571, 47.314813556788415 ], [ 34.211055600242915, 47.315970133803411 ], [ 34.213289907602736, 47.313986192187578 ], [ 34.216116998208051, 47.312956859232649 ], [ 34.221677255186506, 47.312853264233119 ], [ 34.223570744462776, 47.311207495021712 ], [ 34.225410734388383, 47.310863799984546 ], [ 34.225013859985424, 47.310281795162439 ], [ 34.214483459746731, 47.310074528477635 ], [ 34.211645656379915, 47.312169529355288 ], [ 34.207225393367764, 47.313078770758835 ], [ 34.193792918046583, 47.312824190924857 ], [ 34.191834914173818, 47.314657214197844 ], [ 34.191679365312083, 47.318290413852964 ], [ 34.189420893743971, 47.319577794651103 ], [ 34.184147737516142, 47.320370544103277 ], [ 34.181840982246882, 47.321825104020668 ], [ 34.182511626271427, 47.324468666418888 ], [ 34.176361324914112, 47.328286727067578 ], [ 34.172812682078579, 47.332886003754439 ], [ 34.160485255854155, 47.332591542481921 ], [ 34.158790104811729, 47.331489925960121 ], [ 34.157360435496827, 47.328712082788641 ], [ 34.155842449411551, 47.328230331821281 ], [ 34.154729140064447, 47.329421064155461 ], [ 34.154865938017707, 47.333923018291522 ], [ 34.152360914755619, 47.335667195166636 ], [ 34.151762706848864, 47.338179256981313 ], [ 34.140784452893477, 47.340813014838538 ], [ 34.134884895080255, 47.340324936485366 ], [ 34.13158176352681, 47.341316374321799 ], [ 34.131077441798212, 47.342236126559747 ], [ 34.127585235821769, 47.341774369065661 ], [ 34.126383639046885, 47.340849275284796 ], [ 34.124441698267979, 47.341052901357372 ], [ 34.122987969071161, 47.339933271223906 ], [ 34.117996367571912, 47.338748217947575 ], [ 34.116051804911869, 47.338888109091322 ], [ 34.113895340219116, 47.337695839195995 ], [ 34.099188719942688, 47.338353711606167 ], [ 34.082808481751421, 47.336725089890749 ], [ 34.079155287163488, 47.337990163218414 ], [ 34.066763560125551, 47.338313768529574 ], [ 34.062147429465668, 47.335932575747591 ], [ 34.053786991056981, 47.333947600501972 ], [ 34.050031906069087, 47.33092631362247 ], [ 34.045681366439773, 47.328861104685316 ], [ 34.040660341023283, 47.324526943148577 ], [ 34.033675796601713, 47.322828813408876 ], [ 34.028555462920991, 47.317899412188993 ], [ 34.028654647637374, 47.316519340469711 ], [ 34.027285044169261, 47.315306226507111 ], [ 34.027964039536229, 47.313952630135624 ], [ 34.027239820883004, 47.312160437069913 ], [ 34.022673402404948, 47.312034898500471 ], [ 34.015659398309829, 47.307039103096066 ], [ 34.008355642264263, 47.297622801854253 ], [ 34.008591864681492, 47.294805031721772 ], [ 34.014573145086423, 47.289942219372996 ], [ 34.013795259891324, 47.289480106499902 ], [ 34.01009110167071, 47.291534131562052 ], [ 34.006338707503993, 47.290349660896837 ], [ 34.003516951249139, 47.28389077587957 ], [ 34.000035446255836, 47.279600167868921 ], [ 33.993383584997957, 47.264982562046725 ], [ 33.993048376247188, 47.261527811988465 ], [ 33.993930804144327, 47.259259658275624 ], [ 33.992069431099083, 47.256525409838574 ], [ 33.990489484140163, 47.250927184399956 ], [ 33.990832954365644, 47.249481579563877 ], [ 33.993022912786309, 47.24786566119294 ], [ 33.990033553090811, 47.247304019826622 ], [ 33.986796119160807, 47.234868504981073 ], [ 33.987394297317522, 47.232825011888245 ], [ 33.990140891736111, 47.230619442193465 ], [ 33.984618188521338, 47.229961914003397 ], [ 33.981788500676679, 47.224595911957913 ], [ 33.969597807643012, 47.212481092816873 ], [ 33.970021568160284, 47.211140144549042 ], [ 33.971402859637479, 47.21118927102652 ], [ 33.971521062627758, 47.210575288929725 ], [ 33.967980347196864, 47.210137965845334 ], [ 33.964785916493504, 47.208556424112963 ], [ 33.946635355411445, 47.196678592559522 ], [ 33.941595653852296, 47.191123297447767 ], [ 33.938367156939947, 47.188877202637386 ], [ 33.931784012509837, 47.180410108523574 ], [ 33.932607504795364, 47.177331295483015 ], [ 33.938814101827894, 47.174098342576094 ], [ 33.943558943023035, 47.173496587696476 ], [ 33.94502337893033, 47.172278616173379 ], [ 33.947257671055638, 47.169202532991392 ], [ 33.942303648394869, 47.172732592433412 ], [ 33.939853438937774, 47.172638709114551 ], [ 33.930300742184627, 47.175328971966586 ], [ 33.925818839396307, 47.173286880375699 ], [ 33.903760363972552, 47.159205312473453 ], [ 33.887903066905082, 47.152217910097271 ], [ 33.872196116153482, 47.147506241456206 ], [ 33.863945624238305, 47.143839381824613 ], [ 33.863747160783078, 47.142310574374477 ], [ 33.869352868566232, 47.138840503443141 ], [ 33.862129641739173, 47.140821880935064 ], [ 33.858318337772623, 47.140435127063661 ], [ 33.855617310907832, 47.138949955921944 ], [ 33.852455010304361, 47.135377504901463 ], [ 33.851779112153544, 47.122745933154917 ], [ 33.847278418677341, 47.107698021051846 ], [ 33.848517450143703, 47.104105219172489 ], [ 33.844800035211634, 47.102191775301293 ], [ 33.839006379872657, 47.092207583490243 ], [ 33.832676424551302, 47.085549303729273 ], [ 33.828871262680998, 47.082767511925155 ], [ 33.82686671301034, 47.079591421775667 ], [ 33.831110015887816, 47.076268890048389 ], [ 33.832005912544844, 47.076771172217853 ], [ 33.837646437074731, 47.076204891778467 ], [ 33.845829948851993, 47.072938772923358 ], [ 33.850030267617434, 47.073190864126715 ], [ 33.859697021981937, 47.071356758057782 ], [ 33.862094848570827, 47.072420019871068 ], [ 33.864931239555801, 47.071919361701326 ], [ 33.861322417932477, 47.070143665523226 ], [ 33.857878461397725, 47.069836832346688 ], [ 33.854449160552456, 47.070732915679201 ], [ 33.843458928597833, 47.071627058766197 ], [ 33.835369237754648, 47.074023858752916 ], [ 33.828116642215406, 47.074213760783763 ], [ 33.820627888391421, 47.072460183859185 ], [ 33.811004177436288, 47.063844432604377 ], [ 33.810403347665144, 47.061608002454335 ], [ 33.816352525742232, 47.059448167744996 ], [ 33.815952797949272, 47.060107924008513 ], [ 33.823391849042224, 47.058508067704864 ], [ 33.82527884875276, 47.058902757662722 ], [ 33.823350351449868, 47.058301575078204 ], [ 33.814603705604981, 47.058439624091264 ], [ 33.805253539896988, 47.056488144231132 ], [ 33.79269537887788, 47.048173092677743 ], [ 33.791837060319764, 47.045588830466109 ], [ 33.782728291988292, 47.044791889878084 ], [ 33.771983364340699, 47.040529407263051 ], [ 33.766672647293674, 47.037191629967644 ], [ 33.761946648101613, 47.031074765923933 ], [ 33.759012172293644, 47.028954075642652 ], [ 33.759165067824725, 47.02522063984879 ], [ 33.756549858478287, 47.026405358924968 ], [ 33.753784541618636, 47.026321278905264 ], [ 33.740279654966606, 47.019632757373017 ], [ 33.727356838370035, 47.014391797321188 ], [ 33.72369287363189, 47.012036270967215 ], [ 33.723317345199227, 47.009499633308508 ], [ 33.721796575322514, 47.010020811067427 ], [ 33.717722355685744, 47.008257728900027 ], [ 33.711054289533443, 47.003615632579709 ], [ 33.700775637076333, 46.994658769841067 ], [ 33.699394741087168, 46.992306642215198 ], [ 33.700580296338863, 46.988336402159341 ], [ 33.707006894669917, 46.985064880786389 ], [ 33.703471710279871, 46.985818709659846 ], [ 33.701288340655175, 46.985260676997285 ], [ 33.70069835606207, 46.977143196538911 ], [ 33.699115737359733, 46.971372819460342 ], [ 33.698705368993664, 46.960818488935388 ], [ 33.699825342474526, 46.958246520160237 ], [ 33.702025990285655, 46.957146163755702 ], [ 33.703184762476148, 46.955366723752547 ], [ 33.696224381482779, 46.944721462501825 ], [ 33.698712227246865, 46.933202017073022 ], [ 33.696983477395506, 46.929756970748493 ], [ 33.69438444024879, 46.927712821172342 ], [ 33.689757660359078, 46.921218908523841 ], [ 33.689341788050349, 46.91730390737964 ], [ 33.690642654428913, 46.916058083089368 ], [ 33.694362881519247, 46.916468518516176 ], [ 33.704209299859578, 46.912791339153138 ], [ 33.707637219044692, 46.910369012319208 ], [ 33.706789578232147, 46.906913071447583 ], [ 33.710359615896245, 46.908298411205237 ], [ 33.711478113326855, 46.906144404548655 ], [ 33.707375705472778, 46.901900180453509 ], [ 33.707076577838762, 46.903455159279005 ], [ 33.703125705455847, 46.902936496270208 ], [ 33.700733256493088, 46.905480143044933 ], [ 33.70322226298989, 46.909265859038214 ], [ 33.695068389211087, 46.911197155790383 ], [ 33.693303539277061, 46.91029572404203 ], [ 33.691055838232963, 46.906334027412591 ], [ 33.684792762725451, 46.900237073038902 ], [ 33.680903627415049, 46.898554697550551 ], [ 33.673036651414762, 46.898523468134776 ], [ 33.661664082475546, 46.902698329545593 ], [ 33.652735107844464, 46.902212710938045 ], [ 33.645219518352825, 46.899995228268004 ], [ 33.63920604824628, 46.89709206235311 ], [ 33.636113418733302, 46.893474066758834 ], [ 33.63550185044015, 46.88624282860679 ], [ 33.637347211055499, 46.873189073847229 ], [ 33.636488936792823, 46.87211828872671 ], [ 33.638505867214384, 46.868238204266703 ], [ 33.64169243554273, 46.866052344075207 ], [ 33.645656699244128, 46.866059569365071 ], [ 33.649030889183095, 46.865106030270212 ], [ 33.651503932421349, 46.867845769228644 ], [ 33.652008200053892, 46.866763826725204 ], [ 33.654368500219846, 46.866265041624381 ], [ 33.662077222501921, 46.866914178819052 ], [ 33.663863477006664, 46.868230917649711 ], [ 33.664555504152894, 46.873185534873812 ], [ 33.665403046965338, 46.869657500634304 ], [ 33.66749518988793, 46.86897174427363 ], [ 33.671856529506663, 46.874157284004873 ], [ 33.671132270625478, 46.871450942470609 ], [ 33.672124713194165, 46.869760235327945 ], [ 33.677580338816689, 46.868406927202734 ], [ 33.681909413072347, 46.868278541526372 ], [ 33.682510875485633, 46.867718098032057 ], [ 33.681394559610702, 46.865678192507502 ], [ 33.683161984402609, 46.86806220586449 ], [ 33.687247061982745, 46.869565785251979 ], [ 33.687689599049911, 46.867743077205446 ], [ 33.696605264837515, 46.867090193464477 ], [ 33.701309920028514, 46.865678227400309 ], [ 33.696200217971537, 46.866653775639861 ], [ 33.684381286322939, 46.864940093209462 ], [ 33.678261576600448, 46.865280234737199 ], [ 33.676740808071713, 46.864625558119705 ], [ 33.677582988225005, 46.862736631364335 ], [ 33.67166071595139, 46.864594375639882 ], [ 33.666733462762494, 46.864709931411468 ], [ 33.663750891040131, 46.862780597321752 ], [ 33.665558679343327, 46.8600406073244 ], [ 33.6590086877045, 46.862395481970182 ], [ 33.657045349015135, 46.862421166746358 ], [ 33.65538778993146, 46.86138678283379 ], [ 33.655752476384855, 46.85881907299224 ], [ 33.651353639258843, 46.861799376833076 ], [ 33.647440346803648, 46.862186397759451 ], [ 33.64559230514844, 46.863118064852522 ], [ 33.642486297523917, 46.861680219220887 ], [ 33.640560564309034, 46.85789468472823 ], [ 33.637556359284453, 46.843916878248521 ], [ 33.640630168644492, 46.842225443303846 ], [ 33.646005379438506, 46.842218090559129 ], [ 33.651895480372445, 46.837884408996082 ], [ 33.649932124975976, 46.837834920432634 ], [ 33.647612032059186, 46.839713664771701 ], [ 33.644884187902477, 46.839829315469146 ], [ 33.633248852012471, 46.838869735717751 ], [ 33.630534404915416, 46.837405456422488 ], [ 33.626889249195834, 46.833928444752573 ], [ 33.625864694924076, 46.831225513875694 ], [ 33.622207489335828, 46.827050627866292 ], [ 33.616600322051369, 46.825112694576532 ], [ 33.611662429131712, 46.824560188601133 ], [ 33.614288285702777, 46.821572381522074 ], [ 33.623166366810658, 46.819793865990043 ], [ 33.617869052132136, 46.820192087020281 ], [ 33.615830551235611, 46.818668729807264 ], [ 33.614819341328982, 46.815566692108689 ], [ 33.612719159237578, 46.815502541927046 ], [ 33.609473673009902, 46.820216041493659 ], [ 33.606048476321433, 46.822451511672575 ], [ 33.606528554986212, 46.823137937876567 ], [ 33.604034249697115, 46.823822459204365 ], [ 33.604275592522491, 46.824475777863071 ], [ 33.596843199531783, 46.824964008815122 ], [ 33.590644539269597, 46.824303325203786 ], [ 33.590848429455193, 46.823682956773695 ], [ 33.580827709466526, 46.82034627479694 ], [ 33.576367233751476, 46.818059389641157 ], [ 33.585986885363802, 46.809571380343698 ], [ 33.582396830264209, 46.81229933073859 ], [ 33.578873690812472, 46.813356688269913 ], [ 33.577410573126095, 46.815315170483785 ], [ 33.573561626703274, 46.815272969154201 ], [ 33.568889235391524, 46.817022311752623 ], [ 33.547946490497829, 46.816987431683664 ], [ 33.51109523664924, 46.82062247078256 ], [ 33.510840811114463, 46.819823229298322 ], [ 33.508633349559773, 46.819230392339072 ], [ 33.505074069651734, 46.820270607931903 ], [ 33.504314945231322, 46.81968739583241 ], [ 33.504349929999471, 46.820400507951348 ], [ 33.489184742350673, 46.820375706154344 ], [ 33.475124556198473, 46.818562317919195 ], [ 33.473459609675587, 46.817179220635659 ], [ 33.46576359913702, 46.816488171094136 ], [ 33.464704268584768, 46.815329616691983 ], [ 33.463401971587707, 46.816110436780249 ], [ 33.464047052654749, 46.815014165855153 ], [ 33.460839077471988, 46.81311428347211 ], [ 33.460890080914815, 46.812179973829693 ], [ 33.457290445906345, 46.808791229584813 ], [ 33.452717452742128, 46.802429775180109 ], [ 33.442954090195116, 46.796480787651838 ], [ 33.438445235176218, 46.79546901152942 ], [ 33.437423364535526, 46.794572921169078 ], [ 33.43873764690602, 46.793994467650222 ], [ 33.436962077680931, 46.794194561032185 ], [ 33.429851534281902, 46.789464108494705 ], [ 33.420820530473797, 46.785045358338472 ], [ 33.420163342546935, 46.783322731633078 ], [ 33.417223704668238, 46.781153538323217 ], [ 33.412181082488232, 46.779470975371765 ], [ 33.412084662053871, 46.777718742459797 ], [ 33.407251188514081, 46.7711018822583 ], [ 33.404408087131898, 46.770420380026934 ], [ 33.404888161319761, 46.769483401932149 ], [ 33.402316010419256, 46.767234677727018 ], [ 33.40002804917988, 46.766266470488624 ], [ 33.399298497129323, 46.766769910656905 ], [ 33.400819275242903, 46.767723363495804 ], [ 33.401066077080905, 46.768807435574288 ], [ 33.40044651739111, 46.767967825245222 ], [ 33.396063643253754, 46.766806708806932 ], [ 33.396236730394442, 46.763745679559591 ], [ 33.398491353378162, 46.760269667781799 ], [ 33.39733778413347, 46.760301486045861 ], [ 33.395119602083241, 46.763040228828622 ], [ 33.391831216914142, 46.765001470333409 ], [ 33.385605761747577, 46.763488530441983 ], [ 33.375488490945777, 46.774121989650624 ], [ 33.378308899472472, 46.775908028194721 ], [ 33.376869847243867, 46.776412677549636 ], [ 33.374555127293199, 46.775146089538943 ], [ 33.372420088747283, 46.776006714416717 ], [ 33.368088971810941, 46.780449375674131 ], [ 33.36878573752783, 46.780849483375142 ], [ 33.368136578299755, 46.781495100411945 ], [ 33.363490029923149, 46.783901557646381 ], [ 33.363535180173407, 46.790608361653263 ], [ 33.371074247979088, 46.796549581441376 ], [ 33.381363876155064, 46.806839694000018 ], [ 33.39814779898736, 46.821398021388163 ], [ 33.418039048124648, 46.833106410526938 ], [ 33.417322926927028, 46.835117519602498 ], [ 33.419616165828252, 46.83380373492755 ], [ 33.432775121560738, 46.839476956953916 ], [ 33.441097989834468, 46.841948357652562 ], [ 33.458910650168548, 46.84574233276021 ], [ 33.460672853158208, 46.846720107603936 ], [ 33.462955399875867, 46.846685341473751 ], [ 33.462872222223488, 46.847644703817792 ], [ 33.468302285789775, 46.847818076146005 ], [ 33.486949078242034, 46.854087908954305 ], [ 33.499996759045359, 46.856409109983787 ], [ 33.504502794784258, 46.857907562309322 ], [ 33.505106294904827, 46.860583455747928 ], [ 33.507316345163595, 46.86371226506116 ], [ 33.506806865038712, 46.86506203219426 ], [ 33.50095155414958, 46.864678711588688 ], [ 33.500812144615232, 46.862964022040458 ], [ 33.497334624325966, 46.862374360509115 ], [ 33.495072148714748, 46.864277107701326 ], [ 33.4901208631522, 46.865364615583694 ], [ 33.489528009627364, 46.867810919635936 ], [ 33.486175173854974, 46.867435012217477 ], [ 33.487217193427767, 46.868197296144302 ], [ 33.491240639201934, 46.868248313199032 ], [ 33.491868142726005, 46.867448757743198 ], [ 33.490706838929768, 46.866056917729786 ], [ 33.494476763900273, 46.866121956010019 ], [ 33.496539300372277, 46.864651230762313 ], [ 33.498937223501528, 46.864159717695699 ], [ 33.499433354968168, 46.865608462783861 ], [ 33.501852692309029, 46.866497871496684 ], [ 33.504719942431855, 46.870845817670542 ], [ 33.506723618897794, 46.871287725169452 ], [ 33.506342842398119, 46.86962999614758 ], [ 33.510054920449058, 46.869391601260844 ], [ 33.506578790835668, 46.868014532803493 ], [ 33.510502927371675, 46.86582492199441 ], [ 33.511098305693231, 46.86099619026708 ], [ 33.517806551154536, 46.858619190513487 ], [ 33.527433041434392, 46.857582018903933 ], [ 33.535715583849601, 46.858841123803465 ], [ 33.540666949681771, 46.858866798941982 ], [ 33.557859951720673, 46.85622201087088 ], [ 33.573092194288066, 46.856467758071815 ], [ 33.579277413348578, 46.860616487398481 ], [ 33.585828670700316, 46.861105269652384 ], [ 33.589021952589128, 46.86532606650907 ], [ 33.591537795566751, 46.866637296998491 ], [ 33.592951321465101, 46.871654396138652 ], [ 33.593436796046085, 46.882875239100876 ], [ 33.590598937797864, 46.883652488823927 ], [ 33.589257878624643, 46.88243517861104 ], [ 33.586344997281138, 46.882810994642014 ], [ 33.583485830688154, 46.883520504792628 ], [ 33.581787918724196, 46.88525101066741 ], [ 33.584104029061734, 46.883896299085812 ], [ 33.588964215354366, 46.883616726004647 ], [ 33.59009745139867, 46.884851399043086 ], [ 33.591999075369834, 46.884567291959549 ], [ 33.594616863841132, 46.885537042555605 ], [ 33.595593305627347, 46.888101623513286 ], [ 33.596314744015018, 46.901781958378855 ], [ 33.595236462091243, 46.914572184827072 ], [ 33.594764531372313, 46.916048932165872 ], [ 33.59023884598917, 46.919810057804575 ], [ 33.594083151978666, 46.91766120817627 ], [ 33.595000493562502, 46.918086232913673 ], [ 33.596089516244241, 46.930542805910392 ], [ 33.597556598494485, 46.934629028863966 ], [ 33.59693705307, 46.935541059572586 ], [ 33.599688950973821, 46.940983877714963 ], [ 33.603674764607767, 46.947676909314531 ], [ 33.610090605314369, 46.953739099852406 ], [ 33.610420436780075, 46.956093515782591 ], [ 33.608715950917734, 46.957194332852453 ], [ 33.610329243929762, 46.957077578051766 ], [ 33.61266554263343, 46.955269736304039 ], [ 33.620773754171175, 46.960694132686399 ], [ 33.635711109943877, 46.973374974948335 ], [ 33.637462579694152, 46.976010356741575 ], [ 33.639053046783921, 46.976065292819179 ], [ 33.643384862025911, 46.978832293610161 ], [ 33.643527025828917, 46.980095021088715 ], [ 33.646783191513919, 46.980784882572586 ], [ 33.648859335875024, 46.982138979065596 ], [ 33.651841889678629, 46.985324722019165 ], [ 33.653276887053941, 46.98859067610929 ], [ 33.652198547650777, 46.991067989107336 ], [ 33.647067477111001, 46.9931427104938 ], [ 33.643186350652904, 46.997328416269319 ], [ 33.636859152170885, 46.994194671015201 ], [ 33.631274728628043, 46.993442787704254 ], [ 33.628257254700678, 46.993810516980041 ], [ 33.621983534357561, 46.992352404158517 ], [ 33.617721555489084, 46.993146403621921 ], [ 33.616667455112875, 46.99232491459351 ], [ 33.616868652116779, 46.996117368629314 ], [ 33.613851097287856, 47.000301110157785 ], [ 33.608929243705894, 46.996071676078721 ], [ 33.607309174833034, 46.996007569537809 ], [ 33.604425768331225, 46.99724612325717 ], [ 33.603682755330077, 46.996497922881431 ], [ 33.602829931983969, 46.997397976646894 ], [ 33.60393236379921, 46.999203536137493 ], [ 33.602043969833559, 46.999135820607563 ], [ 33.598790437269301, 47.002426642445037 ], [ 33.601239342849553, 47.00356430613521 ], [ 33.608035958460967, 47.000712605252254 ], [ 33.610095987890915, 47.004932521198135 ], [ 33.606440105795045, 47.007171312342393 ], [ 33.615996746825743, 47.005453816202795 ], [ 33.622541340954307, 46.995085641018512 ], [ 33.626116754125015, 46.996680802573721 ], [ 33.627402934765534, 46.998184571931475 ], [ 33.627966179487579, 46.997580904251244 ], [ 33.636593465280257, 46.997626584105483 ], [ 33.641467109487401, 47.003524106690421 ], [ 33.642545323962324, 47.001994924951191 ], [ 33.645852482305393, 47.001971100266822 ], [ 33.647872261337767, 47.000729104369654 ], [ 33.651018376298495, 46.995954581782058 ], [ 33.652855817783355, 46.997231490020056 ], [ 33.655709633924474, 47.001782706964619 ], [ 33.657800425941957, 47.00307689123958 ], [ 33.658440070238839, 47.004775157720978 ], [ 33.659250039733195, 47.012508108029287 ], [ 33.658520591781674, 47.021055385469623 ], [ 33.651536156037977, 47.041381230511263 ], [ 33.649205340682968, 47.043720820991879 ], [ 33.650393561949627, 47.046007316196224 ], [ 33.643363378688605, 47.050230894972977 ], [ 33.636370836470412, 47.051557681306342 ], [ 33.634431641049517, 47.05503708646814 ], [ 33.632752572424472, 47.055437279926949 ], [ 33.632980572525668, 47.057502214569503 ], [ 33.631821866971379, 47.058587558316304 ], [ 33.632768749172179, 47.05908643827992 ], [ 33.635888106698189, 47.058541926469921 ], [ 33.642969131725394, 47.062570886907821 ], [ 33.644991460310344, 47.065298720629613 ], [ 33.643717441843286, 47.06820913869668 ], [ 33.642269037155863, 47.068576318433891 ], [ 33.6452839145486, 47.070609633970811 ], [ 33.645584303863224, 47.071817095344962 ], [ 33.650755646282406, 47.073954443019986 ], [ 33.65113379186409, 47.075207610671065 ], [ 33.647405536522456, 47.079890963436561 ], [ 33.648899451253143, 47.082696395316503 ], [ 33.648550781246982, 47.083828783600701 ], [ 33.646815452756819, 47.084805864124966 ], [ 33.641890872315564, 47.084225079309405 ], [ 33.636590738715441, 47.087486982431351 ], [ 33.642290509639899, 47.085797606131258 ], [ 33.647770302494884, 47.086466121479361 ], [ 33.650315743860077, 47.085605911907564 ], [ 33.648845757603915, 47.083883624555348 ], [ 33.650742233743173, 47.085510893198126 ], [ 33.65335731408554, 47.085806819318741 ], [ 33.661851886894233, 47.089143435908902 ], [ 33.664842494731303, 47.089665585214007 ], [ 33.666559200128525, 47.088624720030616 ], [ 33.657597937861532, 47.08640399821568 ], [ 33.649907939137393, 47.080228909194297 ], [ 33.653185760249137, 47.078627034525773 ], [ 33.655157150476114, 47.075978440225313 ], [ 33.654239800655368, 47.070852631330169 ], [ 33.64868484350076, 47.069562770881333 ], [ 33.65066438263851, 47.063837097476402 ], [ 33.653732833855805, 47.062600118870535 ], [ 33.651522676394492, 47.062360839682576 ], [ 33.64663300281515, 47.059479269635887 ], [ 33.644473735773609, 47.055592658492323 ], [ 33.645358952140818, 47.054161826823609 ], [ 33.652230735757286, 47.052078477608738 ], [ 33.655344779179671, 47.049128915457203 ], [ 33.657723987600228, 47.049079640906392 ], [ 33.667369931979401, 47.055616031266794 ], [ 33.688282424834981, 47.06585409636169 ], [ 33.725168136379608, 47.080442568790623 ], [ 33.733906683398679, 47.085211371198476 ], [ 33.754366624150528, 47.093949695374725 ], [ 33.758867398336662, 47.096548114621697 ], [ 33.776956251277554, 47.11586501220652 ], [ 33.783672413680499, 47.12603819669674 ], [ 33.786000555015626, 47.131766425016536 ], [ 33.786204467398804, 47.138345980980731 ], [ 33.782857099836903, 47.153405289874136 ], [ 33.780351856676639, 47.176401030306472 ], [ 33.776678858326612, 47.17991283702068 ], [ 33.774673543231188, 47.179285268694542 ], [ 33.759752453351304, 47.184542886311753 ], [ 33.752979961291061, 47.191054030404125 ], [ 33.747755009334988, 47.192774574870782 ], [ 33.743782596181944, 47.192495743789223 ], [ 33.742825104736916, 47.193080830606561 ], [ 33.743117413240299, 47.194019459759602 ], [ 33.745445559290864, 47.193694965862072 ], [ 33.748430918399542, 47.19479410743547 ], [ 33.750989679526192, 47.193467179187117 ], [ 33.754769020569462, 47.193128204514686 ], [ 33.758271934639296, 47.191801277835559 ], [ 33.759452123271636, 47.188037296752285 ], [ 33.76134041993113, 47.186489704602252 ], [ 33.764965508357498, 47.185669456306179 ], [ 33.767201064378412, 47.185906375935751 ], [ 33.771646743853857, 47.184548334447221 ], [ 33.771996761673122, 47.183609138900671 ], [ 33.778527975098065, 47.183412595568768 ], [ 33.783832024954016, 47.181241434522555 ], [ 33.795629762210481, 47.187703842617118 ], [ 33.805513656011087, 47.191697430000787 ], [ 33.807018431867313, 47.19394466012178 ], [ 33.813313524258355, 47.193175581634307 ], [ 33.823213551110733, 47.195311670220342 ], [ 33.841355961512406, 47.203731345030135 ], [ 33.852422794307479, 47.207342888169059 ], [ 33.854064283857788, 47.211209380593807 ], [ 33.852570422594631, 47.215104710789497 ], [ 33.849509993013271, 47.217367440022898 ], [ 33.851414246790959, 47.217757337187017 ], [ 33.854412737362573, 47.215350323222431 ], [ 33.855988811527475, 47.212074801787921 ], [ 33.855185460826355, 47.211284073405992 ], [ 33.857443885583955, 47.208554592912606 ], [ 33.860933488392533, 47.208826093807879 ], [ 33.866238927933253, 47.210505988030462 ], [ 33.881546325770657, 47.218972362588893 ], [ 33.893962162795042, 47.227739765584374 ], [ 33.899761070546027, 47.233300428777113 ], [ 33.895783356517391, 47.241604703269111 ], [ 33.893889856529746, 47.242584306736653 ], [ 33.888621934358348, 47.242531519649283 ], [ 33.885966484696063, 47.243700557243237 ], [ 33.879961161774702, 47.252673211548853 ], [ 33.867663560844797, 47.25644582706137 ], [ 33.88009787518979, 47.254726776597508 ], [ 33.884317002979408, 47.252989086654786 ], [ 33.885947745372626, 47.249487070263648 ], [ 33.887912514434205, 47.248723730187216 ], [ 33.887994305285702, 47.246011231441322 ], [ 33.892001444180444, 47.245390256873435 ], [ 33.897111071124108, 47.246084098893377 ], [ 33.899687376397679, 47.244954208167393 ], [ 33.900548344725664, 47.245340317380077 ], [ 33.900133975955931, 47.243267177911306 ], [ 33.901996737793482, 47.241174872696142 ], [ 33.90176215164572, 47.240260764987923 ], [ 33.904256560991101, 47.237935337394447 ], [ 33.906710757557256, 47.238609094664369 ], [ 33.910216390058324, 47.242216501537527 ], [ 33.916205848535121, 47.267727422864226 ], [ 33.921867938952815, 47.276972613752314 ], [ 33.934586853514702, 47.286503645014925 ], [ 33.952646350427734, 47.296771481850776 ], [ 33.95761095653485, 47.298615985944863 ], [ 33.962455063248747, 47.303859887740508 ], [ 33.966379255395886, 47.313193364809912 ], [ 33.966078817983423, 47.321616027605877 ], [ 33.962667061375583, 47.32615588197384 ], [ 33.963522623518159, 47.326699481165477 ], [ 33.967438545054776, 47.326103194944253 ], [ 33.968058151139665, 47.326659459959728 ], [ 33.970321995361367, 47.34110010800007 ], [ 33.970767272040689, 47.351920687579522 ], [ 33.966750731568766, 47.355237040312659 ], [ 33.960800210497148, 47.356141916258643 ], [ 33.955363274307238, 47.358066119692545 ], [ 33.953630609960491, 47.357740773175465 ], [ 33.951640409402259, 47.358947339875868 ], [ 33.950192009170365, 47.358678429720982 ], [ 33.948185721752225, 47.361129443634027 ], [ 33.949542878156969, 47.36183069319798 ], [ 33.950095448635658, 47.360735070963678 ], [ 33.954059770336109, 47.359744902056981 ], [ 33.959646738055248, 47.359816677848606 ], [ 33.962852042086524, 47.358427633320659 ], [ 33.967304445768811, 47.358958206278466 ], [ 33.971469958958394, 47.357468309828896 ], [ 33.973237650770507, 47.357799028217393 ], [ 33.97536726318684, 47.369264730392011 ], [ 33.972612596664568, 47.382723824662236 ], [ 33.972558968377918, 47.387371072362981 ], [ 33.966108284627076, 47.402127317056966 ], [ 33.964437197359828, 47.403428856042368 ], [ 33.962583774613485, 47.408512686606812 ], [ 33.958482642147082, 47.413463587961779 ], [ 33.955068301492268, 47.420570796487617 ], [ 33.953756753062635, 47.421558110778733 ], [ 33.950843784623054, 47.421668781618344 ], [ 33.950175888558853, 47.422320300256139 ], [ 33.953437482594921, 47.425111276139823 ], [ 33.951382923154156, 47.429081611447707 ], [ 33.945224655566435, 47.433695802189504 ], [ 33.941524471574645, 47.438073629995294 ], [ 33.937269159524334, 47.438913564687695 ], [ 33.932492088467882, 47.441502421007343 ], [ 33.930943265367553, 47.445106805344011 ], [ 33.925199199715173, 47.445128558917631 ], [ 33.922664449784151, 47.444083784109004 ], [ 33.927532703721162, 47.447871328582622 ], [ 33.925861665866528, 47.450399729622937 ], [ 33.918697532298204, 47.453455903610447 ], [ 33.916667127151001, 47.456821983995304 ], [ 33.914344359538809, 47.457061435947594 ], [ 33.910299546839667, 47.455236855822761 ], [ 33.904562320178634, 47.457516592192988 ], [ 33.907091611138966, 47.458080588117625 ], [ 33.910154637214667, 47.456495496384484 ], [ 33.914848574959578, 47.458824108151148 ], [ 33.917385941237967, 47.45867543009183 ], [ 33.919317089057593, 47.457414979254111 ], [ 33.920749418742325, 47.454982985142856 ], [ 33.924526003916498, 47.453626356730936 ], [ 33.926883610671915, 47.454391689402904 ], [ 33.928514452006127, 47.456787476610813 ], [ 33.927487094047706, 47.452799265821184 ], [ 33.934667352424029, 47.44709308261173 ], [ 33.936472487783995, 47.44363754476506 ], [ 33.940002279362851, 47.442790364499771 ], [ 33.946646175156097, 47.443686533690112 ], [ 33.948853666820106, 47.443258418334722 ], [ 33.94760637293443, 47.455186075761226 ], [ 33.938983078769326, 47.472222287311688 ], [ 33.936338398172829, 47.483806309344814 ], [ 33.936316945946494, 47.487357134888398 ], [ 33.937481043195135, 47.48897753827562 ], [ 33.936451034532524, 47.491801188348312 ], [ 33.931617743302162, 47.497930283709003 ], [ 33.929337933222335, 47.504960893063739 ], [ 33.927685663465752, 47.506946738396046 ], [ 33.927830970933599, 47.508975166075381 ], [ 33.926746764537789, 47.507850807536769 ], [ 33.925306444997652, 47.507950530057606 ], [ 33.923340443565735, 47.509637227624502 ], [ 33.928435352742419, 47.509916240475498 ], [ 33.930040658574825, 47.513055881725293 ], [ 33.929740183216474, 47.515436324262645 ], [ 33.924059319959483, 47.524592763158168 ], [ 33.925276940816737, 47.528814630805421 ], [ 33.926773750861344, 47.531082104891055 ], [ 33.929622218218043, 47.532998124425824 ], [ 33.932309640968072, 47.533215385346374 ], [ 33.934031634721265, 47.534671290458974 ], [ 33.939133359557268, 47.540103661003165 ], [ 33.93972603711839, 47.543116560260131 ], [ 33.937118917032606, 47.544899974299575 ], [ 33.938421236474305, 47.546364728591847 ], [ 33.936180186511926, 47.546744944409845 ], [ 33.931360144682877, 47.55019011385906 ], [ 33.930217655033459, 47.557548588019152 ], [ 33.927567787121767, 47.560538215662291 ], [ 33.927192054633835, 47.56231250657639 ], [ 33.920320235764486, 47.567047072083611 ], [ 33.92163184700609, 47.56882416660499 ], [ 33.920713145209042, 47.569704618216626 ], [ 33.921968489038527, 47.568945542946622 ], [ 33.921945721952262, 47.567110409917902 ], [ 33.929241276793569, 47.563499761332729 ], [ 33.932138087350104, 47.560871788340684 ], [ 33.937228477502721, 47.558819882846564 ], [ 33.936709908801255, 47.557021822151064 ], [ 33.938950866513487, 47.555957480617288 ], [ 33.940396581185269, 47.55342781631353 ], [ 33.944378360577261, 47.552187656050535 ], [ 33.947960391897098, 47.547599444907064 ], [ 33.955292320045345, 47.544708101094741 ], [ 33.959027218984289, 47.539743405343863 ], [ 33.958742858559177, 47.538548326068764 ], [ 33.96857044960359, 47.535091483721878 ], [ 33.974258211918553, 47.538608863443841 ], [ 33.975160745059554, 47.541512413620211 ], [ 33.97462165808718, 47.545729239436803 ], [ 33.972882257674783, 47.54909387899454 ], [ 33.968366762186996, 47.553021394484887 ], [ 33.964115403900436, 47.558536904214172 ], [ 33.965215152659219, 47.560992204220369 ], [ 33.97089876596398, 47.56584903374852 ], [ 33.971005950264576, 47.567512213460404 ], [ 33.972821791668778, 47.568833295838814 ], [ 33.986058553493308, 47.57251587443713 ], [ 33.986985158918877, 47.57102197785899 ], [ 33.987976339240404, 47.571359506241208 ], [ 33.987903889742498, 47.572830670106349 ], [ 33.99352312406721, 47.573015268573165 ], [ 33.998372636751967, 47.571491639224192 ], [ 34.002398436310102, 47.569137293646406 ], [ 34.003908619416265, 47.566970955703738 ], [ 34.00371274450702, 47.563343329230641 ], [ 34.00891628325752, 47.562643696939276 ], [ 34.011453753964894, 47.563662684950849 ], [ 34.014240446222665, 47.567600792104933 ], [ 34.012671364431277, 47.570780510118247 ], [ 34.014939203826295, 47.574046707900443 ], [ 34.02147171093862, 47.577578818731702 ], [ 34.031441529281707, 47.578955723691656 ], [ 34.034308740312625, 47.582272201781699 ], [ 34.042293664732199, 47.585717674346498 ], [ 34.058158960658879, 47.5803633803271 ], [ 34.077511033982169, 47.583450014204026 ], [ 34.088175634206465, 47.583585614934911 ], [ 34.088822046255167, 47.583024754210086 ], [ 34.089259152352454, 47.583600074210025 ], [ 34.089133123652246, 47.582467614495499 ], [ 34.0951318393885, 47.576224371407164 ], [ 34.098641540992077, 47.575659023148567 ], [ 34.100995134497481, 47.577028714256365 ], [ 34.104854929954733, 47.577916231064428 ], [ 34.112770052969239, 47.577215067599646 ], [ 34.121349256035721, 47.574562396803579 ], [ 34.124905858365736, 47.570890840570364 ], [ 34.130885725608316, 47.570433869306747 ], [ 34.133617611292401, 47.569410458011198 ], [ 34.135232326719709, 47.569808664998547 ], [ 34.137831241258588, 47.568225172446603 ], [ 34.138861318295127, 47.563427367464939 ], [ 34.143600774729187, 47.55738571239074 ], [ 34.145175255486883, 47.553913761914842 ], [ 34.148782856294027, 47.539176560356452 ], [ 34.158151737959422, 47.532850523800349 ], [ 34.164760682083454, 47.532288240899916 ], [ 34.167040580932529, 47.533095763942065 ], [ 34.166565799434558, 47.533997703896709 ], [ 34.16897043921265, 47.537513421645087 ], [ 34.171983849579, 47.539656419612115 ], [ 34.176719325429062, 47.541550429810243 ], [ 34.188664596144001, 47.542116216419288 ], [ 34.195032162862994, 47.54091213950867 ], [ 34.202206961779574, 47.538417920807746 ], [ 34.216811647523159, 47.528537473941853 ], [ 34.222446965146027, 47.526711927495391 ], [ 34.225424200740697, 47.528769330675857 ], [ 34.225263259174078, 47.532217504963135 ], [ 34.223428743609674, 47.536440464374536 ], [ 34.225003142479508, 47.542537230237663 ], [ 34.2351632626577, 47.549098436201433 ], [ 34.244052180850055, 47.55119122395584 ], [ 34.245900185081318, 47.552262898416089 ], [ 34.246125471148773, 47.554813475086306 ], [ 34.244848855375686, 47.556567477480407 ], [ 34.247270790326915, 47.561139715173447 ], [ 34.246699492323096, 47.561764094305424 ], [ 34.247681160001271, 47.562225636837489 ], [ 34.244406245297817, 47.562973056467335 ], [ 34.242686905254011, 47.564337810016156 ], [ 34.241241220103895, 47.573838583310028 ], [ 34.24265213874682, 47.579480373020864 ], [ 34.249888540146003, 47.586990409501581 ], [ 34.258911600597663, 47.589530303800608 ], [ 34.262111433751471, 47.58976552679264 ], [ 34.263052850897253, 47.589002118137962 ], [ 34.265269808338566, 47.590017764258022 ], [ 34.275873835092916, 47.589997019315916 ], [ 34.28205241389778, 47.589095171389658 ], [ 34.294065935536651, 47.583682358057864 ], [ 34.295609637851669, 47.581825278421327 ], [ 34.303004447943316, 47.577195233643032 ], [ 34.309554374885288, 47.574466470199646 ], [ 34.316773664213599, 47.573298460113456 ], [ 34.319217149443503, 47.572412682258992 ], [ 34.319443733936659, 47.57137583713083 ], [ 34.320900037287906, 47.571200256828298 ], [ 34.325969553875744, 47.574442967697912 ], [ 34.331720237711728, 47.574453897449452 ], [ 34.341220635095965, 47.570610420657779 ], [ 34.354317768319461, 47.559818412611108 ], [ 34.355647136492806, 47.559443860947766 ], [ 34.35433115838498, 47.55996141427508 ], [ 34.355071504748587, 47.560705269629381 ], [ 34.358740741844919, 47.559778600042236 ], [ 34.358670658464881, 47.55873906959792 ], [ 34.360293672417939, 47.5594401271794 ], [ 34.367106553151032, 47.558627384355184 ], [ 34.373103951362339, 47.556201013947863 ], [ 34.37189433290051, 47.556098695858445 ], [ 34.371976825896787, 47.555557012291509 ], [ 34.376526474530849, 47.554166269452182 ], [ 34.377591364084481, 47.554478583783194 ], [ 34.384823950075699, 47.551625177344768 ], [ 34.388281275425577, 47.552264711589117 ], [ 34.391797521159781, 47.55106052037911 ], [ 34.396567882642231, 47.550642597402963 ], [ 34.398748655705852, 47.549768213624546 ], [ 34.398660150541701, 47.548944524369404 ], [ 34.399295652589508, 47.54949672512064 ], [ 34.400840685861077, 47.548882994681925 ], [ 34.40146575273657, 47.547737003074005 ], [ 34.402211255259374, 47.548182385224585 ], [ 34.404083458477906, 47.546903336563901 ], [ 34.404345043763946, 47.547531532577793 ], [ 34.406879693366605, 47.547449983799353 ], [ 34.407668347486812, 47.546745828868353 ], [ 34.408541271878171, 47.547134087214616 ], [ 34.407925776437359, 47.547579495324229 ], [ 34.409740338179247, 47.548106628124501 ], [ 34.408200247676085, 47.553558174221436 ], [ 34.410781052995524, 47.560111640459652 ], [ 34.421399783703855, 47.566134866695087 ], [ 34.426782999211405, 47.568228823922098 ], [ 34.436602636506862, 47.56949832928877 ], [ 34.443959918431034, 47.568944592961245 ], [ 34.452996356957811, 47.56698098034714 ], [ 34.461622245360282, 47.571037404236691 ], [ 34.46558645651934, 47.573842273716643 ], [ 34.465173486507673, 47.575049159394339 ], [ 34.449443666869662, 47.58001417676369 ], [ 34.447136996427631, 47.581392032818137 ], [ 34.446934470168259, 47.582444486631339 ], [ 34.44626926106114, 47.582217937175102 ], [ 34.446605933098169, 47.58299769528967 ], [ 34.447370334743077, 47.582769666720381 ], [ 34.445885728722608, 47.583724915881895 ], [ 34.446459710626108, 47.588864587623441 ], [ 34.448718108253708, 47.59318971621699 ], [ 34.45547442151198, 47.597067557594485 ], [ 34.460210131233332, 47.602820118895039 ], [ 34.450411908354489, 47.600459901643674 ], [ 34.441736273027928, 47.593489962795864 ], [ 34.441409123817245, 47.592073727605964 ], [ 34.441072537571927, 47.591843917263432 ], [ 34.440454198908924, 47.596270102626974 ], [ 34.442594553310258, 47.598272356493268 ], [ 34.438641087138834, 47.598954221047933 ], [ 34.437097549728499, 47.600310685894904 ], [ 34.434242159837012, 47.601034241646822 ], [ 34.436377235304171, 47.608126879573085 ], [ 34.434318756786453, 47.609952432073534 ], [ 34.436484603018357, 47.611969504129306 ], [ 34.434223508996823, 47.611953170559936 ], [ 34.433185538383036, 47.612715413140712 ], [ 34.431935454265627, 47.617679502456546 ], [ 34.434116146283522, 47.619019239271957 ], [ 34.433467098698912, 47.620776481773831 ], [ 34.435581343427025, 47.622118460496374 ], [ 34.434027655337843, 47.620756697456912 ], [ 34.436689844495277, 47.61867929697587 ], [ 34.435773865923565, 47.617270875626154 ], [ 34.436288079505999, 47.615750066408289 ], [ 34.437654040431141, 47.615267573824383 ], [ 34.438220022805005, 47.612759739997337 ], [ 34.437275853568082, 47.61209249262204 ], [ 34.441026864281753, 47.610437023494519 ], [ 34.442495427578585, 47.60785213645098 ], [ 34.454364202359301, 47.610126865459193 ], [ 34.461446604471675, 47.613349204587486 ], [ 34.474097264726879, 47.612868238289337 ], [ 34.476339515298676, 47.61141437393276 ], [ 34.479094059156793, 47.6108239729801 ], [ 34.480518338919829, 47.612058127540301 ], [ 34.485011121040699, 47.613602330142143 ], [ 34.484207809111609, 47.614863459603555 ], [ 34.487484162058166, 47.616780883249028 ], [ 34.491609361678407, 47.617666886632357 ], [ 34.495825847140658, 47.617138854999745 ], [ 34.500798619971491, 47.615140117601662 ], [ 34.504537619259366, 47.615103907748903 ], [ 34.509534487301572, 47.616119188663049 ], [ 34.517393419077251, 47.616214971150946 ], [ 34.52452673123711, 47.617570055286805 ], [ 34.532920719962164, 47.61273435937018 ], [ 34.539207831083488, 47.612119628161487 ], [ 34.541256956370134, 47.610748964318482 ], [ 34.5441297040134, 47.610615213123005 ], [ 34.549111877958168, 47.613693580776278 ], [ 34.549381435127735, 47.615281971726951 ], [ 34.547870039944613, 47.616077564707489 ], [ 34.548053693104592, 47.616817068249865 ], [ 34.578534341252706, 47.620556024182022 ], [ 34.593106779478134, 47.618829356293467 ], [ 34.598189646274712, 47.619292227940718 ], [ 34.600123509530455, 47.618581677807718 ], [ 34.611549702473766, 47.609794211247994 ], [ 34.610916680968167, 47.609173056064684 ], [ 34.60853489437293, 47.609475890196542 ], [ 34.606879899548979, 47.611313111029787 ], [ 34.604519565438949, 47.611694744201692 ], [ 34.605050765695069, 47.612220899581132 ], [ 34.604479418039304, 47.613061669626006 ], [ 34.602529343938059, 47.609906300932877 ], [ 34.604656440421714, 47.605678395541929 ], [ 34.607073156005221, 47.604436017512512 ], [ 34.613156281029482, 47.603287574537177 ], [ 34.616490287599497, 47.603379830866501 ], [ 34.617396946957868, 47.601876866784444 ], [ 34.619175168725519, 47.603777735281255 ], [ 34.620280285894317, 47.603679974356247 ], [ 34.641453652584993, 47.59178601936798 ], [ 34.644397334311108, 47.583891417305715 ], [ 34.650559708755971, 47.584835786539173 ], [ 34.660416833780879, 47.583292560229985 ], [ 34.668842190946172, 47.58457037421725 ], [ 34.669849261993967, 47.58553246664686 ], [ 34.669327050093109, 47.588775904289193 ], [ 34.672261553973989, 47.592259984009196 ], [ 34.676016593509203, 47.59441250704316 ], [ 34.680892737926804, 47.594942486755166 ], [ 34.688121391042074, 47.59165580991818 ], [ 34.698458544492652, 47.588799489389586 ], [ 34.701288327783828, 47.588714441264543 ], [ 34.70792483573306, 47.585401997150157 ], [ 34.712212967070293, 47.586118374267635 ], [ 34.712703777903705, 47.582695508302578 ], [ 34.719484440536611, 47.578697000821499 ], [ 34.725827951714948, 47.576216277889046 ], [ 34.74629312641224, 47.573612522959479 ], [ 34.748079485358303, 47.572770964497273 ], [ 34.751011112652165, 47.572785533415072 ], [ 34.775159091581862, 47.577830281460322 ], [ 34.790458423115822, 47.577620398642317 ], [ 34.808608898552151, 47.579218077418204 ], [ 34.820204122854534, 47.579230675413903 ], [ 34.83530214088713, 47.575552231130622 ], [ 34.840655943701911, 47.575228320122505 ], [ 34.848804513447888, 47.576040784050868 ], [ 34.85191324724871, 47.575407529889581 ], [ 34.858573102956541, 47.572595522209383 ], [ 34.863489589582137, 47.567555600283669 ], [ 34.869971092207635, 47.563020217488628 ], [ 34.882026353857093, 47.560898956222665 ], [ 34.889059054915492, 47.556565703841819 ], [ 34.895260356193134, 47.555801807238225 ], [ 34.898221559865924, 47.556115002375719 ], [ 34.899801849719601, 47.555157141976593 ], [ 34.955073610026005, 47.558010242268701 ], [ 34.961248025519254, 47.560841039589135 ], [ 34.963804039301401, 47.563753244130282 ], [ 34.96588830120011, 47.563371269804506 ], [ 34.971799800655035, 47.565600958672285 ], [ 34.978703867084761, 47.566706781662894 ], [ 34.984913226376115, 47.568592586811107 ], [ 34.987815298661701, 47.570660969764504 ], [ 35.002916229505182, 47.572646224777046 ], [ 35.020986134829805, 47.579635980647069 ], [ 35.026221905749118, 47.585250055176679 ], [ 35.027874127128868, 47.586494741158774 ], [ 35.028719025304788, 47.586313775848041 ], [ 35.02861443450616, 47.587692282467138 ], [ 35.031929561628786, 47.591420623057537 ], [ 35.031076700594035, 47.597235968019781 ], [ 35.031961834833915, 47.599992400338714 ], [ 35.031124847234253, 47.601444711446831 ], [ 35.03220583703942, 47.604982144275148 ], [ 35.035279692839204, 47.607535608477825 ], [ 35.035593434528195, 47.609403578381375 ], [ 35.043007152264437, 47.61474495452952 ], [ 35.042140762082575, 47.616601890843633 ], [ 35.044093363084578, 47.616558462586177 ], [ 35.04456552065944, 47.618035665508778 ], [ 35.046660335469348, 47.617631615304319 ], [ 35.045225324904884, 47.619286811596979 ], [ 35.047132437756296, 47.618396412746648 ], [ 35.06546531605742, 47.628716173686314 ], [ 35.079123047010206, 47.633762886048224 ], [ 35.082258661618503, 47.638599358739825 ], [ 35.087322630606508, 47.642828279843023 ], [ 35.105631328357099, 47.65341336462884 ], [ 35.109359565953397, 47.654692615207281 ], [ 35.108780269195726, 47.662638045088812 ], [ 35.105464938609202, 47.664971921940648 ], [ 35.104156056123493, 47.667125024359741 ], [ 35.103920050523278, 47.676637998367354 ], [ 35.10451016714579, 47.677602312621993 ], [ 35.106800760911831, 47.678366232709372 ], [ 35.109645253930402, 47.676046474995502 ], [ 35.114386062914001, 47.685166819455276 ], [ 35.117620784499834, 47.686853342210824 ], [ 35.121402719258732, 47.690782185338989 ], [ 35.123304390176088, 47.694248573560706 ], [ 35.126726928454985, 47.696661389963694 ], [ 35.129324657988846, 47.699917077430094 ], [ 35.130288843239811, 47.703915356547107 ], [ 35.128847463660996, 47.705801242250288 ], [ 35.126075136397837, 47.707012714396015 ], [ 35.127636195984465, 47.707041627113732 ], [ 35.126392021227694, 47.71091134984637 ] ], [ [ 35.149610031330546, 47.789122687746044 ], [ 35.15123333122888, 47.789632150379887 ], [ 35.151552641863297, 47.797364549385108 ], [ 35.148698552106808, 47.799397619376961 ], [ 35.148238936060814, 47.801205848241395 ], [ 35.149365903729546, 47.802624440364532 ], [ 35.152042403521989, 47.802754233403967 ], [ 35.151538303519835, 47.803483536051516 ], [ 35.138294922953087, 47.812729201079705 ], [ 35.134319987569775, 47.813523053676363 ], [ 35.124069681747123, 47.817672412339967 ], [ 35.118514131682986, 47.819034846420045 ], [ 35.112380485141024, 47.819327885742005 ], [ 35.107632738194631, 47.820854878345969 ], [ 35.093626548948215, 47.831369053031153 ], [ 35.08989486520592, 47.831617035938727 ], [ 35.087000412934039, 47.83274947728215 ], [ 35.081275875692029, 47.836632616348268 ], [ 35.078856475685164, 47.84297508396925 ], [ 35.076011399628364, 47.845366070276008 ], [ 35.075432472030407, 47.85095530551127 ], [ 35.076334515695969, 47.853458429224837 ], [ 35.07542373090179, 47.857434022165222 ], [ 35.073834871013673, 47.857822663942784 ], [ 35.070208607933019, 47.860767490115215 ], [ 35.061290492660042, 47.858408576628285 ], [ 35.056591412911203, 47.854533766347913 ], [ 35.053959359886768, 47.848822189398739 ], [ 35.054533478885588, 47.843053194170906 ], [ 35.057286970814275, 47.838324902435197 ], [ 35.05687054085854, 47.834553202038101 ], [ 35.058156174170293, 47.83327042916882 ], [ 35.080902829740104, 47.820622877260831 ], [ 35.087772970317388, 47.818698475937431 ], [ 35.093747598244299, 47.814450508423818 ], [ 35.101099564579293, 47.811256779984276 ], [ 35.107843943127662, 47.806274122608414 ], [ 35.113621574188599, 47.803828338205882 ], [ 35.117241475175426, 47.80088221015756 ], [ 35.120275954952689, 47.79668705065292 ], [ 35.125726365205082, 47.79280699626834 ], [ 35.126208716516231, 47.791538323122083 ], [ 35.131983842902621, 47.789091646195146 ], [ 35.140256828587972, 47.782458967627079 ], [ 35.139900423052154, 47.786784717660836 ], [ 35.141434091669552, 47.791615089650811 ], [ 35.143872756680672, 47.792469360151294 ], [ 35.147853352461127, 47.791855024571994 ], [ 35.149676801125679, 47.790741099708519 ], [ 35.149610031330546, 47.789122687746044 ] ], [ [ 35.140523634200193, 47.782453990186589 ], [ 35.1407830533851, 47.78226918729397 ], [ 35.140790439740449, 47.782449012126328 ], [ 35.140523634200193, 47.782453990186589 ] ], [ [ 35.149610031330546, 47.789122687746044 ], [ 35.149335775591034, 47.788947863213487 ], [ 35.149602612825923, 47.788942864161967 ], [ 35.149610031330546, 47.789122687746044 ] ], [ [ 35.149061521689831, 47.788773037991895 ], [ 35.149320940636983, 47.788588215963152 ], [ 35.149328358077859, 47.788768039591595 ], [ 35.149061521689831, 47.788773037991895 ] ], [ [ 35.148787269626915, 47.788598212081233 ], [ 35.147675456700263, 47.787539253843761 ], [ 35.148172051688704, 47.786630143998082 ], [ 35.148705702767955, 47.786620151048275 ], [ 35.148787269626915, 47.788598212081233 ] ], [ [ 35.175034937318557, 47.732854789746106 ], [ 35.17270052121183, 47.728039989989703 ], [ 35.173714209217302, 47.726761033478375 ], [ 35.177400427443068, 47.725611332485606 ], [ 35.179190948927804, 47.723777683730667 ], [ 35.179123421344862, 47.722159284351825 ], [ 35.176680035695163, 47.721125888527339 ], [ 35.173512131959065, 47.721905818623291 ], [ 35.172296590086084, 47.71832955114926 ], [ 35.169587048645745, 47.717301044775553 ], [ 35.16721867865985, 47.718065676094646 ], [ 35.166560976484725, 47.721497428967581 ], [ 35.160482481241047, 47.716393105217357 ], [ 35.156492163710865, 47.710169429969767 ], [ 35.151859101903291, 47.70773693517841 ], [ 35.152569477966068, 47.7055640278152 ], [ 35.155181671340586, 47.704255220738439 ], [ 35.155077858694931, 47.701737661785941 ], [ 35.15308719009866, 47.698715642004053 ], [ 35.150926582371945, 47.69803632016616 ], [ 35.14829980319535, 47.698985375340548 ], [ 35.14731555164073, 47.700983420829573 ], [ 35.146102328965945, 47.697406828219457 ], [ 35.141027784330952, 47.690662993769983 ], [ 35.138107051921239, 47.684418696424949 ], [ 35.135917849915465, 47.683019764563632 ], [ 35.132932192845729, 47.675156851399187 ], [ 35.127898146127706, 47.669311499912325 ], [ 35.127846957510904, 47.668052690450644 ], [ 35.13166450666894, 47.66366262042871 ], [ 35.131598589971333, 47.662044153423565 ], [ 35.130216391389993, 47.660810074821882 ], [ 35.12833845629406, 47.660485009868061 ], [ 35.125217238929743, 47.662342549625876 ], [ 35.126179749900643, 47.659805188265061 ], [ 35.125537851363035, 47.657117599170292 ], [ 35.123794925974536, 47.653550571080089 ], [ 35.121319414262885, 47.651616762965133 ], [ 35.121556409759691, 47.650892514839086 ], [ 35.123663631276372, 47.65031361427144 ], [ 35.124144835071547, 47.649044939707721 ], [ 35.123021994261258, 47.64762600314836 ], [ 35.120878455617792, 47.647305733645986 ], [ 35.119927221596981, 47.643544032754299 ], [ 35.117732968947436, 47.641964878863433 ], [ 35.118509427834375, 47.641410638723407 ], [ 35.119617453512674, 47.642469961436682 ], [ 35.122292979929718, 47.642780410038782 ], [ 35.123933314561768, 47.643829838657396 ], [ 35.126200840955796, 47.647207177584413 ], [ 35.128876644217449, 47.647517467979021 ], [ 35.129977694922523, 47.648396853894269 ], [ 35.130065476394385, 47.650554817214434 ], [ 35.133456931420071, 47.655350858440606 ], [ 35.133107801117106, 47.659856501837986 ], [ 35.135095772192805, 47.662878928251033 ], [ 35.135477339729192, 47.672230040998258 ], [ 35.136845281730913, 47.673104389834656 ], [ 35.139248866856903, 47.67323954714449 ], [ 35.141867178496391, 47.672110884641832 ], [ 35.144529599146878, 47.672061131202433 ], [ 35.143648831521936, 47.676576737662003 ], [ 35.145068641404222, 47.678709777805203 ], [ 35.146695812491913, 47.679399195040247 ], [ 35.145201390719066, 47.681946673388488 ], [ 35.145822508737318, 47.684094639090901 ], [ 35.151222517854187, 47.685793134850513 ], [ 35.155742371592261, 47.685528303820384 ], [ 35.15701457569196, 47.684064660669236 ], [ 35.160750206558767, 47.684174308873949 ], [ 35.160528479570985, 47.68525827905772 ], [ 35.157110999599915, 47.68640239827775 ], [ 35.156571629317426, 47.692711328504764 ], [ 35.158813764549144, 47.695368627139743 ], [ 35.161248153531631, 47.696222607135411 ], [ 35.16360233134565, 47.701577177675425 ], [ 35.167931670147063, 47.703115115624904 ], [ 35.171638786786403, 47.702505091364841 ], [ 35.173461489527732, 47.707869519974167 ], [ 35.176954895729203, 47.70852313004535 ], [ 35.181454024773494, 47.707717789739824 ], [ 35.183472650425017, 47.704979902085917 ], [ 35.187134546414917, 47.703290445625171 ], [ 35.187843393970368, 47.701117342371909 ], [ 35.187114995028217, 47.696452132965945 ], [ 35.190044932442937, 47.696396224493498 ], [ 35.190150408959894, 47.698913727429847 ], [ 35.192349249162795, 47.700491407966112 ], [ 35.19660373049944, 47.700230041491785 ], [ 35.19753315199344, 47.69697285777815 ], [ 35.198925461112076, 47.698385897610137 ], [ 35.200538796633822, 47.698714886637561 ], [ 35.199981890762452, 47.704484466261199 ], [ 35.197157363595828, 47.707058123122735 ], [ 35.194704729015811, 47.712144105880277 ], [ 35.192573231077404, 47.71218487060618 ], [ 35.191721114455071, 47.710941400164693 ], [ 35.189308159698058, 47.710627551853335 ], [ 35.187724635946751, 47.711017696222193 ], [ 35.186711587517884, 47.712296769596279 ], [ 35.18218211138359, 47.712383032062085 ], [ 35.180080599949321, 47.713142853802758 ], [ 35.179941712509141, 47.716204897258535 ], [ 35.182666419083859, 47.717592800673053 ], [ 35.181660633890523, 47.719051653939772 ], [ 35.181994715394595, 47.720664982543916 ], [ 35.183364712670418, 47.721538737209947 ], [ 35.186029577661365, 47.721487981463767 ], [ 35.186326173309276, 47.722202187814723 ], [ 35.182655430069616, 47.723711812880559 ], [ 35.183612819087514, 47.727472849557586 ], [ 35.181867417791345, 47.73038549548798 ], [ 35.182194074426015, 47.731818997768869 ], [ 35.175034937318557, 47.732854789746106 ] ], [ [ 35.148455022965813, 47.702761731917306 ], [ 35.14818123440525, 47.702586895084629 ], [ 35.148447630828706, 47.702581905478972 ], [ 35.148455022965813, 47.702761731917306 ] ], [ [ 35.148173843254952, 47.702407068608522 ], [ 35.14790005751091, 47.702232231050978 ], [ 35.148166452176589, 47.702227242125865 ], [ 35.148173843254952, 47.702407068608522 ] ], [ [ 35.14787788745199, 47.701692751470098 ], [ 35.147604106497916, 47.70151791311217 ], [ 35.147870497576214, 47.701512924930064 ], [ 35.14787788745199, 47.701692751470098 ] ], [ [ 35.217372588262982, 47.693351632494895 ], [ 35.214823196977058, 47.689801573406868 ], [ 35.206757686135226, 47.688157385555741 ], [ 35.205091562332157, 47.686569737793889 ], [ 35.205563498385231, 47.685120935185438 ], [ 35.20913930271815, 47.687751604200365 ], [ 35.211810006222912, 47.687880096530506 ], [ 35.214435030197912, 47.686929612356927 ], [ 35.216200524198328, 47.69085476313991 ], [ 35.217570280130651, 47.69172811676038 ], [ 35.217372588262982, 47.693351632494895 ] ], [ [ 35.174956721356622, 47.692544129568063 ], [ 35.17501360699935, 47.687504015761981 ], [ 35.181375139228592, 47.686663336432929 ], [ 35.181952777376814, 47.687732142706885 ], [ 35.179548445452888, 47.68759789309518 ], [ 35.177447878075036, 47.688357654550195 ], [ 35.174956721356622, 47.692544129568063 ] ], [ [ 35.109646848854027, 47.632935640234756 ], [ 35.105583837183751, 47.631210651399961 ], [ 35.106575701071435, 47.629392770763921 ], [ 35.105388744239868, 47.626355139345037 ], [ 35.106452808779011, 47.626335598035155 ], [ 35.10705714597529, 47.628124160196137 ], [ 35.110307377330116, 47.629504124419775 ], [ 35.109646848854027, 47.632935640234756 ] ], [ [ 35.208320326545014, 47.548292296764217 ], [ 35.208047167319741, 47.54811758873889 ], [ 35.2083127694927, 47.548112472619366 ], [ 35.208320326545014, 47.548292296764217 ] ], [ [ 35.208032055249483, 47.5477579403654 ], [ 35.207751344854792, 47.547403407342379 ], [ 35.208016943472749, 47.547398291965621 ], [ 35.208032055249483, 47.5477579403654 ] ], [ [ 33.392289956738942, 46.764998818914563 ], [ 33.391780271701521, 46.765362600549089 ], [ 33.391699847143926, 46.765143926582184 ], [ 33.392289956738942, 46.764998818914563 ] ], [ [ 33.700070716554642, 46.976552122043387 ], [ 33.700534688865304, 46.976742399541642 ], [ 33.700446166931236, 46.976950994420804 ], [ 33.700070716554642, 46.976552122043387 ] ], [ [ 33.704372956276465, 46.985824237670272 ], [ 33.703965253783657, 46.985780310989689 ], [ 33.70444002535465, 46.9857044105607 ], [ 33.704372956276465, 46.985824237670272 ] ], [ [ 33.703364374785423, 46.985906567733792 ], [ 33.703652787065266, 46.985908935178827 ], [ 33.703397953443087, 46.985980241874358 ], [ 33.703364374785423, 46.985906567733792 ] ], [ [ 34.029940514974811, 47.335314915109443 ], [ 34.030293536606877, 47.3357775866642 ], [ 34.030119247054643, 47.335629870731573 ], [ 34.029883147595925, 47.335530041314513 ], [ 34.028819627761322, 47.335491812217704 ], [ 34.029940514974811, 47.335314915109443 ] ], [ [ 33.931221378046942, 47.551922455641218 ], [ 33.931113067776415, 47.551983171727855 ], [ 33.931098717171345, 47.55192336157571 ], [ 33.931221378046942, 47.551922455641218 ] ], [ [ 33.819529638978025, 47.058667962604453 ], [ 33.818246058847109, 47.058825170027561 ], [ 33.818005360986795, 47.058714135372391 ], [ 33.819529638978025, 47.058667962604453 ] ], [ [ 33.692582640450759, 46.910205868582011 ], [ 33.693239035957212, 46.91058894043752 ], [ 33.692855464966925, 46.910640216780237 ], [ 33.692582640450759, 46.910205868582011 ] ] ], [ [ [ 35.168473911299152, 47.760333525060084 ], [ 35.168707262882933, 47.760329113973995 ], [ 35.168705105807604, 47.760277235262087 ], [ 35.168473911299152, 47.760333525060084 ] ] ] ] } },
{ "type": "Feature", "properties": { "domain": "F_LOWER_DNIPRO_FLOODWAY", "letter": "F", "label": "Floodway", "area_km2": 2900.2 }, "geometry": { "type": "Polygon", "coordinates": [ [ [ 32.619444372506138, 46.791564353639636 ], [ 32.629109431012147, 46.803248650579548 ], [ 32.641491671881283, 46.814066659451832 ], [ 32.639411401315101, 46.821560213554129 ], [ 32.637798353944831, 46.837409907042939 ], [ 32.638645551256708, 46.857586848833684 ], [ 32.641507392748821, 46.868426403356835 ], [ 32.646782191949541, 46.880361310806272 ], [ 32.654435977146775, 46.892644395193358 ], [ 32.664279054249754, 46.903997852949622 ], [ 32.656669389199514, 46.918770490051287 ], [ 32.653125267733856, 46.931390023348051 ], [ 32.652069876822644, 46.942381915880397 ], [ 32.653484483968263, 46.957160794706013 ], [ 32.656612813561608, 46.968720491945639 ], [ 32.661361178661856, 46.979035218121375 ], [ 32.658269194944836, 46.990077907307125 ], [ 32.656941349422773, 47.002508722138892 ], [ 32.657840542353625, 47.016026020657613 ], [ 32.6607145401777, 47.026864826477691 ], [ 32.664015517706837, 47.034765721528075 ], [ 32.671084147401203, 47.046573291776618 ], [ 32.689813602831208, 47.068488479921875 ], [ 32.689117945705881, 47.079269594092196 ], [ 32.690070419018959, 47.090433637764342 ], [ 32.693433024970929, 47.104525616444661 ], [ 32.697890658207733, 47.114652786505872 ], [ 32.703568973550816, 47.123690322781229 ], [ 32.710653614581638, 47.132323668551081 ], [ 32.719768072384653, 47.140961635800387 ], [ 32.729458216368407, 47.148400809942224 ], [ 32.740472285861742, 47.155231790815591 ], [ 32.751917975998332, 47.160897421448844 ], [ 32.766824228682019, 47.166598783001426 ], [ 32.790355503664721, 47.172871943049309 ], [ 32.798194552504562, 47.178957481150157 ], [ 32.808697085423695, 47.185421020925169 ], [ 32.82015653025578, 47.19107982345664 ], [ 32.833496005778777, 47.196230098754548 ], [ 32.85655611719082, 47.202359811046939 ], [ 32.858945311847137, 47.211211482895806 ], [ 32.863443306863481, 47.221332061013442 ], [ 32.869424395977077, 47.230721494189389 ], [ 32.876407875497961, 47.239113403830601 ], [ 32.884672490382727, 47.246947372638289 ], [ 32.896235356964709, 47.255574814383316 ], [ 32.906764946628677, 47.262029298002943 ], [ 32.918251353135012, 47.267678231466697 ], [ 32.930562368727678, 47.272456461484865 ], [ 32.943341528443554, 47.276382085443046 ], [ 32.962905170931506, 47.280544434445865 ], [ 32.978818451931112, 47.282560954729881 ], [ 32.997619767877573, 47.283237041435108 ], [ 33.013776476075265, 47.282562084157661 ], [ 33.040490429972515, 47.278432278446957 ], [ 33.058597553231067, 47.273362350436912 ], [ 33.074345153059618, 47.267323340015686 ], [ 33.085832271434846, 47.261675147832271 ], [ 33.096362691590215, 47.255221343433014 ], [ 33.106343121689001, 47.247675932705555 ], [ 33.114609175265777, 47.239842611663761 ], [ 33.121857556386679, 47.231091033370895 ], [ 33.127576927258019, 47.222062284450431 ], [ 33.131814361685386, 47.212662234943686 ], [ 33.135002677117534, 47.201108755880334 ], [ 33.135963763826219, 47.190113034595875 ], [ 33.134946017929117, 47.178759692573109 ], [ 33.130233469456876, 47.162471299199289 ], [ 33.13652134634691, 47.140622124945303 ], [ 33.137132749422165, 47.131441342814597 ], [ 33.134527704169727, 47.113796791965136 ], [ 33.128335976637885, 47.098611563588832 ], [ 33.121795513124376, 47.088516136883477 ], [ 33.11038848212489, 47.075615916384528 ], [ 33.095917651839095, 47.063429202561423 ], [ 33.085499836881276, 47.049569144821369 ], [ 33.077236319473379, 47.041749392928828 ], [ 33.06779819003485, 47.034578452696806 ], [ 33.054660062554277, 47.026340043350004 ], [ 33.043211107059257, 47.020704533531344 ], [ 33.029895211995004, 47.015578514803835 ], [ 33.006772596931334, 47.009428245482525 ], [ 32.990688698835228, 47.002803814200242 ], [ 32.982627451783571, 47.000323896166371 ], [ 32.978679239434058, 46.992496909168175 ], [ 32.96959338795611, 46.979365987826249 ], [ 32.96639583847724, 46.964445339710394 ], [ 32.974332311949432, 46.951387121262215 ], [ 32.980330801870515, 46.933373231134027 ], [ 32.981612307903291, 46.920771863725996 ], [ 32.980633302784923, 46.906896928257538 ], [ 32.97663323977504, 46.893447653295041 ], [ 32.975573246377586, 46.881496567497017 ], [ 32.972463446166095, 46.869607874885233 ], [ 32.966151868095587, 46.855568942109954 ], [ 32.954376219721958, 46.839149499169721 ], [ 32.955755210837395, 46.836228868471146 ], [ 32.973551138008098, 46.83611899632389 ], [ 32.991971579582795, 46.843960453810119 ], [ 33.00564710449369, 46.848051364721769 ], [ 33.020392336607294, 46.851132565540901 ], [ 33.039638775276522, 46.853285568469417 ], [ 33.081717817222717, 46.868588803347748 ], [ 33.095931611017591, 46.872848505094872 ], [ 33.110688779483858, 46.875918052218999 ], [ 33.126487538465362, 46.877914303428732 ], [ 33.148541085298916, 46.880047561627933 ], [ 33.164578532954707, 46.880699830585804 ], [ 33.216027567549219, 46.881154241432604 ], [ 33.239498485725477, 46.879656012275966 ], [ 33.263961975234416, 46.875806725571003 ], [ 33.283462525117024, 46.876507643988539 ], [ 33.299492954963277, 46.8757926249314 ], [ 33.308863888986394, 46.874647533376738 ], [ 33.325960705536431, 46.87917880293098 ], [ 33.338467293587129, 46.881288311314776 ], [ 33.364158401756562, 46.882938619778223 ], [ 33.362691861456916, 46.664938676081015 ], [ 33.34096299409768, 46.66107855242965 ], [ 33.313689572147929, 46.658003036753769 ], [ 33.288586565643428, 46.656915843073193 ], [ 33.274570661689225, 46.657179007828091 ], [ 33.248679894585187, 46.659533931781532 ], [ 33.22319199891966, 46.663168750573774 ], [ 33.205057161803758, 46.667312306076234 ], [ 33.188041572148251, 46.673165063632133 ], [ 33.174624682353453, 46.670242929947221 ], [ 33.1622704456978, 46.662725829357591 ], [ 33.150879872090705, 46.657232853096275 ], [ 33.120116326428715, 46.64547919024993 ], [ 33.0883497146, 46.636305772634643 ], [ 33.061951087682949, 46.630023571266804 ], [ 33.050231999556857, 46.627738081975785 ], [ 33.033250194190643, 46.62558029280823 ], [ 33.012347700005883, 46.620908931021376 ], [ 32.996628070129219, 46.618896839798929 ], [ 32.972572473841474, 46.618219369373158 ], [ 32.936962847260901, 46.619748772383019 ], [ 32.933442033010252, 46.618736329560832 ], [ 32.914483874364372, 46.609655240916972 ], [ 32.898911518780835, 46.596961859010769 ], [ 32.88862243741557, 46.586548897256456 ], [ 32.879288570835079, 46.57936193900823 ], [ 32.855346166860983, 46.564248496151414 ], [ 32.844015512996485, 46.55859274701416 ], [ 32.831353182603259, 46.553624083681107 ], [ 32.803170451955332, 46.545348320796101 ], [ 32.788520615199793, 46.542239131095258 ], [ 32.76342437184568, 46.539685693372604 ], [ 32.757637055990251, 46.532616349500636 ], [ 32.749499522474451, 46.524772482280667 ], [ 32.73668719696478, 46.51510242331539 ], [ 32.726136051679504, 46.495752823441393 ], [ 32.718753759548122, 46.486629681537153 ], [ 32.710628659046215, 46.478783013453722 ], [ 32.701336710923066, 46.471581497411265 ], [ 32.689687495582888, 46.464204192696336 ], [ 32.678394829261173, 46.458532033730087 ], [ 32.666290596826897, 46.453726563158085 ], [ 32.652220084542847, 46.449413594883445 ], [ 32.637604675941027, 46.446285119986293 ], [ 32.618340310562019, 46.444056690291546 ], [ 32.61593227898333, 46.785734877359808 ], [ 32.619444372506138, 46.791564353639636 ] ] ] } },
{ "type": "Feature", "properties": { "domain": "D_KHERSON_DELTA", "letter": "D", "label": "Delta", "area_km2": 976.2 }, "geometry": { "type": "Polygon", "coordinates": [ [ [ 32.26485874313569, 46.683941646198605 ], [ 32.280622231853748, 46.682029144524314 ], [ 32.297623276539468, 46.678763628900505 ], [ 32.330346341392598, 46.669057067742628 ], [ 32.339739058469988, 46.681507665644553 ], [ 32.347840368283642, 46.68938027315933 ], [ 32.362307066915818, 46.700598868263342 ], [ 32.373183275149557, 46.707465016293973 ], [ 32.384495330017302, 46.71316715343162 ], [ 32.396632005166182, 46.718002379854873 ], [ 32.410229942286428, 46.722164142265108 ], [ 32.424906167394745, 46.725321795577898 ], [ 32.440634660551616, 46.72741243516203 ], [ 32.459496384568915, 46.728177299921775 ], [ 32.479846278747225, 46.72718711261853 ], [ 32.49414394223875, 46.72528883908403 ], [ 32.512709463221739, 46.721016928901676 ], [ 32.541129080014876, 46.716997655112777 ], [ 32.561056784403796, 46.718831578023881 ], [ 32.570089613072781, 46.725686106523625 ], [ 32.580476605338355, 46.732170698416596 ], [ 32.591815784139023, 46.737852401800346 ], [ 32.603874053141872, 46.742625109054337 ], [ 32.604685858967592, 46.756263822210457 ], [ 32.607852028527148, 46.769146381276251 ], [ 32.61593227898333, 46.785734877359808 ], [ 32.618340310562019, 46.444056690291546 ], [ 32.600840167827343, 46.443475692189338 ], [ 32.584503090773346, 46.444146389360228 ], [ 32.564925437409684, 46.430678937096673 ], [ 32.553652711206404, 46.424994497412044 ], [ 32.541047941083924, 46.419993788798585 ], [ 32.52156623342686, 46.414618254221992 ], [ 32.506183807788517, 46.406799976397593 ], [ 32.48818452268614, 46.399976084878922 ], [ 32.477936085284135, 46.39479487047133 ], [ 32.465863705662208, 46.389968267125511 ], [ 32.434962399851237, 46.381408766872035 ], [ 32.405329838527685, 46.374935451728433 ], [ 32.383475605946849, 46.371726940471731 ], [ 32.350443588356605, 46.370329826927367 ], [ 32.300461389804049, 46.372869197915229 ], [ 32.284787882967869, 46.374785043320365 ], [ 32.258790658247619, 46.379343113315883 ], [ 32.254630025905264, 46.684306897161463 ], [ 32.26485874313569, 46.683941646198605 ] ] ] } },
{ "type": "Feature", "properties": { "domain": "E_DNIPRO_BUG_ESTUARY", "letter": "E", "label": "Estuary", "area_km2": 7460.2 }, "geometry": { "type": "Polygon", "coordinates": [ [ [ 32.159222606838973, 46.910111042604534 ], [ 32.153875437548116, 46.890241481932669 ], [ 32.148587556624463, 46.878855152518433 ], [ 32.148244128775701, 46.872741450592557 ], [ 32.143685516459506, 46.854169589495129 ], [ 32.140469119792996, 46.846434003715061 ], [ 32.133543258112468, 46.834594249466839 ], [ 32.126472153969296, 46.825795718797622 ], [ 32.118383133751109, 46.817907709432951 ], [ 32.094400015526148, 46.800285082263336 ], [ 32.082858041002858, 46.788973379203092 ], [ 32.078292194876852, 46.777531320835649 ], [ 32.087209173886976, 46.767498947831633 ], [ 32.094129077256817, 46.756730767088236 ], [ 32.105798110846109, 46.734107584549278 ], [ 32.109176954562201, 46.722583121895113 ], [ 32.110286493669427, 46.707690301123122 ], [ 32.131418795152193, 46.70426060007145 ], [ 32.154144134855109, 46.698108307072914 ], [ 32.17820348370104, 46.688165988941222 ], [ 32.196397671628468, 46.677934306338138 ], [ 32.211710673878038, 46.681395146827299 ], [ 32.22846128612855, 46.683702006205863 ], [ 32.254630025905264, 46.684306897161463 ], [ 32.258790658247619, 46.379343113315883 ], [ 32.24777718488216, 46.380847416475461 ], [ 32.227017148788811, 46.385745873843454 ], [ 32.209553517449692, 46.385102344756952 ], [ 32.197045360787577, 46.385545735749581 ], [ 32.19624647260715, 46.374733361868429 ], [ 32.193498169326666, 46.363882479772826 ], [ 32.189194727443777, 46.353735350172258 ], [ 32.183681156292067, 46.344672167669913 ], [ 32.17666425256737, 46.335876344353835 ], [ 32.162139272630981, 46.322870062335504 ], [ 32.173285343150788, 46.316006798326839 ], [ 32.182694877487059, 46.30889658384018 ], [ 32.198320369348174, 46.294340604521288 ], [ 32.207763410604407, 46.282260037069278 ], [ 32.224797925592142, 46.270310132038517 ], [ 32.233040864048625, 46.262539002575252 ], [ 32.24056367811064, 46.253483591695975 ], [ 32.247763333009139, 46.241742469278115 ], [ 32.25090369767436, 46.234590809389736 ], [ 32.254219889917117, 46.223060702385816 ], [ 32.255339930213118, 46.212071495017504 ], [ 32.254539412769844, 46.199449737666271 ], [ 32.251787905411881, 46.188599909501995 ], [ 32.247486972679141, 46.178454682370578 ], [ 32.241726828607192, 46.169032393405516 ], [ 32.232180984719982, 46.157236479089754 ], [ 32.216269523336635, 46.143489952001204 ], [ 32.196813144709942, 46.13216202512919 ], [ 32.185984630511392, 46.127544744896809 ], [ 32.16264575777695, 46.120624303615962 ], [ 32.137817635565057, 46.116997594453494 ], [ 32.125140790567791, 46.116467908274146 ], [ 31.502298095494339, 46.11000309236168 ], [ 31.489607086908389, 46.110269430321658 ], [ 31.464640466748431, 46.113378890741011 ], [ 31.45260436109287, 46.116192045962485 ], [ 31.430002155724882, 46.124200929012787 ], [ 31.410073512010911, 46.135118417543758 ], [ 31.393583161345983, 46.148526527344615 ], [ 31.381165430494313, 46.163911544911038 ], [ 31.376640371777324, 46.172163383270778 ], [ 31.371176995561516, 46.189390161256512 ], [ 31.357505863487045, 46.625690069165998 ], [ 31.357867848273916, 46.634516359176089 ], [ 31.362340416806024, 46.651883704755257 ], [ 31.36640886333425, 46.660257250045305 ], [ 31.378017504371947, 46.675981396487053 ], [ 31.393867047310469, 46.68984255007819 ], [ 31.413349656347908, 46.701306401708187 ], [ 31.424223850085703, 46.705997002213394 ], [ 31.435715898760023, 46.709930781419501 ], [ 31.46010380200201, 46.71538275502639 ], [ 31.472763887104186, 46.71684836990093 ], [ 31.486095502841547, 46.717458877932138 ], [ 31.498996551890606, 46.717190862225678 ], [ 31.514652758893071, 46.715682250557691 ], [ 31.539874600678647, 46.726115737770577 ], [ 31.564878471194739, 46.733190349286545 ], [ 31.599758616252416, 46.738955633935667 ], [ 31.612428339092396, 46.740405887484293 ], [ 31.636485114827501, 46.741668374345267 ], [ 31.665768111165143, 46.740667016819458 ], [ 31.687166886402959, 46.738314279389634 ], [ 31.733417247429635, 46.729164931042199 ], [ 31.753635732202465, 46.723841663708072 ], [ 31.744057099560383, 46.74231150534645 ], [ 31.739636856313322, 46.757608399399508 ], [ 31.738762908684773, 46.768039452595715 ], [ 31.739446243110834, 46.789060581275749 ], [ 31.742220737039528, 46.807504584876916 ], [ 31.747180092018024, 46.822175467988856 ], [ 31.75237296894008, 46.833828075320632 ], [ 31.762471072857739, 46.85120014137901 ], [ 31.769485526961539, 46.860020579029438 ], [ 31.777529167586454, 46.867932759226797 ], [ 31.788204317793092, 46.876705386296166 ], [ 31.796144051893716, 46.887364255542096 ], [ 31.785259890599427, 46.89928092261831 ], [ 31.779548897271926, 46.907663351853401 ], [ 31.773268850462625, 46.920091832291632 ], [ 31.769707638144343, 46.932472346780223 ], [ 31.754865658208988, 46.944238701705657 ], [ 31.746075481918453, 46.952566890464276 ], [ 31.73891359366969, 46.960872928796391 ], [ 31.729062831096154, 46.975791001850176 ], [ 31.722190588748383, 46.988313027111715 ], [ 31.713318209647102, 47.011323514943655 ], [ 31.710529364678525, 47.028517905956605 ], [ 31.712199707333014, 47.046454971094228 ], [ 31.717374464373403, 47.065015285841163 ], [ 31.717683637152685, 47.069723060005963 ], [ 31.709502290039943, 47.07969047148611 ], [ 31.698505542171119, 47.097112401815707 ], [ 31.693443220606927, 47.109575466363388 ], [ 31.689895539904157, 47.127058289652979 ], [ 31.672319937473517, 47.135327122815411 ], [ 31.65666302503087, 47.144783448656959 ], [ 31.644616875292616, 47.15361819766273 ], [ 31.636150689896976, 47.161343332760289 ], [ 31.627313788011616, 47.171421949860658 ], [ 31.618602325554463, 47.18397755092272 ], [ 31.61244144925756, 47.196680016546289 ], [ 31.606623221144474, 47.215358328543736 ], [ 31.602637767499942, 47.238902608394035 ], [ 31.602426242849578, 47.253710343455786 ], [ 31.582063849875848, 47.262631933190079 ], [ 31.562112700631058, 47.269768759935118 ], [ 31.548321319693766, 47.276314970641231 ], [ 31.522323320841682, 47.293069695062414 ], [ 31.502021514099308, 47.296331519813094 ], [ 31.471917761094826, 47.303784683639869 ], [ 31.455178811280653, 47.309950176950238 ], [ 31.443511986751492, 47.315432569193149 ], [ 31.432772555954234, 47.321731739091007 ], [ 31.41656359681425, 47.333783958906174 ], [ 31.406127119836757, 47.343555534842601 ], [ 31.398592775280221, 47.352204409958375 ], [ 31.392566939293197, 47.361142646704941 ], [ 31.388330108787915, 47.369819759966596 ], [ 31.377144274538704, 47.379664238670486 ], [ 31.368483712675307, 47.389346529586 ], [ 31.355933533198819, 47.399620134570718 ], [ 31.343204229468338, 47.414993945701589 ], [ 31.338561993450416, 47.423241103603111 ], [ 31.332947247377142, 47.440460622440973 ], [ 31.33187086872401, 47.454303995912355 ], [ 31.333864433958979, 47.471887881657196 ], [ 31.340881731659337, 47.488869891753808 ], [ 31.352657685240931, 47.504596602470905 ], [ 31.368742707787707, 47.518462308201478 ], [ 31.378214344644981, 47.524526797136232 ], [ 31.388519973739026, 47.529932478189806 ], [ 31.411228699253648, 47.538564651305656 ], [ 31.423412318678135, 47.541707630641369 ], [ 31.448850661768265, 47.545495938359082 ], [ 31.462390460324286, 47.546111562878984 ], [ 31.478641695427342, 47.545654187706383 ], [ 31.505600156544389, 47.541885281160972 ], [ 31.522985911816015, 47.537533084349555 ], [ 31.550911533081521, 47.528315699687013 ], [ 31.562615101785326, 47.522822950906445 ], [ 31.573921713359699, 47.516158894950721 ], [ 31.586353195308622, 47.507097609121949 ], [ 31.599720299889864, 47.494116071686797 ], [ 31.612688588138433, 47.486580519731731 ], [ 31.621332032088468, 47.480500124959804 ], [ 31.636271571758709, 47.467125575459661 ], [ 31.654212392487501, 47.462179163636115 ], [ 31.672445912635002, 47.455416139134407 ], [ 31.681126149470487, 47.451295700517335 ], [ 31.699033887258182, 47.441161958381507 ], [ 31.718422233729925, 47.426923195235766 ], [ 31.722172361384686, 47.425350589334855 ], [ 31.734357224295699, 47.424396529005271 ], [ 31.754444120444443, 47.42132606013768 ], [ 31.777100281523495, 47.415505252605314 ], [ 31.793880423736731, 47.409170356486619 ], [ 31.814329874127974, 47.398140975153396 ], [ 31.8259416271292, 47.389881464479231 ], [ 31.833876264317993, 47.382827796284843 ], [ 31.846046156938101, 47.368452332648893 ], [ 31.875224940280138, 47.351423566048851 ], [ 31.885395375062519, 47.343986357337094 ], [ 31.893855264410586, 47.336242985951117 ], [ 31.901044823136203, 47.327928009524094 ], [ 31.907253416203382, 47.318604942373348 ], [ 31.911714018717401, 47.309252162583434 ], [ 31.915173215123829, 47.297735229236103 ], [ 31.916410650790954, 47.285672573869 ], [ 31.915644723498694, 47.274670755024339 ], [ 31.913567055167249, 47.266423419905159 ], [ 31.924287940645119, 47.260172819849217 ], [ 31.937855157364286, 47.253905071419972 ], [ 31.948521526415409, 47.247557927728273 ], [ 31.958929386447075, 47.239936310886598 ], [ 31.967361804259024, 47.232187162783433 ], [ 31.974796639949371, 47.223509715650714 ], [ 31.980708863282825, 47.214539825151597 ], [ 31.985147542886185, 47.205183854743673 ], [ 31.988583718436278, 47.193664327330829 ], [ 31.989740807244953, 47.181881368111128 ], [ 31.991417195567099, 47.17605290827381 ], [ 32.007647547721625, 47.164060950462343 ], [ 32.017753182640327, 47.154910796542616 ], [ 32.029667800513309, 47.140840769107932 ], [ 32.037201608933216, 47.128896911732483 ], [ 32.050766324499762, 47.142707049462572 ], [ 32.059384575304009, 47.149357757252957 ], [ 32.073182514299027, 47.158075507826062 ], [ 32.084556828740162, 47.163807290790821 ], [ 32.102014709964109, 47.170515429102061 ], [ 32.115179044792491, 47.174528465616916 ], [ 32.12890843965171, 47.17753644355016 ], [ 32.152157039078283, 47.180504196623573 ], [ 32.165085128323106, 47.181032426913831 ], [ 32.177558276789085, 47.180816072048593 ], [ 32.200302394007714, 47.178417011108472 ], [ 32.212966621700275, 47.176033714234549 ], [ 32.230852021839965, 47.171092968284277 ], [ 32.241268032670121, 47.16722322085274 ], [ 32.257844984688944, 47.158918158060295 ], [ 32.268971741719284, 47.154694236170272 ], [ 32.280518886467981, 47.149127035300225 ], [ 32.291922046332708, 47.142212578085619 ], [ 32.301462129114924, 47.135094323300578 ], [ 32.309828216356735, 47.127319489796854 ], [ 32.316924447397149, 47.118977656585336 ], [ 32.3230356400096, 47.109631247238077 ], [ 32.327678050909014, 47.099543216072561 ], [ 32.330760790013592, 47.088731113586306 ], [ 32.331894282976315, 47.077022983908833 ], [ 32.331045058878317, 47.066023151989867 ], [ 32.327981620720564, 47.05445509998161 ], [ 32.323853296779447, 47.045035227423746 ], [ 32.318247598694107, 47.03597913219739 ], [ 32.311119927264748, 47.027192023189095 ], [ 32.298614065518436, 47.015937109400419 ], [ 32.289770141902537, 46.999810923494714 ], [ 32.28148012093336, 46.989343969107317 ], [ 32.272462376712326, 46.980671450294722 ], [ 32.262866329339104, 46.97319394193525 ], [ 32.251611034738531, 46.966081746619871 ], [ 32.239436135801718, 46.953221129055429 ], [ 32.226743952023263, 46.943619325402075 ], [ 32.216359447731186, 46.937102885705542 ], [ 32.205018633052099, 46.931384172175946 ], [ 32.167311304662633, 46.917313629807872 ], [ 32.159222606838973, 46.910111042604534 ] ] ] } }
]
}
