ovp,swot_pass,icesat_time,swot_time,dt_days,n_nodes,d_m,x,y,period,zone,window,universe
1173_20230606,534_001_20230527,2023-06-06 04:16:19.606756096+00:00,2023-05-27 13:18:59+00:00,-9.623155170788149,48,-0.599589904366864,485571.82765103097,5177695.744088161,pre_drawdown,F,3-10d,paper_RFDE
1173_20230606,535_001_20230528,2023-06-06 04:16:19.606756096+00:00,2023-05-28 13:09:36+00:00,-8.629671374491853,55,-0.14320304060782085,485592.18465178274,5177947.32288094,pre_drawdown,F,3-10d,paper_RFDE
1173_20230606,536_001_20230529,2023-06-06 04:16:19.606756096+00:00,2023-05-29 13:00:14+00:00,-7.636176004121482,58,-0.10011331779014121,485569.9184863996,5180381.045163341,pre_drawdown,F,3-10d,paper_RFDE
1173_20230606,537_001_20230530,2023-06-06 04:16:19.606756096+00:00,2023-05-30 12:50:52+00:00,-6.6426806337511115,59,-0.027973517735986775,485561.7162249111,5180403.368382461,pre_drawdown,F,3-10d,paper_RFDE
1173_20230606,538_001_20230531,2023-06-06 04:16:19.606756096+00:00,2023-05-31 12:41:30+00:00,-5.6491852633807405,59,-0.09942319128907684,485562.9503277705,5180403.742318743,pre_drawdown,F,3-10d,paper_RFDE
1173_20230606,539_001_20230601,2023-06-06 04:16:19.606756096+00:00,2023-06-01 12:32:08+00:00,-4.65568989301037,51,0.030916275648198877,485442.9224788916,5184139.776365574,pre_drawdown,F,3-10d,paper_RFDE
1173_20230606,540_001_20230602,2023-06-06 04:16:19.606756096+00:00,2023-06-02 12:22:45+00:00,-3.6622060967140744,54,0.048308472469478225,485597.7437755645,5182217.64485692,pre_drawdown,F,3-10d,paper_RFDE
1173_20230606,541_001_20230603,2023-06-06 04:16:19.606756096+00:00,2023-06-03 12:13:23+00:00,-2.6687107263437038,58,-0.08419986149140435,485567.8613951097,5180376.737636788,pre_drawdown,F,1-3d,paper_RFDE
1173_20230606,542_001_20230604,2023-06-06 04:16:19.606756096+00:00,2023-06-04 12:04:01+00:00,-1.6752153559733334,60,-0.22952257277534294,485536.5176279994,5180383.70832286,pre_drawdown,F,1-3d,paper_RFDE
1173_20230606,543_001_20230605,2023-06-06 04:16:19.606756096+00:00,2023-06-05 11:54:39+00:00,-0.681719985602963,55,-0.1700907316339162,485582.54786454065,5180479.504130627,pre_drawdown,F,<=1d,paper_RFDE
1173_20230606,544_001_20230606,2023-06-06 04:16:19.606756096+00:00,2023-06-06 11:45:17+00:00,0.3117753847674074,59,1.6501119751303932,485564.07798532373,5180406.577241615,pre_drawdown,F,<=1d,paper_RFDE
1173_20230606,545_001_20230607,2023-06-06 04:16:19.606756096+00:00,2023-06-07 11:35:55+00:00,1.3052707551377778,6,4.795155509092579,488690.9676008377,5172304.29858158,pre_drawdown,F,1-3d,paper_RFDE
1173_20230606,546_001_20230608,2023-06-06 04:16:19.606756096+00:00,2023-06-08 11:26:33+00:00,2.298766125508148,30,6.063742348461885,486021.64538693946,5194164.213833747,pre_drawdown,F,1-3d,paper_RFDE
1173_20230606,547_001_20230609,2023-06-06 04:16:19.606756096+00:00,2023-06-09 11:17:11+00:00,3.2922614958785186,52,6.098126230530323,485610.6494145327,5180367.14392004,pre_drawdown,F,3-10d,paper_RFDE
1173_20230606,548_001_20230610,2023-06-06 04:16:19.606756096+00:00,2023-06-10 11:07:48+00:00,4.2857452921748145,53,5.527252769186656,485567.99902806233,5180343.223929955,pre_drawdown,F,3-10d,paper_RFDE
1173_20230606,549_001_20230611,2023-06-06 04:16:19.606756096+00:00,2023-06-11 10:58:26+00:00,5.2792406625451855,56,4.353689428078415,485543.6503872487,5177768.5039164,pre_drawdown,F,3-10d,paper_RFDE
1173_20230606,550_001_20230612,2023-06-06 04:16:19.606756096+00:00,2023-06-12 10:49:04+00:00,6.272736032915556,53,4.038852832847681,485570.6751585029,5180350.447936324,pre_drawdown,F,3-10d,paper_RFDE
1173_20230606,551_001_20230613,2023-06-06 04:16:19.606756096+00:00,2023-06-13 10:39:41+00:00,7.266219829211852,54,3.3076605141586306,485578.9034261138,5179083.554524048,pre_drawdown,F,3-10d,paper_RFDE
1173_20230606,552_001_20230614,2023-06-06 04:16:19.606756096+00:00,2023-06-14 10:30:19+00:00,8.259715199582223,54,2.6311804046839544,485580.0122164991,5179084.4072002685,pre_drawdown,F,3-10d,paper_RFDE
1173_20230904,002_540_20230830,2023-09-04 23:55:38.811826432+00:00,2023-08-30 08:40:34+00:00,-5.635472359102223,26,0.10488334497919904,488215.2572751853,5191331.11428832,post,F,3-10d,paper_RFDE
1173_20230904,003_027_20230901,2023-09-04 23:55:38.811826432+00:00,2023-09-01 22:00:51+00:00,-3.0797200442874075,13,0.20316673064287016,488545.2120988554,5172978.478756045,post,F,3-10d,paper_RFDE
1173_20230904,003_333_20230912,2023-09-04 23:55:38.811826432+00:00,2023-09-12 20:23:43+00:00,7.852826252008889,5,0.15171345114409718,488648.3508590288,5175383.807759001,post,F,3-10d,paper_RFDE
1173_20240304,011_333_20240226,2024-03-04 15:14:50.369233664+00:00,2024-02-26 18:24:22+00:00,-6.868383903167407,36,0.10448897624226916,486523.68001571053,5176713.486717792,post,F,3-10d,paper_RFDE
1173_20240304,011_540_20240305,2024-03-04 15:14:50.369233664+00:00,2024-03-05 03:26:17+00:00,0.5079471153511111,33,0.03787222425429704,486931.57868087734,5203038.322992974,post,F,<=1d,paper_RFDE
1173_20240304,012_027_20240307,2024-03-04 15:14:50.369233664+00:00,2024-03-07 16:46:36+00:00,3.063722578314074,35,-0.22337584184176684,488892.85522540694,5176640.366816523,post,F,3-10d,paper_RFDE
1173_20240902,020_333_20240901,2024-09-02 06:34:12.224180480+00:00,2024-09-01 13:10:00+00:00,-0.7251414835703703,18,-0.0062844432282753715,484266.8259676534,5193119.286636645,post,F,<=1d,paper_RFDE
1173_20240902,020_540_20240908,2024-09-02 06:34:12.224180480+00:00,2024-09-08 22:11:59+00:00,6.651235831244445,15,-0.034864702590200025,486748.3822549445,5193586.084844521,post,F,3-10d,paper_RFDE
1173_20240902,021_027_20240911,2024-09-02 06:34:12.224180480+00:00,2024-09-11 11:32:17+00:00,9.206999720133334,18,-0.04178313430899028,484299.8146369477,5193313.453457754,post,F,3-10d,paper_RFDE
1173_20250302,029_027_20250225,2025-03-02 21:53:23.724071424+00:00,2025-02-25 09:32:56+00:00,-5.514209769345185,1,-0.5904278222992403,486000.42441397195,5170099.556490679,post,F,3-10d,paper_RFDE
1233_20230610,538_001_20230531,2023-06-10 04:07:52.852517376+00:00,2023-05-31 12:41:30+00:00,-9.643320052284444,32,-0.888645198480444,423493.41115272423,5192869.146068987,pre_drawdown,E,3-10d,paper_RFDE
1233_20230610,539_001_20230601,2023-06-10 04:07:52.852517376+00:00,2023-06-01 12:32:07+00:00,-8.649836255988147,31,-0.8068689515538878,423571.8110875436,5193525.2357615195,pre_drawdown,E,3-10d,paper_RFDE
1233_20230610,540_001_20230602,2023-06-10 04:07:52.852517376+00:00,2023-06-02 12:22:45+00:00,-7.6563408856177775,32,-0.7772643540685538,423771.77564285416,5192869.236658644,pre_drawdown,E,3-10d,paper_RFDE
1233_20230610,541_001_20230603,2023-06-10 04:07:52.852517376+00:00,2023-06-03 12:13:23+00:00,-6.662845515247407,33,-0.8560647284909386,423614.3940033498,5192212.914698428,pre_drawdown,E,3-10d,paper_RFDE
1233_20230610,542_001_20230604,2023-06-10 04:07:52.852517376+00:00,2023-06-04 12:04:01+00:00,-5.669350144877037,33,-1.0335032482328153,423572.1499490968,5192215.757880755,pre_drawdown,E,3-10d,paper_RFDE
1233_20230610,543_001_20230605,2023-06-10 04:07:52.852517376+00:00,2023-06-05 11:54:39+00:00,-4.675854774506667,31,-0.9310681400076533,423572.26982963766,5193523.971790786,pre_drawdown,E,3-10d,paper_RFDE
1233_20230610,544_001_20230606,2023-06-10 04:07:52.852517376+00:00,2023-06-06 11:45:17+00:00,-3.6823594041362964,23,-0.7190028290404005,423572.26841640193,5193524.445033186,pre_drawdown,E,3-10d,paper_RFDE
1233_20230610,545_001_20230607,2023-06-10 04:07:52.852517376+00:00,2023-06-07 11:35:55+00:00,-2.688864033765926,18,-0.16245482821439872,421251.33406037994,5200734.937373133,pre_drawdown,E,1-3d,paper_RFDE
1233_20230610,546_001_20230608,2023-06-10 04:07:52.852517376+00:00,2023-06-08 11:26:33+00:00,-1.6953686633955558,23,0.08757076319234613,423239.35237692134,5197475.618938493,pre_drawdown,E,1-3d,paper_RFDE
1233_20230610,547_001_20230609,2023-06-10 04:07:52.852517376+00:00,2023-06-09 11:17:11+00:00,-0.7018732930251852,23,0.11879482684738463,423233.26732214424,5198588.724714637,pre_drawdown,E,<=1d,paper_RFDE
1233_20230610,548_001_20230610,2023-06-10 04:07:52.852517376+00:00,2023-06-10 11:07:48+00:00,0.2916105032711111,30,-0.0543162226817282,423327.04618769186,5194550.150153099,pre_drawdown,E,<=1d,paper_RFDE
1233_20230610,549_001_20230611,2023-06-10 04:07:52.852517376+00:00,2023-06-11 10:58:26+00:00,1.2851058736414815,30,-0.3345652613448511,423331.1922596602,5194548.80419646,pre_drawdown,E,1-3d,paper_RFDE
1233_20230610,550_001_20230612,2023-06-10 04:07:52.852517376+00:00,2023-06-12 10:49:04+00:00,2.2786012440118517,29,-0.4783065992728073,423416.16791294946,5194511.912076528,pre_drawdown,E,1-3d,paper_RFDE
1233_20230610,551_001_20230613,2023-06-10 04:07:52.852517376+00:00,2023-06-13 10:39:41+00:00,3.272085040308148,28,-0.5133818640711594,423333.47640099394,5194551.738484986,pre_drawdown,E,3-10d,paper_RFDE
1233_20230610,552_001_20230614,2023-06-10 04:07:52.852517376+00:00,2023-06-14 10:30:19+00:00,4.265580410678519,22,-0.5833563040556431,421349.5689720805,5198094.045291966,pre_drawdown,E,3-10d,paper_RFDE
1233_20230610,554_001_20230616,2023-06-10 04:07:52.852517376+00:00,2023-06-16 10:11:34+00:00,6.252559577345186,28,-0.6978008903637054,423973.3252316426,5191287.230424276,pre_drawdown,E,3-10d,paper_RFDE
1233_20230610,555_001_20230617,2023-06-10 04:07:52.852517376+00:00,2023-06-17 10:02:12+00:00,7.246054947715556,23,-0.7223673953493446,421411.35391961044,5198579.986545359,pre_drawdown,E,3-10d,paper_RFDE
1233_20230610,556_001_20230618,2023-06-10 04:07:52.852517376+00:00,2023-06-18 09:52:50+00:00,8.239550318085927,27,-0.7858837641549297,423412.93542085076,5194582.4666428035,pre_drawdown,E,3-10d,paper_RFDE
1233_20230610,557_001_20230619,2023-06-10 04:07:52.852517376+00:00,2023-06-19 09:43:28+00:00,9.233045688456297,25,-0.762608138975029,423227.9347245296,5197658.223752896,pre_drawdown,E,3-10d,paper_RFDE
1233_20230908,002_540_20230830,2023-09-08 23:47:13.026660608+00:00,2023-08-30 08:40:34+00:00,-9.629618364127408,10,0.06047361150647301,433751.6487760481,5154341.484185966,post,E,3-10d,paper_RFDE
1233_20230908,003_262_20230910,2023-09-08 23:47:13.026660608+00:00,2023-09-10 07:03:32+00:00,1.3029973766133334,10,-0.00406299700219126,433768.7969469015,5154408.854826355,post,E,1-3d,paper_RFDE
1233_20230908,003_333_20230912,2023-09-08 23:47:13.026660608+00:00,2023-09-12 20:23:42+00:00,3.8586686729096296,10,0.1037900048835656,433736.17809387547,5154872.8871377185,post,E,3-10d,paper_RFDE
1233_20240308,011_540_20240305,2024-03-08 15:06:22.293573376+00:00,2024-03-05 03:26:17+00:00,-3.4861723793214816,13,-0.019698190364252355,424654.8757341811,5195357.063775009,post,E,3-10d,paper_RFDE
1233_20240308,012_055_20240308,2024-03-08 15:06:22.293573376+00:00,2024-03-08 16:47:16+00:00,0.07006604660444445,8,0.20319484295675938,424569.24580558273,5195901.085039098,post,E,<=1d,paper_RFDE
1233_20240906,020_262_20240829,2024-09-06 06:25:48.733061120+00:00,2024-08-29 23:49:41+00:00,-7.2750895030222225,7,0.08257512821023205,421210.6628647132,5204748.523924726,post,E,3-10d,paper_RFDE
1233_20240906,020_333_20240901,2024-09-06 06:25:48.733061120+00:00,2024-09-01 13:10:00+00:00,-4.719314040059259,7,0.16961462688473716,421154.8920824299,5204644.945193113,post,E,3-10d,paper_RFDE
1233_20240906,020_540_20240908,2024-09-06 06:25:48.733061120+00:00,2024-09-08 22:11:58+00:00,2.6570517006814813,7,0.33273118687087333,421200.5518457637,5204640.996340157,post,E,1-3d,paper_RFDE
1233_20240906,021_055_20240912,2024-09-06 06:25:48.733061120+00:00,2024-09-12 11:32:57+00:00,6.213290126607407,6,0.10883170676462672,421167.98851558694,5204712.629971741,post,E,3-10d,paper_RFDE
1233_20250306,029_262_20250305,2025-03-06 21:45:02.788895232+00:00,2025-03-05 18:35:24+00:00,-1.1316989455466668,8,0.007732595127702524,424334.7057977678,5196078.543268805,post,E,1-3d,paper_RFDE
1233_20250306,029_333_20250308,2025-03-06 21:45:02.788895232+00:00,2025-03-08 07:55:45+00:00,1.4240996655644445,6,-0.16406768793400772,424021.39347046125,5203207.583888394,post,E,1-3d,paper_RFDE
1233_20250306,029_540_20250315,2025-03-06 21:45:02.788895232+00:00,2025-03-15 16:57:42+00:00,8.800453832231112,11,0.11913252252277573,427802.881957474,5156144.556838471,post,E,3-10d,paper_RFDE
1269_20230911,003_027_20230901,2023-09-11 11:53:00.035911168+00:00,2023-09-01 22:00:52+00:00,-9.577870786008889,11,0.5473889681406696,507567.2816931614,5177954.232222231,post,F,3-10d,paper_RFDE
1269_20230911,003_234_20230909,2023-09-11 11:53:00.035911168+00:00,2023-09-09 07:02:51+00:00,-2.201493471194074,7,0.24711163401284786,508955.7757990788,5181104.497700724,post,F,1-3d,paper_RFDE
1269_20230911,003_333_20230912,2023-09-11 11:53:00.035911168+00:00,2023-09-12 20:23:43+00:00,1.3546639362133333,4,0.3309836931887604,507859.37019482,5179614.1879235525,post,F,1-3d,paper_RFDE
1269_20230911,003_540_20230920,2023-09-11 11:53:00.035911168+00:00,2023-09-20 05:25:40+00:00,8.73101810288,8,0.06320124374417624,507676.4690164176,5179513.847536109,post,F,3-10d,paper_RFDE
1269_20240311,011_540_20240305,2024-03-11 03:12:03.571825920+00:00,2024-03-05 03:26:18+00:00,-5.990110785022223,18,-0.16210544250967374,507412.8765421341,5177230.991299448,post,F,3-10d,paper_RFDE
1269_20240311,012_027_20240307,2024-03-11 03:12:03.571825920+00:00,2024-03-07 16:46:36+00:00,-3.4343468961333334,16,-0.35410978352201816,507421.85028340865,5177245.729080764,post,F,3-10d,paper_RFDE
1269_20240311,012_234_20240315,2024-03-11 03:12:03.571825920+00:00,2024-03-15 01:48:32+00:00,3.941995696459259,7,0.058152808240611975,507823.07969268854,5179587.353962303,post,F,3-10d,paper_RFDE
1269_20240908,020_333_20240901,2024-09-08 18:31:14.311727616+00:00,2024-09-01 13:10:00+00:00,-7.223082311662222,15,-0.04624569349910601,507588.3873262383,5178234.6206382075,post,F,3-10d,paper_RFDE
1269_20240908,020_540_20240908,2024-09-08 18:31:14.311727616+00:00,2024-09-08 22:11:59+00:00,0.1532950031525926,10,0.03933511439470916,507668.23604082764,5178849.095354643,post,F,<=1d,paper_RFDE
1269_20240908,021_027_20240911,2024-09-08 18:31:14.311727616+00:00,2024-09-11 11:32:17+00:00,2.7090588920414813,9,-0.019468975735067673,507913.4498694198,5179739.1934180455,post,F,1-3d,paper_RFDE
1269_20250309,029_234_20250304,2025-03-09 09:50:40.268194816+00:00,2025-03-04 18:34:53+00:00,-4.635963752254815,6,0.028100234202238283,507861.94233750517,5179611.965552174,post,F,3-10d,paper_RFDE
1269_20250309,029_540_20250315,2025-03-09 09:50:40.268194816+00:00,2025-03-15 16:57:42+00:00,6.29654782181926,12,0.15910307216124675,507465.02054768056,5177205.686043974,post,F,3-10d,paper_RFDE
1269_20250309,030_027_20250318,2025-03-09 09:50:40.268194816+00:00,2025-03-18 06:18:00+00:00,8.852311710708149,15,0.19821284862006294,504523.5903499899,5177555.510811312,post,F,3-10d,paper_RFDE
1333_20230616,551_001_20230613,2023-06-16 16:05:20.846742272+00:00,2023-06-13 10:39:40+00:00,-3.2261672076651857,1,0.13106378242001426,445642.1124215538,5149817.308936513,pre_drawdown,D,3-10d,paper_RFDE
1333_20230616,554_001_20230616,2023-06-16 16:05:20.846742272+00:00,2023-06-16 10:11:33+00:00,-0.24569267062814815,3,-0.018704036122056067,445551.8082968975,5149492.238275561,pre_drawdown,D,<=1d,paper_RFDE
1333_20230616,560_001_20230622,2023-06-16 16:05:20.846742272+00:00,2023-06-22 09:15:22+00:00,5.715291125668148,1,-0.14793313393583318,445920.3080153509,5150523.763851051,pre_drawdown,D,3-10d,paper_RFDE
1333_20230616,561_001_20230623,2023-06-16 16:05:20.846742272+00:00,2023-06-23 09:06:00+00:00,6.708786496038519,5,-0.16208691296770006,446072.56096640474,5155702.082815987,pre_drawdown,D,3-10d,paper_RFDE
1333_20240912,020_540_20240908,2024-09-12 18:23:11.389008896+00:00,2024-09-08 22:11:59+00:00,-3.8411156135288893,15,0.044667713651536545,445230.4694020416,5150416.558873826,post,D,3-10d,paper_RFDE
1333_20250313,029_540_20250315,2025-03-13 09:42:34.003634432+00:00,2025-03-15 16:57:42+00:00,2.3021758838607407,2,0.048734892118284634,448410.0423139216,5150177.235507922,post,D,1-3d,paper_RFDE
205_20240101,008_512_20240101,2024-01-01 06:25:12.564999680+00:00,2024-01-01 13:10:12+00:00,0.28124346065185185,6,-0.08002566554521451,657759.9387724763,5298845.420631215,post,R,<=1d,paper_RFDE
205_20240401,012_512_20240325,2024-04-01 02:04:32.461981952+00:00,2024-03-25 00:10:30+00:00,-7.079195161828148,3,1.4222649862853665,655871.6565468167,5298182.528845278,post,R,3-10d,paper_RFDE
205_20240401,013_206_20240403,2024-04-01 02:04:32.461981952+00:00,2024-04-03 22:32:46+00:00,2.852934467801482,1,-0.0011073716498515296,658855.8154148605,5295174.291870738,post,R,1-3d,paper_RFDE
205_20240401,013_305_20240407,2024-04-01 02:04:32.461981952+00:00,2024-04-07 11:54:15+00:00,6.40952011594963,5,0.6029554306547098,655938.2153912613,5300816.623933618,post,R,3-10d,paper_RFDE
225_20230405,483_001_20230406,2023-04-05 07:12:59.383504896+00:00,2023-04-06 21:16:47.500000+00:00,1.5859735705451854,10,0.14351046924964805,501819.8118605025,5176725.825769445,pre_drawdown,F,1-3d,paper_RFDE
225_20230405,484_001_20230407,2023-04-05 07:12:59.383504896+00:00,2023-04-07 21:07:26+00:00,2.5794747279525927,13,0.09712047371454524,501879.7275894774,5176374.297515176,pre_drawdown,F,1-3d,paper_RFDE
225_20230405,485_001_20230408,2023-04-05 07:12:59.383504896+00:00,2023-04-08 20:58:04+00:00,3.572970098322963,9,0.12949320416632126,501874.3384352864,5179030.5802150555,pre_drawdown,F,3-10d,paper_RFDE
225_20230405,486_001_20230409,2023-04-05 07:12:59.383504896+00:00,2023-04-09 20:48:42+00:00,4.566465468693333,7,0.14580527893733475,507889.9453720332,5178542.851782815,pre_drawdown,F,3-10d,paper_RFDE
225_20230405,487_001_20230410,2023-04-05 07:12:59.383504896+00:00,2023-04-10 20:39:20+00:00,5.559960839063703,25,-0.04758957564272137,501528.5467101181,5179282.735723725,pre_drawdown,F,3-10d,paper_RFDE
225_20230405,488_001_20230411,2023-04-05 07:12:59.383504896+00:00,2023-04-11 20:29:58+00:00,6.553456209434074,17,-0.15603207846300293,501717.01520748605,5177745.80483047,pre_drawdown,F,3-10d,paper_RFDE
225_20230405,490_001_20230413,2023-04-05 07:12:59.383504896+00:00,2023-04-13 20:11:14+00:00,8.540446950174815,20,0.14080128481282195,501822.9050416238,5178252.4769787965,pre_drawdown,F,3-10d,paper_RFDE
225_20230405,491_001_20230414,2023-04-05 07:12:59.383504896+00:00,2023-04-14 20:01:52+00:00,9.533942320545187,20,0.1292087943774547,501711.77551483654,5178075.99009309,pre_drawdown,F,3-10d,paper_RFDE
225_20230705,563_001_20230625,2023-07-05 02:52:14.989635584+00:00,2023-06-25 08:47:17+00:00,-9.753448954115555,13,0.22154066143363593,507615.77888364287,5180335.474858337,pre_drawdown,F,3-10d,paper_RFDE
225_20230705,564_001_20230626,2023-07-05 02:52:14.989635584+00:00,2023-06-26 08:37:55+00:00,-8.759953583745185,17,0.2002326108799828,507608.3676381831,5180929.64711778,pre_drawdown,F,3-10d,paper_RFDE
225_20230705,565_001_20230627,2023-07-05 02:52:14.989635584+00:00,2023-06-27 08:28:32+00:00,-7.766469787448888,18,0.18780088702743836,507632.5419311515,5180910.359242627,pre_drawdown,F,3-10d,paper_RFDE
225_20230705,567_001_20230629,2023-07-05 02:52:14.989635584+00:00,2023-06-29 08:09:48+00:00,-5.779479046708148,15,0.23328922456228796,507592.70683574147,5180872.76058086,pre_drawdown,F,3-10d,paper_RFDE
225_20230705,569_001_20230701,2023-07-05 02:52:14.989635584+00:00,2023-07-01 07:51:04+00:00,-3.7924883059674075,17,0.24532008523965487,507953.1018297038,5180948.488393828,pre_drawdown,F,3-10d,paper_RFDE
225_20230705,570_001_20230702,2023-07-05 02:52:14.989635584+00:00,2023-07-02 07:41:42+00:00,-2.798992935597037,15,0.18288780083241107,507566.7557593155,5180657.751408862,pre_drawdown,F,1-3d,paper_RFDE
225_20230705,571_001_20230703,2023-07-05 02:52:14.989635584+00:00,2023-07-03 07:32:20+00:00,-1.8054975652266667,16,0.08356939343307168,508557.98459712975,5180508.600332116,pre_drawdown,F,1-3d,paper_RFDE
225_20230705,573_001_20230705,2023-07-05 02:52:14.989635584+00:00,2023-07-05 07:13:36+00:00,0.1814931755140741,12,0.031516172606964155,507784.2247213722,5180525.570304662,pre_drawdown,F,<=1d,paper_RFDE
225_20230705,574_001_20230706,2023-07-05 02:52:14.989635584+00:00,2023-07-06 07:04:14+00:00,1.1749885458844445,17,0.02538396243070551,507826.1634676685,5180965.84479465,pre_drawdown,F,1-3d,paper_RFDE
225_20230705,575_001_20230707,2023-07-05 02:52:14.989635584+00:00,2023-07-07 06:54:52+00:00,2.168483916254815,10,-0.008471247630362555,507709.8341756239,5180053.67471599,pre_drawdown,F,1-3d,paper_RFDE
225_20230705,576_001_20230708,2023-07-05 02:52:14.989635584+00:00,2023-07-08 06:45:30+00:00,3.161979286625185,9,0.00870301750969027,510463.82266791933,5180118.667296783,pre_drawdown,F,3-10d,paper_RFDE
225_20231003,004_234_20230930,2023-10-03 22:31:38.058997760+00:00,2023-09-30 03:47:54+00:00,-3.780371053214815,11,-0.1338937668070166,509452.12013985007,5179793.883344123,post,F,3-10d,paper_RFDE
225_20231003,004_540_20231011,2023-10-03 22:31:38.058997760+00:00,2023-10-11 02:10:42+00:00,7.152128946785186,11,-0.13453183349357012,509324.3537368282,5180184.601744544,post,F,3-10d,paper_RFDE
225_20231003,005_027_20231013,2023-10-03 22:31:38.058997760+00:00,2023-10-13 15:31:00+00:00,9.707892835674075,10,-0.028471142784594505,509390.066452165,5180426.06953275,post,F,3-10d,paper_RFDE
225_20240102,008_540_20240102,2024-01-02 18:11:30.359983104+00:00,2024-01-02 13:11:02+00:00,-0.20866157387851852,12,0.061014542529278515,503788.0044073106,5226950.943889028,post,F,<=1d,paper_RFDE
225_20240102,009_234_20240112,2024-01-02 18:11:30.359983104+00:00,2024-01-12 11:33:09+00:00,9.723363889084444,7,-0.13963735546303724,503965.3913991695,5226996.317222686,post,F,3-10d,paper_RFDE
225_20240402,012_540_20240326,2024-04-02 13:50:44.070265600+00:00,2024-03-26 00:11:20+00:00,-7.5690285910370365,42,0.025063706468576363,504126.0531810626,5220676.352907067,post,F,3-10d,paper_RFDE
225_20240402,013_027_20240328,2024-04-02 13:50:44.070265600+00:00,2024-03-28 13:31:39+00:00,-5.013253128074074,47,-0.025531746461489035,504096.5676588061,5220392.6969497455,post,F,3-10d,paper_RFDE
225_20240402,013_234_20240404,2024-04-02 13:50:44.070265600+00:00,2024-04-04 22:33:37+00:00,2.363112612666667,6,0.01432836691698025,507118.06792673806,5177931.2863474265,post,F,1-3d,paper_RFDE
225_20240402,013_333_20240408,2024-04-02 13:50:44.070265600+00:00,2024-04-08 11:54:36+00:00,5.919351038592593,46,-0.5496054136728823,504061.8204556078,5219566.864548041,post,F,3-10d,paper_RFDE
225_20240702,017_234_20240627,2024-07-02 09:30:25.798660352+00:00,2024-06-27 09:33:47+00:00,-4.997671280791112,12,-0.04334488444256124,504313.2491313515,5221796.129005501,post,F,3-10d,paper_RFDE
225_20240702,017_333_20240630,2024-07-02 09:30:25.798660352+00:00,2024-06-30 22:54:48+00:00,-1.441409706717037,6,-0.39488582672945594,507456.52496275574,5179278.142171251,post,F,1-3d,paper_RFDE
225_20240702,017_540_20240708,2024-07-02 09:30:25.798660352+00:00,2024-07-08 07:56:43+00:00,5.934921311801482,18,-0.2853127112261138,503140.04021783196,5178395.997351149,post,F,3-10d,paper_RFDE
225_20240702,018_027_20240710,2024-07-02 09:30:25.798660352+00:00,2024-07-10 21:17:02+00:00,8.490696774764444,9,-0.20374181794898405,505917.9951619093,5178370.834557235,post,F,3-10d,paper_RFDE
225_20241001,021_540_20240929,2024-10-01 05:10:00.486240256+00:00,2024-09-29 18:57:07+00:00,-1.4256190537066666,7,0.2952687326345469,514351.99400220567,5180115.851224944,post,F,1-3d,paper_RFDE
225_20241001,022_027_20241002,2024-10-01 05:10:00.486240256+00:00,2024-10-02 08:17:25+00:00,1.1301448351822223,11,-0.0004966154981378423,510969.1447076355,5181212.719373955,post,F,1-3d,paper_RFDE
225_20250331,030_234_20250325,2025-03-31 20:29:15.626656256+00:00,2025-03-25 15:19:48+00:00,-6.21490308629926,9,0.04234932015099169,500065.73886826425,5224961.86408083,post,F,3-10d,paper_RFDE
225_20250331,030_333_20250329,2025-03-31 20:29:15.626656256+00:00,2025-03-29 04:40:50+00:00,-2.6586299381511114,13,-0.37011571813384947,504193.9397187476,5179048.344458769,post,F,1-3d,paper_RFDE
225_20250331,031_027_20250408,2025-03-31 20:29:15.626656256+00:00,2025-04-08 03:03:04+00:00,7.27347654333037,36,-0.08993303082336723,504114.5053659525,5179092.217056723,post,F,3-10d,paper_RFDE
289_20231007,004_333_20231003,2023-10-07 22:23:13.866776832+00:00,2023-10-03 17:08:45+00:00,-4.218389661768889,12,-0.2589557684202166,452263.599714806,5154525.051551238,post,D,3-10d,paper_RFDE
289_20231007,004_540_20231011,2023-10-07 22:23:13.866776832+00:00,2023-10-11 02:10:42+00:00,3.157964504897778,9,-0.4320319921929965,449501.57380568096,5152926.69168198,post,D,3-10d,paper_RFDE
289_20240406,013_262_20240405,2024-04-06 13:42:18.650796544+00:00,2024-04-05 22:34:17+00:00,-0.630574661997037,8,0.14808923857432177,450034.65229973535,5152371.197083614,post,D,<=1d,paper_RFDE
289_20240406,013_540_20240415,2024-04-06 13:42:18.650796544+00:00,2024-04-15 20:56:27+00:00,9.301485523188148,12,0.1796368440677858,450137.796660722,5153261.74088835,post,D,3-10d,paper_RFDE
289_20240706,017_540_20240708,2024-07-06 09:22:04.955222784+00:00,2024-07-08 07:56:44+00:00,1.9407296849214817,16,0.10094078795948214,448423.2224969057,5154982.977521859,post,D,1-3d,paper_RFDE
289_20241005,021_540_20240929,2024-10-05 05:01:28.503322368+00:00,2024-09-29 18:57:07+00:00,-5.41969332549037,14,-0.20882780107692867,457089.9836561766,5156203.959035104,post,D,3-10d,paper_RFDE
289_20241005,022_333_20241013,2024-10-05 05:01:28.503322368+00:00,2024-10-13 06:40:14+00:00,8.068582137472593,13,-0.16863308324137982,457126.87106437085,5156101.999733762,post,D,3-10d,paper_RFDE
325_20230711,570_001_20230702,2023-07-11 14:49:33.109718272+00:00,2023-07-02 07:41:42+00:00,-9.297119325442964,7,0.3589465990147698,524741.665491325,5178322.999394273,pre_drawdown,F,3-10d,paper_RFDE
325_20230711,571_001_20230703,2023-07-11 14:49:33.109718272+00:00,2023-07-03 07:32:20+00:00,-8.303623955072593,5,0.3178075880824984,522085.74976719444,5178489.303814907,pre_drawdown,F,3-10d,paper_RFDE
325_20230711,573_001_20230705,2023-07-11 14:49:33.109718272+00:00,2023-07-05 07:13:36+00:00,-6.316633214331852,7,0.06896131423384944,524724.063458094,5178285.176771083,pre_drawdown,F,3-10d,paper_RFDE
325_20230711,574_001_20230706,2023-07-11 14:49:33.109718272+00:00,2023-07-06 07:04:14+00:00,-5.323137843961481,7,0.11458971019014186,524728.1373927876,5178286.424089432,pre_drawdown,F,3-10d,paper_RFDE
325_20230711,575_001_20230707,2023-07-11 14:49:33.109718272+00:00,2023-07-07 06:54:52+00:00,-4.329642473591111,7,0.045149348353966445,524711.8803455608,5178375.636118312,pre_drawdown,F,3-10d,paper_RFDE
325_20230711,576_001_20230708,2023-07-11 14:49:33.109718272+00:00,2023-07-08 06:45:30+00:00,-3.336147103220741,7,0.07715130892561106,524731.8051178722,5178546.494919776,pre_drawdown,F,3-10d,paper_RFDE
325_20230711,577_001_20230709,2023-07-11 14:49:33.109718272+00:00,2023-07-09 06:36:07+00:00,-2.3426633069244445,8,0.02986573120207492,523347.17558285175,5178636.200625526,pre_drawdown,F,1-3d,paper_RFDE
325_20230711,578_001_20230710,2023-07-11 14:49:33.109718272+00:00,2023-07-10 06:26:45+00:00,-1.349167936554074,7,0.032924155429380875,524739.1005378334,5178542.654673043,pre_drawdown,F,1-3d,paper_RFDE
325_20240109,008_540_20240102,2024-01-09 06:08:35.316664320+00:00,2024-01-02 13:11:03+00:00,-6.706624035466666,6,0.21217036094680441,527526.8212315594,5180078.269353442,post,F,3-10d,paper_RFDE
325_20240109,009_234_20240112,2024-01-09 06:08:35.316664320+00:00,2024-01-12 11:33:19+00:00,3.225505594162963,4,0.4838389488816164,525896.146144712,5179058.702950155,post,F,3-10d,paper_RFDE
325_20240409,013_234_20240404,2024-04-09 01:48:03.545244160+00:00,2024-04-04 22:33:37+00:00,-4.1350294588444445,2,0.15769306817642992,525494.9390943974,5178428.835743083,post,F,3-10d,paper_RFDE
325_20240409,013_540_20240415,2024-04-09 01:48:03.545244160+00:00,2024-04-15 20:56:27+00:00,6.797493689303704,2,-0.20327035071802868,525455.3745072735,5178525.8115414595,post,F,3-10d,paper_RFDE
325_20240409,014_027_20240418,2024-04-09 01:48:03.545244160+00:00,2024-04-18 10:16:44+00:00,9.35324600411852,1,-0.10675478165896735,525841.1793434689,5180289.034658751,post,F,3-10d,paper_RFDE
325_20240708,017_540_20240708,2024-07-08 21:27:38.218881024+00:00,2024-07-08 07:56:44+00:00,-0.5631275333451852,4,-0.13470137832330753,526871.0669496984,5179827.8424237985,post,F,<=1d,paper_RFDE
325_20240708,018_234_20240718,2024-07-08 21:27:38.218881024+00:00,2024-07-18 06:19:01+00:00,9.369013670358518,4,-0.05275597795255482,526869.5426828195,5179828.06170089,post,F,3-10d,paper_RFDE
349_20230413,483_001_20230406,2023-04-13 06:56:09.649444352+00:00,2023-04-06 21:16:46+00:00,-6.402357053754074,8,-0.03629206358442172,387103.1812438249,5161290.921029743,pre_drawdown,E,3-10d,paper_RFDE
349_20230413,484_001_20230407,2023-04-13 06:56:09.649444352+00:00,2023-04-07 21:07:25+00:00,-5.40885010930963,6,-0.09701152855400696,388821.901662698,5159662.755800309,pre_drawdown,E,3-10d,paper_RFDE
349_20230413,485_001_20230408,2023-04-13 06:56:09.649444352+00:00,2023-04-08 20:58:03+00:00,-4.41535473893926,5,0.007216698502862329,390463.9008355912,5158851.261261721,pre_drawdown,E,3-10d,paper_RFDE
349_20230413,486_001_20230409,2023-04-13 06:56:09.649444352+00:00,2023-04-09 20:48:41+00:00,-3.421859368568889,8,-0.025081726913512625,387265.6961695328,5159508.443221957,pre_drawdown,E,3-10d,paper_RFDE
349_20230413,487_001_20230410,2023-04-13 06:56:09.649444352+00:00,2023-04-10 20:39:19+00:00,-2.4283639981985186,6,-0.08871604613018746,388908.75826078583,5159787.336740596,pre_drawdown,E,1-3d,paper_RFDE
349_20230413,488_001_20230411,2023-04-13 06:56:09.649444352+00:00,2023-04-11 20:29:57+00:00,-1.4348686278281482,2,0.10290973670281378,390722.89165581716,5157388.219232519,pre_drawdown,E,1-3d,paper_RFDE
349_20230413,489_001_20230412,2023-04-13 06:56:09.649444352+00:00,2023-04-12 20:20:35+00:00,-0.4413732574577778,6,0.02982190420424402,388859.13413372135,5159768.169652989,pre_drawdown,E,<=1d,paper_RFDE
349_20230413,490_001_20230413,2023-04-13 06:56:09.649444352+00:00,2023-04-13 20:11:13+00:00,0.5521221129125926,6,-0.01537002854039038,388921.40497846284,5159805.10888982,pre_drawdown,E,<=1d,paper_RFDE
349_20230413,491_001_20230414,2023-04-13 06:56:09.649444352+00:00,2023-04-14 20:01:51+00:00,1.545617483282963,6,-0.05105665626604594,388851.67348329007,5159781.508605274,pre_drawdown,E,1-3d,paper_RFDE
349_20230413,493_001_20230416,2023-04-13 06:56:09.649444352+00:00,2023-04-16 19:43:07+00:00,3.5326082240237033,6,0.0034091925583412674,388859.2732225874,5159769.301926536,pre_drawdown,E,3-10d,paper_RFDE
349_20230413,494_001_20230417,2023-04-13 06:56:09.649444352+00:00,2023-04-17 19:33:45+00:00,4.5261035943940735,5,-0.009256023036172678,390461.7339584188,5158834.896615934,pre_drawdown,E,3-10d,paper_RFDE
349_20230413,495_001_20230418,2023-04-13 06:56:09.649444352+00:00,2023-04-18 19:24:23+00:00,5.519598964764445,5,-0.010587630752901589,390472.40869262145,5158957.401308732,pre_drawdown,E,3-10d,paper_RFDE
349_20230413,496_001_20230419,2023-04-13 06:56:09.649444352+00:00,2023-04-19 19:15:00+00:00,6.5130827610607405,6,-0.04464163062269311,388859.09753316105,5159774.841797613,pre_drawdown,E,3-10d,paper_RFDE
349_20230413,497_001_20230420,2023-04-13 06:56:09.649444352+00:00,2023-04-20 19:05:38+00:00,7.506578131431111,6,0.025158389224589683,388896.3626404741,5159800.062646251,pre_drawdown,E,3-10d,paper_RFDE
349_20230413,498_001_20230421,2023-04-13 06:56:09.649444352+00:00,2023-04-21 18:56:16+00:00,8.50007350180148,6,0.023921595274396523,388890.0072052515,5159799.931509638,pre_drawdown,E,3-10d,paper_RFDE
349_20230413,499_001_20230422,2023-04-13 06:56:09.649444352+00:00,2023-04-22 18:46:54+00:00,9.493568872171851,5,0.028109172707093677,386979.78274639335,5162688.08861609,pre_drawdown,E,3-10d,paper_RFDE
349_20230713,573_001_20230705,2023-07-13 02:35:23.326713600+00:00,2023-07-05 07:13:35+00:00,-7.806809336962963,8,-0.034835930628924316,393566.83957953297,5160772.3257605545,pre_drawdown,E,3-10d,paper_RFDE
349_20230713,574_001_20230706,2023-07-13 02:35:23.326713600+00:00,2023-07-06 07:04:13+00:00,-6.813313966592593,7,0.006459502406816142,393709.25881710876,5160754.0974825835,pre_drawdown,E,3-10d,paper_RFDE
349_20230713,575_001_20230707,2023-07-13 02:35:23.326713600+00:00,2023-07-07 06:54:50+00:00,-5.819830170296297,7,0.020861515199872116,393732.82246980746,5160743.966795196,pre_drawdown,E,3-10d,paper_RFDE
349_20230713,576_001_20230708,2023-07-13 02:35:23.326713600+00:00,2023-07-08 06:45:28+00:00,-4.8263347999259265,7,-0.138602899485603,393751.34115191817,5160746.307086183,pre_drawdown,E,3-10d,paper_RFDE
349_20230713,577_001_20230709,2023-07-13 02:35:23.326713600+00:00,2023-07-09 06:36:06+00:00,-3.832839429555556,7,-0.20878262111593493,393749.54499119846,5160746.499282373,pre_drawdown,E,3-10d,paper_RFDE
349_20230713,578_001_20230710,2023-07-13 02:35:23.326713600+00:00,2023-07-10 06:26:44+00:00,-2.8393440591851853,7,-0.13269246689691983,393747.6575930069,5160744.381530661,pre_drawdown,E,1-3d,paper_RFDE
349_20231011,004_333_20231003,2023-10-11 22:14:47.195605248+00:00,2023-10-03 17:08:45+00:00,-8.212525412097778,11,0.07831749862173254,392269.9676491199,5159111.668316386,post,E,3-10d,paper_RFDE
349_20231011,005_055_20231014,2023-10-11 22:14:47.195605248+00:00,2023-10-14 15:31:40+00:00,2.7200556064207406,11,-0.011317242536819094,392340.2757928288,5159079.724228091,post,E,1-3d,paper_RFDE
349_20240410,014_055_20240419,2024-04-10 13:33:57.351126528+00:00,2024-04-19 10:17:24+00:00,8.86350288048,4,0.15124874251248066,388365.396250961,5157908.184764365,post,E,3-10d,paper_RFDE
349_20240710,017_333_20240630,2024-07-10 09:13:25.096838656+00:00,2024-06-30 22:54:47+00:00,-9.42960760229926,6,0.33756994495235837,388518.8143755966,5159471.331756152,post,E,3-10d,paper_RFDE
349_20241009,022_055_20241003,2024-10-09 04:53:25.840453376+00:00,2024-10-03 08:18:05+00:00,-5.85788009784,8,-0.06857158748283076,397152.9921879485,5160258.084799347,post,E,3-10d,paper_RFDE
349_20241009,022_262_20241010,2024-10-09 04:53:25.840453376+00:00,2024-10-10 17:19:54+00:00,1.518381476234074,6,0.019776467844838663,398730.77245261264,5160289.109678438,post,E,1-3d,paper_RFDE
349_20241009,022_333_20241013,2024-10-09 04:53:25.840453376+00:00,2024-10-13 06:40:13+00:00,4.074156939197037,8,-0.3670210933894369,397148.4494353271,5160254.584162144,post,E,3-10d,paper_RFDE
385_20230715,574_001_20230706,2023-07-15 14:41:13.915182080+00:00,2023-07-06 07:04:13+00:00,-9.317371703496296,10,-0.09508564124154173,463527.2122542495,5160128.645933157,pre_drawdown,D,3-10d,paper_RFDE
385_20230715,575_001_20230707,2023-07-15 14:41:13.915182080+00:00,2023-07-07 06:54:51+00:00,-8.323876333125925,5,-0.04975827071413974,466728.62558180763,5160339.119987537,pre_drawdown,D,3-10d,paper_RFDE
385_20230715,576_001_20230708,2023-07-15 14:41:13.915182080+00:00,2023-07-08 06:45:29+00:00,-7.330380962755555,10,-0.10435206920097873,463526.08642234595,5160128.074467077,pre_drawdown,D,3-10d,paper_RFDE
385_20230715,577_001_20230709,2023-07-15 14:41:13.915182080+00:00,2023-07-09 06:36:07+00:00,-6.336885592385185,10,-0.1605515860769895,463524.0499488795,5160129.970125498,pre_drawdown,D,3-10d,paper_RFDE
385_20230715,578_001_20230710,2023-07-15 14:41:13.915182080+00:00,2023-07-10 06:26:45+00:00,-5.343390222014815,10,-0.03566446330438744,463525.85904410493,5160126.196429875,pre_drawdown,D,3-10d,paper_RFDE
385_20231014,004_540_20231011,2023-10-14 10:20:42.535151360+00:00,2023-10-11 02:10:42+00:00,-3.340283971659259,5,-0.03543251115623569,468069.30464618513,5160347.832171348,post,D,3-10d,paper_RFDE
385_20240413,013_333_20240408,2024-04-13 01:39:42.192773888+00:00,2024-04-08 11:54:26+00:00,-4.573104083031112,6,-0.13327360733522298,467897.3013764813,5161130.901007203,post,D,3-10d,paper_RFDE
385_20240712,017_540_20240708,2024-07-12 21:19:18.276101120+00:00,2024-07-08 07:56:44+00:00,-4.557341158577778,3,-0.13036515280917094,466365.6142116134,5160419.728739076,post,D,3-10d,paper_RFDE
385_20241011,022_333_20241013,2024-10-11 16:59:21.918270208+00:00,2024-10-13 06:40:14+00:00,1.570047242242963,8,-0.056293477194431674,466235.4400970229,5160526.121533693,post,D,1-3d,paper_RFDE
385_20250110,026_333_20250104,2025-01-10 12:38:49.953001984+00:00,2025-01-04 17:40:32+00:00,-5.790485567152593,10,0.2534068170186172,466241.4635430644,5160526.63073428,post,D,3-10d,paper_RFDE
449_20230719,578_001_20230710,2023-07-19 14:32:52.763746304+00:00,2023-07-10 06:26:45+00:00,-9.337589858174814,10,-0.11023996683893067,410553.79370531987,5218104.5898961425,pre_drawdown,E,3-10d,paper_RFDE
449_20231018,004_540_20231011,2023-10-18 10:12:27.757878784+00:00,2023-10-11 02:10:32+00:00,-7.334673123597037,27,0.08024220734862908,412070.8637592812,5220070.998575816,post,E,3-10d,paper_RFDE
449_20231018,005_055_20231014,2023-10-18 10:12:27.757878784+00:00,2023-10-14 15:31:41+00:00,-3.77831895693037,31,0.10858584379425196,412032.488000109,5217973.766901725,post,E,3-10d,paper_RFDE
449_20231018,005_262_20231022,2023-10-18 10:12:27.757878784+00:00,2023-10-22 00:33:29+00:00,3.59793104306963,17,0.17133091607601258,411789.59146502183,5210861.150852223,post,E,3-10d,paper_RFDE
449_20231018,005_333_20231024,2023-10-18 10:12:27.757878784+00:00,2023-10-24 13:53:50+00:00,6.153729654180741,9,0.15522620053431524,405538.4228692431,5156803.466458235,post,E,3-10d,paper_RFDE
449_20240117,009_540_20240123,2024-01-17 05:51:53.325331456+00:00,2024-01-23 09:55:59+00:00,6.169510123478518,14,0.153775012261276,415123.7059164129,5217262.287538396,post,E,3-10d,paper_RFDE
449_20240117,010_055_20240126,2024-01-17 05:51:53.325331456+00:00,2024-01-26 23:17:08+00:00,9.725864290145186,20,0.34584485377505114,412914.5321620895,5213109.990759298,post,E,3-10d,paper_RFDE
449_20240417,013_333_20240408,2024-04-17 01:31:20.623052800+00:00,2024-04-08 11:54:27+00:00,-8.56728730385185,1,-0.055657057997718695,411647.3230055684,5226070.459740169,post,E,3-10d,paper_RFDE
449_20240417,013_540_20240415,2024-04-17 01:31:20.623052800+00:00,2024-04-15 20:56:17+00:00,-1.1910141557037037,2,0.0545659226645725,411705.8987198698,5226115.76310879,post,E,1-3d,paper_RFDE
449_20240417,014_055_20240419,2024-04-17 01:31:20.623052800+00:00,2024-04-19 10:17:25+00:00,2.365328436888889,3,-0.03309381546752377,411637.4790237306,5225907.59599641,post,E,1-3d,paper_RFDE
449_20240417,014_262_20240426,2024-04-17 01:31:20.623052800+00:00,2024-04-26 19:19:13+00:00,9.74157843688889,3,-0.12129204649833625,411657.88375972415,5226029.695240445,post,E,3-10d,paper_RFDE
449_20240716,017_540_20240708,2024-07-16 21:11:08.473123328+00:00,2024-07-08 07:56:34+00:00,-8.551787883371851,13,-0.03564962287113005,414805.7250260666,5217633.613079834,post,E,3-10d,paper_RFDE
449_20240716,018_055_20240711,2024-07-16 21:11:08.473123328+00:00,2024-07-11 21:17:43+00:00,-4.995433716705185,4,-0.13606561755334567,410709.9764169491,5226719.835766037,post,E,3-10d,paper_RFDE
449_20241015,022_262_20241010,2024-10-15 16:50:49.577246464+00:00,2024-10-10 17:19:44+00:00,-4.979925662574814,1,0.1679512009121531,405030.63248807937,5230465.935371366,post,E,3-10d,paper_RFDE
449_20241015,022_333_20241013,2024-10-15 16:50:49.577246464+00:00,2024-10-13 06:40:20+00:00,-2.4239534403525926,4,-0.34480793249433894,404922.2721941768,5230751.467299625,post,E,1-3d,paper_RFDE
449_20241015,022_540_20241020,2024-10-15 16:50:49.577246464+00:00,2024-10-20 15:42:01+00:00,4.952215541128889,3,-0.17833755295244913,404910.5543543528,5230849.412151738,post,E,3-10d,paper_RFDE
449_20241015,023_055_20241024,2024-10-15 16:50:49.577246464+00:00,2024-10-24 05:03:10+00:00,8.508569707795555,4,-0.18844158111873988,404926.88519836223,5230752.250106389,post,E,3-10d,paper_RFDE
449_20250114,026_333_20250104,2025-01-14 12:30:21.127112448+00:00,2025-01-04 17:40:33+00:00,-9.784584804542222,4,-0.3133063389102082,413965.9863996953,5212005.606191266,post,E,3-10d,paper_RFDE
449_20250114,027_055_20250115,2025-01-14 12:30:21.127112448+00:00,2025-01-15 16:03:27+00:00,1.1479846399022222,4,-0.14412692642908542,413967.43233503366,5212006.0661891075,post,E,1-3d,paper_RFDE
449_20250114,027_262_20250123,2025-01-14 12:30:21.127112448+00:00,2025-01-23 01:05:16+00:00,8.524246213976296,4,-0.00825645554550647,413957.6256902571,5215705.656306196,post,E,3-10d,paper_RFDE
449_20250415,030_540_20250405,2025-04-15 08:09:49.030778368+00:00,2025-04-05 13:42:35+00:00,-9.768912393268149,17,0.18845104110931032,413126.341402883,5212079.898421384,post,E,3-10d,paper_RFDE
449_20250415,031_055_20250409,2025-04-15 08:09:49.030778368+00:00,2025-04-09 03:03:45+00:00,-6.212546652527408,24,0.07266189583356653,411902.97459200904,5210276.805836956,post,E,3-10d,paper_RFDE
449_20250415,031_262_20250416,2025-04-15 08:09:49.030778368+00:00,2025-04-16 12:05:34+00:00,1.1637149215466667,16,0.19910175095174587,412918.2993905237,5209824.189861456,post,E,1-3d,paper_RFDE
449_20250415,031_333_20250419,2025-04-15 08:09:49.030778368+00:00,2025-04-19 01:25:56+00:00,3.7195251067318518,15,0.1475174430959285,411819.98885103245,5210886.4659616565,post,E,3-10d,paper_RFDE
5_20230620,549_001_20230611,2023-06-20 15:57:04.291101440+00:00,2023-06-11 10:58:25+00:00,-9.207399202562963,3,-0.06161157792525529,387445.6201015585,5161985.3351809755,pre_drawdown,E,3-10d,paper_RFDE
5_20230620,550_001_20230612,2023-06-20 15:57:04.291101440+00:00,2023-06-12 10:49:03+00:00,-8.213903832192592,4,-0.05101386744199932,387448.1388697742,5161577.019126745,pre_drawdown,E,3-10d,paper_RFDE
5_20230620,551_001_20230613,2023-06-20 15:57:04.291101440+00:00,2023-06-13 10:39:40+00:00,-7.2204200358962956,2,-0.005992109412073177,387077.4597212839,5160318.674197124,pre_drawdown,E,3-10d,paper_RFDE
5_20230620,554_001_20230616,2023-06-20 15:57:04.291101440+00:00,2023-06-16 10:11:33+00:00,-4.239945498859259,3,-0.0929108208984637,387353.07758573245,5160954.1863607215,pre_drawdown,E,3-10d,paper_RFDE
5_20230620,556_001_20230618,2023-06-20 15:57:04.291101440+00:00,2023-06-18 09:52:49+00:00,-2.2529547581185185,4,-0.17259111261809146,387445.80293664115,5161577.931940734,pre_drawdown,E,1-3d,paper_RFDE
5_20230620,557_001_20230619,2023-06-20 15:57:04.291101440+00:00,2023-06-19 09:43:27+00:00,-1.2594593877481481,4,-0.23852390027230985,387453.27405636146,5161581.53128786,pre_drawdown,E,1-3d,paper_RFDE
5_20230620,559_001_20230621,2023-06-20 15:57:04.291101440+00:00,2023-06-21 09:24:44+00:00,0.7275429270666667,4,-0.14732597089494792,387426.5800448252,5161559.005534036,pre_drawdown,E,<=1d,paper_RFDE
5_20230620,560_001_20230622,2023-06-20 15:57:04.291101440+00:00,2023-06-22 09:15:22+00:00,1.721038297437037,4,-0.09182688948394713,387286.606982117,5161056.235216953,pre_drawdown,E,1-3d,paper_RFDE
5_20230620,561_001_20230623,2023-06-20 15:57:04.291101440+00:00,2023-06-23 09:06:00+00:00,2.7145336678074075,4,-0.05849182757679916,387447.22227979277,5161576.733068019,pre_drawdown,E,1-3d,paper_RFDE
5_20230620,562_001_20230624,2023-06-20 15:57:04.291101440+00:00,2023-06-24 08:56:37+00:00,3.708017464103704,4,-0.020119420152443723,387452.46248252084,5161579.762679828,pre_drawdown,E,3-10d,paper_RFDE
5_20230620,563_001_20230625,2023-06-20 15:57:04.291101440+00:00,2023-06-25 08:47:15+00:00,4.701512834474074,4,-0.05345565465669555,387447.5513062973,5161579.030951871,pre_drawdown,E,3-10d,paper_RFDE
5_20230620,564_001_20230626,2023-06-20 15:57:04.291101440+00:00,2023-06-26 08:37:53+00:00,5.695008204844445,4,-0.09036863268918971,387459.2217398817,5161578.73744135,pre_drawdown,E,3-10d,paper_RFDE
5_20230620,565_001_20230627,2023-06-20 15:57:04.291101440+00:00,2023-06-27 08:28:31+00:00,6.688503575214815,4,-0.04980268246886865,387455.67227732437,5161581.578692578,pre_drawdown,E,3-10d,paper_RFDE
5_20230919,003_333_20230912,2023-09-19 11:36:24.885276672+00:00,2023-09-12 20:23:42+00:00,-6.633829690702222,4,0.09899935508877622,388467.5905308388,5159597.693753006,post,E,3-10d,paper_RFDE
669_20230504,501_001_20230424,2023-05-04 05:48:54.110402304+00:00,2023-04-24 18:28:11+00:00,-9.472721185211851,1,-0.7236467262916086,527723.8257869298,5181399.315514942,pre_drawdown,F,3-10d,paper_RFDE
669_20230504,504_001_20230427,2023-05-04 05:48:54.110402304+00:00,2023-04-27 18:00:05+00:00,-6.492235074100741,3,-0.06486437932617051,524950.965481568,5178350.974881882,pre_drawdown,F,3-10d,paper_RFDE
669_20230504,505_001_20230428,2023-05-04 05:48:54.110402304+00:00,2023-04-28 17:50:43+00:00,-5.4987397037303705,3,-0.0938233408122251,524961.8716737969,5178684.401733128,pre_drawdown,F,3-10d,paper_RFDE
669_20230504,506_001_20230429,2023-05-04 05:48:54.110402304+00:00,2023-04-29 17:41:21+00:00,-4.505244333359999,3,-0.002990151782141126,524963.7935603029,5178303.222734918,pre_drawdown,F,3-10d,paper_RFDE
669_20230504,514_001_20230507,2023-05-04 05:48:54.110402304+00:00,2023-05-07 16:26:22+00:00,3.442683907380741,3,0.10985177825140546,524963.9646311529,5178330.892144556,pre_drawdown,F,3-10d,paper_RFDE
669_20230504,515_001_20230508,2023-05-04 05:48:54.110402304+00:00,2023-05-08 16:17:00+00:00,4.436179277751111,3,0.16671325806664505,524965.8489882869,5178314.709717626,pre_drawdown,F,3-10d,paper_RFDE
669_20240501,014_234_20240425,2024-05-01 12:26:50.735360768+00:00,2024-04-25 19:18:43+00:00,-5.713978418527407,1,-0.27549250204492637,526981.8225306151,5180400.975873588,post,F,3-10d,paper_RFDE
669_20240501,015_027_20240509,2024-05-01 12:26:50.735360768+00:00,2024-05-09 07:01:49+00:00,7.774285470361481,7,0.1529828009734313,526680.1451632897,5179382.017176984,post,F,3-10d,paper_RFDE
669_20240731,018_540_20240729,2024-07-31 08:06:19.800500224+00:00,2024-07-29 04:41:49+00:00,-2.1420231539377776,4,0.17813632515637323,524160.3560394463,5178127.967531057,post,F,1-3d,paper_RFDE
669_20240731,019_234_20240808,2024-07-31 08:06:19.800500224+00:00,2024-08-08 03:04:06+00:00,7.790118049765926,1,-0.011517119851768953,525566.2779621911,5178630.292306291,post,F,3-10d,paper_RFDE
669_20250429,031_540_20250426,2025-04-29 19:05:09.291428096+00:00,2025-04-26 10:27:52+00:00,-3.3592279100474074,5,0.013381165773136416,526707.7176840357,5179285.817555699,post,F,3-10d,paper_RFDE
729_20230807,001_333_20230802,2023-08-07 01:19:44.112070656+00:00,2023-08-02 02:53:32+00:00,-4.934862408225185,1,-0.22263737994818555,475613.7189847912,5167841.903574877,pre_drawdown,F,3-10d,paper_RFDE
729_20231105,006_027_20231103,2023-11-05 20:59:21.176432640+00:00,2023-11-03 12:15:55+00:00,-2.363497412414815,2,-0.11827015494188142,474649.170401798,5163860.907562103,post,F,1-3d,paper_RFDE
729_20240204,010_333_20240205,2024-02-04 16:38:53.793192448+00:00,2024-02-05 21:39:17+00:00,1.208601930642963,9,-0.035903473337221214,473042.65378399123,5163901.890228656,post,F,1-3d,paper_RFDE
729_20240804,018_540_20240729,2024-08-04 07:58:13.935981056+00:00,2024-07-29 04:41:49+00:00,-6.136399722002962,7,0.06126842771524821,468076.0844029251,5160350.87440057,post,D,3-10d,paper_RFDE
729_20240804,019_333_20240811,2024-08-04 07:58:13.935981056+00:00,2024-08-11 16:24:58+00:00,7.351898889108148,7,0.009518154507809129,468073.67287090205,5160343.879828155,post,D,3-10d,paper_RFDE
729_20241103,023_333_20241103,2024-11-03 03:37:45.389246208+00:00,2024-11-03 03:25:18+00:00,-0.008650338497777778,14,-0.032133730154549234,476063.6916722207,5165346.950234875,post,F,<=1d,paper_RFDE
729_20250201,027_333_20250125,2025-02-01 23:17:15.559536384+00:00,2025-01-25 14:25:37+00:00,-7.36919629093037,3,0.10348828693734902,470241.71983185346,5162944.549015167,post,D,3-10d,paper_RFDE
729_20250201,028_027_20250204,2025-02-01 23:17:15.559536384+00:00,2025-02-04 12:47:40+00:00,2.5627828757362963,3,0.04431378738540914,473361.70547562896,5163178.281273016,post,F,1-3d,paper_RFDE
729_20250503,031_540_20250426,2025-05-03 18:57:00.451484416+00:00,2025-04-26 10:27:52+00:00,-7.353570040328889,1,-0.15211977924760234,465937.37141897145,5160500.42272329,post,D,3-10d,paper_RFDE
789_20230512,510_001_20230503,2023-05-12 05:32:06.889442560+00:00,2023-05-03 17:03:50+00:00,-8.519639924103704,6,0.18482647888189963,407428.574911657,5158155.213667013,pre_drawdown,E,3-10d,paper_RFDE
789_20230512,511_001_20230504,2023-05-12 05:32:06.889442560+00:00,2023-05-04 16:54:28+00:00,-7.526144553733333,6,0.14451856346882686,407395.7887681171,5158149.621120436,pre_drawdown,E,3-10d,paper_RFDE
789_20230512,514_001_20230507,2023-05-12 05:32:06.889442560+00:00,2023-05-07 16:26:21+00:00,-4.545670016696296,6,0.14330542782434996,407407.27737439075,5158153.628326622,pre_drawdown,E,3-10d,paper_RFDE
789_20230512,515_001_20230508,2023-05-12 05:32:06.889442560+00:00,2023-05-08 16:16:59+00:00,-3.5521746463259256,6,0.11088604657845025,407407.41752221034,5158158.563061297,pre_drawdown,E,3-10d,paper_RFDE
789_20230512,516_001_20230509,2023-05-12 05:32:06.889442560+00:00,2023-05-09 16:07:37+00:00,-2.5586792759555554,6,0.08794081802285181,407403.2782365433,5158146.872300963,pre_drawdown,E,1-3d,paper_RFDE
789_20230512,517_001_20230510,2023-05-12 05:32:06.889442560+00:00,2023-05-10 15:58:15+00:00,-1.5651839055851853,6,0.12014615064365586,407411.6606183642,5158154.134684125,pre_drawdown,E,1-3d,paper_RFDE
789_20230512,518_001_20230511,2023-05-12 05:32:06.889442560+00:00,2023-05-11 15:48:52+00:00,-0.5717001092888889,6,0.10575223294594505,407412.334184445,5158149.994893155,pre_drawdown,E,<=1d,paper_RFDE
789_20230512,519_001_20230512,2023-05-12 05:32:06.889442560+00:00,2023-05-12 15:39:30+00:00,0.42179526108148147,4,0.07978700283032225,407274.02156219166,5158144.454179134,pre_drawdown,E,<=1d,paper_RFDE
789_20230512,521_001_20230514,2023-05-12 05:32:06.889442560+00:00,2023-05-14 15:20:45+00:00,2.408774427748148,6,0.1886616981581417,407409.837748845,5158151.763142358,pre_drawdown,E,1-3d,paper_RFDE
789_20230512,522_001_20230515,2023-05-12 05:32:06.889442560+00:00,2023-05-15 15:11:23+00:00,3.402269798118519,6,0.17997075023949805,407416.4335250071,5158160.264969085,pre_drawdown,E,3-10d,paper_RFDE
789_20230512,523_001_20230516,2023-05-12 05:32:06.889442560+00:00,2023-05-16 15:02:00+00:00,4.395753594414815,6,0.21162341993736344,407417.3638766262,5158159.341035386,pre_drawdown,E,3-10d,paper_RFDE
789_20230512,525_001_20230518,2023-05-12 05:32:06.889442560+00:00,2023-05-18 14:43:16+00:00,6.3827443351555555,6,0.2124034055400852,407404.5666556918,5158156.992609113,pre_drawdown,E,3-10d,paper_RFDE
789_20230811,001_333_20230802,2023-08-11 01:11:18.406508544+00:00,2023-08-02 02:53:33+00:00,-8.928997760515555,19,0.18399876674469695,412569.5740054047,5209075.032038992,pre_drawdown,E,3-10d,paper_RFDE
789_20231109,005_540_20231031,2023-11-09 20:50:50.968006144+00:00,2023-10-31 22:55:37+00:00,-8.913356111182223,7,0.08290015650806382,409748.1425490201,5227288.5691579655,post,E,3-10d,paper_RFDE
789_20231109,006_055_20231104,2023-11-09 20:50:50.968006144+00:00,2023-11-04 12:16:46+00:00,-5.357001944515556,10,0.22207569259110294,409937.379742609,5192945.116152475,post,E,3-10d,paper_RFDE
789_20231109,006_262_20231111,2023-11-09 20:50:50.968006144+00:00,2023-11-11 21:18:26+00:00,2.019155462891852,5,0.36700179216374984,406730.1988452006,5228819.6167812655,post,E,1-3d,paper_RFDE
789_20240208,010_262_20240203,2024-02-08 16:30:21.230577664+00:00,2024-02-03 08:18:47+00:00,-5.341368409463704,1,0.07071225580297735,405487.4061534867,5229628.743764562,post,E,3-10d,paper_RFDE
789_20240208,010_333_20240205,2024-02-08 16:30:21.230577664+00:00,2024-02-05 21:39:23+00:00,-2.7853961872414814,1,0.44530351316587335,405466.73296699487,5229610.994683053,post,E,1-3d,paper_RFDE
789_20240208,010_540_20240213,2024-02-08 16:30:21.230577664+00:00,2024-02-13 06:41:03+00:00,4.590761220165926,4,0.8111797372969791,405221.5631885078,5229811.616584374,post,E,3-10d,paper_RFDE
789_20240208,011_055_20240216,2024-02-08 16:30:21.230577664+00:00,2024-02-16 20:02:12+00:00,8.147115386832592,4,-0.13943821257266453,405228.64797172823,5229806.403477566,post,E,3-10d,paper_RFDE
789_20240509,015_055_20240510,2024-05-09 12:10:02.123703552+00:00,2024-05-10 07:02:28+00:00,0.7864106052829629,12,-0.04552683307005445,409277.1198947914,5161962.737597309,post,E,<=1d,paper_RFDE
789_20240509,015_262_20240517,2024-05-09 12:10:02.123703552+00:00,2024-05-17 16:04:28+00:00,8.162799494171853,10,0.055640004242625274,406634.4171630208,5158363.055690421,post,E,3-10d,paper_RFDE
789_20240808,019_055_20240801,2024-08-08 07:49:52.558762496+00:00,2024-08-01 18:02:47+00:00,-6.5743698930844445,6,0.22237342918403158,408950.2319853541,5193592.985737575,post,E,3-10d,paper_RFDE
789_20240808,019_262_20240809,2024-08-08 07:49:52.558762496+00:00,2024-08-09 03:04:46+00:00,0.8020074217303703,1,0.017005919191772634,408073.8655466689,5161629.170438364,post,E,<=1d,paper_RFDE
789_20240808,019_333_20240811,2024-08-08 07:49:52.558762496+00:00,2024-08-11 16:25:00.500000+00:00,3.35773080136,6,-0.020979928580667995,408932.4857162995,5193567.07075834,post,E,3-10d,paper_RFDE
789_20250205,027_540_20250201,2025-02-05 23:09:11.233644800+00:00,2025-02-01 23:27:22+00:00,-3.9873753894074078,11,0.15612624685814325,405019.4507261617,5232792.954875301,post,E,3-10d,paper_RFDE
789_20250205,028_055_20250205,2025-02-05 23:09:11.233644800+00:00,2025-02-05 12:48:31+00:00,-0.43102122274074073,14,-0.006676125816571954,405382.2116776569,5229666.635323324,post,E,<=1d,paper_RFDE
789_20250205,028_262_20250212,2025-02-05 23:09:11.233644800+00:00,2025-02-12 21:50:10+00:00,6.945124610592592,14,0.21289693445787083,405274.27290859236,5229838.54746221,post,E,3-10d,paper_RFDE
789_20250205,028_333_20250215,2025-02-05 23:09:11.233644800+00:00,2025-02-15 11:10:47+00:00,9.50110840688889,14,-0.034701888956373494,405346.00397644547,5229642.259812869,post,E,3-10d,paper_RFDE
789_20250507,032_055_20250429,2025-05-07 18:48:31.444940800+00:00,2025-04-29 23:48:49+00:00,-7.7914634831111105,1,-0.08003787167710996,406306.3813341137,5160831.72199208,post,E,3-10d,paper_RFDE
829_20230514,512_001_20230505,2023-05-14 17:37:53.403415552+00:00,2023-05-05 16:45:13+00:00,-9.036578743235555,42,0.0149703000566479,486927.0386090162,5174350.465122944,pre_drawdown,F,3-10d,paper_RFDE
829_20230514,514_001_20230507,2023-05-14 17:37:53.403415552+00:00,2023-05-07 16:26:23+00:00,-7.049657446939259,85,-0.05365557078501482,486978.19198920095,5194130.538303787,pre_drawdown,F,3-10d,paper_RFDE
829_20230514,515_001_20230508,2023-05-14 17:37:53.403415552+00:00,2023-05-08 16:17:00+00:00,-6.056173650642963,86,-0.038633911216036765,487005.92519515695,5194160.416453088,pre_drawdown,F,3-10d,paper_RFDE
829_20230514,516_001_20230509,2023-05-14 17:37:53.403415552+00:00,2023-05-09 16:07:38+00:00,-5.062678280272593,66,-0.02788536099459904,486990.9095215569,5195539.862443846,pre_drawdown,F,3-10d,paper_RFDE
829_20230514,517_001_20230510,2023-05-14 17:37:53.403415552+00:00,2023-05-10 15:58:16+00:00,-4.0691829099022225,77,-0.007241827569284709,486945.32686346397,5194082.846388726,pre_drawdown,F,3-10d,paper_RFDE
829_20230514,518_001_20230511,2023-05-14 17:37:53.403415552+00:00,2023-05-11 15:48:54+00:00,-3.075687539531852,55,0.009681819045738393,487198.66853333905,5198562.406147494,pre_drawdown,F,3-10d,paper_RFDE
829_20230514,519_001_20230512,2023-05-14 17:37:53.403415552+00:00,2023-05-12 15:39:31+00:00,-2.0822037432355556,66,-0.013049807065982577,487105.1796142688,5194108.681469567,pre_drawdown,F,1-3d,paper_RFDE
829_20230514,520_001_20230513,2023-05-14 17:37:53.403415552+00:00,2023-05-13 15:30:09+00:00,-1.0887083728651852,58,-0.01810043487856916,486994.8064088491,5199833.651626397,pre_drawdown,F,1-3d,paper_RFDE
829_20230514,521_001_20230514,2023-05-14 17:37:53.403415552+00:00,2023-05-14 15:20:46+00:00,-0.09522457656888889,72,0.011578849736235242,486867.7632435922,5183784.360332029,pre_drawdown,F,<=1d,paper_RFDE
829_20230514,522_001_20230515,2023-05-14 17:37:53.403415552+00:00,2023-05-15 15:11:24+00:00,0.8982707938014814,86,0.046830296681452666,487000.2705952199,5194265.406828748,pre_drawdown,F,<=1d,paper_RFDE
829_20230514,523_001_20230516,2023-05-14 17:37:53.403415552+00:00,2023-05-16 15:02:01+00:00,1.891754590097778,48,0.05524109096974428,486825.2810951003,5176427.685637925,pre_drawdown,F,1-3d,paper_RFDE
829_20230514,524_001_20230517,2023-05-14 17:37:53.403415552+00:00,2023-05-17 14:52:47+00:00,2.885342553060741,19,0.09618210835994034,488260.12801256974,5214501.58041686,pre_drawdown,F,1-3d,paper_RFDE
829_20230514,525_001_20230518,2023-05-14 17:37:53.403415552+00:00,2023-05-18 14:43:17+00:00,3.8787453308385187,84,0.03593451140666737,487039.53364777874,5194909.714899536,pre_drawdown,F,3-10d,paper_RFDE
829_20230514,530_001_20230523,2023-05-14 17:37:53.403415552+00:00,2023-05-23 13:56:27+00:00,8.84622218269037,75,0.07724978777931923,487145.69010628475,5195552.659259577,pre_drawdown,F,3-10d,paper_RFDE
829_20230514,531_001_20230524,2023-05-14 17:37:53.403415552+00:00,2023-05-24 13:47:05+00:00,9.83971755306074,82,0.06960729943758981,486961.7636929156,5188542.326548411,pre_drawdown,F,3-10d,paper_RFDE
829_20230813,002_333_20230822,2023-08-13 13:17:05.654061056+00:00,2023-08-22 23:38:37+00:00,9.43161280021926,18,0.09421592324727879,484776.05398525164,5196967.530602027,pre_drawdown,F,3-10d,paper_RFDE
829_20231112,006_027_20231103,2023-11-12 08:56:46.374199040+00:00,2023-11-03 12:16:05+00:00,-8.861589979155555,27,-0.5086286587206548,485732.49637135566,5173320.07495165,post,F,3-10d,paper_RFDE
829_20231112,006_540_20231121,2023-11-12 08:56:46.374199040+00:00,2023-11-21 19:40:52+00:00,9.44728733565926,13,-0.36986105185455287,485737.2343667799,5173002.797543041,post,F,3-10d,paper_RFDE
829_20240810,019_333_20240811,2024-08-10 19:55:49.073580032+00:00,2024-08-11 16:24:58+00:00,0.8535755372681482,67,-0.028513479638206718,486784.8372362389,5189129.691944247,post,F,<=1d,paper_RFDE
829_20240810,019_540_20240819,2024-08-10 19:55:49.073580032+00:00,2024-08-19 01:26:53+00:00,8.229906555786666,49,-0.03555123558118112,486963.6694243895,5189325.211294212,post,F,3-10d,paper_RFDE
829_20241109,023_333_20241103,2024-11-09 15:35:06.683130880+00:00,2024-11-03 03:25:19+00:00,-6.506801888088889,43,0.2055071558752104,486541.06680506,5198456.08628322,post,F,3-10d,paper_RFDE
829_20250208,027_540_20250201,2025-02-08 11:15:05.242047488+00:00,2025-02-01 23:27:32+00:00,-6.491356968142222,36,0.19350095993551442,487181.31055493985,5205145.7145487005,post,F,3-10d,paper_RFDE
829_20250208,028_027_20250204,2025-02-08 11:15:05.242047488+00:00,2025-02-04 12:47:50+00:00,-3.935593079253333,71,0.2667339602900256,486847.899244647,5188934.2077369215,post,F,3-10d,paper_RFDE
829_20250208,028_333_20250215,2025-02-08 11:15:05.242047488+00:00,2025-02-15 11:10:42+00:00,6.996953217042963,62,0.3149370390574555,487061.72501179215,5194690.501954323,post,F,3-10d,paper_RFDE
889_20230518,516_001_20230509,2023-05-18 17:29:33.121985024+00:00,2023-05-09 16:07:37+00:00,-9.056899560011852,8,-0.14959809670331303,425778.712775684,5156120.225523767,pre_drawdown,E,3-10d,paper_RFDE
889_20230518,517_001_20230510,2023-05-18 17:29:33.121985024+00:00,2023-05-10 15:58:15+00:00,-8.063404189641481,8,-0.09058976983853828,425783.1373465989,5156140.692667499,pre_drawdown,E,3-10d,paper_RFDE
889_20230518,518_001_20230511,2023-05-18 17:29:33.121985024+00:00,2023-05-11 15:48:52+00:00,-7.069920393345185,9,-0.08940942640526472,425682.12188480934,5156138.491851248,pre_drawdown,E,3-10d,paper_RFDE
889_20230518,519_001_20230512,2023-05-18 17:29:33.121985024+00:00,2023-05-12 15:39:30+00:00,-6.0764250229748145,9,-0.13436285570128526,425676.15322158113,5156118.169562184,pre_drawdown,E,3-10d,paper_RFDE
889_20230518,521_001_20230514,2023-05-18 17:29:33.121985024+00:00,2023-05-14 15:20:45+00:00,-4.089445856308148,9,-0.01995746746291438,425681.3636832355,5156135.985956653,pre_drawdown,E,3-10d,paper_RFDE
889_20230518,522_001_20230515,2023-05-18 17:29:33.121985024+00:00,2023-05-15 15:11:23+00:00,-3.0959504859377778,9,0.03156187383614295,425680.28213488153,5156138.291546222,pre_drawdown,E,3-10d,paper_RFDE
889_20230518,523_001_20230516,2023-05-18 17:29:33.121985024+00:00,2023-05-16 15:02:00+00:00,-2.1024666896414814,4,-0.007882433420063784,422731.7107085603,5156073.745951144,pre_drawdown,E,1-3d,paper_RFDE
889_20230518,525_001_20230518,2023-05-18 17:29:33.121985024+00:00,2023-05-18 14:43:16+00:00,-0.11547594890074074,9,-0.0494681973161164,425681.654517898,5156143.481552628,pre_drawdown,E,<=1d,paper_RFDE
889_20230518,530_001_20230523,2023-05-18 17:29:33.121985024+00:00,2023-05-23 13:56:26+00:00,4.852000902951111,7,-0.060805071918814235,425679.53737846797,5156142.762970203,pre_drawdown,E,3-10d,paper_RFDE
889_20230518,531_001_20230524,2023-05-18 17:29:33.121985024+00:00,2023-05-24 13:47:04+00:00,5.845496273321482,3,-0.06367750200029221,425271.06505985424,5151999.873990974,pre_drawdown,E,3-10d,paper_RFDE
889_20230518,533_001_20230526,2023-05-18 17:29:33.121985024+00:00,2023-05-26 13:28:20+00:00,7.832487014062223,7,-0.06146624878454432,422948.47369980655,5154692.186451077,pre_drawdown,E,3-10d,paper_RFDE
889_20230518,534_001_20230527,2023-05-18 17:29:33.121985024+00:00,2023-05-27 13:18:58+00:00,8.825982384432592,3,-0.05652992415529212,428338.33700767416,5151188.725609439,pre_drawdown,E,3-10d,paper_RFDE
889_20230817,002_333_20230822,2023-08-17 13:08:45.236499200+00:00,2023-08-22 23:38:35+00:00,5.437381522,10,0.0491053666815251,422542.0932453644,5158276.1635735165,pre_drawdown,E,3-10d,paper_RFDE
889_20231116,006_262_20231111,2023-11-16 08:48:32.980820992+00:00,2023-11-11 21:18:36+00:00,-4.479131722465185,2,0.25710031706938086,422044.4284418087,5162261.363480546,post,E,3-10d,paper_RFDE
889_20231116,006_540_20231121,2023-11-16 08:48:32.980820992+00:00,2023-11-21 19:40:52+00:00,5.452997907164445,8,-0.18203636491949204,424782.1702149912,5156166.386520791,post,E,3-10d,paper_RFDE
889_20240814,019_262_20240809,2024-08-14 19:47:21.786861312+00:00,2024-08-09 03:04:46+00:00,-5.696247533117037,3,-0.061447075692298014,425308.41492455883,5157586.509821782,post,E,3-10d,paper_RFDE
889_20240814,019_333_20240811,2024-08-14 19:47:21.786861312+00:00,2024-08-11 16:24:57+00:00,-3.140564662746667,7,-0.06623358102765309,428324.9690538718,5155748.520937157,post,E,3-10d,paper_RFDE
889_20240814,019_540_20240819,2024-08-14 19:47:21.786861312+00:00,2024-08-19 01:26:53+00:00,4.235777929845926,7,-0.28670262170298244,428330.18797228765,5155752.210935946,post,E,3-10d,paper_RFDE
889_20250212,028_262_20250212,2025-02-12 11:06:31.830204416+00:00,2025-02-12 21:50:29+00:00,0.44718946522666664,3,0.19564691139031254,425676.53807407664,5156240.04880862,post,E,<=1d,paper_RFDE
889_20250212,028_333_20250215,2025-02-12 11:06:31.830204416+00:00,2025-02-15 11:10:40+00:00,3.002872335597037,7,0.09173140733608776,425687.30088472867,5156146.283873267,post,E,3-10d,paper_RFDE
989_20230824,002_305_20230821,2023-08-24 00:20:56.804620032+00:00,2023-08-21 23:38:23+00:00,-2.029557923842963,1,0.2520720623673185,655152.2030950245,5303025.584118071,pre_drawdown,R,1-3d,paper_RFDE
989_20230824,002_512_20230829,2023-08-24 00:20:56.804620032+00:00,2023-08-29 08:39:43+00:00,5.346368002082962,1,-0.2680588743895278,655896.9704765716,5298048.434294413,pre_drawdown,R,3-10d,paper_RFDE
989_20250218,028_206_20250210,2025-02-18 22:18:29.114391552+00:00,2025-02-10 21:48:57+00:00,-8.020510583235556,2,-0.15489239607828154,655343.5316072451,5302998.671488309,post,R,3-10d,paper_RFDE
1173_20230606,534_001_20230527,2023-06-06 04:16:19.606756096+00:00,2023-05-27 13:18:59+00:00,-9.623155170788149,48,-0.599589904366864,485571.82765103097,5177695.744088161,pre_drawdown,F,3-10d,legacy_ZONE_1to4
1173_20230606,535_001_20230528,2023-06-06 04:16:19.606756096+00:00,2023-05-28 13:09:36+00:00,-8.629671374491853,55,-0.14320304060782085,485592.18465178274,5177947.32288094,pre_drawdown,F,3-10d,legacy_ZONE_1to4
1173_20230606,536_001_20230529,2023-06-06 04:16:19.606756096+00:00,2023-05-29 13:00:14+00:00,-7.636176004121482,58,-0.10011331779014121,485569.9184863996,5180381.045163341,pre_drawdown,F,3-10d,legacy_ZONE_1to4
1173_20230606,537_001_20230530,2023-06-06 04:16:19.606756096+00:00,2023-05-30 12:50:52+00:00,-6.6426806337511115,59,-0.027973517735986775,485561.7162249111,5180403.368382461,pre_drawdown,F,3-10d,legacy_ZONE_1to4
1173_20230606,538_001_20230531,2023-06-06 04:16:19.606756096+00:00,2023-05-31 12:41:30+00:00,-5.6491852633807405,59,-0.09942319128907684,485562.9503277705,5180403.742318743,pre_drawdown,F,3-10d,legacy_ZONE_1to4
1173_20230606,539_001_20230601,2023-06-06 04:16:19.606756096+00:00,2023-06-01 12:32:08+00:00,-4.65568989301037,51,0.030916275648198877,485442.9224788916,5184139.776365574,pre_drawdown,F,3-10d,legacy_ZONE_1to4
1173_20230606,540_001_20230602,2023-06-06 04:16:19.606756096+00:00,2023-06-02 12:22:45+00:00,-3.6622060967140744,54,0.048308472469478225,485597.7437755645,5182217.64485692,pre_drawdown,F,3-10d,legacy_ZONE_1to4
1173_20230606,541_001_20230603,2023-06-06 04:16:19.606756096+00:00,2023-06-03 12:13:23+00:00,-2.6687107263437038,58,-0.08419986149140435,485567.8613951097,5180376.737636788,pre_drawdown,F,1-3d,legacy_ZONE_1to4
1173_20230606,542_001_20230604,2023-06-06 04:16:19.606756096+00:00,2023-06-04 12:04:01+00:00,-1.6752153559733334,60,-0.22952257277534294,485536.5176279994,5180383.70832286,pre_drawdown,F,1-3d,legacy_ZONE_1to4
1173_20230606,543_001_20230605,2023-06-06 04:16:19.606756096+00:00,2023-06-05 11:54:39+00:00,-0.681719985602963,55,-0.1700907316339162,485582.54786454065,5180479.504130627,pre_drawdown,F,<=1d,legacy_ZONE_1to4
1173_20230606,544_001_20230606,2023-06-06 04:16:19.606756096+00:00,2023-06-06 11:45:17+00:00,0.3117753847674074,59,1.6501119751303932,485564.07798532373,5180406.577241615,pre_drawdown,F,<=1d,legacy_ZONE_1to4
1173_20230606,545_001_20230607,2023-06-06 04:16:19.606756096+00:00,2023-06-07 11:35:55+00:00,1.3052707551377778,6,4.795155509092579,488690.9676008377,5172304.29858158,pre_drawdown,F,1-3d,legacy_ZONE_1to4
1173_20230606,546_001_20230608,2023-06-06 04:16:19.606756096+00:00,2023-06-08 11:26:33+00:00,2.298766125508148,30,6.063742348461885,486021.64538693946,5194164.213833747,pre_drawdown,F,1-3d,legacy_ZONE_1to4
1173_20230606,547_001_20230609,2023-06-06 04:16:19.606756096+00:00,2023-06-09 11:17:11+00:00,3.2922614958785186,52,6.098126230530323,485610.6494145327,5180367.14392004,pre_drawdown,F,3-10d,legacy_ZONE_1to4
1173_20230606,548_001_20230610,2023-06-06 04:16:19.606756096+00:00,2023-06-10 11:07:48+00:00,4.2857452921748145,53,5.527252769186656,485567.99902806233,5180343.223929955,pre_drawdown,F,3-10d,legacy_ZONE_1to4
1173_20230606,549_001_20230611,2023-06-06 04:16:19.606756096+00:00,2023-06-11 10:58:26+00:00,5.2792406625451855,56,4.353689428078415,485543.6503872487,5177768.5039164,pre_drawdown,F,3-10d,legacy_ZONE_1to4
1173_20230606,550_001_20230612,2023-06-06 04:16:19.606756096+00:00,2023-06-12 10:49:04+00:00,6.272736032915556,53,4.038852832847681,485570.6751585029,5180350.447936324,pre_drawdown,F,3-10d,legacy_ZONE_1to4
1173_20230606,551_001_20230613,2023-06-06 04:16:19.606756096+00:00,2023-06-13 10:39:41+00:00,7.266219829211852,54,3.3076605141586306,485578.9034261138,5179083.554524048,pre_drawdown,F,3-10d,legacy_ZONE_1to4
1173_20230606,552_001_20230614,2023-06-06 04:16:19.606756096+00:00,2023-06-14 10:30:19+00:00,8.259715199582223,54,2.6311804046839544,485580.0122164991,5179084.4072002685,pre_drawdown,F,3-10d,legacy_ZONE_1to4
1173_20230904,002_540_20230830,2023-09-04 23:55:38.811826432+00:00,2023-08-30 08:40:34+00:00,-5.635472359102223,26,0.10488334497919904,488215.2572751853,5191331.11428832,post,F,3-10d,legacy_ZONE_1to4
1173_20230904,003_027_20230901,2023-09-04 23:55:38.811826432+00:00,2023-09-01 22:00:51+00:00,-3.0797200442874075,13,0.20316673064287016,488545.2120988554,5172978.478756045,post,F,3-10d,legacy_ZONE_1to4
1173_20230904,003_333_20230912,2023-09-04 23:55:38.811826432+00:00,2023-09-12 20:23:43+00:00,7.852826252008889,5,0.15171345114409718,488648.3508590288,5175383.807759001,post,F,3-10d,legacy_ZONE_1to4
1173_20240304,011_333_20240226,2024-03-04 15:14:50.369233664+00:00,2024-02-26 18:24:22+00:00,-6.868383903167407,36,0.10448897624226916,486523.68001571053,5176713.486717792,post,F,3-10d,legacy_ZONE_1to4
1173_20240304,011_540_20240305,2024-03-04 15:14:50.369233664+00:00,2024-03-05 03:26:17+00:00,0.5079471153511111,33,0.03787222425429704,486931.57868087734,5203038.322992974,post,F,<=1d,legacy_ZONE_1to4
1173_20240304,012_027_20240307,2024-03-04 15:14:50.369233664+00:00,2024-03-07 16:46:36+00:00,3.063722578314074,35,-0.22337584184176684,488892.85522540694,5176640.366816523,post,F,3-10d,legacy_ZONE_1to4
1173_20240902,020_333_20240901,2024-09-02 06:34:12.224180480+00:00,2024-09-01 13:10:00+00:00,-0.7251414835703703,18,-0.0062844432282753715,484266.8259676534,5193119.286636645,post,F,<=1d,legacy_ZONE_1to4
1173_20240902,020_540_20240908,2024-09-02 06:34:12.224180480+00:00,2024-09-08 22:11:59+00:00,6.651235831244445,15,-0.034864702590200025,486748.3822549445,5193586.084844521,post,F,3-10d,legacy_ZONE_1to4
1173_20240902,021_027_20240911,2024-09-02 06:34:12.224180480+00:00,2024-09-11 11:32:17+00:00,9.206999720133334,18,-0.04178313430899028,484299.8146369477,5193313.453457754,post,F,3-10d,legacy_ZONE_1to4
1173_20250302,029_027_20250225,2025-03-02 21:53:23.724071424+00:00,2025-02-25 09:32:56+00:00,-5.514209769345185,1,-0.5904278222992403,486000.42441397195,5170099.556490679,post,F,3-10d,legacy_ZONE_1to4
1233_20230610,538_001_20230531,2023-06-10 04:07:52.852517376+00:00,2023-05-31 12:41:30+00:00,-9.643320052284444,32,-0.888645198480444,423493.41115272423,5192869.146068987,pre_drawdown,E,3-10d,legacy_ZONE_1to4
1233_20230610,539_001_20230601,2023-06-10 04:07:52.852517376+00:00,2023-06-01 12:32:07+00:00,-8.649836255988147,31,-0.8068689515538878,423571.8110875436,5193525.2357615195,pre_drawdown,E,3-10d,legacy_ZONE_1to4
1233_20230610,540_001_20230602,2023-06-10 04:07:52.852517376+00:00,2023-06-02 12:22:45+00:00,-7.6563408856177775,32,-0.7772643540685538,423771.77564285416,5192869.236658644,pre_drawdown,E,3-10d,legacy_ZONE_1to4
1233_20230610,541_001_20230603,2023-06-10 04:07:52.852517376+00:00,2023-06-03 12:13:23+00:00,-6.662845515247407,33,-0.8560647284909386,423614.3940033498,5192212.914698428,pre_drawdown,E,3-10d,legacy_ZONE_1to4
1233_20230610,542_001_20230604,2023-06-10 04:07:52.852517376+00:00,2023-06-04 12:04:01+00:00,-5.669350144877037,33,-1.0335032482328153,423572.1499490968,5192215.757880755,pre_drawdown,E,3-10d,legacy_ZONE_1to4
1233_20230610,543_001_20230605,2023-06-10 04:07:52.852517376+00:00,2023-06-05 11:54:39+00:00,-4.675854774506667,31,-0.9310681400076533,423572.26982963766,5193523.971790786,pre_drawdown,E,3-10d,legacy_ZONE_1to4
1233_20230610,544_001_20230606,2023-06-10 04:07:52.852517376+00:00,2023-06-06 11:45:17+00:00,-3.6823594041362964,23,-0.7190028290404005,423572.26841640193,5193524.445033186,pre_drawdown,E,3-10d,legacy_ZONE_1to4
1233_20230610,545_001_20230607,2023-06-10 04:07:52.852517376+00:00,2023-06-07 11:35:55+00:00,-2.688864033765926,18,-0.16245482821439872,421251.33406037994,5200734.937373133,pre_drawdown,E,1-3d,legacy_ZONE_1to4
1233_20230610,546_001_20230608,2023-06-10 04:07:52.852517376+00:00,2023-06-08 11:26:33+00:00,-1.6953686633955558,23,0.08757076319234613,423239.35237692134,5197475.618938493,pre_drawdown,E,1-3d,legacy_ZONE_1to4
1233_20230610,547_001_20230609,2023-06-10 04:07:52.852517376+00:00,2023-06-09 11:17:11+00:00,-0.7018732930251852,23,0.11879482684738463,423233.26732214424,5198588.724714637,pre_drawdown,E,<=1d,legacy_ZONE_1to4
1233_20230610,548_001_20230610,2023-06-10 04:07:52.852517376+00:00,2023-06-10 11:07:48+00:00,0.2916105032711111,30,-0.0543162226817282,423327.04618769186,5194550.150153099,pre_drawdown,E,<=1d,legacy_ZONE_1to4
1233_20230610,549_001_20230611,2023-06-10 04:07:52.852517376+00:00,2023-06-11 10:58:26+00:00,1.2851058736414815,30,-0.3345652613448511,423331.1922596602,5194548.80419646,pre_drawdown,E,1-3d,legacy_ZONE_1to4
1233_20230610,550_001_20230612,2023-06-10 04:07:52.852517376+00:00,2023-06-12 10:49:04+00:00,2.2786012440118517,29,-0.4783065992728073,423416.16791294946,5194511.912076528,pre_drawdown,E,1-3d,legacy_ZONE_1to4
1233_20230610,551_001_20230613,2023-06-10 04:07:52.852517376+00:00,2023-06-13 10:39:41+00:00,3.272085040308148,28,-0.5133818640711594,423333.47640099394,5194551.738484986,pre_drawdown,E,3-10d,legacy_ZONE_1to4
1233_20230610,552_001_20230614,2023-06-10 04:07:52.852517376+00:00,2023-06-14 10:30:19+00:00,4.265580410678519,22,-0.5833563040556431,421349.5689720805,5198094.045291966,pre_drawdown,E,3-10d,legacy_ZONE_1to4
1233_20230610,554_001_20230616,2023-06-10 04:07:52.852517376+00:00,2023-06-16 10:11:34+00:00,6.252559577345186,28,-0.6978008903637054,423973.3252316426,5191287.230424276,pre_drawdown,E,3-10d,legacy_ZONE_1to4
1233_20230610,555_001_20230617,2023-06-10 04:07:52.852517376+00:00,2023-06-17 10:02:12+00:00,7.246054947715556,23,-0.7223673953493446,421411.35391961044,5198579.986545359,pre_drawdown,E,3-10d,legacy_ZONE_1to4
1233_20230610,556_001_20230618,2023-06-10 04:07:52.852517376+00:00,2023-06-18 09:52:50+00:00,8.239550318085927,27,-0.7858837641549297,423412.93542085076,5194582.4666428035,pre_drawdown,E,3-10d,legacy_ZONE_1to4
1233_20230610,557_001_20230619,2023-06-10 04:07:52.852517376+00:00,2023-06-19 09:43:28+00:00,9.233045688456297,25,-0.762608138975029,423227.9347245296,5197658.223752896,pre_drawdown,E,3-10d,legacy_ZONE_1to4
1233_20230908,002_540_20230830,2023-09-08 23:47:13.026660608+00:00,2023-08-30 08:40:34+00:00,-9.629618364127408,10,0.06047361150647301,433751.6487760481,5154341.484185966,post,E,3-10d,legacy_ZONE_1to4
1233_20230908,003_262_20230910,2023-09-08 23:47:13.026660608+00:00,2023-09-10 07:03:32+00:00,1.3029973766133334,10,-0.00406299700219126,433768.7969469015,5154408.854826355,post,E,1-3d,legacy_ZONE_1to4
1233_20230908,003_333_20230912,2023-09-08 23:47:13.026660608+00:00,2023-09-12 20:23:42+00:00,3.8586686729096296,10,0.1037900048835656,433736.17809387547,5154872.8871377185,post,E,3-10d,legacy_ZONE_1to4
1233_20240308,011_540_20240305,2024-03-08 15:06:22.293573376+00:00,2024-03-05 03:26:17+00:00,-3.4861723793214816,13,-0.019698190364252355,424654.8757341811,5195357.063775009,post,E,3-10d,legacy_ZONE_1to4
1233_20240308,012_055_20240308,2024-03-08 15:06:22.293573376+00:00,2024-03-08 16:47:16+00:00,0.07006604660444445,8,0.20319484295675938,424569.24580558273,5195901.085039098,post,E,<=1d,legacy_ZONE_1to4
1233_20240906,020_262_20240829,2024-09-06 06:25:48.733061120+00:00,2024-08-29 23:49:41+00:00,-7.2750895030222225,7,0.08257512821023205,421210.6628647132,5204748.523924726,post,E,3-10d,legacy_ZONE_1to4
1233_20240906,020_333_20240901,2024-09-06 06:25:48.733061120+00:00,2024-09-01 13:10:00+00:00,-4.719314040059259,7,0.16961462688473716,421154.8920824299,5204644.945193113,post,E,3-10d,legacy_ZONE_1to4
1233_20240906,020_540_20240908,2024-09-06 06:25:48.733061120+00:00,2024-09-08 22:11:58+00:00,2.6570517006814813,7,0.33273118687087333,421200.5518457637,5204640.996340157,post,E,1-3d,legacy_ZONE_1to4
1233_20240906,021_055_20240912,2024-09-06 06:25:48.733061120+00:00,2024-09-12 11:32:57+00:00,6.213290126607407,6,0.10883170676462672,421167.98851558694,5204712.629971741,post,E,3-10d,legacy_ZONE_1to4
1233_20250306,029_262_20250305,2025-03-06 21:45:02.788895232+00:00,2025-03-05 18:35:24+00:00,-1.1316989455466668,8,0.007732595127702524,424334.7057977678,5196078.543268805,post,E,1-3d,legacy_ZONE_1to4
1233_20250306,029_333_20250308,2025-03-06 21:45:02.788895232+00:00,2025-03-08 07:55:45+00:00,1.4240996655644445,6,-0.16406768793400772,424021.39347046125,5203207.583888394,post,E,1-3d,legacy_ZONE_1to4
1233_20250306,029_540_20250315,2025-03-06 21:45:02.788895232+00:00,2025-03-15 16:57:42+00:00,8.800453832231112,11,0.11913252252277573,427802.881957474,5156144.556838471,post,E,3-10d,legacy_ZONE_1to4
1269_20230911,003_027_20230901,2023-09-11 11:53:00.035911168+00:00,2023-09-01 22:00:52+00:00,-9.577870786008889,11,0.5473889681406696,507567.2816931614,5177954.232222231,post,F,3-10d,legacy_ZONE_1to4
1269_20230911,003_234_20230909,2023-09-11 11:53:00.035911168+00:00,2023-09-09 07:02:51+00:00,-2.201493471194074,7,0.24711163401284786,508955.7757990788,5181104.497700724,post,F,1-3d,legacy_ZONE_1to4
1269_20230911,003_333_20230912,2023-09-11 11:53:00.035911168+00:00,2023-09-12 20:23:43+00:00,1.3546639362133333,4,0.3309836931887604,507859.37019482,5179614.1879235525,post,F,1-3d,legacy_ZONE_1to4
1269_20230911,003_540_20230920,2023-09-11 11:53:00.035911168+00:00,2023-09-20 05:25:40+00:00,8.73101810288,8,0.06320124374417624,507676.4690164176,5179513.847536109,post,F,3-10d,legacy_ZONE_1to4
1269_20240311,011_540_20240305,2024-03-11 03:12:03.571825920+00:00,2024-03-05 03:26:18+00:00,-5.990110785022223,18,-0.16210544250967374,507412.8765421341,5177230.991299448,post,F,3-10d,legacy_ZONE_1to4
1269_20240311,012_027_20240307,2024-03-11 03:12:03.571825920+00:00,2024-03-07 16:46:36+00:00,-3.4343468961333334,16,-0.35410978352201816,507421.85028340865,5177245.729080764,post,F,3-10d,legacy_ZONE_1to4
1269_20240311,012_234_20240315,2024-03-11 03:12:03.571825920+00:00,2024-03-15 01:48:32+00:00,3.941995696459259,7,0.058152808240611975,507823.07969268854,5179587.353962303,post,F,3-10d,legacy_ZONE_1to4
1269_20240908,020_333_20240901,2024-09-08 18:31:14.311727616+00:00,2024-09-01 13:10:00+00:00,-7.223082311662222,15,-0.04624569349910601,507588.3873262383,5178234.6206382075,post,F,3-10d,legacy_ZONE_1to4
1269_20240908,020_540_20240908,2024-09-08 18:31:14.311727616+00:00,2024-09-08 22:11:59+00:00,0.1532950031525926,10,0.03933511439470916,507668.23604082764,5178849.095354643,post,F,<=1d,legacy_ZONE_1to4
1269_20240908,021_027_20240911,2024-09-08 18:31:14.311727616+00:00,2024-09-11 11:32:17+00:00,2.7090588920414813,9,-0.019468975735067673,507913.4498694198,5179739.1934180455,post,F,1-3d,legacy_ZONE_1to4
1269_20250309,029_234_20250304,2025-03-09 09:50:40.268194816+00:00,2025-03-04 18:34:53+00:00,-4.635963752254815,6,0.028100234202238283,507861.94233750517,5179611.965552174,post,F,3-10d,legacy_ZONE_1to4
1269_20250309,029_540_20250315,2025-03-09 09:50:40.268194816+00:00,2025-03-15 16:57:42+00:00,6.29654782181926,12,0.15910307216124675,507465.02054768056,5177205.686043974,post,F,3-10d,legacy_ZONE_1to4
1269_20250309,030_027_20250318,2025-03-09 09:50:40.268194816+00:00,2025-03-18 06:18:00+00:00,8.852311710708149,15,0.19821284862006294,504523.5903499899,5177555.510811312,post,F,3-10d,legacy_ZONE_1to4
1333_20230616,551_001_20230613,2023-06-16 16:05:20.846742272+00:00,2023-06-13 10:39:40+00:00,-3.2261672076651857,1,0.13106378242001426,445642.1124215538,5149817.308936513,pre_drawdown,D,3-10d,legacy_ZONE_1to4
1333_20230616,554_001_20230616,2023-06-16 16:05:20.846742272+00:00,2023-06-16 10:11:33+00:00,-0.24569267062814815,3,-0.018704036122056067,445551.8082968975,5149492.238275561,pre_drawdown,D,<=1d,legacy_ZONE_1to4
1333_20230616,560_001_20230622,2023-06-16 16:05:20.846742272+00:00,2023-06-22 09:15:22+00:00,5.715291125668148,1,-0.14793313393583318,445920.3080153509,5150523.763851051,pre_drawdown,D,3-10d,legacy_ZONE_1to4
1333_20230616,561_001_20230623,2023-06-16 16:05:20.846742272+00:00,2023-06-23 09:06:00+00:00,6.708786496038519,5,-0.16208691296770006,446072.56096640474,5155702.082815987,pre_drawdown,D,3-10d,legacy_ZONE_1to4
1333_20240912,020_540_20240908,2024-09-12 18:23:11.389008896+00:00,2024-09-08 22:11:59+00:00,-3.8411156135288893,15,0.044667713651536545,445230.4694020416,5150416.558873826,post,D,3-10d,legacy_ZONE_1to4
1333_20250313,029_540_20250315,2025-03-13 09:42:34.003634432+00:00,2025-03-15 16:57:42+00:00,2.3021758838607407,2,0.048734892118284634,448410.0423139216,5150177.235507922,post,D,1-3d,legacy_ZONE_1to4
205_20231002,004_305_20231002,2023-10-02 10:45:31.327864832+00:00,2023-10-02 17:08:31+00:00,0.26596842749037036,6,0.24040465773630437,655198.2609515381,5300079.539304994,post,none,<=1d,legacy_ZONE_1to4
205_20231002,004_512_20231010,2023-10-02 10:45:31.327864832+00:00,2023-10-10 02:09:51+00:00,7.641894353416296,4,0.7929547643204398,655275.0589325808,5299952.209439221,post,none,3-10d,legacy_ZONE_1to4
205_20240101,008_512_20240101,2024-01-01 06:25:12.564999680+00:00,2024-01-01 13:10:12+00:00,0.28124346065185185,6,-0.08002566554521451,657759.9387724763,5298845.420631215,post,R,<=1d,legacy_ZONE_1to4
205_20240401,012_512_20240325,2024-04-01 02:04:32.461981952+00:00,2024-03-25 00:10:30+00:00,-7.079195161828148,3,1.4222649862853665,655871.6565468167,5298182.528845278,post,R,3-10d,legacy_ZONE_1to4
205_20240401,013_206_20240403,2024-04-01 02:04:32.461981952+00:00,2024-04-03 22:32:46+00:00,2.852934467801482,1,-0.0011073716498515296,658855.8154148605,5295174.291870738,post,R,1-3d,legacy_ZONE_1to4
205_20240401,013_305_20240407,2024-04-01 02:04:32.461981952+00:00,2024-04-07 11:54:15+00:00,6.40952011594963,5,0.6029554306547098,655938.2153912613,5300816.623933618,post,R,3-10d,legacy_ZONE_1to4
225_20230405,483_001_20230406,2023-04-05 07:12:59.383504896+00:00,2023-04-06 21:16:47.500000+00:00,1.5859735705451854,10,0.14351046924964805,501819.8118605025,5176725.825769445,pre_drawdown,F,1-3d,legacy_ZONE_1to4
225_20230405,484_001_20230407,2023-04-05 07:12:59.383504896+00:00,2023-04-07 21:07:26+00:00,2.5794747279525927,13,0.09712047371454524,501879.7275894774,5176374.297515176,pre_drawdown,F,1-3d,legacy_ZONE_1to4
225_20230405,485_001_20230408,2023-04-05 07:12:59.383504896+00:00,2023-04-08 20:58:04+00:00,3.572970098322963,9,0.12949320416632126,501874.3384352864,5179030.5802150555,pre_drawdown,F,3-10d,legacy_ZONE_1to4
225_20230405,486_001_20230409,2023-04-05 07:12:59.383504896+00:00,2023-04-09 20:48:42+00:00,4.566465468693333,7,0.14580527893733475,507889.9453720332,5178542.851782815,pre_drawdown,F,3-10d,legacy_ZONE_1to4
225_20230405,487_001_20230410,2023-04-05 07:12:59.383504896+00:00,2023-04-10 20:39:20+00:00,5.559960839063703,25,-0.04758957564272137,501528.5467101181,5179282.735723725,pre_drawdown,F,3-10d,legacy_ZONE_1to4
225_20230405,488_001_20230411,2023-04-05 07:12:59.383504896+00:00,2023-04-11 20:29:58+00:00,6.553456209434074,17,-0.15603207846300293,501717.01520748605,5177745.80483047,pre_drawdown,F,3-10d,legacy_ZONE_1to4
225_20230405,489_001_20230412,2023-04-05 07:12:59.383504896+00:00,2023-04-12 20:20:40+00:00,7.5469978761007415,22,0.05033583170382627,500886.59366242035,5197713.30755403,pre_drawdown,none,3-10d,legacy_ZONE_1to4
225_20230405,490_001_20230413,2023-04-05 07:12:59.383504896+00:00,2023-04-13 20:11:14+00:00,8.540446950174815,20,0.14080128481282195,501822.9050416238,5178252.4769787965,pre_drawdown,F,3-10d,legacy_ZONE_1to4
225_20230405,491_001_20230414,2023-04-05 07:12:59.383504896+00:00,2023-04-14 20:01:52+00:00,9.533942320545187,20,0.1292087943774547,501711.77551483654,5178075.99009309,pre_drawdown,F,3-10d,legacy_ZONE_1to4
225_20230705,563_001_20230625,2023-07-05 02:52:14.989635584+00:00,2023-06-25 08:47:17+00:00,-9.753448954115555,13,0.22154066143363593,507615.77888364287,5180335.474858337,pre_drawdown,F,3-10d,legacy_ZONE_1to4
225_20230705,564_001_20230626,2023-07-05 02:52:14.989635584+00:00,2023-06-26 08:37:55+00:00,-8.759953583745185,17,0.2002326108799828,507608.3676381831,5180929.64711778,pre_drawdown,F,3-10d,legacy_ZONE_1to4
225_20230705,565_001_20230627,2023-07-05 02:52:14.989635584+00:00,2023-06-27 08:28:32+00:00,-7.766469787448888,18,0.18780088702743836,507632.5419311515,5180910.359242627,pre_drawdown,F,3-10d,legacy_ZONE_1to4
225_20230705,567_001_20230629,2023-07-05 02:52:14.989635584+00:00,2023-06-29 08:09:48+00:00,-5.779479046708148,15,0.23328922456228796,507592.70683574147,5180872.76058086,pre_drawdown,F,3-10d,legacy_ZONE_1to4
225_20230705,569_001_20230701,2023-07-05 02:52:14.989635584+00:00,2023-07-01 07:51:04+00:00,-3.7924883059674075,17,0.24532008523965487,507953.1018297038,5180948.488393828,pre_drawdown,F,3-10d,legacy_ZONE_1to4
225_20230705,570_001_20230702,2023-07-05 02:52:14.989635584+00:00,2023-07-02 07:41:42+00:00,-2.798992935597037,15,0.18288780083241107,507566.7557593155,5180657.751408862,pre_drawdown,F,1-3d,legacy_ZONE_1to4
225_20230705,571_001_20230703,2023-07-05 02:52:14.989635584+00:00,2023-07-03 07:32:20+00:00,-1.8054975652266667,16,0.08356939343307168,508557.98459712975,5180508.600332116,pre_drawdown,F,1-3d,legacy_ZONE_1to4
225_20230705,573_001_20230705,2023-07-05 02:52:14.989635584+00:00,2023-07-05 07:13:36+00:00,0.1814931755140741,12,0.031516172606964155,507784.2247213722,5180525.570304662,pre_drawdown,F,<=1d,legacy_ZONE_1to4
225_20230705,574_001_20230706,2023-07-05 02:52:14.989635584+00:00,2023-07-06 07:04:14+00:00,1.1749885458844445,17,0.02538396243070551,507826.1634676685,5180965.84479465,pre_drawdown,F,1-3d,legacy_ZONE_1to4
225_20230705,575_001_20230707,2023-07-05 02:52:14.989635584+00:00,2023-07-07 06:54:52+00:00,2.168483916254815,10,-0.008471247630362555,507709.8341756239,5180053.67471599,pre_drawdown,F,1-3d,legacy_ZONE_1to4
225_20230705,576_001_20230708,2023-07-05 02:52:14.989635584+00:00,2023-07-08 06:45:30+00:00,3.161979286625185,9,0.00870301750969027,510463.82266791933,5180118.667296783,pre_drawdown,F,3-10d,legacy_ZONE_1to4
225_20230705,577_001_20230709,2023-07-05 02:52:14.989635584+00:00,2023-07-09 06:36:11+00:00,4.1555093792177775,16,0.045535135881854316,508516.0268292965,5203583.130753827,pre_drawdown,none,3-10d,legacy_ZONE_1to4
225_20230705,578_001_20230710,2023-07-05 02:52:14.989635584+00:00,2023-07-10 06:26:49+00:00,5.149004749588148,16,0.05241645347889179,508512.94148966833,5203581.871555466,pre_drawdown,none,3-10d,legacy_ZONE_1to4
225_20231003,004_234_20230930,2023-10-03 22:31:38.058997760+00:00,2023-09-30 03:47:54+00:00,-3.780371053214815,11,-0.1338937668070166,509452.12013985007,5179793.883344123,post,F,3-10d,legacy_ZONE_1to4
225_20231003,004_540_20231011,2023-10-03 22:31:38.058997760+00:00,2023-10-11 02:10:42+00:00,7.152128946785186,11,-0.13453183349357012,509324.3537368282,5180184.601744544,post,F,3-10d,legacy_ZONE_1to4
225_20231003,005_027_20231013,2023-10-03 22:31:38.058997760+00:00,2023-10-13 15:31:00+00:00,9.707892835674075,10,-0.028471142784594505,509390.066452165,5180426.06953275,post,F,3-10d,legacy_ZONE_1to4
225_20240102,008_540_20240102,2024-01-02 18:11:30.359983104+00:00,2024-01-02 13:11:02+00:00,-0.20866157387851852,12,0.061014542529278515,503788.0044073106,5226950.943889028,post,F,<=1d,legacy_ZONE_1to4
225_20240102,009_234_20240112,2024-01-02 18:11:30.359983104+00:00,2024-01-12 11:33:09+00:00,9.723363889084444,7,-0.13963735546303724,503965.3913991695,5226996.317222686,post,F,3-10d,legacy_ZONE_1to4
225_20240402,012_540_20240326,2024-04-02 13:50:44.070265600+00:00,2024-03-26 00:11:20+00:00,-7.5690285910370365,42,0.025063706468576363,504126.0531810626,5220676.352907067,post,F,3-10d,legacy_ZONE_1to4
225_20240402,013_027_20240328,2024-04-02 13:50:44.070265600+00:00,2024-03-28 13:31:39+00:00,-5.013253128074074,47,-0.025531746461489035,504096.5676588061,5220392.6969497455,post,F,3-10d,legacy_ZONE_1to4
225_20240402,013_234_20240404,2024-04-02 13:50:44.070265600+00:00,2024-04-04 22:33:37+00:00,2.363112612666667,6,0.01432836691698025,507118.06792673806,5177931.2863474265,post,F,1-3d,legacy_ZONE_1to4
225_20240402,013_333_20240408,2024-04-02 13:50:44.070265600+00:00,2024-04-08 11:54:36+00:00,5.919351038592593,46,-0.5496054136728823,504061.8204556078,5219566.864548041,post,F,3-10d,legacy_ZONE_1to4
225_20240702,017_234_20240627,2024-07-02 09:30:25.798660352+00:00,2024-06-27 09:33:47+00:00,-4.997671280791112,12,-0.04334488444256124,504313.2491313515,5221796.129005501,post,F,3-10d,legacy_ZONE_1to4
225_20240702,017_333_20240630,2024-07-02 09:30:25.798660352+00:00,2024-06-30 22:54:48+00:00,-1.441409706717037,6,-0.39488582672945594,507456.52496275574,5179278.142171251,post,F,1-3d,legacy_ZONE_1to4
225_20240702,017_540_20240708,2024-07-02 09:30:25.798660352+00:00,2024-07-08 07:56:43+00:00,5.934921311801482,18,-0.2853127112261138,503140.04021783196,5178395.997351149,post,F,3-10d,legacy_ZONE_1to4
225_20240702,018_027_20240710,2024-07-02 09:30:25.798660352+00:00,2024-07-10 21:17:02+00:00,8.490696774764444,9,-0.20374181794898405,505917.9951619093,5178370.834557235,post,F,3-10d,legacy_ZONE_1to4
225_20241001,021_540_20240929,2024-10-01 05:10:00.486240256+00:00,2024-09-29 18:57:07+00:00,-1.4256190537066666,7,0.2952687326345469,514351.99400220567,5180115.851224944,post,F,1-3d,legacy_ZONE_1to4
225_20241001,022_027_20241002,2024-10-01 05:10:00.486240256+00:00,2024-10-02 08:17:25+00:00,1.1301448351822223,11,-0.0004966154981378423,510969.1447076355,5181212.719373955,post,F,1-3d,legacy_ZONE_1to4
225_20250331,030_234_20250325,2025-03-31 20:29:15.626656256+00:00,2025-03-25 15:19:48+00:00,-6.21490308629926,9,0.04234932015099169,500065.73886826425,5224961.86408083,post,F,3-10d,legacy_ZONE_1to4
225_20250331,030_333_20250329,2025-03-31 20:29:15.626656256+00:00,2025-03-29 04:40:50+00:00,-2.6586299381511114,13,-0.37011571813384947,504193.9397187476,5179048.344458769,post,F,1-3d,legacy_ZONE_1to4
225_20250331,030_540_20250405,2025-03-31 20:29:15.626656256+00:00,2025-04-05 13:42:44.500000+00:00,4.717695293330371,22,0.05198619788775716,503422.366382239,5200199.861434505,post,none,3-10d,legacy_ZONE_1to4
225_20250331,031_027_20250408,2025-03-31 20:29:15.626656256+00:00,2025-04-08 03:03:04+00:00,7.27347654333037,36,-0.08993303082336723,504114.5053659525,5179092.217056723,post,F,3-10d,legacy_ZONE_1to4
289_20231007,004_333_20231003,2023-10-07 22:23:13.866776832+00:00,2023-10-03 17:08:45+00:00,-4.218389661768889,12,-0.2589557684202166,452263.599714806,5154525.051551238,post,D,3-10d,legacy_ZONE_1to4
289_20231007,004_540_20231011,2023-10-07 22:23:13.866776832+00:00,2023-10-11 02:10:42+00:00,3.157964504897778,9,-0.4320319921929965,449501.57380568096,5152926.69168198,post,D,3-10d,legacy_ZONE_1to4
289_20240406,013_262_20240405,2024-04-06 13:42:18.650796544+00:00,2024-04-05 22:34:17+00:00,-0.630574661997037,8,0.14808923857432177,450034.65229973535,5152371.197083614,post,D,<=1d,legacy_ZONE_1to4
289_20240406,013_540_20240415,2024-04-06 13:42:18.650796544+00:00,2024-04-15 20:56:27+00:00,9.301485523188148,12,0.1796368440677858,450137.796660722,5153261.74088835,post,D,3-10d,legacy_ZONE_1to4
289_20240706,017_540_20240708,2024-07-06 09:22:04.955222784+00:00,2024-07-08 07:56:44+00:00,1.9407296849214817,16,0.10094078795948214,448423.2224969057,5154982.977521859,post,D,1-3d,legacy_ZONE_1to4
289_20241005,021_540_20240929,2024-10-05 05:01:28.503322368+00:00,2024-09-29 18:57:07+00:00,-5.41969332549037,14,-0.20882780107692867,457089.9836561766,5156203.959035104,post,D,3-10d,legacy_ZONE_1to4
289_20241005,022_333_20241013,2024-10-05 05:01:28.503322368+00:00,2024-10-13 06:40:14+00:00,8.068582137472593,13,-0.16863308324137982,457126.87106437085,5156101.999733762,post,D,3-10d,legacy_ZONE_1to4
325_20230711,570_001_20230702,2023-07-11 14:49:33.109718272+00:00,2023-07-02 07:41:42+00:00,-9.297119325442964,7,0.3589465990147698,524741.665491325,5178322.999394273,pre_drawdown,F,3-10d,legacy_ZONE_1to4
325_20230711,571_001_20230703,2023-07-11 14:49:33.109718272+00:00,2023-07-03 07:32:20+00:00,-8.303623955072593,5,0.3178075880824984,522085.74976719444,5178489.303814907,pre_drawdown,F,3-10d,legacy_ZONE_1to4
325_20230711,573_001_20230705,2023-07-11 14:49:33.109718272+00:00,2023-07-05 07:13:36+00:00,-6.316633214331852,7,0.06896131423384944,524724.063458094,5178285.176771083,pre_drawdown,F,3-10d,legacy_ZONE_1to4
325_20230711,574_001_20230706,2023-07-11 14:49:33.109718272+00:00,2023-07-06 07:04:14+00:00,-5.323137843961481,7,0.11458971019014186,524728.1373927876,5178286.424089432,pre_drawdown,F,3-10d,legacy_ZONE_1to4
325_20230711,575_001_20230707,2023-07-11 14:49:33.109718272+00:00,2023-07-07 06:54:52+00:00,-4.329642473591111,7,0.045149348353966445,524711.8803455608,5178375.636118312,pre_drawdown,F,3-10d,legacy_ZONE_1to4
325_20230711,576_001_20230708,2023-07-11 14:49:33.109718272+00:00,2023-07-08 06:45:30+00:00,-3.336147103220741,7,0.07715130892561106,524731.8051178722,5178546.494919776,pre_drawdown,F,3-10d,legacy_ZONE_1to4
325_20230711,577_001_20230709,2023-07-11 14:49:33.109718272+00:00,2023-07-09 06:36:07+00:00,-2.3426633069244445,8,0.02986573120207492,523347.17558285175,5178636.200625526,pre_drawdown,F,1-3d,legacy_ZONE_1to4
325_20230711,578_001_20230710,2023-07-11 14:49:33.109718272+00:00,2023-07-10 06:26:45+00:00,-1.349167936554074,7,0.032924155429380875,524739.1005378334,5178542.654673043,pre_drawdown,F,1-3d,legacy_ZONE_1to4
325_20240109,008_540_20240102,2024-01-09 06:08:35.316664320+00:00,2024-01-02 13:11:03+00:00,-6.706624035466666,6,0.21217036094680441,527526.8212315594,5180078.269353442,post,F,3-10d,legacy_ZONE_1to4
325_20240109,009_234_20240112,2024-01-09 06:08:35.316664320+00:00,2024-01-12 11:33:19+00:00,3.225505594162963,4,0.4838389488816164,525896.146144712,5179058.702950155,post,F,3-10d,legacy_ZONE_1to4
325_20240409,013_234_20240404,2024-04-09 01:48:03.545244160+00:00,2024-04-04 22:33:37+00:00,-4.1350294588444445,2,0.15769306817642992,525494.9390943974,5178428.835743083,post,F,3-10d,legacy_ZONE_1to4
325_20240409,013_540_20240415,2024-04-09 01:48:03.545244160+00:00,2024-04-15 20:56:27+00:00,6.797493689303704,2,-0.20327035071802868,525455.3745072735,5178525.8115414595,post,F,3-10d,legacy_ZONE_1to4
325_20240409,014_027_20240418,2024-04-09 01:48:03.545244160+00:00,2024-04-18 10:16:44+00:00,9.35324600411852,1,-0.10675478165896735,525841.1793434689,5180289.034658751,post,F,3-10d,legacy_ZONE_1to4
325_20240708,017_540_20240708,2024-07-08 21:27:38.218881024+00:00,2024-07-08 07:56:44+00:00,-0.5631275333451852,4,-0.13470137832330753,526871.0669496984,5179827.8424237985,post,F,<=1d,legacy_ZONE_1to4
325_20240708,018_234_20240718,2024-07-08 21:27:38.218881024+00:00,2024-07-18 06:19:01+00:00,9.369013670358518,4,-0.05275597795255482,526869.5426828195,5179828.06170089,post,F,3-10d,legacy_ZONE_1to4
349_20230413,483_001_20230406,2023-04-13 06:56:09.649444352+00:00,2023-04-06 21:16:46+00:00,-6.402357053754074,8,-0.03629206358442172,387103.1812438249,5161290.921029743,pre_drawdown,E,3-10d,legacy_ZONE_1to4
349_20230413,484_001_20230407,2023-04-13 06:56:09.649444352+00:00,2023-04-07 21:07:25+00:00,-5.40885010930963,6,-0.09701152855400696,388821.901662698,5159662.755800309,pre_drawdown,E,3-10d,legacy_ZONE_1to4
349_20230413,485_001_20230408,2023-04-13 06:56:09.649444352+00:00,2023-04-08 20:58:03+00:00,-4.41535473893926,5,0.007216698502862329,390463.9008355912,5158851.261261721,pre_drawdown,E,3-10d,legacy_ZONE_1to4
349_20230413,486_001_20230409,2023-04-13 06:56:09.649444352+00:00,2023-04-09 20:48:41+00:00,-3.421859368568889,8,-0.025081726913512625,387265.6961695328,5159508.443221957,pre_drawdown,E,3-10d,legacy_ZONE_1to4
349_20230413,487_001_20230410,2023-04-13 06:56:09.649444352+00:00,2023-04-10 20:39:19+00:00,-2.4283639981985186,6,-0.08871604613018746,388908.75826078583,5159787.336740596,pre_drawdown,E,1-3d,legacy_ZONE_1to4
349_20230413,488_001_20230411,2023-04-13 06:56:09.649444352+00:00,2023-04-11 20:29:57+00:00,-1.4348686278281482,2,0.10290973670281378,390722.89165581716,5157388.219232519,pre_drawdown,E,1-3d,legacy_ZONE_1to4
349_20230413,489_001_20230412,2023-04-13 06:56:09.649444352+00:00,2023-04-12 20:20:35+00:00,-0.4413732574577778,6,0.02982190420424402,388859.13413372135,5159768.169652989,pre_drawdown,E,<=1d,legacy_ZONE_1to4
349_20230413,490_001_20230413,2023-04-13 06:56:09.649444352+00:00,2023-04-13 20:11:13+00:00,0.5521221129125926,6,-0.01537002854039038,388921.40497846284,5159805.10888982,pre_drawdown,E,<=1d,legacy_ZONE_1to4
349_20230413,491_001_20230414,2023-04-13 06:56:09.649444352+00:00,2023-04-14 20:01:51+00:00,1.545617483282963,6,-0.05105665626604594,388851.67348329007,5159781.508605274,pre_drawdown,E,1-3d,legacy_ZONE_1to4
349_20230413,493_001_20230416,2023-04-13 06:56:09.649444352+00:00,2023-04-16 19:43:07+00:00,3.5326082240237033,6,0.0034091925583412674,388859.2732225874,5159769.301926536,pre_drawdown,E,3-10d,legacy_ZONE_1to4
349_20230413,494_001_20230417,2023-04-13 06:56:09.649444352+00:00,2023-04-17 19:33:45+00:00,4.5261035943940735,5,-0.009256023036172678,390461.7339584188,5158834.896615934,pre_drawdown,E,3-10d,legacy_ZONE_1to4
349_20230413,495_001_20230418,2023-04-13 06:56:09.649444352+00:00,2023-04-18 19:24:23+00:00,5.519598964764445,5,-0.010587630752901589,390472.40869262145,5158957.401308732,pre_drawdown,E,3-10d,legacy_ZONE_1to4
349_20230413,496_001_20230419,2023-04-13 06:56:09.649444352+00:00,2023-04-19 19:15:00+00:00,6.5130827610607405,6,-0.04464163062269311,388859.09753316105,5159774.841797613,pre_drawdown,E,3-10d,legacy_ZONE_1to4
349_20230413,497_001_20230420,2023-04-13 06:56:09.649444352+00:00,2023-04-20 19:05:38+00:00,7.506578131431111,6,0.025158389224589683,388896.3626404741,5159800.062646251,pre_drawdown,E,3-10d,legacy_ZONE_1to4
349_20230413,498_001_20230421,2023-04-13 06:56:09.649444352+00:00,2023-04-21 18:56:16+00:00,8.50007350180148,6,0.023921595274396523,388890.0072052515,5159799.931509638,pre_drawdown,E,3-10d,legacy_ZONE_1to4
349_20230413,499_001_20230422,2023-04-13 06:56:09.649444352+00:00,2023-04-22 18:46:54+00:00,9.493568872171851,5,0.028109172707093677,386979.78274639335,5162688.08861609,pre_drawdown,E,3-10d,legacy_ZONE_1to4
349_20230713,573_001_20230705,2023-07-13 02:35:23.326713600+00:00,2023-07-05 07:13:35+00:00,-7.806809336962963,8,-0.034835930628924316,393566.83957953297,5160772.3257605545,pre_drawdown,E,3-10d,legacy_ZONE_1to4
349_20230713,574_001_20230706,2023-07-13 02:35:23.326713600+00:00,2023-07-06 07:04:13+00:00,-6.813313966592593,7,0.006459502406816142,393709.25881710876,5160754.0974825835,pre_drawdown,E,3-10d,legacy_ZONE_1to4
349_20230713,575_001_20230707,2023-07-13 02:35:23.326713600+00:00,2023-07-07 06:54:50+00:00,-5.819830170296297,7,0.020861515199872116,393732.82246980746,5160743.966795196,pre_drawdown,E,3-10d,legacy_ZONE_1to4
349_20230713,576_001_20230708,2023-07-13 02:35:23.326713600+00:00,2023-07-08 06:45:28+00:00,-4.8263347999259265,7,-0.138602899485603,393751.34115191817,5160746.307086183,pre_drawdown,E,3-10d,legacy_ZONE_1to4
349_20230713,577_001_20230709,2023-07-13 02:35:23.326713600+00:00,2023-07-09 06:36:06+00:00,-3.832839429555556,7,-0.20878262111593493,393749.54499119846,5160746.499282373,pre_drawdown,E,3-10d,legacy_ZONE_1to4
349_20230713,578_001_20230710,2023-07-13 02:35:23.326713600+00:00,2023-07-10 06:26:44+00:00,-2.8393440591851853,7,-0.13269246689691983,393747.6575930069,5160744.381530661,pre_drawdown,E,1-3d,legacy_ZONE_1to4
349_20231011,004_333_20231003,2023-10-11 22:14:47.195605248+00:00,2023-10-03 17:08:45+00:00,-8.212525412097778,11,0.07831749862173254,392269.9676491199,5159111.668316386,post,E,3-10d,legacy_ZONE_1to4
349_20231011,005_055_20231014,2023-10-11 22:14:47.195605248+00:00,2023-10-14 15:31:40+00:00,2.7200556064207406,11,-0.011317242536819094,392340.2757928288,5159079.724228091,post,E,1-3d,legacy_ZONE_1to4
349_20240410,014_055_20240419,2024-04-10 13:33:57.351126528+00:00,2024-04-19 10:17:24+00:00,8.86350288048,4,0.15124874251248066,388365.396250961,5157908.184764365,post,E,3-10d,legacy_ZONE_1to4
349_20240710,017_333_20240630,2024-07-10 09:13:25.096838656+00:00,2024-06-30 22:54:47+00:00,-9.42960760229926,6,0.33756994495235837,388518.8143755966,5159471.331756152,post,E,3-10d,legacy_ZONE_1to4
349_20241009,022_055_20241003,2024-10-09 04:53:25.840453376+00:00,2024-10-03 08:18:05+00:00,-5.85788009784,8,-0.06857158748283076,397152.9921879485,5160258.084799347,post,E,3-10d,legacy_ZONE_1to4
349_20241009,022_262_20241010,2024-10-09 04:53:25.840453376+00:00,2024-10-10 17:19:54+00:00,1.518381476234074,6,0.019776467844838663,398730.77245261264,5160289.109678438,post,E,1-3d,legacy_ZONE_1to4
349_20241009,022_333_20241013,2024-10-09 04:53:25.840453376+00:00,2024-10-13 06:40:13+00:00,4.074156939197037,8,-0.3670210933894369,397148.4494353271,5160254.584162144,post,E,3-10d,legacy_ZONE_1to4
385_20230715,574_001_20230706,2023-07-15 14:41:13.915182080+00:00,2023-07-06 07:04:13+00:00,-9.317371703496296,10,-0.09508564124154173,463527.2122542495,5160128.645933157,pre_drawdown,D,3-10d,legacy_ZONE_1to4
385_20230715,575_001_20230707,2023-07-15 14:41:13.915182080+00:00,2023-07-07 06:54:51+00:00,-8.323876333125925,5,-0.04975827071413974,466728.62558180763,5160339.119987537,pre_drawdown,D,3-10d,legacy_ZONE_1to4
385_20230715,576_001_20230708,2023-07-15 14:41:13.915182080+00:00,2023-07-08 06:45:29+00:00,-7.330380962755555,10,-0.10435206920097873,463526.08642234595,5160128.074467077,pre_drawdown,D,3-10d,legacy_ZONE_1to4
385_20230715,577_001_20230709,2023-07-15 14:41:13.915182080+00:00,2023-07-09 06:36:07+00:00,-6.336885592385185,10,-0.1605515860769895,463524.0499488795,5160129.970125498,pre_drawdown,D,3-10d,legacy_ZONE_1to4
385_20230715,578_001_20230710,2023-07-15 14:41:13.915182080+00:00,2023-07-10 06:26:45+00:00,-5.343390222014815,10,-0.03566446330438744,463525.85904410493,5160126.196429875,pre_drawdown,D,3-10d,legacy_ZONE_1to4
385_20231014,004_540_20231011,2023-10-14 10:20:42.535151360+00:00,2023-10-11 02:10:42+00:00,-3.340283971659259,5,-0.03543251115623569,468069.30464618513,5160347.832171348,post,D,3-10d,legacy_ZONE_1to4
385_20240413,013_333_20240408,2024-04-13 01:39:42.192773888+00:00,2024-04-08 11:54:26+00:00,-4.573104083031112,6,-0.13327360733522298,467897.3013764813,5161130.901007203,post,D,3-10d,legacy_ZONE_1to4
385_20240712,017_540_20240708,2024-07-12 21:19:18.276101120+00:00,2024-07-08 07:56:44+00:00,-4.557341158577778,3,-0.13036515280917094,466365.6142116134,5160419.728739076,post,D,3-10d,legacy_ZONE_1to4
385_20241011,022_333_20241013,2024-10-11 16:59:21.918270208+00:00,2024-10-13 06:40:14+00:00,1.570047242242963,8,-0.056293477194431674,466235.4400970229,5160526.121533693,post,D,1-3d,legacy_ZONE_1to4
385_20250110,026_333_20250104,2025-01-10 12:38:49.953001984+00:00,2025-01-04 17:40:32+00:00,-5.790485567152593,10,0.2534068170186172,466241.4635430644,5160526.63073428,post,D,3-10d,legacy_ZONE_1to4
449_20230719,578_001_20230710,2023-07-19 14:32:52.763746304+00:00,2023-07-10 06:26:45+00:00,-9.337589858174814,10,-0.11023996683893067,410553.79370531987,5218104.5898961425,pre_drawdown,E,3-10d,legacy_ZONE_1to4
449_20231018,004_540_20231011,2023-10-18 10:12:27.757878784+00:00,2023-10-11 02:10:32+00:00,-7.334673123597037,27,0.08024220734862908,412070.8637592812,5220070.998575816,post,E,3-10d,legacy_ZONE_1to4
449_20231018,005_055_20231014,2023-10-18 10:12:27.757878784+00:00,2023-10-14 15:31:41+00:00,-3.77831895693037,31,0.10858584379425196,412032.488000109,5217973.766901725,post,E,3-10d,legacy_ZONE_1to4
449_20231018,005_262_20231022,2023-10-18 10:12:27.757878784+00:00,2023-10-22 00:33:29+00:00,3.59793104306963,17,0.17133091607601258,411789.59146502183,5210861.150852223,post,E,3-10d,legacy_ZONE_1to4
449_20231018,005_333_20231024,2023-10-18 10:12:27.757878784+00:00,2023-10-24 13:53:50+00:00,6.153729654180741,9,0.15522620053431524,405538.4228692431,5156803.466458235,post,E,3-10d,legacy_ZONE_1to4
449_20240117,009_540_20240123,2024-01-17 05:51:53.325331456+00:00,2024-01-23 09:55:59+00:00,6.169510123478518,14,0.153775012261276,415123.7059164129,5217262.287538396,post,E,3-10d,legacy_ZONE_1to4
449_20240117,010_055_20240126,2024-01-17 05:51:53.325331456+00:00,2024-01-26 23:17:08+00:00,9.725864290145186,20,0.34584485377505114,412914.5321620895,5213109.990759298,post,E,3-10d,legacy_ZONE_1to4
449_20240417,013_333_20240408,2024-04-17 01:31:20.623052800+00:00,2024-04-08 11:54:27+00:00,-8.56728730385185,1,-0.055657057997718695,411647.3230055684,5226070.459740169,post,E,3-10d,legacy_ZONE_1to4
449_20240417,013_540_20240415,2024-04-17 01:31:20.623052800+00:00,2024-04-15 20:56:17+00:00,-1.1910141557037037,2,0.0545659226645725,411705.8987198698,5226115.76310879,post,E,1-3d,legacy_ZONE_1to4
449_20240417,014_055_20240419,2024-04-17 01:31:20.623052800+00:00,2024-04-19 10:17:25+00:00,2.365328436888889,3,-0.03309381546752377,411637.4790237306,5225907.59599641,post,E,1-3d,legacy_ZONE_1to4
449_20240417,014_262_20240426,2024-04-17 01:31:20.623052800+00:00,2024-04-26 19:19:13+00:00,9.74157843688889,3,-0.12129204649833625,411657.88375972415,5226029.695240445,post,E,3-10d,legacy_ZONE_1to4
449_20240716,017_540_20240708,2024-07-16 21:11:08.473123328+00:00,2024-07-08 07:56:34+00:00,-8.551787883371851,13,-0.03564962287113005,414805.7250260666,5217633.613079834,post,E,3-10d,legacy_ZONE_1to4
449_20240716,018_055_20240711,2024-07-16 21:11:08.473123328+00:00,2024-07-11 21:17:43+00:00,-4.995433716705185,4,-0.13606561755334567,410709.9764169491,5226719.835766037,post,E,3-10d,legacy_ZONE_1to4
449_20241015,022_262_20241010,2024-10-15 16:50:49.577246464+00:00,2024-10-10 17:19:44+00:00,-4.979925662574814,1,0.1679512009121531,405030.63248807937,5230465.935371366,post,E,3-10d,legacy_ZONE_1to4
449_20241015,022_333_20241013,2024-10-15 16:50:49.577246464+00:00,2024-10-13 06:40:20+00:00,-2.4239534403525926,4,-0.34480793249433894,404922.2721941768,5230751.467299625,post,E,1-3d,legacy_ZONE_1to4
449_20241015,022_540_20241020,2024-10-15 16:50:49.577246464+00:00,2024-10-20 15:42:01+00:00,4.952215541128889,3,-0.17833755295244913,404910.5543543528,5230849.412151738,post,E,3-10d,legacy_ZONE_1to4
449_20241015,023_055_20241024,2024-10-15 16:50:49.577246464+00:00,2024-10-24 05:03:10+00:00,8.508569707795555,4,-0.18844158111873988,404926.88519836223,5230752.250106389,post,E,3-10d,legacy_ZONE_1to4
449_20250114,026_333_20250104,2025-01-14 12:30:21.127112448+00:00,2025-01-04 17:40:33+00:00,-9.784584804542222,4,-0.3133063389102082,413965.9863996953,5212005.606191266,post,E,3-10d,legacy_ZONE_1to4
449_20250114,027_055_20250115,2025-01-14 12:30:21.127112448+00:00,2025-01-15 16:03:27+00:00,1.1479846399022222,4,-0.14412692642908542,413967.43233503366,5212006.0661891075,post,E,1-3d,legacy_ZONE_1to4
449_20250114,027_262_20250123,2025-01-14 12:30:21.127112448+00:00,2025-01-23 01:05:16+00:00,8.524246213976296,4,-0.00825645554550647,413957.6256902571,5215705.656306196,post,E,3-10d,legacy_ZONE_1to4
449_20250415,030_540_20250405,2025-04-15 08:09:49.030778368+00:00,2025-04-05 13:42:35+00:00,-9.768912393268149,17,0.18845104110931032,413126.341402883,5212079.898421384,post,E,3-10d,legacy_ZONE_1to4
449_20250415,031_055_20250409,2025-04-15 08:09:49.030778368+00:00,2025-04-09 03:03:45+00:00,-6.212546652527408,24,0.07266189583356653,411902.97459200904,5210276.805836956,post,E,3-10d,legacy_ZONE_1to4
449_20250415,031_262_20250416,2025-04-15 08:09:49.030778368+00:00,2025-04-16 12:05:34+00:00,1.1637149215466667,16,0.19910175095174587,412918.2993905237,5209824.189861456,post,E,1-3d,legacy_ZONE_1to4
449_20250415,031_333_20250419,2025-04-15 08:09:49.030778368+00:00,2025-04-19 01:25:56+00:00,3.7195251067318518,15,0.1475174430959285,411819.98885103245,5210886.4659616565,post,E,3-10d,legacy_ZONE_1to4
5_20230620,549_001_20230611,2023-06-20 15:57:04.291101440+00:00,2023-06-11 10:58:25+00:00,-9.207399202562963,3,-0.06161157792525529,387445.6201015585,5161985.3351809755,pre_drawdown,E,3-10d,legacy_ZONE_1to4
5_20230620,550_001_20230612,2023-06-20 15:57:04.291101440+00:00,2023-06-12 10:49:03+00:00,-8.213903832192592,4,-0.05101386744199932,387448.1388697742,5161577.019126745,pre_drawdown,E,3-10d,legacy_ZONE_1to4
5_20230620,551_001_20230613,2023-06-20 15:57:04.291101440+00:00,2023-06-13 10:39:40+00:00,-7.2204200358962956,2,-0.005992109412073177,387077.4597212839,5160318.674197124,pre_drawdown,E,3-10d,legacy_ZONE_1to4
5_20230620,554_001_20230616,2023-06-20 15:57:04.291101440+00:00,2023-06-16 10:11:33+00:00,-4.239945498859259,3,-0.0929108208984637,387353.07758573245,5160954.1863607215,pre_drawdown,E,3-10d,legacy_ZONE_1to4
5_20230620,556_001_20230618,2023-06-20 15:57:04.291101440+00:00,2023-06-18 09:52:49+00:00,-2.2529547581185185,4,-0.17259111261809146,387445.80293664115,5161577.931940734,pre_drawdown,E,1-3d,legacy_ZONE_1to4
5_20230620,557_001_20230619,2023-06-20 15:57:04.291101440+00:00,2023-06-19 09:43:27+00:00,-1.2594593877481481,4,-0.23852390027230985,387453.27405636146,5161581.53128786,pre_drawdown,E,1-3d,legacy_ZONE_1to4
5_20230620,559_001_20230621,2023-06-20 15:57:04.291101440+00:00,2023-06-21 09:24:44+00:00,0.7275429270666667,4,-0.14732597089494792,387426.5800448252,5161559.005534036,pre_drawdown,E,<=1d,legacy_ZONE_1to4
5_20230620,560_001_20230622,2023-06-20 15:57:04.291101440+00:00,2023-06-22 09:15:22+00:00,1.721038297437037,4,-0.09182688948394713,387286.606982117,5161056.235216953,pre_drawdown,E,1-3d,legacy_ZONE_1to4
5_20230620,561_001_20230623,2023-06-20 15:57:04.291101440+00:00,2023-06-23 09:06:00+00:00,2.7145336678074075,4,-0.05849182757679916,387447.22227979277,5161576.733068019,pre_drawdown,E,1-3d,legacy_ZONE_1to4
5_20230620,562_001_20230624,2023-06-20 15:57:04.291101440+00:00,2023-06-24 08:56:37+00:00,3.708017464103704,4,-0.020119420152443723,387452.46248252084,5161579.762679828,pre_drawdown,E,3-10d,legacy_ZONE_1to4
5_20230620,563_001_20230625,2023-06-20 15:57:04.291101440+00:00,2023-06-25 08:47:15+00:00,4.701512834474074,4,-0.05345565465669555,387447.5513062973,5161579.030951871,pre_drawdown,E,3-10d,legacy_ZONE_1to4
5_20230620,564_001_20230626,2023-06-20 15:57:04.291101440+00:00,2023-06-26 08:37:53+00:00,5.695008204844445,4,-0.09036863268918971,387459.2217398817,5161578.73744135,pre_drawdown,E,3-10d,legacy_ZONE_1to4
5_20230620,565_001_20230627,2023-06-20 15:57:04.291101440+00:00,2023-06-27 08:28:31+00:00,6.688503575214815,4,-0.04980268246886865,387455.67227732437,5161581.578692578,pre_drawdown,E,3-10d,legacy_ZONE_1to4
5_20230919,003_333_20230912,2023-09-19 11:36:24.885276672+00:00,2023-09-12 20:23:42+00:00,-6.633829690702222,4,0.09899935508877622,388467.5905308388,5159597.693753006,post,E,3-10d,legacy_ZONE_1to4
669_20230504,501_001_20230424,2023-05-04 05:48:54.110402304+00:00,2023-04-24 18:28:11+00:00,-9.472721185211851,1,-0.7236467262916086,527723.8257869298,5181399.315514942,pre_drawdown,F,3-10d,legacy_ZONE_1to4
669_20230504,504_001_20230427,2023-05-04 05:48:54.110402304+00:00,2023-04-27 18:00:05+00:00,-6.492235074100741,3,-0.06486437932617051,524950.965481568,5178350.974881882,pre_drawdown,F,3-10d,legacy_ZONE_1to4
669_20230504,505_001_20230428,2023-05-04 05:48:54.110402304+00:00,2023-04-28 17:50:43+00:00,-5.4987397037303705,3,-0.0938233408122251,524961.8716737969,5178684.401733128,pre_drawdown,F,3-10d,legacy_ZONE_1to4
669_20230504,506_001_20230429,2023-05-04 05:48:54.110402304+00:00,2023-04-29 17:41:21+00:00,-4.505244333359999,3,-0.002990151782141126,524963.7935603029,5178303.222734918,pre_drawdown,F,3-10d,legacy_ZONE_1to4
669_20230504,514_001_20230507,2023-05-04 05:48:54.110402304+00:00,2023-05-07 16:26:22+00:00,3.442683907380741,3,0.10985177825140546,524963.9646311529,5178330.892144556,pre_drawdown,F,3-10d,legacy_ZONE_1to4
669_20230504,515_001_20230508,2023-05-04 05:48:54.110402304+00:00,2023-05-08 16:17:00+00:00,4.436179277751111,3,0.16671325806664505,524965.8489882869,5178314.709717626,pre_drawdown,F,3-10d,legacy_ZONE_1to4
669_20240131,009_540_20240123,2024-01-31 16:47:15.527961088+00:00,2024-01-23 09:56:09+00:00,-8.285492221771852,2,0.3191616237463357,527940.6051731822,5180370.167043006,post,none,3-10d,legacy_ZONE_1to4
669_20240131,010_234_20240202,2024-01-31 16:47:15.527961088+00:00,2024-02-02 08:18:25+00:00,1.646637407857778,2,0.11850727979480791,527955.7550633166,5180349.817918189,post,none,1-3d,legacy_ZONE_1to4
669_20240501,014_234_20240425,2024-05-01 12:26:50.735360768+00:00,2024-04-25 19:18:43+00:00,-5.713978418527407,1,-0.27549250204492637,526981.8225306151,5180400.975873588,post,F,3-10d,legacy_ZONE_1to4
669_20240501,015_027_20240509,2024-05-01 12:26:50.735360768+00:00,2024-05-09 07:01:49+00:00,7.774285470361481,7,0.1529828009734313,526680.1451632897,5179382.017176984,post,F,3-10d,legacy_ZONE_1to4
669_20240731,018_540_20240729,2024-07-31 08:06:19.800500224+00:00,2024-07-29 04:41:49+00:00,-2.1420231539377776,4,0.17813632515637323,524160.3560394463,5178127.967531057,post,F,1-3d,legacy_ZONE_1to4
669_20240731,019_234_20240808,2024-07-31 08:06:19.800500224+00:00,2024-08-08 03:04:06+00:00,7.790118049765926,1,-0.011517119851768953,525566.2779621911,5178630.292306291,post,F,3-10d,legacy_ZONE_1to4
669_20250429,031_540_20250426,2025-04-29 19:05:09.291428096+00:00,2025-04-26 10:27:52+00:00,-3.3592279100474074,5,0.013381165773136416,526707.7176840357,5179285.817555699,post,F,3-10d,legacy_ZONE_1to4
729_20230807,001_333_20230802,2023-08-07 01:19:44.112070656+00:00,2023-08-02 02:53:32+00:00,-4.934862408225185,1,-0.22263737994818555,475613.7189847912,5167841.903574877,pre_drawdown,F,3-10d,legacy_ZONE_1to4
729_20231105,006_027_20231103,2023-11-05 20:59:21.176432640+00:00,2023-11-03 12:15:55+00:00,-2.363497412414815,2,-0.11827015494188142,474649.170401798,5163860.907562103,post,F,1-3d,legacy_ZONE_1to4
729_20240204,010_333_20240205,2024-02-04 16:38:53.793192448+00:00,2024-02-05 21:39:17+00:00,1.208601930642963,9,-0.035903473337221214,473042.65378399123,5163901.890228656,post,F,1-3d,legacy_ZONE_1to4
729_20240804,018_540_20240729,2024-08-04 07:58:13.935981056+00:00,2024-07-29 04:41:49+00:00,-6.136399722002962,7,0.06126842771524821,468076.0844029251,5160350.87440057,post,D,3-10d,legacy_ZONE_1to4
729_20240804,019_333_20240811,2024-08-04 07:58:13.935981056+00:00,2024-08-11 16:24:58+00:00,7.351898889108148,7,0.009518154507809129,468073.67287090205,5160343.879828155,post,D,3-10d,legacy_ZONE_1to4
729_20241103,023_333_20241103,2024-11-03 03:37:45.389246208+00:00,2024-11-03 03:25:18+00:00,-0.008650338497777778,14,-0.032133730154549234,476063.6916722207,5165346.950234875,post,F,<=1d,legacy_ZONE_1to4
729_20250201,027_333_20250125,2025-02-01 23:17:15.559536384+00:00,2025-01-25 14:25:37+00:00,-7.36919629093037,3,0.10348828693734902,470241.71983185346,5162944.549015167,post,D,3-10d,legacy_ZONE_1to4
729_20250201,028_027_20250204,2025-02-01 23:17:15.559536384+00:00,2025-02-04 12:47:40+00:00,2.5627828757362963,3,0.04431378738540914,473361.70547562896,5163178.281273016,post,F,1-3d,legacy_ZONE_1to4
729_20250503,031_540_20250426,2025-05-03 18:57:00.451484416+00:00,2025-04-26 10:27:52+00:00,-7.353570040328889,1,-0.15211977924760234,465937.37141897145,5160500.42272329,post,D,3-10d,legacy_ZONE_1to4
789_20230512,510_001_20230503,2023-05-12 05:32:06.889442560+00:00,2023-05-03 17:03:50+00:00,-8.519639924103704,6,0.18482647888189963,407428.574911657,5158155.213667013,pre_drawdown,E,3-10d,legacy_ZONE_1to4
789_20230512,511_001_20230504,2023-05-12 05:32:06.889442560+00:00,2023-05-04 16:54:28+00:00,-7.526144553733333,6,0.14451856346882686,407395.7887681171,5158149.621120436,pre_drawdown,E,3-10d,legacy_ZONE_1to4
789_20230512,514_001_20230507,2023-05-12 05:32:06.889442560+00:00,2023-05-07 16:26:21+00:00,-4.545670016696296,6,0.14330542782434996,407407.27737439075,5158153.628326622,pre_drawdown,E,3-10d,legacy_ZONE_1to4
789_20230512,515_001_20230508,2023-05-12 05:32:06.889442560+00:00,2023-05-08 16:16:59+00:00,-3.5521746463259256,6,0.11088604657845025,407407.41752221034,5158158.563061297,pre_drawdown,E,3-10d,legacy_ZONE_1to4
789_20230512,516_001_20230509,2023-05-12 05:32:06.889442560+00:00,2023-05-09 16:07:37+00:00,-2.5586792759555554,6,0.08794081802285181,407403.2782365433,5158146.872300963,pre_drawdown,E,1-3d,legacy_ZONE_1to4
789_20230512,517_001_20230510,2023-05-12 05:32:06.889442560+00:00,2023-05-10 15:58:15+00:00,-1.5651839055851853,6,0.12014615064365586,407411.6606183642,5158154.134684125,pre_drawdown,E,1-3d,legacy_ZONE_1to4
789_20230512,518_001_20230511,2023-05-12 05:32:06.889442560+00:00,2023-05-11 15:48:52+00:00,-0.5717001092888889,6,0.10575223294594505,407412.334184445,5158149.994893155,pre_drawdown,E,<=1d,legacy_ZONE_1to4
789_20230512,519_001_20230512,2023-05-12 05:32:06.889442560+00:00,2023-05-12 15:39:30+00:00,0.42179526108148147,4,0.07978700283032225,407274.02156219166,5158144.454179134,pre_drawdown,E,<=1d,legacy_ZONE_1to4
789_20230512,521_001_20230514,2023-05-12 05:32:06.889442560+00:00,2023-05-14 15:20:45+00:00,2.408774427748148,6,0.1886616981581417,407409.837748845,5158151.763142358,pre_drawdown,E,1-3d,legacy_ZONE_1to4
789_20230512,522_001_20230515,2023-05-12 05:32:06.889442560+00:00,2023-05-15 15:11:23+00:00,3.402269798118519,6,0.17997075023949805,407416.4335250071,5158160.264969085,pre_drawdown,E,3-10d,legacy_ZONE_1to4
789_20230512,523_001_20230516,2023-05-12 05:32:06.889442560+00:00,2023-05-16 15:02:00+00:00,4.395753594414815,6,0.21162341993736344,407417.3638766262,5158159.341035386,pre_drawdown,E,3-10d,legacy_ZONE_1to4
789_20230512,525_001_20230518,2023-05-12 05:32:06.889442560+00:00,2023-05-18 14:43:16+00:00,6.3827443351555555,6,0.2124034055400852,407404.5666556918,5158156.992609113,pre_drawdown,E,3-10d,legacy_ZONE_1to4
789_20230811,001_333_20230802,2023-08-11 01:11:18.406508544+00:00,2023-08-02 02:53:33+00:00,-8.928997760515555,19,0.18399876674469695,412569.5740054047,5209075.032038992,pre_drawdown,E,3-10d,legacy_ZONE_1to4
789_20231109,005_540_20231031,2023-11-09 20:50:50.968006144+00:00,2023-10-31 22:55:37+00:00,-8.913356111182223,7,0.08290015650806382,409748.1425490201,5227288.5691579655,post,E,3-10d,legacy_ZONE_1to4
789_20231109,006_055_20231104,2023-11-09 20:50:50.968006144+00:00,2023-11-04 12:16:46+00:00,-5.357001944515556,10,0.22207569259110294,409937.379742609,5192945.116152475,post,E,3-10d,legacy_ZONE_1to4
789_20231109,006_262_20231111,2023-11-09 20:50:50.968006144+00:00,2023-11-11 21:18:26+00:00,2.019155462891852,5,0.36700179216374984,406730.1988452006,5228819.6167812655,post,E,1-3d,legacy_ZONE_1to4
789_20240208,010_262_20240203,2024-02-08 16:30:21.230577664+00:00,2024-02-03 08:18:47+00:00,-5.341368409463704,1,0.07071225580297735,405487.4061534867,5229628.743764562,post,E,3-10d,legacy_ZONE_1to4
789_20240208,010_333_20240205,2024-02-08 16:30:21.230577664+00:00,2024-02-05 21:39:23+00:00,-2.7853961872414814,1,0.44530351316587335,405466.73296699487,5229610.994683053,post,E,1-3d,legacy_ZONE_1to4
789_20240208,010_540_20240213,2024-02-08 16:30:21.230577664+00:00,2024-02-13 06:41:03+00:00,4.590761220165926,4,0.8111797372969791,405221.5631885078,5229811.616584374,post,E,3-10d,legacy_ZONE_1to4
789_20240208,011_055_20240216,2024-02-08 16:30:21.230577664+00:00,2024-02-16 20:02:12+00:00,8.147115386832592,4,-0.13943821257266453,405228.64797172823,5229806.403477566,post,E,3-10d,legacy_ZONE_1to4
789_20240509,015_055_20240510,2024-05-09 12:10:02.123703552+00:00,2024-05-10 07:02:28+00:00,0.7864106052829629,12,-0.04552683307005445,409277.1198947914,5161962.737597309,post,E,<=1d,legacy_ZONE_1to4
789_20240509,015_262_20240517,2024-05-09 12:10:02.123703552+00:00,2024-05-17 16:04:28+00:00,8.162799494171853,10,0.055640004242625274,406634.4171630208,5158363.055690421,post,E,3-10d,legacy_ZONE_1to4
789_20240808,019_055_20240801,2024-08-08 07:49:52.558762496+00:00,2024-08-01 18:02:47+00:00,-6.5743698930844445,6,0.22237342918403158,408950.2319853541,5193592.985737575,post,E,3-10d,legacy_ZONE_1to4
789_20240808,019_262_20240809,2024-08-08 07:49:52.558762496+00:00,2024-08-09 03:04:46+00:00,0.8020074217303703,1,0.017005919191772634,408073.8655466689,5161629.170438364,post,E,<=1d,legacy_ZONE_1to4
789_20240808,019_333_20240811,2024-08-08 07:49:52.558762496+00:00,2024-08-11 16:25:00.500000+00:00,3.35773080136,6,-0.020979928580667995,408932.4857162995,5193567.07075834,post,E,3-10d,legacy_ZONE_1to4
789_20250205,027_540_20250201,2025-02-05 23:09:11.233644800+00:00,2025-02-01 23:27:22+00:00,-3.9873753894074078,11,0.15612624685814325,405019.4507261617,5232792.954875301,post,E,3-10d,legacy_ZONE_1to4
789_20250205,028_055_20250205,2025-02-05 23:09:11.233644800+00:00,2025-02-05 12:48:31+00:00,-0.43102122274074073,14,-0.006676125816571954,405382.2116776569,5229666.635323324,post,E,<=1d,legacy_ZONE_1to4
789_20250205,028_262_20250212,2025-02-05 23:09:11.233644800+00:00,2025-02-12 21:50:10+00:00,6.945124610592592,14,0.21289693445787083,405274.27290859236,5229838.54746221,post,E,3-10d,legacy_ZONE_1to4
789_20250205,028_333_20250215,2025-02-05 23:09:11.233644800+00:00,2025-02-15 11:10:47+00:00,9.50110840688889,14,-0.034701888956373494,405346.00397644547,5229642.259812869,post,E,3-10d,legacy_ZONE_1to4
789_20250507,032_055_20250429,2025-05-07 18:48:31.444940800+00:00,2025-04-29 23:48:49+00:00,-7.7914634831111105,1,-0.08003787167710996,406306.3813341137,5160831.72199208,post,E,3-10d,legacy_ZONE_1to4
829_20230514,512_001_20230505,2023-05-14 17:37:53.403415552+00:00,2023-05-05 16:45:13+00:00,-9.036578743235555,42,0.0149703000566479,486927.0386090162,5174350.465122944,pre_drawdown,F,3-10d,legacy_ZONE_1to4
829_20230514,514_001_20230507,2023-05-14 17:37:53.403415552+00:00,2023-05-07 16:26:23+00:00,-7.049657446939259,85,-0.05365557078501482,486978.19198920095,5194130.538303787,pre_drawdown,F,3-10d,legacy_ZONE_1to4
829_20230514,515_001_20230508,2023-05-14 17:37:53.403415552+00:00,2023-05-08 16:17:00+00:00,-6.056173650642963,86,-0.038633911216036765,487005.92519515695,5194160.416453088,pre_drawdown,F,3-10d,legacy_ZONE_1to4
829_20230514,516_001_20230509,2023-05-14 17:37:53.403415552+00:00,2023-05-09 16:07:38+00:00,-5.062678280272593,66,-0.02788536099459904,486990.9095215569,5195539.862443846,pre_drawdown,F,3-10d,legacy_ZONE_1to4
829_20230514,517_001_20230510,2023-05-14 17:37:53.403415552+00:00,2023-05-10 15:58:16+00:00,-4.0691829099022225,77,-0.007241827569284709,486945.32686346397,5194082.846388726,pre_drawdown,F,3-10d,legacy_ZONE_1to4
829_20230514,518_001_20230511,2023-05-14 17:37:53.403415552+00:00,2023-05-11 15:48:54+00:00,-3.075687539531852,55,0.009681819045738393,487198.66853333905,5198562.406147494,pre_drawdown,F,3-10d,legacy_ZONE_1to4
829_20230514,519_001_20230512,2023-05-14 17:37:53.403415552+00:00,2023-05-12 15:39:31+00:00,-2.0822037432355556,66,-0.013049807065982577,487105.1796142688,5194108.681469567,pre_drawdown,F,1-3d,legacy_ZONE_1to4
829_20230514,520_001_20230513,2023-05-14 17:37:53.403415552+00:00,2023-05-13 15:30:09+00:00,-1.0887083728651852,58,-0.01810043487856916,486994.8064088491,5199833.651626397,pre_drawdown,F,1-3d,legacy_ZONE_1to4
829_20230514,521_001_20230514,2023-05-14 17:37:53.403415552+00:00,2023-05-14 15:20:46+00:00,-0.09522457656888889,72,0.011578849736235242,486867.7632435922,5183784.360332029,pre_drawdown,F,<=1d,legacy_ZONE_1to4
829_20230514,522_001_20230515,2023-05-14 17:37:53.403415552+00:00,2023-05-15 15:11:24+00:00,0.8982707938014814,86,0.046830296681452666,487000.2705952199,5194265.406828748,pre_drawdown,F,<=1d,legacy_ZONE_1to4
829_20230514,523_001_20230516,2023-05-14 17:37:53.403415552+00:00,2023-05-16 15:02:01+00:00,1.891754590097778,48,0.05524109096974428,486825.2810951003,5176427.685637925,pre_drawdown,F,1-3d,legacy_ZONE_1to4
829_20230514,524_001_20230517,2023-05-14 17:37:53.403415552+00:00,2023-05-17 14:52:47+00:00,2.885342553060741,19,0.09618210835994034,488260.12801256974,5214501.58041686,pre_drawdown,F,1-3d,legacy_ZONE_1to4
829_20230514,525_001_20230518,2023-05-14 17:37:53.403415552+00:00,2023-05-18 14:43:17+00:00,3.8787453308385187,84,0.03593451140666737,487039.53364777874,5194909.714899536,pre_drawdown,F,3-10d,legacy_ZONE_1to4
829_20230514,530_001_20230523,2023-05-14 17:37:53.403415552+00:00,2023-05-23 13:56:27+00:00,8.84622218269037,75,0.07724978777931923,487145.69010628475,5195552.659259577,pre_drawdown,F,3-10d,legacy_ZONE_1to4
829_20230514,531_001_20230524,2023-05-14 17:37:53.403415552+00:00,2023-05-24 13:47:05+00:00,9.83971755306074,82,0.06960729943758981,486961.7636929156,5188542.326548411,pre_drawdown,F,3-10d,legacy_ZONE_1to4
829_20230813,002_333_20230822,2023-08-13 13:17:05.654061056+00:00,2023-08-22 23:38:37+00:00,9.43161280021926,18,0.09421592324727879,484776.05398525164,5196967.530602027,pre_drawdown,F,3-10d,legacy_ZONE_1to4
829_20231112,006_027_20231103,2023-11-12 08:56:46.374199040+00:00,2023-11-03 12:16:05+00:00,-8.861589979155555,27,-0.5086286587206548,485732.49637135566,5173320.07495165,post,F,3-10d,legacy_ZONE_1to4
829_20231112,006_540_20231121,2023-11-12 08:56:46.374199040+00:00,2023-11-21 19:40:52+00:00,9.44728733565926,13,-0.36986105185455287,485737.2343667799,5173002.797543041,post,F,3-10d,legacy_ZONE_1to4
829_20240810,019_333_20240811,2024-08-10 19:55:49.073580032+00:00,2024-08-11 16:24:58+00:00,0.8535755372681482,67,-0.028513479638206718,486784.8372362389,5189129.691944247,post,F,<=1d,legacy_ZONE_1to4
829_20240810,019_540_20240819,2024-08-10 19:55:49.073580032+00:00,2024-08-19 01:26:53+00:00,8.229906555786666,49,-0.03555123558118112,486963.6694243895,5189325.211294212,post,F,3-10d,legacy_ZONE_1to4
829_20241109,023_333_20241103,2024-11-09 15:35:06.683130880+00:00,2024-11-03 03:25:19+00:00,-6.506801888088889,43,0.2055071558752104,486541.06680506,5198456.08628322,post,F,3-10d,legacy_ZONE_1to4
829_20250208,027_540_20250201,2025-02-08 11:15:05.242047488+00:00,2025-02-01 23:27:32+00:00,-6.491356968142222,36,0.19350095993551442,487181.31055493985,5205145.7145487005,post,F,3-10d,legacy_ZONE_1to4
829_20250208,028_027_20250204,2025-02-08 11:15:05.242047488+00:00,2025-02-04 12:47:50+00:00,-3.935593079253333,71,0.2667339602900256,486847.899244647,5188934.2077369215,post,F,3-10d,legacy_ZONE_1to4
829_20250208,028_333_20250215,2025-02-08 11:15:05.242047488+00:00,2025-02-15 11:10:42+00:00,6.996953217042963,62,0.3149370390574555,487061.72501179215,5194690.501954323,post,F,3-10d,legacy_ZONE_1to4
889_20230518,516_001_20230509,2023-05-18 17:29:33.121985024+00:00,2023-05-09 16:07:37+00:00,-9.056899560011852,8,-0.14959809670331303,425778.712775684,5156120.225523767,pre_drawdown,E,3-10d,legacy_ZONE_1to4
889_20230518,517_001_20230510,2023-05-18 17:29:33.121985024+00:00,2023-05-10 15:58:15+00:00,-8.063404189641481,8,-0.09058976983853828,425783.1373465989,5156140.692667499,pre_drawdown,E,3-10d,legacy_ZONE_1to4
889_20230518,518_001_20230511,2023-05-18 17:29:33.121985024+00:00,2023-05-11 15:48:52+00:00,-7.069920393345185,9,-0.08940942640526472,425682.12188480934,5156138.491851248,pre_drawdown,E,3-10d,legacy_ZONE_1to4
889_20230518,519_001_20230512,2023-05-18 17:29:33.121985024+00:00,2023-05-12 15:39:30+00:00,-6.0764250229748145,9,-0.13436285570128526,425676.15322158113,5156118.169562184,pre_drawdown,E,3-10d,legacy_ZONE_1to4
889_20230518,521_001_20230514,2023-05-18 17:29:33.121985024+00:00,2023-05-14 15:20:45+00:00,-4.089445856308148,9,-0.01995746746291438,425681.3636832355,5156135.985956653,pre_drawdown,E,3-10d,legacy_ZONE_1to4
889_20230518,522_001_20230515,2023-05-18 17:29:33.121985024+00:00,2023-05-15 15:11:23+00:00,-3.0959504859377778,9,0.03156187383614295,425680.28213488153,5156138.291546222,pre_drawdown,E,3-10d,legacy_ZONE_1to4
889_20230518,523_001_20230516,2023-05-18 17:29:33.121985024+00:00,2023-05-16 15:02:00+00:00,-2.1024666896414814,4,-0.007882433420063784,422731.7107085603,5156073.745951144,pre_drawdown,E,1-3d,legacy_ZONE_1to4
889_20230518,525_001_20230518,2023-05-18 17:29:33.121985024+00:00,2023-05-18 14:43:16+00:00,-0.11547594890074074,9,-0.0494681973161164,425681.654517898,5156143.481552628,pre_drawdown,E,<=1d,legacy_ZONE_1to4
889_20230518,530_001_20230523,2023-05-18 17:29:33.121985024+00:00,2023-05-23 13:56:26+00:00,4.852000902951111,7,-0.060805071918814235,425679.53737846797,5156142.762970203,pre_drawdown,E,3-10d,legacy_ZONE_1to4
889_20230518,531_001_20230524,2023-05-18 17:29:33.121985024+00:00,2023-05-24 13:47:04+00:00,5.845496273321482,3,-0.06367750200029221,425271.06505985424,5151999.873990974,pre_drawdown,E,3-10d,legacy_ZONE_1to4
889_20230518,533_001_20230526,2023-05-18 17:29:33.121985024+00:00,2023-05-26 13:28:20+00:00,7.832487014062223,7,-0.06146624878454432,422948.47369980655,5154692.186451077,pre_drawdown,E,3-10d,legacy_ZONE_1to4
889_20230518,534_001_20230527,2023-05-18 17:29:33.121985024+00:00,2023-05-27 13:18:58+00:00,8.825982384432592,3,-0.05652992415529212,428338.33700767416,5151188.725609439,pre_drawdown,E,3-10d,legacy_ZONE_1to4
889_20230817,002_333_20230822,2023-08-17 13:08:45.236499200+00:00,2023-08-22 23:38:35+00:00,5.437381522,10,0.0491053666815251,422542.0932453644,5158276.1635735165,pre_drawdown,E,3-10d,legacy_ZONE_1to4
889_20231116,006_262_20231111,2023-11-16 08:48:32.980820992+00:00,2023-11-11 21:18:36+00:00,-4.479131722465185,2,0.25710031706938086,422044.4284418087,5162261.363480546,post,E,3-10d,legacy_ZONE_1to4
889_20231116,006_540_20231121,2023-11-16 08:48:32.980820992+00:00,2023-11-21 19:40:52+00:00,5.452997907164445,8,-0.18203636491949204,424782.1702149912,5156166.386520791,post,E,3-10d,legacy_ZONE_1to4
889_20240814,019_262_20240809,2024-08-14 19:47:21.786861312+00:00,2024-08-09 03:04:46+00:00,-5.696247533117037,3,-0.061447075692298014,425308.41492455883,5157586.509821782,post,E,3-10d,legacy_ZONE_1to4
889_20240814,019_333_20240811,2024-08-14 19:47:21.786861312+00:00,2024-08-11 16:24:57+00:00,-3.140564662746667,7,-0.06623358102765309,428324.9690538718,5155748.520937157,post,E,3-10d,legacy_ZONE_1to4
889_20240814,019_540_20240819,2024-08-14 19:47:21.786861312+00:00,2024-08-19 01:26:53+00:00,4.235777929845926,7,-0.28670262170298244,428330.18797228765,5155752.210935946,post,E,3-10d,legacy_ZONE_1to4
889_20250212,028_262_20250212,2025-02-12 11:06:31.830204416+00:00,2025-02-12 21:50:29+00:00,0.44718946522666664,3,0.19564691139031254,425676.53807407664,5156240.04880862,post,E,<=1d,legacy_ZONE_1to4
889_20250212,028_333_20250215,2025-02-12 11:06:31.830204416+00:00,2025-02-15 11:10:40+00:00,3.002872335597037,7,0.09173140733608776,425687.30088472867,5156146.283873267,post,E,3-10d,legacy_ZONE_1to4
989_20230824,002_305_20230821,2023-08-24 00:20:56.804620032+00:00,2023-08-21 23:38:23+00:00,-2.029557923842963,1,0.2520720623673185,655152.2030950245,5303025.584118071,pre_drawdown,R,1-3d,legacy_ZONE_1to4
989_20230824,002_512_20230829,2023-08-24 00:20:56.804620032+00:00,2023-08-29 08:39:43+00:00,5.346368002082962,1,-0.2680588743895278,655896.9704765716,5298048.434294413,pre_drawdown,R,3-10d,legacy_ZONE_1to4
989_20241120,024_206_20241119,2024-11-20 02:39:03.333760256+00:00,2024-11-19 10:48:40+00:00,-0.6599922888918518,8,0.14882834385329424,660049.0475874704,5295580.49006729,post,none,<=1d,legacy_ZONE_1to4
989_20241120,024_305_20241123,2024-11-20 02:39:03.333760256+00:00,2024-11-23 00:10:09+00:00,2.896593359256296,6,-0.8373082523862188,659327.7618129936,5296718.9704080075,post,none,1-3d,legacy_ZONE_1to4
989_20250218,028_206_20250210,2025-02-18 22:18:29.114391552+00:00,2025-02-10 21:48:57+00:00,-8.020510583235556,2,-0.15489239607828154,655343.5316072451,5302998.671488309,post,R,3-10d,legacy_ZONE_1to4
989_20250218,028_305_20250214,2025-02-18 22:18:29.114391552+00:00,2025-02-14 11:10:26+00:00,-4.463924935087407,2,-0.07256369553607289,655411.7560153959,5300455.073210886,post,none,3-10d,legacy_ZONE_1to4
