variant,versions,quality,radius,universe,assembly,unit,window,n1,n13,n310,all_med,all_nmad,all_w10,pre,post_0701,trans_0701,post_0701_med,post_0701_nmad,post_0707,trans_0707,post_0707_med,post_0707_nmad,post_0901,trans_0901,post_0901_med,post_0901_nmad,post_0908,trans_0908,post_0908_med,post_0908_nmad,pre_med,pre_nmad,pre_w10,foot_SA2,foot_SA2_med,foot_Rcore,foot_Rcore_med,foot_Z1,foot_Z1_med,foot_pool_20230605,foot_pool_20230605_med,G1,G2_post_cuts,G3_footprints,dist_G1,dist_n1
all|q1_nodark|r200|Z1234|union_at_crossing|ovp_pass|h24,all,q1_nodark,200.0,Z1234,union_at_crossing,ovp_pass,h24,33,68,243,1.7005919191761976,9.271105850339008,63.63636363636363,8,18,7,2.426104589935507,8.092720326977226,17,8,1.7005919191761976,7.285444412086734,17,8,1.7005919191761976,7.285444412086734,17,8,1.7005919191761976,7.285444412086734,3.8326100442837685,5.048362516324993,87.5,3,14.88283438533049,1,-8.002566554520385,17,3.1516172606948167,2,-7.405522751737026,False,,,5,1
all|q1_nodark|r200|Z1234|union_at_crossing|ovp_date|h24,all,q1_nodark,200.0,Z1234,union_at_crossing,ovp_date,h24,33,68,243,1.7005919191761976,9.271105850339008,63.63636363636363,8,18,7,2.426104589935507,8.092720326977226,17,8,1.7005919191761976,7.285444412086734,17,8,1.7005919191761976,7.285444412086734,17,8,1.7005919191761976,7.285444412086734,3.8326100442837685,5.048362516324993,87.5,3,14.88283438533049,1,-8.002566554520385,17,3.1516172606948167,2,-7.405522751737026,False,,,5,1
all|q1_nodark|r200|Z1234|union_at_node|ovp_pass|h24,all,q1_nodark,200.0,Z1234,union_at_node,ovp_pass,h24,33,68,243,1.7005919191761976,9.271105850339008,63.63636363636363,8,18,7,2.426104589935507,8.092720326977226,17,8,1.7005919191761976,7.285444412086734,17,8,1.7005919191761976,7.285444412086734,17,8,1.7005919191761976,7.285444412086734,3.8326100442837685,5.048362516324993,87.5,3,14.88283438533049,1,-8.002566554520385,17,3.1516172606948167,2,-7.405522751737026,False,,,5,1
all|q1_nodark|r200|Z1234|union_at_node|ovp_date|h24,all,q1_nodark,200.0,Z1234,union_at_node,ovp_date,h24,33,68,243,1.7005919191761976,9.271105850339008,63.63636363636363,8,18,7,2.426104589935507,8.092720326977226,17,8,1.7005919191761976,7.285444412086734,17,8,1.7005919191761976,7.285444412086734,17,8,1.7005919191761976,7.285444412086734,3.8326100442837685,5.048362516324993,87.5,3,14.88283438533049,1,-8.002566554520385,17,3.1516172606948167,2,-7.405522751737026,False,,,5,1
all|q1_nodark|r200|Z1234|perzone_dedup_ovp_pass|ovp_pass|h24,all,q1_nodark,200.0,Z1234,perzone_dedup_ovp_pass,ovp_pass,h24,33,68,243,1.7005919191761976,9.271105850339008,63.63636363636363,8,18,7,2.426104589935507,8.092720326977226,17,8,1.7005919191761976,7.285444412086734,17,8,1.7005919191761976,7.285444412086734,17,8,1.7005919191761976,7.285444412086734,3.8326100442837685,5.048362516324993,87.5,3,14.88283438533049,1,-8.002566554520385,17,3.1516172606948167,2,-7.405522751737026,False,,,5,1
all|q1_nodark|r200|Z1234|perzone_dedup_ovp_pass|ovp_pass_reach|h24,all,q1_nodark,200.0,Z1234,perzone_dedup_ovp_pass,ovp_pass_reach,h24,33,68,243,1.209354908357696,8.412437219879706,60.60606060606061,8,18,7,2.9193140575181076,9.508446135341336,17,8,4.138036195860018,11.334048349147599,17,8,4.138036195860018,11.334048349147599,17,8,4.138036195860018,11.334048349147599,1.5000857858766814,5.498589581653406,87.5,3,20.986902552955655,2,6.492167999217635,17,1.209354908357696,3,-3.481415312400138,False,,,5,1
all|q1_nodark|r200|Z123_master|union_at_crossing|ovp_pass|h24,all,q1_nodark,200.0,Z123_master,union_at_crossing,ovp_pass,h24,33,68,239,1.7005919191761976,9.271105850339008,63.63636363636363,8,18,7,2.426104589935507,8.092720326977226,17,8,1.7005919191761976,7.285444412086734,17,8,1.7005919191761976,7.285444412086734,17,8,1.7005919191761976,7.285444412086734,3.8326100442837685,5.048362516324993,87.5,3,14.88283438533049,1,-8.002566554520385,17,3.1516172606948167,2,-7.405522751737026,False,,,5,1
all|q1_nodark|r200|Z123_master|union_at_crossing|ovp_date|h24,all,q1_nodark,200.0,Z123_master,union_at_crossing,ovp_date,h24,33,68,239,1.7005919191761976,9.271105850339008,63.63636363636363,8,18,7,2.426104589935507,8.092720326977226,17,8,1.7005919191761976,7.285444412086734,17,8,1.7005919191761976,7.285444412086734,17,8,1.7005919191761976,7.285444412086734,3.8326100442837685,5.048362516324993,87.5,3,14.88283438533049,1,-8.002566554520385,17,3.1516172606948167,2,-7.405522751737026,False,,,5,1
all|q1_nodark|r200|Z123_master|union_at_node|ovp_pass|h24,all,q1_nodark,200.0,Z123_master,union_at_node,ovp_pass,h24,33,68,243,1.7005919191761976,9.271105850339008,63.63636363636363,8,18,7,2.426104589935507,8.092720326977226,17,8,1.7005919191761976,7.285444412086734,17,8,1.7005919191761976,7.285444412086734,17,8,1.7005919191761976,7.285444412086734,3.8326100442837685,5.048362516324993,87.5,3,14.88283438533049,1,-8.002566554520385,17,3.1516172606948167,2,-7.405522751737026,False,,,5,1
all|q1_nodark|r200|Z123_master|union_at_node|ovp_date|h24,all,q1_nodark,200.0,Z123_master,union_at_node,ovp_date,h24,33,68,243,1.7005919191761976,9.271105850339008,63.63636363636363,8,18,7,2.426104589935507,8.092720326977226,17,8,1.7005919191761976,7.285444412086734,17,8,1.7005919191761976,7.285444412086734,17,8,1.7005919191761976,7.285444412086734,3.8326100442837685,5.048362516324993,87.5,3,14.88283438533049,1,-8.002566554520385,17,3.1516172606948167,2,-7.405522751737026,False,,,5,1
all|q1_nodark|r200|Z123_master|perzone_dedup_ovp_pass|ovp_pass|h24,all,q1_nodark,200.0,Z123_master,perzone_dedup_ovp_pass,ovp_pass,h24,33,68,243,1.7005919191761976,9.271105850339008,63.63636363636363,8,18,7,2.426104589935507,8.092720326977226,17,8,1.7005919191761976,7.285444412086734,17,8,1.7005919191761976,7.285444412086734,17,8,1.7005919191761976,7.285444412086734,3.8326100442837685,5.048362516324993,87.5,3,14.88283438533049,1,-8.002566554520385,17,3.1516172606948167,2,-7.405522751737026,False,,,5,1
all|q1_nodark|r200|Z123_master|perzone_dedup_ovp_pass|ovp_pass_reach|h24,all,q1_nodark,200.0,Z123_master,perzone_dedup_ovp_pass,ovp_pass_reach,h24,33,68,243,1.209354908357696,8.412437219879706,60.60606060606061,8,18,7,2.9193140575181076,9.508446135341336,17,8,4.138036195860018,11.334048349147599,17,8,4.138036195860018,11.334048349147599,17,8,4.138036195860018,11.334048349147599,1.5000857858766814,5.498589581653406,87.5,3,20.986902552955655,2,6.492167999217635,17,1.209354908357696,3,-3.481415312400138,False,,,5,1
latest|q1_nodark|r200|Z1234|union_at_crossing|ovp_pass|h24,latest,q1_nodark,200.0,Z1234,union_at_crossing,ovp_pass,h24,33,68,243,1.7005919191761976,9.271105850339008,63.63636363636363,8,18,7,2.426104589935507,8.092720326977226,17,8,1.7005919191761976,8.468175085184457,17,8,1.7005919191761976,8.468175085184457,17,8,1.7005919191761976,8.468175085184457,3.8326100442837685,5.048362516324993,87.5,3,14.88283438533049,1,-8.318473462591136,17,3.1516172606948167,2,-7.405522751737026,False,,,5,1
latest|q1_nodark|r200|Z1234|union_at_crossing|ovp_date|h24,latest,q1_nodark,200.0,Z1234,union_at_crossing,ovp_date,h24,33,68,243,1.7005919191761976,9.271105850339008,63.63636363636363,8,18,7,2.426104589935507,8.092720326977226,17,8,1.7005919191761976,8.468175085184457,17,8,1.7005919191761976,8.468175085184457,17,8,1.7005919191761976,8.468175085184457,3.8326100442837685,5.048362516324993,87.5,3,14.88283438533049,1,-8.318473462591136,17,3.1516172606948167,2,-7.405522751737026,False,,,5,1
latest|q1_nodark|r200|Z1234|union_at_node|ovp_pass|h24,latest,q1_nodark,200.0,Z1234,union_at_node,ovp_pass,h24,33,68,243,1.7005919191761976,9.271105850339008,63.63636363636363,8,18,7,2.426104589935507,8.092720326977226,17,8,1.7005919191761976,8.468175085184457,17,8,1.7005919191761976,8.468175085184457,17,8,1.7005919191761976,8.468175085184457,3.8326100442837685,5.048362516324993,87.5,3,14.88283438533049,1,-8.318473462591136,17,3.1516172606948167,2,-7.405522751737026,False,,,5,1
latest|q1_nodark|r200|Z1234|union_at_node|ovp_date|h24,latest,q1_nodark,200.0,Z1234,union_at_node,ovp_date,h24,33,68,243,1.7005919191761976,9.271105850339008,63.63636363636363,8,18,7,2.426104589935507,8.092720326977226,17,8,1.7005919191761976,8.468175085184457,17,8,1.7005919191761976,8.468175085184457,17,8,1.7005919191761976,8.468175085184457,3.8326100442837685,5.048362516324993,87.5,3,14.88283438533049,1,-8.318473462591136,17,3.1516172606948167,2,-7.405522751737026,False,,,5,1
latest|q1_nodark|r200|Z1234|perzone_dedup_ovp_pass|ovp_pass|h24,latest,q1_nodark,200.0,Z1234,perzone_dedup_ovp_pass,ovp_pass,h24,33,68,243,1.7005919191761976,9.271105850339008,63.63636363636363,8,18,7,2.426104589935507,8.092720326977226,17,8,1.7005919191761976,8.468175085184457,17,8,1.7005919191761976,8.468175085184457,17,8,1.7005919191761976,8.468175085184457,3.8326100442837685,5.048362516324993,87.5,3,14.88283438533049,1,-8.318473462591136,17,3.1516172606948167,2,-7.405522751737026,False,,,5,1
latest|q1_nodark|r200|Z1234|perzone_dedup_ovp_pass|ovp_pass_reach|h24,latest,q1_nodark,200.0,Z1234,perzone_dedup_ovp_pass,ovp_pass_reach,h24,33,68,243,1.209354908357696,9.127144521220117,60.60606060606061,8,18,7,2.9193140575181076,9.508446135341336,17,8,4.138036195860018,11.334048349147599,17,8,4.138036195860018,11.334048349147599,17,8,4.138036195860018,11.334048349147599,1.5000857858766814,5.498589581653406,87.5,3,20.986902552955655,2,6.33421454518226,17,1.209354908357696,3,-3.481415312400138,False,,,5,1
latest|q1_nodark|r200|Z123_master|union_at_crossing|ovp_pass|h24,latest,q1_nodark,200.0,Z123_master,union_at_crossing,ovp_pass,h24,33,68,239,1.7005919191761976,9.271105850339008,63.63636363636363,8,18,7,2.426104589935507,8.092720326977226,17,8,1.7005919191761976,8.468175085184457,17,8,1.7005919191761976,8.468175085184457,17,8,1.7005919191761976,8.468175085184457,3.8326100442837685,5.048362516324993,87.5,3,14.88283438533049,1,-8.318473462591136,17,3.1516172606948167,2,-7.405522751737026,False,,,5,1
latest|q1_nodark|r200|Z123_master|union_at_crossing|ovp_date|h24,latest,q1_nodark,200.0,Z123_master,union_at_crossing,ovp_date,h24,33,68,239,1.7005919191761976,9.271105850339008,63.63636363636363,8,18,7,2.426104589935507,8.092720326977226,17,8,1.7005919191761976,8.468175085184457,17,8,1.7005919191761976,8.468175085184457,17,8,1.7005919191761976,8.468175085184457,3.8326100442837685,5.048362516324993,87.5,3,14.88283438533049,1,-8.318473462591136,17,3.1516172606948167,2,-7.405522751737026,False,,,5,1
latest|q1_nodark|r200|Z123_master|union_at_node|ovp_pass|h24,latest,q1_nodark,200.0,Z123_master,union_at_node,ovp_pass,h24,33,68,243,1.7005919191761976,9.271105850339008,63.63636363636363,8,18,7,2.426104589935507,8.092720326977226,17,8,1.7005919191761976,8.468175085184457,17,8,1.7005919191761976,8.468175085184457,17,8,1.7005919191761976,8.468175085184457,3.8326100442837685,5.048362516324993,87.5,3,14.88283438533049,1,-8.318473462591136,17,3.1516172606948167,2,-7.405522751737026,False,,,5,1
latest|q1_nodark|r200|Z123_master|union_at_node|ovp_date|h24,latest,q1_nodark,200.0,Z123_master,union_at_node,ovp_date,h24,33,68,243,1.7005919191761976,9.271105850339008,63.63636363636363,8,18,7,2.426104589935507,8.092720326977226,17,8,1.7005919191761976,8.468175085184457,17,8,1.7005919191761976,8.468175085184457,17,8,1.7005919191761976,8.468175085184457,3.8326100442837685,5.048362516324993,87.5,3,14.88283438533049,1,-8.318473462591136,17,3.1516172606948167,2,-7.405522751737026,False,,,5,1
latest|q1_nodark|r200|Z123_master|perzone_dedup_ovp_pass|ovp_pass|h24,latest,q1_nodark,200.0,Z123_master,perzone_dedup_ovp_pass,ovp_pass,h24,33,68,243,1.7005919191761976,9.271105850339008,63.63636363636363,8,18,7,2.426104589935507,8.092720326977226,17,8,1.7005919191761976,8.468175085184457,17,8,1.7005919191761976,8.468175085184457,17,8,1.7005919191761976,8.468175085184457,3.8326100442837685,5.048362516324993,87.5,3,14.88283438533049,1,-8.318473462591136,17,3.1516172606948167,2,-7.405522751737026,False,,,5,1
latest|q1_nodark|r200|Z123_master|perzone_dedup_ovp_pass|ovp_pass_reach|h24,latest,q1_nodark,200.0,Z123_master,perzone_dedup_ovp_pass,ovp_pass_reach,h24,33,68,243,1.209354908357696,9.127144521220117,60.60606060606061,8,18,7,2.9193140575181076,9.508446135341336,17,8,4.138036195860018,11.334048349147599,17,8,4.138036195860018,11.334048349147599,17,8,4.138036195860018,11.334048349147599,1.5000857858766814,5.498589581653406,87.5,3,20.986902552955655,2,6.33421454518226,17,1.209354908357696,3,-3.481415312400138,False,,,5,1
all|q1_dark|r200|Z123_master|perzone_dedup_exact|ovp_pass|h24,all,q1_dark,200.0,Z123_master,perzone_dedup_exact,ovp_pass,h24,32,66,244,2.341391169799767,9.119090766070867,65.625,7,19,6,3.1516172606948167,9.436734583422238,18,7,2.74390717230224,9.425122198231264,18,7,2.74390717230224,9.425122198231264,18,7,2.74390717230224,9.425122198231264,2.9821904204233363,6.700155948719759,85.71428571428571,3,14.88283438533049,1,-8.002566554520385,16,2.1547511171585487,1,-13.470137832332885,False,,,7,0
all|q1_dark|r200|Z123_master|perzone_dedup_exact|ovp_date|h24,all,q1_dark,200.0,Z123_master,perzone_dedup_exact,ovp_date,h24,32,66,244,2.341391169799767,9.119090766070867,65.625,7,19,6,3.1516172606948167,9.436734583422238,18,7,2.74390717230224,9.425122198231264,18,7,2.74390717230224,9.425122198231264,18,7,2.74390717230224,9.425122198231264,2.9821904204233363,6.700155948719759,85.71428571428571,3,14.88283438533049,1,-8.002566554520385,16,2.1547511171585487,1,-13.470137832332885,False,,,7,0
latest|q1_dark|r200|Z123_master|perzone_dedup_exact|ovp_pass|h24,latest,q1_dark,200.0,Z123_master,perzone_dedup_exact,ovp_pass,h24,32,66,244,2.341391169799767,9.119090766070867,65.625,7,19,6,3.1516172606948167,9.436734583422238,18,7,2.74390717230224,9.425122198231264,18,7,2.74390717230224,9.425122198231264,18,7,2.74390717230224,9.425122198231264,2.9821904204233363,6.700155948719759,85.71428571428571,3,14.88283438533049,1,-8.318473462591136,16,2.1547511171585487,1,-13.470137832332885,False,,,7,0
latest|q1_dark|r200|Z123_master|perzone_dedup_exact|ovp_date|h24,latest,q1_dark,200.0,Z123_master,perzone_dedup_exact,ovp_date,h24,32,66,244,2.341391169799767,9.119090766070867,65.625,7,19,6,3.1516172606948167,9.436734583422238,18,7,2.74390717230224,9.425122198231264,18,7,2.74390717230224,9.425122198231264,18,7,2.74390717230224,9.425122198231264,2.9821904204233363,6.700155948719759,85.71428571428571,3,14.88283438533049,1,-8.318473462591136,16,2.1547511171585487,1,-13.470137832332885,False,,,7,0
all|q1_dark|r500|Z1234|union_at_crossing|ovp_pass|h24,all,q1_dark,500.0,Z1234,union_at_crossing,ovp_pass,h24,31,65,239,0.1835354489617913,8.800082675545214,64.51612903225806,7,17,7,2.3833882847426935,9.371078421306557,16,8,2.50675911847984,11.459863661842343,16,8,2.50675911847984,11.459863661842343,16,8,2.50675911847984,11.459863661842343,0.1333078202581106,7.1531622805284165,100.0,3,14.809690147672327,2,8.239860179611558,15,2.3833882847426935,1,-13.582741721467162,False,,,8,1
all|q1_dark|r500|Z1234|union_at_crossing|ovp_date|h24,all,q1_dark,500.0,Z1234,union_at_crossing,ovp_date,h24,31,65,239,0.1835354489617913,8.800082675545214,64.51612903225806,7,17,7,2.3833882847426935,9.371078421306557,16,8,2.50675911847984,11.459863661842343,16,8,2.50675911847984,11.459863661842343,16,8,2.50675911847984,11.459863661842343,0.1333078202581106,7.1531622805284165,100.0,3,14.809690147672327,2,8.239860179611558,15,2.3833882847426935,1,-13.582741721467162,False,,,8,1
all|q1_dark|r500|Z1234|union_at_node|ovp_pass|h24,all,q1_dark,500.0,Z1234,union_at_node,ovp_pass,h24,31,65,239,0.1835354489617913,8.800082675545214,64.51612903225806,7,17,7,2.3833882847426935,9.371078421306557,16,8,2.50675911847984,11.459863661842343,16,8,2.50675911847984,11.459863661842343,16,8,2.50675911847984,11.459863661842343,0.1333078202581106,7.1531622805284165,100.0,3,14.809690147672327,2,8.239860179611558,15,2.3833882847426935,1,-13.582741721467162,False,,,8,1
all|q1_dark|r500|Z1234|union_at_node|ovp_date|h24,all,q1_dark,500.0,Z1234,union_at_node,ovp_date,h24,31,65,239,0.1835354489617913,8.800082675545214,64.51612903225806,7,17,7,2.3833882847426935,9.371078421306557,16,8,2.50675911847984,11.459863661842343,16,8,2.50675911847984,11.459863661842343,16,8,2.50675911847984,11.459863661842343,0.1333078202581106,7.1531622805284165,100.0,3,14.809690147672327,2,8.239860179611558,15,2.3833882847426935,1,-13.582741721467162,False,,,8,1
all|q1_dark|r500|Z1234|perzone_dedup_ovp_pass|ovp_pass|h24,all,q1_dark,500.0,Z1234,perzone_dedup_ovp_pass,ovp_pass,h24,31,65,239,0.1835354489617913,8.800082675545214,64.51612903225806,7,17,7,2.3833882847426935,9.371078421306557,16,8,2.50675911847984,11.459863661842343,16,8,2.50675911847984,11.459863661842343,16,8,2.50675911847984,11.459863661842343,0.1333078202581106,7.1531622805284165,100.0,3,14.809690147672327,2,8.239860179611558,15,2.3833882847426935,1,-13.582741721467162,False,,,8,1
all|q1_dark|r500|Z1234|perzone_dedup_ovp_pass|ovp_pass_reach|h24,all,q1_dark,500.0,Z1234,perzone_dedup_ovp_pass,ovp_pass_reach,h24,31,65,239,0.6333957594367945,8.141976165663905,61.29032258064516,7,17,7,2.5789194275592564,9.484811949879358,16,8,3.302788987004579,12.25945699402807,16,8,3.302788987004579,12.25945699402807,16,8,3.302788987004579,12.25945699402807,-0.7315599354791757,5.870909345872316,100.0,3,16.79046591787614,3,16.79046591787614,15,2.3833882847426935,2,1.6038620982044893,False,,,8,1
all|q1_dark|r500|Z123_master|union_at_node|ovp_pass|h24,all,q1_dark,500.0,Z123_master,union_at_node,ovp_pass,h24,31,65,239,0.1835354489617913,8.800082675545214,64.51612903225806,7,17,7,2.3833882847426935,9.371078421306557,16,8,2.50675911847984,11.459863661842343,16,8,2.50675911847984,11.459863661842343,16,8,2.50675911847984,11.459863661842343,0.1333078202581106,7.1531622805284165,100.0,3,14.809690147672327,2,8.239860179611558,15,2.3833882847426935,1,-13.582741721467162,False,,,8,1
all|q1_dark|r500|Z123_master|union_at_node|ovp_date|h24,all,q1_dark,500.0,Z123_master,union_at_node,ovp_date,h24,31,65,239,0.1835354489617913,8.800082675545214,64.51612903225806,7,17,7,2.3833882847426935,9.371078421306557,16,8,2.50675911847984,11.459863661842343,16,8,2.50675911847984,11.459863661842343,16,8,2.50675911847984,11.459863661842343,0.1333078202581106,7.1531622805284165,100.0,3,14.809690147672327,2,8.239860179611558,15,2.3833882847426935,1,-13.582741721467162,False,,,8,1
all|q1_dark|r500|Z123_master|perzone_dedup_ovp_pass|ovp_pass|h24,all,q1_dark,500.0,Z123_master,perzone_dedup_ovp_pass,ovp_pass,h24,31,65,239,0.1835354489617913,8.800082675545214,64.51612903225806,7,17,7,2.3833882847426935,9.371078421306557,16,8,2.50675911847984,11.459863661842343,16,8,2.50675911847984,11.459863661842343,16,8,2.50675911847984,11.459863661842343,0.1333078202581106,7.1531622805284165,100.0,3,14.809690147672327,2,8.239860179611558,15,2.3833882847426935,1,-13.582741721467162,False,,,8,1
all|q1_dark|r500|Z123_master|perzone_dedup_ovp_pass|ovp_pass_reach|h24,all,q1_dark,500.0,Z123_master,perzone_dedup_ovp_pass,ovp_pass_reach,h24,31,65,239,0.6333957594367945,8.141976165663905,61.29032258064516,7,17,7,2.5789194275592564,9.484811949879358,16,8,3.302788987004579,12.25945699402807,16,8,3.302788987004579,12.25945699402807,16,8,3.302788987004579,12.25945699402807,-0.7315599354791757,5.870909345872316,100.0,3,16.79046591787614,3,16.79046591787614,15,2.3833882847426935,2,1.6038620982044893,False,,,8,1
all|q2_dark|r200|Z14|perzone_concat|ovp_pass|h24,all,q2_dark,200.0,Z14,perzone_concat,ovp_pass,h24,33,72,246,1.1685525475328973,6.496642839688377,60.60606060606061,6,23,4,2.856625765549481,8.462641851165241,21,6,-0.628444322828603,6.313457930403975,21,6,-0.628444322828603,6.313457930403975,21,6,-0.628444322828603,6.313457930403975,1.1685525475328973,5.210563779018318,66.66666666666666,3,14.88283438533049,1,-8.002566554520385,32,2.012589156541189,2,-13.470137832332885,False,,,8,1
all|q2_dark|r200|Z14|perzone_concat|ovp_date|h24,all,q2_dark,200.0,Z14,perzone_concat,ovp_date,h24,33,72,246,1.1685525475328973,6.496642839688377,60.60606060606061,6,23,4,2.856625765549481,8.462641851165241,21,6,-0.628444322828603,6.313457930403975,21,6,-0.628444322828603,6.313457930403975,21,6,-0.628444322828603,6.313457930403975,1.1685525475328973,5.210563779018318,66.66666666666666,3,14.88283438533049,1,-8.002566554520385,32,2.012589156541189,2,-13.470137832332885,False,,,8,1
latest|q1_dark|r500|Z1234|union_at_crossing|ovp_pass|h24,latest,q1_dark,500.0,Z1234,union_at_crossing,ovp_pass,h24,31,65,239,0.1835354489617913,8.808939061974145,64.51612903225806,7,17,7,2.3833882847426935,9.371078421306557,16,8,2.50675911847984,11.691896160232885,16,8,2.50675911847984,11.691896160232885,16,8,2.50675911847984,11.691896160232885,0.1333078202581106,7.1531622805284165,100.0,3,14.809690147672327,2,8.08335640354887,15,2.3833882847426935,1,-13.582741721467162,False,,,8,1
latest|q1_dark|r500|Z1234|union_at_crossing|ovp_date|h24,latest,q1_dark,500.0,Z1234,union_at_crossing,ovp_date,h24,31,65,239,0.1835354489617913,8.808939061974145,64.51612903225806,7,17,7,2.3833882847426935,9.371078421306557,16,8,2.50675911847984,11.691896160232885,16,8,2.50675911847984,11.691896160232885,16,8,2.50675911847984,11.691896160232885,0.1333078202581106,7.1531622805284165,100.0,3,14.809690147672327,2,8.08335640354887,15,2.3833882847426935,1,-13.582741721467162,False,,,8,1
latest|q1_dark|r500|Z1234|union_at_node|ovp_pass|h24,latest,q1_dark,500.0,Z1234,union_at_node,ovp_pass,h24,31,65,239,0.1835354489617913,8.808939061974145,64.51612903225806,7,17,7,2.3833882847426935,9.371078421306557,16,8,2.50675911847984,11.691896160232885,16,8,2.50675911847984,11.691896160232885,16,8,2.50675911847984,11.691896160232885,0.1333078202581106,7.1531622805284165,100.0,3,14.809690147672327,2,8.08335640354887,15,2.3833882847426935,1,-13.582741721467162,False,,,8,1
latest|q1_dark|r500|Z1234|union_at_node|ovp_date|h24,latest,q1_dark,500.0,Z1234,union_at_node,ovp_date,h24,31,65,239,0.1835354489617913,8.808939061974145,64.51612903225806,7,17,7,2.3833882847426935,9.371078421306557,16,8,2.50675911847984,11.691896160232885,16,8,2.50675911847984,11.691896160232885,16,8,2.50675911847984,11.691896160232885,0.1333078202581106,7.1531622805284165,100.0,3,14.809690147672327,2,8.08335640354887,15,2.3833882847426935,1,-13.582741721467162,False,,,8,1
latest|q1_dark|r500|Z1234|perzone_dedup_ovp_pass|ovp_pass|h24,latest,q1_dark,500.0,Z1234,perzone_dedup_ovp_pass,ovp_pass,h24,31,65,239,0.1835354489617913,8.808939061974145,64.51612903225806,7,17,7,2.3833882847426935,9.371078421306557,16,8,2.50675911847984,11.691896160232885,16,8,2.50675911847984,11.691896160232885,16,8,2.50675911847984,11.691896160232885,0.1333078202581106,7.1531622805284165,100.0,3,14.809690147672327,2,8.08335640354887,15,2.3833882847426935,1,-13.582741721467162,False,,,8,1
latest|q1_dark|r500|Z1234|perzone_dedup_ovp_pass|ovp_pass_reach|h24,latest,q1_dark,500.0,Z1234,perzone_dedup_ovp_pass,ovp_pass_reach,h24,31,65,239,0.6333957594367945,8.290420209802194,61.29032258064516,7,17,7,2.5789194275592564,9.484811949879358,16,8,4.001306936961946,12.25945699402807,16,8,4.001306936961946,12.25945699402807,16,8,4.001306936961946,12.25945699402807,-0.7315599354791757,5.870909345872316,100.0,3,16.79046591787614,3,16.79046591787614,15,2.3833882847426935,2,1.6038620982044893,False,,,8,1
latest|q1_dark|r500|Z123_master|union_at_node|ovp_pass|h24,latest,q1_dark,500.0,Z123_master,union_at_node,ovp_pass,h24,31,65,239,0.1835354489617913,8.808939061974145,64.51612903225806,7,17,7,2.3833882847426935,9.371078421306557,16,8,2.50675911847984,11.691896160232885,16,8,2.50675911847984,11.691896160232885,16,8,2.50675911847984,11.691896160232885,0.1333078202581106,7.1531622805284165,100.0,3,14.809690147672327,2,8.08335640354887,15,2.3833882847426935,1,-13.582741721467162,False,,,8,1
latest|q1_dark|r500|Z123_master|union_at_node|ovp_date|h24,latest,q1_dark,500.0,Z123_master,union_at_node,ovp_date,h24,31,65,239,0.1835354489617913,8.808939061974145,64.51612903225806,7,17,7,2.3833882847426935,9.371078421306557,16,8,2.50675911847984,11.691896160232885,16,8,2.50675911847984,11.691896160232885,16,8,2.50675911847984,11.691896160232885,0.1333078202581106,7.1531622805284165,100.0,3,14.809690147672327,2,8.08335640354887,15,2.3833882847426935,1,-13.582741721467162,False,,,8,1
latest|q1_dark|r500|Z123_master|perzone_dedup_ovp_pass|ovp_pass|h24,latest,q1_dark,500.0,Z123_master,perzone_dedup_ovp_pass,ovp_pass,h24,31,65,239,0.1835354489617913,8.808939061974145,64.51612903225806,7,17,7,2.3833882847426935,9.371078421306557,16,8,2.50675911847984,11.691896160232885,16,8,2.50675911847984,11.691896160232885,16,8,2.50675911847984,11.691896160232885,0.1333078202581106,7.1531622805284165,100.0,3,14.809690147672327,2,8.08335640354887,15,2.3833882847426935,1,-13.582741721467162,False,,,8,1
latest|q1_dark|r500|Z123_master|perzone_dedup_ovp_pass|ovp_pass_reach|h24,latest,q1_dark,500.0,Z123_master,perzone_dedup_ovp_pass,ovp_pass_reach,h24,31,65,239,0.6333957594367945,8.290420209802194,61.29032258064516,7,17,7,2.5789194275592564,9.484811949879358,16,8,4.001306936961946,12.25945699402807,16,8,4.001306936961946,12.25945699402807,16,8,4.001306936961946,12.25945699402807,-0.7315599354791757,5.870909345872316,100.0,3,16.79046591787614,3,16.79046591787614,15,2.3833882847426935,2,1.6038620982044893,False,,,8,1
latest|q2_dark|r200|Z14|perzone_concat|ovp_pass|h24,latest,q2_dark,200.0,Z14,perzone_concat,ovp_pass,h24,33,72,246,1.1685525475328973,6.496642839688377,60.60606060606061,6,23,4,2.856625765549481,8.462641851165241,21,6,-0.628444322828603,6.313457930403975,21,6,-0.628444322828603,6.313457930403975,21,6,-0.628444322828603,6.313457930403975,1.1685525475328973,5.210563779018318,66.66666666666666,3,14.88283438533049,1,-8.318473462591136,32,2.012589156541189,2,-13.470137832332885,False,,,8,1
latest|q2_dark|r200|Z14|perzone_concat|ovp_date|h24,latest,q2_dark,200.0,Z14,perzone_concat,ovp_date,h24,33,72,246,1.1685525475328973,6.496642839688377,60.60606060606061,6,23,4,2.856625765549481,8.462641851165241,21,6,-0.628444322828603,6.313457930403975,21,6,-0.628444322828603,6.313457930403975,21,6,-0.628444322828603,6.313457930403975,1.1685525475328973,5.210563779018318,66.66666666666666,3,14.88283438533049,1,-8.318473462591136,32,2.012589156541189,2,-13.470137832332885,False,,,8,1
all|q1_nodark|r500|Z123_master|union_at_crossing|ovp_pass|h24,all,q1_nodark,500.0,Z123_master,union_at_crossing,ovp_pass,h24,34,69,246,0.18142890683598978,9.365133476913062,58.82352941176471,9,18,7,1.2834618668522424,9.646203156579267,17,8,0.1835354489617913,9.921327891851977,17,8,0.1835354489617913,9.921327891851977,17,8,0.1835354489617913,9.921327891851977,3.7393975372588706,8.436352481617575,77.77777777777779,3,14.809690147672327,2,8.239860179611558,18,3.061392911000782,2,-7.649934489555266,False,,,8,2
all|q1_nodark|r500|Z123_master|union_at_crossing|ovp_date|h24,all,q1_nodark,500.0,Z123_master,union_at_crossing,ovp_date,h24,34,69,246,0.18142890683598978,9.365133476913062,58.82352941176471,9,18,7,1.2834618668522424,9.646203156579267,17,8,0.1835354489617913,9.921327891851977,17,8,0.1835354489617913,9.921327891851977,17,8,0.1835354489617913,9.921327891851977,3.7393975372588706,8.436352481617575,77.77777777777779,3,14.809690147672327,2,8.239860179611558,18,3.061392911000782,2,-7.649934489555266,False,,,8,2
latest|q1_nodark|r500|Z123_master|union_at_crossing|ovp_pass|h24,latest,q1_nodark,500.0,Z123_master,union_at_crossing,ovp_pass,h24,34,69,246,0.18142890683598978,9.671387997372749,58.82352941176471,9,18,7,1.2834618668522424,9.87823565496981,17,8,0.1835354489617913,10.385392888633062,17,8,0.1835354489617913,10.385392888633062,17,8,0.1835354489617913,10.385392888633062,3.7393975372588706,8.436352481617575,77.77777777777779,3,14.809690147672327,2,8.08335640354887,18,3.061392911000782,2,-7.649934489555266,False,,,8,2
latest|q1_nodark|r500|Z123_master|union_at_crossing|ovp_date|h24,latest,q1_nodark,500.0,Z123_master,union_at_crossing,ovp_date,h24,34,69,246,0.18142890683598978,9.671387997372749,58.82352941176471,9,18,7,1.2834618668522424,9.87823565496981,17,8,0.1835354489617913,10.385392888633062,17,8,0.1835354489617913,10.385392888633062,17,8,0.1835354489617913,10.385392888633062,3.7393975372588706,8.436352481617575,77.77777777777779,3,14.809690147672327,2,8.08335640354887,18,3.061392911000782,2,-7.649934489555266,False,,,8,2
all|q1_dark|r500|Z123_master|union_at_crossing|ovp_pass|h24,all,q1_dark,500.0,Z123_master,union_at_crossing,ovp_pass,h24,31,65,238,0.1835354489617913,8.800082675545214,64.51612903225806,7,17,7,2.3833882847426935,9.371078421306557,16,8,2.50675911847984,11.459863661842343,16,8,2.50675911847984,11.459863661842343,16,8,2.50675911847984,11.459863661842343,0.1333078202581106,7.1531622805284165,100.0,3,14.809690147672327,2,8.239860179611558,15,2.3833882847426935,1,-13.582741721467162,False,,,9,1
all|q1_dark|r500|Z123_master|union_at_crossing|ovp_date|h24,all,q1_dark,500.0,Z123_master,union_at_crossing,ovp_date,h24,31,65,238,0.1835354489617913,8.800082675545214,64.51612903225806,7,17,7,2.3833882847426935,9.371078421306557,16,8,2.50675911847984,11.459863661842343,16,8,2.50675911847984,11.459863661842343,16,8,2.50675911847984,11.459863661842343,0.1333078202581106,7.1531622805284165,100.0,3,14.809690147672327,2,8.239860179611558,15,2.3833882847426935,1,-13.582741721467162,False,,,9,1
latest|q1_dark|r500|Z123_master|union_at_crossing|ovp_pass|h24,latest,q1_dark,500.0,Z123_master,union_at_crossing,ovp_pass,h24,31,65,238,0.1835354489617913,8.808939061974145,64.51612903225806,7,17,7,2.3833882847426935,9.371078421306557,16,8,2.50675911847984,11.691896160232885,16,8,2.50675911847984,11.691896160232885,16,8,2.50675911847984,11.691896160232885,0.1333078202581106,7.1531622805284165,100.0,3,14.809690147672327,2,8.08335640354887,15,2.3833882847426935,1,-13.582741721467162,False,,,9,1
latest|q1_dark|r500|Z123_master|union_at_crossing|ovp_date|h24,latest,q1_dark,500.0,Z123_master,union_at_crossing,ovp_date,h24,31,65,238,0.1835354489617913,8.808939061974145,64.51612903225806,7,17,7,2.3833882847426935,9.371078421306557,16,8,2.50675911847984,11.691896160232885,16,8,2.50675911847984,11.691896160232885,16,8,2.50675911847984,11.691896160232885,0.1333078202581106,7.1531622805284165,100.0,3,14.809690147672327,2,8.08335640354887,15,2.3833882847426935,1,-13.582741721467162,False,,,9,1
all|q1_nodark|r500|Z1234|union_at_crossing|ovp_pass|h24,all,q1_nodark,500.0,Z1234,union_at_crossing,ovp_pass,h24,34,69,247,0.18142890683598978,9.365133476913062,58.82352941176471,9,18,7,1.2834618668522424,9.646203156579267,17,8,0.1835354489617913,9.921327891851977,17,8,0.1835354489617913,9.921327891851977,17,8,0.1835354489617913,9.921327891851977,3.7393975372588706,8.436352481617575,77.77777777777779,3,14.809690147672327,2,8.239860179611558,18,3.061392911000782,2,-7.649934489555266,False,,,9,2
all|q1_nodark|r500|Z1234|union_at_crossing|ovp_date|h24,all,q1_nodark,500.0,Z1234,union_at_crossing,ovp_date,h24,34,69,247,0.18142890683598978,9.365133476913062,58.82352941176471,9,18,7,1.2834618668522424,9.646203156579267,17,8,0.1835354489617913,9.921327891851977,17,8,0.1835354489617913,9.921327891851977,17,8,0.1835354489617913,9.921327891851977,3.7393975372588706,8.436352481617575,77.77777777777779,3,14.809690147672327,2,8.239860179611558,18,3.061392911000782,2,-7.649934489555266,False,,,9,2
all|q1_nodark|r500|Z1234|union_at_node|ovp_pass|h24,all,q1_nodark,500.0,Z1234,union_at_node,ovp_pass,h24,34,69,247,0.18142890683598978,9.365133476913062,58.82352941176471,9,18,7,1.2834618668522424,9.646203156579267,17,8,0.1835354489617913,9.921327891851977,17,8,0.1835354489617913,9.921327891851977,17,8,0.1835354489617913,9.921327891851977,3.7393975372588706,8.436352481617575,77.77777777777779,3,14.809690147672327,2,8.239860179611558,18,3.061392911000782,2,-7.649934489555266,False,,,9,2
all|q1_nodark|r500|Z1234|union_at_node|ovp_date|h24,all,q1_nodark,500.0,Z1234,union_at_node,ovp_date,h24,34,69,247,0.18142890683598978,9.365133476913062,58.82352941176471,9,18,7,1.2834618668522424,9.646203156579267,17,8,0.1835354489617913,9.921327891851977,17,8,0.1835354489617913,9.921327891851977,17,8,0.1835354489617913,9.921327891851977,3.7393975372588706,8.436352481617575,77.77777777777779,3,14.809690147672327,2,8.239860179611558,18,3.061392911000782,2,-7.649934489555266,False,,,9,2
all|q1_nodark|r500|Z1234|perzone_dedup_ovp_pass|ovp_pass|h24,all,q1_nodark,500.0,Z1234,perzone_dedup_ovp_pass,ovp_pass,h24,34,69,247,0.18142890683598978,9.365133476913062,58.82352941176471,9,18,7,1.2834618668522424,9.646203156579267,17,8,0.1835354489617913,9.921327891851977,17,8,0.1835354489617913,9.921327891851977,17,8,0.1835354489617913,9.921327891851977,3.7393975372588706,8.436352481617575,77.77777777777779,3,14.809690147672327,2,8.239860179611558,18,3.061392911000782,2,-7.649934489555266,False,,,9,2
all|q1_nodark|r500|Z1234|perzone_dedup_ovp_pass|ovp_pass_reach|h24,all,q1_nodark,500.0,Z1234,perzone_dedup_ovp_pass,ovp_pass_reach,h24,34,69,247,0.7221551151981753,8.812413736356916,58.82352941176471,9,18,7,2.481153856150975,9.480598546841748,17,8,2.5789194275592564,9.766279616143974,17,8,2.5789194275592564,9.766279616143974,17,8,2.5789194275592564,9.766279616143974,-0.6122136647643828,7.620305039534787,77.77777777777779,3,16.79046591787614,3,16.79046591787614,18,2.481153856150975,3,-4.008345927994483,False,,,9,2
all|q1_nodark|r500|Z123_master|union_at_node|ovp_pass|h24,all,q1_nodark,500.0,Z123_master,union_at_node,ovp_pass,h24,34,69,247,0.18142890683598978,9.365133476913062,58.82352941176471,9,18,7,1.2834618668522424,9.646203156579267,17,8,0.1835354489617913,9.921327891851977,17,8,0.1835354489617913,9.921327891851977,17,8,0.1835354489617913,9.921327891851977,3.7393975372588706,8.436352481617575,77.77777777777779,3,14.809690147672327,2,8.239860179611558,18,3.061392911000782,2,-7.649934489555266,False,,,9,2
all|q1_nodark|r500|Z123_master|union_at_node|ovp_date|h24,all,q1_nodark,500.0,Z123_master,union_at_node,ovp_date,h24,34,69,247,0.18142890683598978,9.365133476913062,58.82352941176471,9,18,7,1.2834618668522424,9.646203156579267,17,8,0.1835354489617913,9.921327891851977,17,8,0.1835354489617913,9.921327891851977,17,8,0.1835354489617913,9.921327891851977,3.7393975372588706,8.436352481617575,77.77777777777779,3,14.809690147672327,2,8.239860179611558,18,3.061392911000782,2,-7.649934489555266,False,,,9,2
all|q1_nodark|r500|Z123_master|perzone_dedup_ovp_pass|ovp_pass|h24,all,q1_nodark,500.0,Z123_master,perzone_dedup_ovp_pass,ovp_pass,h24,34,69,247,0.18142890683598978,9.365133476913062,58.82352941176471,9,18,7,1.2834618668522424,9.646203156579267,17,8,0.1835354489617913,9.921327891851977,17,8,0.1835354489617913,9.921327891851977,17,8,0.1835354489617913,9.921327891851977,3.7393975372588706,8.436352481617575,77.77777777777779,3,14.809690147672327,2,8.239860179611558,18,3.061392911000782,2,-7.649934489555266,False,,,9,2
all|q1_nodark|r500|Z123_master|perzone_dedup_ovp_pass|ovp_pass_reach|h24,all,q1_nodark,500.0,Z123_master,perzone_dedup_ovp_pass,ovp_pass_reach,h24,34,69,247,0.7221551151981753,8.812413736356916,58.82352941176471,9,18,7,2.481153856150975,9.480598546841748,17,8,2.5789194275592564,9.766279616143974,17,8,2.5789194275592564,9.766279616143974,17,8,2.5789194275592564,9.766279616143974,-0.6122136647643828,7.620305039534787,77.77777777777779,3,16.79046591787614,3,16.79046591787614,18,2.481153856150975,3,-4.008345927994483,False,,,9,2
latest|q1_nodark|r500|Z1234|union_at_crossing|ovp_pass|h24,latest,q1_nodark,500.0,Z1234,union_at_crossing,ovp_pass,h24,34,69,247,0.18142890683598978,9.671387997372749,58.82352941176471,9,18,7,1.2834618668522424,9.87823565496981,17,8,0.1835354489617913,10.385392888633062,17,8,0.1835354489617913,10.385392888633062,17,8,0.1835354489617913,10.385392888633062,3.7393975372588706,8.436352481617575,77.77777777777779,3,14.809690147672327,2,8.08335640354887,18,3.061392911000782,2,-7.649934489555266,False,,,9,2
latest|q1_nodark|r500|Z1234|union_at_crossing|ovp_date|h24,latest,q1_nodark,500.0,Z1234,union_at_crossing,ovp_date,h24,34,69,247,0.18142890683598978,9.671387997372749,58.82352941176471,9,18,7,1.2834618668522424,9.87823565496981,17,8,0.1835354489617913,10.385392888633062,17,8,0.1835354489617913,10.385392888633062,17,8,0.1835354489617913,10.385392888633062,3.7393975372588706,8.436352481617575,77.77777777777779,3,14.809690147672327,2,8.08335640354887,18,3.061392911000782,2,-7.649934489555266,False,,,9,2
latest|q1_nodark|r500|Z1234|union_at_node|ovp_pass|h24,latest,q1_nodark,500.0,Z1234,union_at_node,ovp_pass,h24,34,69,247,0.18142890683598978,9.671387997372749,58.82352941176471,9,18,7,1.2834618668522424,9.87823565496981,17,8,0.1835354489617913,10.385392888633062,17,8,0.1835354489617913,10.385392888633062,17,8,0.1835354489617913,10.385392888633062,3.7393975372588706,8.436352481617575,77.77777777777779,3,14.809690147672327,2,8.08335640354887,18,3.061392911000782,2,-7.649934489555266,False,,,9,2
latest|q1_nodark|r500|Z1234|union_at_node|ovp_date|h24,latest,q1_nodark,500.0,Z1234,union_at_node,ovp_date,h24,34,69,247,0.18142890683598978,9.671387997372749,58.82352941176471,9,18,7,1.2834618668522424,9.87823565496981,17,8,0.1835354489617913,10.385392888633062,17,8,0.1835354489617913,10.385392888633062,17,8,0.1835354489617913,10.385392888633062,3.7393975372588706,8.436352481617575,77.77777777777779,3,14.809690147672327,2,8.08335640354887,18,3.061392911000782,2,-7.649934489555266,False,,,9,2
latest|q1_nodark|r500|Z1234|perzone_dedup_ovp_pass|ovp_pass|h24,latest,q1_nodark,500.0,Z1234,perzone_dedup_ovp_pass,ovp_pass,h24,34,69,247,0.18142890683598978,9.671387997372749,58.82352941176471,9,18,7,1.2834618668522424,9.87823565496981,17,8,0.1835354489617913,10.385392888633062,17,8,0.1835354489617913,10.385392888633062,17,8,0.1835354489617913,10.385392888633062,3.7393975372588706,8.436352481617575,77.77777777777779,3,14.809690147672327,2,8.08335640354887,18,3.061392911000782,2,-7.649934489555266,False,,,9,2
latest|q1_nodark|r500|Z1234|perzone_dedup_ovp_pass|ovp_pass_reach|h24,latest,q1_nodark,500.0,Z1234,perzone_dedup_ovp_pass,ovp_pass_reach,h24,34,69,247,0.7221551151981753,8.878732890828823,58.82352941176471,9,18,7,2.481153856150975,9.480598546841748,17,8,2.5789194275592564,9.766279616143974,17,8,2.5789194275592564,9.766279616143974,17,8,2.5789194275592564,9.766279616143974,-0.6122136647643828,7.620305039534787,77.77777777777779,3,16.79046591787614,3,16.79046591787614,18,2.481153856150975,3,-4.008345927994483,False,,,9,2
latest|q1_nodark|r500|Z123_master|union_at_node|ovp_pass|h24,latest,q1_nodark,500.0,Z123_master,union_at_node,ovp_pass,h24,34,69,247,0.18142890683598978,9.671387997372749,58.82352941176471,9,18,7,1.2834618668522424,9.87823565496981,17,8,0.1835354489617913,10.385392888633062,17,8,0.1835354489617913,10.385392888633062,17,8,0.1835354489617913,10.385392888633062,3.7393975372588706,8.436352481617575,77.77777777777779,3,14.809690147672327,2,8.08335640354887,18,3.061392911000782,2,-7.649934489555266,False,,,9,2
latest|q1_nodark|r500|Z123_master|union_at_node|ovp_date|h24,latest,q1_nodark,500.0,Z123_master,union_at_node,ovp_date,h24,34,69,247,0.18142890683598978,9.671387997372749,58.82352941176471,9,18,7,1.2834618668522424,9.87823565496981,17,8,0.1835354489617913,10.385392888633062,17,8,0.1835354489617913,10.385392888633062,17,8,0.1835354489617913,10.385392888633062,3.7393975372588706,8.436352481617575,77.77777777777779,3,14.809690147672327,2,8.08335640354887,18,3.061392911000782,2,-7.649934489555266,False,,,9,2
latest|q1_nodark|r500|Z123_master|perzone_dedup_ovp_pass|ovp_pass|h24,latest,q1_nodark,500.0,Z123_master,perzone_dedup_ovp_pass,ovp_pass,h24,34,69,247,0.18142890683598978,9.671387997372749,58.82352941176471,9,18,7,1.2834618668522424,9.87823565496981,17,8,0.1835354489617913,10.385392888633062,17,8,0.1835354489617913,10.385392888633062,17,8,0.1835354489617913,10.385392888633062,3.7393975372588706,8.436352481617575,77.77777777777779,3,14.809690147672327,2,8.08335640354887,18,3.061392911000782,2,-7.649934489555266,False,,,9,2
latest|q1_nodark|r500|Z123_master|perzone_dedup_ovp_pass|ovp_pass_reach|h24,latest,q1_nodark,500.0,Z123_master,perzone_dedup_ovp_pass,ovp_pass_reach,h24,34,69,247,0.7221551151981753,8.878732890828823,58.82352941176471,9,18,7,2.481153856150975,9.480598546841748,17,8,2.5789194275592564,9.766279616143974,17,8,2.5789194275592564,9.766279616143974,17,8,2.5789194275592564,9.766279616143974,-0.6122136647643828,7.620305039534787,77.77777777777779,3,16.79046591787614,3,16.79046591787614,18,2.481153856150975,3,-4.008345927994483,False,,,9,2
all|q2_dark|r200|Z123_master|union_at_crossing|ovp_pass|h24,all,q2_dark,200.0,Z123_master,union_at_crossing,ovp_pass,h24,33,74,246,2.856625765549481,11.365492299295212,60.60606060606061,7,20,6,3.243275238561294,10.182436246007487,19,7,2.856625765549481,11.365492299295212,19,7,2.856625765549481,11.365492299295212,19,7,2.856625765549481,11.365492299295212,2.9821904204233363,6.700155948719759,85.71428571428571,3,14.88283438533049,1,-8.002566554520385,18,3.243275238561294,1,-13.470137832332885,False,,,10,1
all|q2_dark|r200|Z123_master|union_at_crossing|ovp_date|h24,all,q2_dark,200.0,Z123_master,union_at_crossing,ovp_date,h24,33,74,246,2.856625765549481,11.365492299295212,60.60606060606061,7,20,6,3.243275238561294,10.182436246007487,19,7,2.856625765549481,11.365492299295212,19,7,2.856625765549481,11.365492299295212,19,7,2.856625765549481,11.365492299295212,2.9821904204233363,6.700155948719759,85.71428571428571,3,14.88283438533049,1,-8.002566554520385,18,3.243275238561294,1,-13.470137832332885,False,,,10,1
latest|q2_dark|r200|Z123_master|union_at_crossing|ovp_pass|h24,latest,q2_dark,200.0,Z123_master,union_at_crossing,ovp_pass,h24,33,74,246,2.856625765549481,11.365492299295212,60.60606060606061,7,20,6,3.243275238561294,10.182436246007487,19,7,2.856625765549481,11.365492299295212,19,7,2.856625765549481,11.365492299295212,19,7,2.856625765549481,11.365492299295212,2.9821904204233363,6.700155948719759,85.71428571428571,3,14.88283438533049,1,-8.318473462591136,18,3.243275238561294,1,-13.470137832332885,False,,,10,1
latest|q2_dark|r200|Z123_master|union_at_crossing|ovp_date|h24,latest,q2_dark,200.0,Z123_master,union_at_crossing,ovp_date,h24,33,74,246,2.856625765549481,11.365492299295212,60.60606060606061,7,20,6,3.243275238561294,10.182436246007487,19,7,2.856625765549481,11.365492299295212,19,7,2.856625765549481,11.365492299295212,19,7,2.856625765549481,11.365492299295212,2.9821904204233363,6.700155948719759,85.71428571428571,3,14.88283438533049,1,-8.318473462591136,18,3.243275238561294,1,-13.470137832332885,False,,,10,1
all|q1_nodark|r200|Z14|perzone_concat|ovp_pass|h24,all,q1_nodark,200.0,Z14,perzone_concat,ovp_pass,h24,30,69,248,2.160084904113857,5.515876853067487,73.33333333333333,6,20,4,-0.628444322828603,6.515374251364964,18,6,-0.9846759969848851,7.074816601069762,18,6,-0.9846759969848851,7.074816601069762,18,6,-0.9846759969848851,7.074816601069762,4.683029668144201,1.7753589459161006,100.0,3,14.88283438533049,1,-8.002566554520385,30,2.160084904113857,4,-7.405522751737026,False,,,10,2
all|q1_nodark|r200|Z14|perzone_concat|ovp_date|h24,all,q1_nodark,200.0,Z14,perzone_concat,ovp_date,h24,30,69,248,2.160084904113857,5.515876853067487,73.33333333333333,6,20,4,-0.628444322828603,6.515374251364964,18,6,-0.9846759969848851,7.074816601069762,18,6,-0.9846759969848851,7.074816601069762,18,6,-0.9846759969848851,7.074816601069762,4.683029668144201,1.7753589459161006,100.0,3,14.88283438533049,1,-8.002566554520385,30,2.160084904113857,4,-7.405522751737026,False,,,10,2
latest|q1_nodark|r200|Z14|perzone_concat|ovp_pass|h24,latest,q1_nodark,200.0,Z14,perzone_concat,ovp_pass,h24,30,69,248,2.160084904113857,5.515876853067487,73.33333333333333,6,20,4,-0.628444322828603,6.515374251364964,18,6,-0.9846759969848851,7.074816601069762,18,6,-0.9846759969848851,7.074816601069762,18,6,-0.9846759969848851,7.074816601069762,4.683029668144201,1.7753589459161006,100.0,3,14.88283438533049,1,-8.318473462591136,30,2.160084904113857,4,-7.405522751737026,False,,,10,2
latest|q1_nodark|r200|Z14|perzone_concat|ovp_date|h24,latest,q1_nodark,200.0,Z14,perzone_concat,ovp_date,h24,30,69,248,2.160084904113857,5.515876853067487,73.33333333333333,6,20,4,-0.628444322828603,6.515374251364964,18,6,-0.9846759969848851,7.074816601069762,18,6,-0.9846759969848851,7.074816601069762,18,6,-0.9846759969848851,7.074816601069762,4.683029668144201,1.7753589459161006,100.0,3,14.88283438533049,1,-8.318473462591136,30,2.160084904113857,4,-7.405522751737026,False,,,10,2
all|q1_nodark|r500|Z14|perzone_concat|ovp_pass|h24,all,q1_nodark,500.0,Z14,perzone_concat,ovp_pass,h24,32,70,254,2.694574946812267,6.841807789445295,62.5,8,20,4,0.1835354489617913,5.101414569757778,18,6,-0.766795904340789,7.3676319512474375,18,6,-0.766795904340789,7.3676319512474375,18,6,-0.766795904340789,7.3676319512474375,12.809821234606433,16.086893899097834,50.0,3,14.809690147672327,2,8.239860179611558,32,2.694574946812267,4,-7.649934489555266,False,,,13,0
all|q1_nodark|r500|Z14|perzone_concat|ovp_date|h24,all,q1_nodark,500.0,Z14,perzone_concat,ovp_date,h24,32,70,254,2.694574946812267,6.841807789445295,62.5,8,20,4,0.1835354489617913,5.101414569757778,18,6,-0.766795904340789,7.3676319512474375,18,6,-0.766795904340789,7.3676319512474375,18,6,-0.766795904340789,7.3676319512474375,12.809821234606433,16.086893899097834,50.0,3,14.809690147672327,2,8.239860179611558,32,2.694574946812267,4,-7.649934489555266,False,,,13,0
latest|q1_nodark|r500|Z14|perzone_concat|ovp_pass|h24,latest,q1_nodark,500.0,Z14,perzone_concat,ovp_pass,h24,32,70,254,2.694574946812267,6.841807789445295,62.5,8,20,4,0.1835354489617913,5.101414569757778,18,6,-0.766795904340789,7.3676319512474375,18,6,-0.766795904340789,7.3676319512474375,18,6,-0.766795904340789,7.3676319512474375,12.809821234606433,16.086893899097834,50.0,3,14.809690147672327,2,8.08335640354887,32,2.694574946812267,4,-7.649934489555266,False,,,13,0
latest|q1_nodark|r500|Z14|perzone_concat|ovp_date|h24,latest,q1_nodark,500.0,Z14,perzone_concat,ovp_date,h24,32,70,254,2.694574946812267,6.841807789445295,62.5,8,20,4,0.1835354489617913,5.101414569757778,18,6,-0.766795904340789,7.3676319512474375,18,6,-0.766795904340789,7.3676319512474375,18,6,-0.766795904340789,7.3676319512474375,12.809821234606433,16.086893899097834,50.0,3,14.809690147672327,2,8.08335640354887,32,2.694574946812267,4,-7.649934489555266,False,,,13,0
all|q1_dark|r200|Z123_master|perzone_concat|ovp_pass|h24,all,q1_dark,200.0,Z123_master,perzone_concat,ovp_pass,h24,33,69,252,1.7005919191761976,9.271105850339008,66.66666666666666,7,19,7,3.1516172606948167,9.436734583422238,18,8,2.74390717230224,9.425122198231264,18,8,2.74390717230224,9.425122198231264,18,8,2.74390717230224,9.425122198231264,2.9821904204233363,6.700155948719759,85.71428571428571,3,14.88283438533049,1,-8.002566554520385,16,2.1547511171585487,1,-13.470137832332885,False,,,13,1
all|q1_dark|r200|Z123_master|perzone_concat|ovp_date|h24,all,q1_dark,200.0,Z123_master,perzone_concat,ovp_date,h24,33,69,252,1.7005919191761976,9.271105850339008,66.66666666666666,7,19,7,3.1516172606948167,9.436734583422238,18,8,2.74390717230224,9.425122198231264,18,8,2.74390717230224,9.425122198231264,18,8,2.74390717230224,9.425122198231264,2.9821904204233363,6.700155948719759,85.71428571428571,3,14.88283438533049,1,-8.002566554520385,16,2.1547511171585487,1,-13.470137832332885,False,,,13,1
latest|q1_dark|r200|Z123_master|perzone_concat|ovp_pass|h24,latest,q1_dark,200.0,Z123_master,perzone_concat,ovp_pass,h24,33,69,252,1.7005919191761976,9.271105850339008,66.66666666666666,7,19,7,3.1516172606948167,9.436734583422238,18,8,2.74390717230224,9.425122198231264,18,8,2.74390717230224,9.425122198231264,18,8,2.74390717230224,9.425122198231264,2.9821904204233363,6.700155948719759,85.71428571428571,3,14.88283438533049,1,-8.318473462591136,16,2.1547511171585487,1,-13.470137832332885,False,,,13,1
latest|q1_dark|r200|Z123_master|perzone_concat|ovp_date|h24,latest,q1_dark,200.0,Z123_master,perzone_concat,ovp_date,h24,33,69,252,1.7005919191761976,9.271105850339008,66.66666666666666,7,19,7,3.1516172606948167,9.436734583422238,18,8,2.74390717230224,9.425122198231264,18,8,2.74390717230224,9.425122198231264,18,8,2.74390717230224,9.425122198231264,2.9821904204233363,6.700155948719759,85.71428571428571,3,14.88283438533049,1,-8.318473462591136,16,2.1547511171585487,1,-13.470137832332885,False,,,13,1
all|q1_dark|r500|Z123_master|perzone_dedup_exact|ovp_pass|h24,all,q1_dark,500.0,Z123_master,perzone_dedup_exact,ovp_pass,h24,33,68,252,0.1835354489617913,8.800082675545214,63.63636363636363,7,19,7,2.3833882847426935,10.662043410861962,18,8,2.50675911847984,12.105346156620044,18,8,2.50675911847984,12.105346156620044,18,8,2.50675911847984,12.105346156620044,0.1333078202581106,7.1531622805284165,100.0,3,14.809690147672327,2,8.239860179611558,16,1.2834618668522424,1,-13.582741721467162,False,,,14,1
all|q1_dark|r500|Z123_master|perzone_dedup_exact|ovp_date|h24,all,q1_dark,500.0,Z123_master,perzone_dedup_exact,ovp_date,h24,33,68,252,0.1835354489617913,8.800082675545214,63.63636363636363,7,19,7,2.3833882847426935,10.662043410861962,18,8,2.50675911847984,12.105346156620044,18,8,2.50675911847984,12.105346156620044,18,8,2.50675911847984,12.105346156620044,0.1333078202581106,7.1531622805284165,100.0,3,14.809690147672327,2,8.239860179611558,16,1.2834618668522424,1,-13.582741721467162,False,,,14,1
latest|q1_dark|r500|Z123_master|perzone_dedup_exact|ovp_pass|h24,latest,q1_dark,500.0,Z123_master,perzone_dedup_exact,ovp_pass,h24,33,68,252,0.1835354489617913,8.808939061974145,63.63636363636363,7,19,7,2.3833882847426935,10.662043410861962,18,8,2.50675911847984,12.337378655010587,18,8,2.50675911847984,12.337378655010587,18,8,2.50675911847984,12.337378655010587,0.1333078202581106,7.1531622805284165,100.0,3,14.809690147672327,2,8.08335640354887,16,1.2834618668522424,1,-13.582741721467162,False,,,14,1
latest|q1_dark|r500|Z123_master|perzone_dedup_exact|ovp_date|h24,latest,q1_dark,500.0,Z123_master,perzone_dedup_exact,ovp_date,h24,33,68,252,0.1835354489617913,8.808939061974145,63.63636363636363,7,19,7,2.3833882847426935,10.662043410861962,18,8,2.50675911847984,12.337378655010587,18,8,2.50675911847984,12.337378655010587,18,8,2.50675911847984,12.337378655010587,0.1333078202581106,7.1531622805284165,100.0,3,14.809690147672327,2,8.08335640354887,16,1.2834618668522424,1,-13.582741721467162,False,,,14,1
all|q1_dark|r500|Z14|perzone_concat|ovp_pass|h24,all,q1_dark,500.0,Z14,perzone_concat,ovp_pass,h24,26,64,239,1.2834618668522424,5.193012817970068,69.23076923076923,4,18,4,1.2834618668522424,5.193012817970068,16,6,0.1835354489617913,5.976328437463159,16,6,0.1835354489617913,5.976328437463159,16,6,0.1835354489617913,5.976328437463159,1.9363526787584906,2.6731943072126634,100.0,3,14.809690147672327,2,8.239860179611558,26,1.2834618668522424,2,-13.582741721467162,False,,,14,6
all|q1_dark|r500|Z14|perzone_concat|ovp_date|h24,all,q1_dark,500.0,Z14,perzone_concat,ovp_date,h24,26,64,239,1.2834618668522424,5.193012817970068,69.23076923076923,4,18,4,1.2834618668522424,5.193012817970068,16,6,0.1835354489617913,5.976328437463159,16,6,0.1835354489617913,5.976328437463159,16,6,0.1835354489617913,5.976328437463159,1.9363526787584906,2.6731943072126634,100.0,3,14.809690147672327,2,8.239860179611558,26,1.2834618668522424,2,-13.582741721467162,False,,,14,6
latest|q1_dark|r500|Z14|perzone_concat|ovp_pass|h24,latest,q1_dark,500.0,Z14,perzone_concat,ovp_pass,h24,26,64,239,1.2834618668522424,5.636334098843572,69.23076923076923,4,18,4,1.2834618668522424,5.636334098843572,16,6,0.1835354489617913,6.612877846424493,16,6,0.1835354489617913,6.612877846424493,16,6,0.1835354489617913,6.612877846424493,1.9363526787584906,2.6731943072126634,100.0,3,14.809690147672327,2,8.08335640354887,26,1.2834618668522424,2,-13.582741721467162,False,,,14,6
latest|q1_dark|r500|Z14|perzone_concat|ovp_date|h24,latest,q1_dark,500.0,Z14,perzone_concat,ovp_date,h24,26,64,239,1.2834618668522424,5.636334098843572,69.23076923076923,4,18,4,1.2834618668522424,5.636334098843572,16,6,0.1835354489617913,6.612877846424493,16,6,0.1835354489617913,6.612877846424493,16,6,0.1835354489617913,6.612877846424493,1.9363526787584906,2.6731943072126634,100.0,3,14.809690147672327,2,8.08335640354887,26,1.2834618668522424,2,-13.582741721467162,False,,,14,6
all|q2_dark|r200|Z1234|union_at_crossing|ovp_pass|h24,all,q2_dark,200.0,Z1234,union_at_crossing,ovp_pass,h24,34,75,249,2.2786088423628392,10.943840350523107,58.82352941176471,8,20,6,3.243275238561294,10.182436246007487,19,7,2.856625765549481,11.365492299295212,19,7,2.856625765549481,11.365492299295212,19,7,2.856625765549481,11.365492299295212,2.0753714839781168,7.0539907355111895,75.0,3,14.88283438533049,1,-8.002566554520385,18,3.243275238561294,1,-13.470137832332885,False,,,15,2
all|q2_dark|r200|Z1234|union_at_crossing|ovp_date|h24,all,q2_dark,200.0,Z1234,union_at_crossing,ovp_date,h24,34,75,249,2.2786088423628392,10.943840350523107,58.82352941176471,8,20,6,3.243275238561294,10.182436246007487,19,7,2.856625765549481,11.365492299295212,19,7,2.856625765549481,11.365492299295212,19,7,2.856625765549481,11.365492299295212,2.0753714839781168,7.0539907355111895,75.0,3,14.88283438533049,1,-8.002566554520385,18,3.243275238561294,1,-13.470137832332885,False,,,15,2
all|q2_dark|r200|Z1234|union_at_node|ovp_pass|h24,all,q2_dark,200.0,Z1234,union_at_node,ovp_pass,h24,34,75,249,2.2786088423628392,10.943840350523107,58.82352941176471,8,20,6,3.243275238561294,10.182436246007487,19,7,2.856625765549481,11.365492299295212,19,7,2.856625765549481,11.365492299295212,19,7,2.856625765549481,11.365492299295212,2.0753714839781168,7.0539907355111895,75.0,3,14.88283438533049,1,-8.002566554520385,18,3.243275238561294,1,-13.470137832332885,False,,,15,2
all|q2_dark|r200|Z1234|union_at_node|ovp_date|h24,all,q2_dark,200.0,Z1234,union_at_node,ovp_date,h24,34,75,249,2.2786088423628392,10.943840350523107,58.82352941176471,8,20,6,3.243275238561294,10.182436246007487,19,7,2.856625765549481,11.365492299295212,19,7,2.856625765549481,11.365492299295212,19,7,2.856625765549481,11.365492299295212,2.0753714839781168,7.0539907355111895,75.0,3,14.88283438533049,1,-8.002566554520385,18,3.243275238561294,1,-13.470137832332885,False,,,15,2
all|q2_dark|r200|Z1234|perzone_dedup_ovp_pass|ovp_pass|h24,all,q2_dark,200.0,Z1234,perzone_dedup_ovp_pass,ovp_pass,h24,34,75,249,2.2786088423628392,10.943840350523107,58.82352941176471,8,20,6,3.243275238561294,10.182436246007487,19,7,2.856625765549481,11.365492299295212,19,7,2.856625765549481,11.365492299295212,19,7,2.856625765549481,11.365492299295212,2.0753714839781168,7.0539907355111895,75.0,3,14.88283438533049,1,-8.002566554520385,18,3.243275238561294,1,-13.470137832332885,False,,,15,2
all|q2_dark|r200|Z1234|perzone_dedup_ovp_pass|ovp_pass_reach|h24,all,q2_dark,200.0,Z1234,perzone_dedup_ovp_pass,ovp_pass_reach,h24,34,75,249,0.859286535253112,11.510333871138526,55.88235294117647,8,20,6,3.4647819733533147,14.246821983454499,19,7,5.196004900897577,14.65565569527617,19,7,5.196004900897577,14.65565569527617,19,7,5.196004900897577,14.65565569527617,-0.5852718659204115,5.877775225704318,75.0,3,20.986902552955655,2,6.492167999217635,19,0.017981151330026535,2,3.7583823603113853,False,,,15,2
all|q2_dark|r200|Z123_master|union_at_node|ovp_pass|h24,all,q2_dark,200.0,Z123_master,union_at_node,ovp_pass,h24,34,75,249,2.2786088423628392,10.943840350523107,58.82352941176471,8,20,6,3.243275238561294,10.182436246007487,19,7,2.856625765549481,11.365492299295212,19,7,2.856625765549481,11.365492299295212,19,7,2.856625765549481,11.365492299295212,2.0753714839781168,7.0539907355111895,75.0,3,14.88283438533049,1,-8.002566554520385,18,3.243275238561294,1,-13.470137832332885,False,,,15,2
all|q2_dark|r200|Z123_master|union_at_node|ovp_date|h24,all,q2_dark,200.0,Z123_master,union_at_node,ovp_date,h24,34,75,249,2.2786088423628392,10.943840350523107,58.82352941176471,8,20,6,3.243275238561294,10.182436246007487,19,7,2.856625765549481,11.365492299295212,19,7,2.856625765549481,11.365492299295212,19,7,2.856625765549481,11.365492299295212,2.0753714839781168,7.0539907355111895,75.0,3,14.88283438533049,1,-8.002566554520385,18,3.243275238561294,1,-13.470137832332885,False,,,15,2
all|q2_dark|r200|Z123_master|perzone_dedup_ovp_pass|ovp_pass|h24,all,q2_dark,200.0,Z123_master,perzone_dedup_ovp_pass,ovp_pass,h24,34,75,249,2.2786088423628392,10.943840350523107,58.82352941176471,8,20,6,3.243275238561294,10.182436246007487,19,7,2.856625765549481,11.365492299295212,19,7,2.856625765549481,11.365492299295212,19,7,2.856625765549481,11.365492299295212,2.0753714839781168,7.0539907355111895,75.0,3,14.88283438533049,1,-8.002566554520385,18,3.243275238561294,1,-13.470137832332885,False,,,15,2
all|q2_dark|r200|Z123_master|perzone_dedup_ovp_pass|ovp_pass_reach|h24,all,q2_dark,200.0,Z123_master,perzone_dedup_ovp_pass,ovp_pass_reach,h24,34,75,249,0.859286535253112,11.510333871138526,55.88235294117647,8,20,6,3.4647819733533147,14.246821983454499,19,7,5.196004900897577,14.65565569527617,19,7,5.196004900897577,14.65565569527617,19,7,5.196004900897577,14.65565569527617,-0.5852718659204115,5.877775225704318,75.0,3,20.986902552955655,2,6.492167999217635,19,0.017981151330026535,2,3.7583823603113853,False,,,15,2
latest|q2_dark|r200|Z1234|union_at_crossing|ovp_pass|h24,latest,q2_dark,200.0,Z1234,union_at_crossing,ovp_pass,h24,34,75,249,2.2786088423628392,10.943840350523107,58.82352941176471,8,20,6,3.243275238561294,10.182436246007487,19,7,2.856625765549481,11.365492299295212,19,7,2.856625765549481,11.365492299295212,19,7,2.856625765549481,11.365492299295212,2.0753714839781168,7.0539907355111895,75.0,3,14.88283438533049,1,-8.318473462591136,18,3.243275238561294,1,-13.470137832332885,False,,,15,2
latest|q2_dark|r200|Z1234|union_at_crossing|ovp_date|h24,latest,q2_dark,200.0,Z1234,union_at_crossing,ovp_date,h24,34,75,249,2.2786088423628392,10.943840350523107,58.82352941176471,8,20,6,3.243275238561294,10.182436246007487,19,7,2.856625765549481,11.365492299295212,19,7,2.856625765549481,11.365492299295212,19,7,2.856625765549481,11.365492299295212,2.0753714839781168,7.0539907355111895,75.0,3,14.88283438533049,1,-8.318473462591136,18,3.243275238561294,1,-13.470137832332885,False,,,15,2
latest|q2_dark|r200|Z1234|union_at_node|ovp_pass|h24,latest,q2_dark,200.0,Z1234,union_at_node,ovp_pass,h24,34,75,249,2.2786088423628392,10.943840350523107,58.82352941176471,8,20,6,3.243275238561294,10.182436246007487,19,7,2.856625765549481,11.365492299295212,19,7,2.856625765549481,11.365492299295212,19,7,2.856625765549481,11.365492299295212,2.0753714839781168,7.0539907355111895,75.0,3,14.88283438533049,1,-8.318473462591136,18,3.243275238561294,1,-13.470137832332885,False,,,15,2
latest|q2_dark|r200|Z1234|union_at_node|ovp_date|h24,latest,q2_dark,200.0,Z1234,union_at_node,ovp_date,h24,34,75,249,2.2786088423628392,10.943840350523107,58.82352941176471,8,20,6,3.243275238561294,10.182436246007487,19,7,2.856625765549481,11.365492299295212,19,7,2.856625765549481,11.365492299295212,19,7,2.856625765549481,11.365492299295212,2.0753714839781168,7.0539907355111895,75.0,3,14.88283438533049,1,-8.318473462591136,18,3.243275238561294,1,-13.470137832332885,False,,,15,2
latest|q2_dark|r200|Z1234|perzone_dedup_ovp_pass|ovp_pass|h24,latest,q2_dark,200.0,Z1234,perzone_dedup_ovp_pass,ovp_pass,h24,34,75,249,2.2786088423628392,10.943840350523107,58.82352941176471,8,20,6,3.243275238561294,10.182436246007487,19,7,2.856625765549481,11.365492299295212,19,7,2.856625765549481,11.365492299295212,19,7,2.856625765549481,11.365492299295212,2.0753714839781168,7.0539907355111895,75.0,3,14.88283438533049,1,-8.318473462591136,18,3.243275238561294,1,-13.470137832332885,False,,,15,2
latest|q2_dark|r200|Z1234|perzone_dedup_ovp_pass|ovp_pass_reach|h24,latest,q2_dark,200.0,Z1234,perzone_dedup_ovp_pass,ovp_pass_reach,h24,34,75,249,0.859286535253112,11.510333871138526,55.88235294117647,8,20,6,3.4647819733533147,14.246821983454499,19,7,5.196004900897577,14.65565569527617,19,7,5.196004900897577,14.65565569527617,19,7,5.196004900897577,14.65565569527617,-0.5852718659204115,5.877775225704318,75.0,3,20.986902552955655,2,6.33421454518226,19,0.017981151330026535,2,3.7583823603113853,False,,,15,2
latest|q2_dark|r200|Z123_master|union_at_node|ovp_pass|h24,latest,q2_dark,200.0,Z123_master,union_at_node,ovp_pass,h24,34,75,249,2.2786088423628392,10.943840350523107,58.82352941176471,8,20,6,3.243275238561294,10.182436246007487,19,7,2.856625765549481,11.365492299295212,19,7,2.856625765549481,11.365492299295212,19,7,2.856625765549481,11.365492299295212,2.0753714839781168,7.0539907355111895,75.0,3,14.88283438533049,1,-8.318473462591136,18,3.243275238561294,1,-13.470137832332885,False,,,15,2
latest|q2_dark|r200|Z123_master|union_at_node|ovp_date|h24,latest,q2_dark,200.0,Z123_master,union_at_node,ovp_date,h24,34,75,249,2.2786088423628392,10.943840350523107,58.82352941176471,8,20,6,3.243275238561294,10.182436246007487,19,7,2.856625765549481,11.365492299295212,19,7,2.856625765549481,11.365492299295212,19,7,2.856625765549481,11.365492299295212,2.0753714839781168,7.0539907355111895,75.0,3,14.88283438533049,1,-8.318473462591136,18,3.243275238561294,1,-13.470137832332885,False,,,15,2
latest|q2_dark|r200|Z123_master|perzone_dedup_ovp_pass|ovp_pass|h24,latest,q2_dark,200.0,Z123_master,perzone_dedup_ovp_pass,ovp_pass,h24,34,75,249,2.2786088423628392,10.943840350523107,58.82352941176471,8,20,6,3.243275238561294,10.182436246007487,19,7,2.856625765549481,11.365492299295212,19,7,2.856625765549481,11.365492299295212,19,7,2.856625765549481,11.365492299295212,2.0753714839781168,7.0539907355111895,75.0,3,14.88283438533049,1,-8.318473462591136,18,3.243275238561294,1,-13.470137832332885,False,,,15,2
latest|q2_dark|r200|Z123_master|perzone_dedup_ovp_pass|ovp_pass_reach|h24,latest,q2_dark,200.0,Z123_master,perzone_dedup_ovp_pass,ovp_pass_reach,h24,34,75,249,0.859286535253112,11.510333871138526,55.88235294117647,8,20,6,3.4647819733533147,14.246821983454499,19,7,5.196004900897577,14.65565569527617,19,7,5.196004900897577,14.65565569527617,19,7,5.196004900897577,14.65565569527617,-0.5852718659204115,5.877775225704318,75.0,3,20.986902552955655,2,6.33421454518226,19,0.017981151330026535,2,3.7583823603113853,False,,,15,2
all|q1_dark|r200|Z1234|union_at_crossing|ovp_pass|h24,all,q1_dark,200.0,Z1234,union_at_crossing,ovp_pass,h24,30,64,233,2.341391169799767,9.289514655295319,63.33333333333333,7,17,6,3.1516172606948167,9.436734583422238,16,7,2.74390717230224,9.825094325497542,16,7,2.74390717230224,9.825094325497542,16,7,2.74390717230224,9.825094325497542,2.9821904204233363,6.700155948719759,85.71428571428571,3,14.88283438533049,1,-8.002566554520385,15,3.1516172606948167,1,-13.470137832332885,False,,,16,2
all|q1_dark|r200|Z1234|union_at_crossing|ovp_date|h24,all,q1_dark,200.0,Z1234,union_at_crossing,ovp_date,h24,30,64,233,2.341391169799767,9.289514655295319,63.33333333333333,7,17,6,3.1516172606948167,9.436734583422238,16,7,2.74390717230224,9.825094325497542,16,7,2.74390717230224,9.825094325497542,16,7,2.74390717230224,9.825094325497542,2.9821904204233363,6.700155948719759,85.71428571428571,3,14.88283438533049,1,-8.002566554520385,15,3.1516172606948167,1,-13.470137832332885,False,,,16,2
all|q1_dark|r200|Z1234|union_at_node|ovp_pass|h24,all,q1_dark,200.0,Z1234,union_at_node,ovp_pass,h24,30,64,233,2.341391169799767,9.289514655295319,63.33333333333333,7,17,6,3.1516172606948167,9.436734583422238,16,7,2.74390717230224,9.825094325497542,16,7,2.74390717230224,9.825094325497542,16,7,2.74390717230224,9.825094325497542,2.9821904204233363,6.700155948719759,85.71428571428571,3,14.88283438533049,1,-8.002566554520385,15,3.1516172606948167,1,-13.470137832332885,False,,,16,2
all|q1_dark|r200|Z1234|union_at_node|ovp_date|h24,all,q1_dark,200.0,Z1234,union_at_node,ovp_date,h24,30,64,233,2.341391169799767,9.289514655295319,63.33333333333333,7,17,6,3.1516172606948167,9.436734583422238,16,7,2.74390717230224,9.825094325497542,16,7,2.74390717230224,9.825094325497542,16,7,2.74390717230224,9.825094325497542,2.9821904204233363,6.700155948719759,85.71428571428571,3,14.88283438533049,1,-8.002566554520385,15,3.1516172606948167,1,-13.470137832332885,False,,,16,2
all|q1_dark|r200|Z1234|perzone_dedup_ovp_pass|ovp_pass|h24,all,q1_dark,200.0,Z1234,perzone_dedup_ovp_pass,ovp_pass,h24,30,64,233,2.341391169799767,9.289514655295319,63.33333333333333,7,17,6,3.1516172606948167,9.436734583422238,16,7,2.74390717230224,9.825094325497542,16,7,2.74390717230224,9.825094325497542,16,7,2.74390717230224,9.825094325497542,2.9821904204233363,6.700155948719759,85.71428571428571,3,14.88283438533049,1,-8.002566554520385,15,3.1516172606948167,1,-13.470137832332885,False,,,16,2
all|q1_dark|r200|Z1234|perzone_dedup_ovp_pass|ovp_pass_reach|h24,all,q1_dark,200.0,Z1234,perzone_dedup_ovp_pass,ovp_pass_reach,h24,30,64,233,1.4549734137669468,8.863635180361538,60.0,7,17,6,4.138036195860018,11.334048349147599,16,7,5.119745224393313,13.370290511434558,16,7,5.119745224393313,13.370290511434558,16,7,5.119745224393313,13.370290511434558,0.017981151330026535,4.394736662357741,85.71428571428571,3,20.986902552955655,2,6.492167999217635,15,1.209354908357696,2,3.7583823603113853,False,,,16,2
all|q1_dark|r200|Z123_master|union_at_node|ovp_pass|h24,all,q1_dark,200.0,Z123_master,union_at_node,ovp_pass,h24,30,64,233,2.341391169799767,9.289514655295319,63.33333333333333,7,17,6,3.1516172606948167,9.436734583422238,16,7,2.74390717230224,9.825094325497542,16,7,2.74390717230224,9.825094325497542,16,7,2.74390717230224,9.825094325497542,2.9821904204233363,6.700155948719759,85.71428571428571,3,14.88283438533049,1,-8.002566554520385,15,3.1516172606948167,1,-13.470137832332885,False,,,16,2
all|q1_dark|r200|Z123_master|union_at_node|ovp_date|h24,all,q1_dark,200.0,Z123_master,union_at_node,ovp_date,h24,30,64,233,2.341391169799767,9.289514655295319,63.33333333333333,7,17,6,3.1516172606948167,9.436734583422238,16,7,2.74390717230224,9.825094325497542,16,7,2.74390717230224,9.825094325497542,16,7,2.74390717230224,9.825094325497542,2.9821904204233363,6.700155948719759,85.71428571428571,3,14.88283438533049,1,-8.002566554520385,15,3.1516172606948167,1,-13.470137832332885,False,,,16,2
all|q1_dark|r200|Z123_master|perzone_dedup_ovp_pass|ovp_pass|h24,all,q1_dark,200.0,Z123_master,perzone_dedup_ovp_pass,ovp_pass,h24,30,64,233,2.341391169799767,9.289514655295319,63.33333333333333,7,17,6,3.1516172606948167,9.436734583422238,16,7,2.74390717230224,9.825094325497542,16,7,2.74390717230224,9.825094325497542,16,7,2.74390717230224,9.825094325497542,2.9821904204233363,6.700155948719759,85.71428571428571,3,14.88283438533049,1,-8.002566554520385,15,3.1516172606948167,1,-13.470137832332885,False,,,16,2
all|q1_dark|r200|Z123_master|perzone_dedup_ovp_pass|ovp_pass_reach|h24,all,q1_dark,200.0,Z123_master,perzone_dedup_ovp_pass,ovp_pass_reach,h24,30,64,233,1.4549734137669468,8.863635180361538,60.0,7,17,6,4.138036195860018,11.334048349147599,16,7,5.119745224393313,13.370290511434558,16,7,5.119745224393313,13.370290511434558,16,7,5.119745224393313,13.370290511434558,0.017981151330026535,4.394736662357741,85.71428571428571,3,20.986902552955655,2,6.492167999217635,15,1.209354908357696,2,3.7583823603113853,False,,,16,2
latest|q1_dark|r200|Z1234|union_at_crossing|ovp_pass|h24,latest,q1_dark,200.0,Z1234,union_at_crossing,ovp_pass,h24,30,64,233,2.341391169799767,9.289514655295319,63.33333333333333,7,17,6,3.1516172606948167,9.436734583422238,16,7,2.74390717230224,9.825094325497542,16,7,2.74390717230224,9.825094325497542,16,7,2.74390717230224,9.825094325497542,2.9821904204233363,6.700155948719759,85.71428571428571,3,14.88283438533049,1,-8.318473462591136,15,3.1516172606948167,1,-13.470137832332885,False,,,16,2
latest|q1_dark|r200|Z1234|union_at_crossing|ovp_date|h24,latest,q1_dark,200.0,Z1234,union_at_crossing,ovp_date,h24,30,64,233,2.341391169799767,9.289514655295319,63.33333333333333,7,17,6,3.1516172606948167,9.436734583422238,16,7,2.74390717230224,9.825094325497542,16,7,2.74390717230224,9.825094325497542,16,7,2.74390717230224,9.825094325497542,2.9821904204233363,6.700155948719759,85.71428571428571,3,14.88283438533049,1,-8.318473462591136,15,3.1516172606948167,1,-13.470137832332885,False,,,16,2
latest|q1_dark|r200|Z1234|union_at_node|ovp_pass|h24,latest,q1_dark,200.0,Z1234,union_at_node,ovp_pass,h24,30,64,233,2.341391169799767,9.289514655295319,63.33333333333333,7,17,6,3.1516172606948167,9.436734583422238,16,7,2.74390717230224,9.825094325497542,16,7,2.74390717230224,9.825094325497542,16,7,2.74390717230224,9.825094325497542,2.9821904204233363,6.700155948719759,85.71428571428571,3,14.88283438533049,1,-8.318473462591136,15,3.1516172606948167,1,-13.470137832332885,False,,,16,2
latest|q1_dark|r200|Z1234|union_at_node|ovp_date|h24,latest,q1_dark,200.0,Z1234,union_at_node,ovp_date,h24,30,64,233,2.341391169799767,9.289514655295319,63.33333333333333,7,17,6,3.1516172606948167,9.436734583422238,16,7,2.74390717230224,9.825094325497542,16,7,2.74390717230224,9.825094325497542,16,7,2.74390717230224,9.825094325497542,2.9821904204233363,6.700155948719759,85.71428571428571,3,14.88283438533049,1,-8.318473462591136,15,3.1516172606948167,1,-13.470137832332885,False,,,16,2
latest|q1_dark|r200|Z1234|perzone_dedup_ovp_pass|ovp_pass|h24,latest,q1_dark,200.0,Z1234,perzone_dedup_ovp_pass,ovp_pass,h24,30,64,233,2.341391169799767,9.289514655295319,63.33333333333333,7,17,6,3.1516172606948167,9.436734583422238,16,7,2.74390717230224,9.825094325497542,16,7,2.74390717230224,9.825094325497542,16,7,2.74390717230224,9.825094325497542,2.9821904204233363,6.700155948719759,85.71428571428571,3,14.88283438533049,1,-8.318473462591136,15,3.1516172606948167,1,-13.470137832332885,False,,,16,2
latest|q1_dark|r200|Z1234|perzone_dedup_ovp_pass|ovp_pass_reach|h24,latest,q1_dark,200.0,Z1234,perzone_dedup_ovp_pass,ovp_pass_reach,h24,30,64,233,1.4549734137669468,9.161813799322042,60.0,7,17,6,4.138036195860018,11.334048349147599,16,7,5.510751136851777,13.370290511434558,16,7,5.510751136851777,13.370290511434558,16,7,5.510751136851777,13.370290511434558,0.017981151330026535,4.394736662357741,85.71428571428571,3,20.986902552955655,2,6.33421454518226,15,1.209354908357696,2,3.7583823603113853,False,,,16,2
latest|q1_dark|r200|Z123_master|union_at_node|ovp_pass|h24,latest,q1_dark,200.0,Z123_master,union_at_node,ovp_pass,h24,30,64,233,2.341391169799767,9.289514655295319,63.33333333333333,7,17,6,3.1516172606948167,9.436734583422238,16,7,2.74390717230224,9.825094325497542,16,7,2.74390717230224,9.825094325497542,16,7,2.74390717230224,9.825094325497542,2.9821904204233363,6.700155948719759,85.71428571428571,3,14.88283438533049,1,-8.318473462591136,15,3.1516172606948167,1,-13.470137832332885,False,,,16,2
latest|q1_dark|r200|Z123_master|union_at_node|ovp_date|h24,latest,q1_dark,200.0,Z123_master,union_at_node,ovp_date,h24,30,64,233,2.341391169799767,9.289514655295319,63.33333333333333,7,17,6,3.1516172606948167,9.436734583422238,16,7,2.74390717230224,9.825094325497542,16,7,2.74390717230224,9.825094325497542,16,7,2.74390717230224,9.825094325497542,2.9821904204233363,6.700155948719759,85.71428571428571,3,14.88283438533049,1,-8.318473462591136,15,3.1516172606948167,1,-13.470137832332885,False,,,16,2
latest|q1_dark|r200|Z123_master|perzone_dedup_ovp_pass|ovp_pass|h24,latest,q1_dark,200.0,Z123_master,perzone_dedup_ovp_pass,ovp_pass,h24,30,64,233,2.341391169799767,9.289514655295319,63.33333333333333,7,17,6,3.1516172606948167,9.436734583422238,16,7,2.74390717230224,9.825094325497542,16,7,2.74390717230224,9.825094325497542,16,7,2.74390717230224,9.825094325497542,2.9821904204233363,6.700155948719759,85.71428571428571,3,14.88283438533049,1,-8.318473462591136,15,3.1516172606948167,1,-13.470137832332885,False,,,16,2
latest|q1_dark|r200|Z123_master|perzone_dedup_ovp_pass|ovp_pass_reach|h24,latest,q1_dark,200.0,Z123_master,perzone_dedup_ovp_pass,ovp_pass_reach,h24,30,64,233,1.4549734137669468,9.161813799322042,60.0,7,17,6,4.138036195860018,11.334048349147599,16,7,5.510751136851777,13.370290511434558,16,7,5.510751136851777,13.370290511434558,16,7,5.510751136851777,13.370290511434558,0.017981151330026535,4.394736662357741,85.71428571428571,3,20.986902552955655,2,6.33421454518226,15,1.209354908357696,2,3.7583823603113853,False,,,16,2
all|q1_nodark|r200|Z123_master|perzone_dedup_exact|ovp_pass|h24,all,q1_nodark,200.0,Z123_master,perzone_dedup_exact,ovp_pass,h24,35,70,254,1.7005919191761976,9.271105850339008,65.71428571428571,8,20,7,2.426104589935507,8.526232174211007,19,8,1.7005919191761976,8.471161595806453,19,8,1.7005919191761976,8.471161595806453,19,8,1.7005919191761976,8.471161595806453,3.8326100442837685,5.048362516324993,87.5,3,14.88283438533049,1,-8.002566554520385,18,2.160084904113857,2,-7.405522751737026,False,,,16,3
all|q1_nodark|r200|Z123_master|perzone_dedup_exact|ovp_date|h24,all,q1_nodark,200.0,Z123_master,perzone_dedup_exact,ovp_date,h24,35,70,254,1.7005919191761976,9.271105850339008,65.71428571428571,8,20,7,2.426104589935507,8.526232174211007,19,8,1.7005919191761976,8.471161595806453,19,8,1.7005919191761976,8.471161595806453,19,8,1.7005919191761976,8.471161595806453,3.8326100442837685,5.048362516324993,87.5,3,14.88283438533049,1,-8.002566554520385,18,2.160084904113857,2,-7.405522751737026,False,,,16,3
latest|q1_nodark|r200|Z123_master|perzone_dedup_exact|ovp_pass|h24,latest,q1_nodark,200.0,Z123_master,perzone_dedup_exact,ovp_pass,h24,35,70,254,1.7005919191761976,9.271105850339008,65.71428571428571,8,20,7,2.426104589935507,8.526232174211007,19,8,1.7005919191761976,8.471161595806453,19,8,1.7005919191761976,8.471161595806453,19,8,1.7005919191761976,8.471161595806453,3.8326100442837685,5.048362516324993,87.5,3,14.88283438533049,1,-8.318473462591136,18,2.160084904113857,2,-7.405522751737026,False,,,16,3
latest|q1_nodark|r200|Z123_master|perzone_dedup_exact|ovp_date|h24,latest,q1_nodark,200.0,Z123_master,perzone_dedup_exact,ovp_date,h24,35,70,254,1.7005919191761976,9.271105850339008,65.71428571428571,8,20,7,2.426104589935507,8.526232174211007,19,8,1.7005919191761976,8.471161595806453,19,8,1.7005919191761976,8.471161595806453,19,8,1.7005919191761976,8.471161595806453,3.8326100442837685,5.048362516324993,87.5,3,14.88283438533049,1,-8.318473462591136,18,2.160084904113857,2,-7.405522751737026,False,,,16,3
all|q2_dark|r500|Z14|perzone_concat|ovp_pass|h24,all,q2_dark,500.0,Z14,perzone_concat,ovp_pass,h24,33,73,256,0.2979627976816168,5.824336200873273,60.60606060606061,6,23,4,2.096861040291742,5.955637151637965,21,6,0.1835354489617913,5.993986188085287,21,6,0.1835354489617913,5.993986188085287,21,6,0.1835354489617913,5.993986188085287,0.2979627976816168,5.102271144897236,66.66666666666666,3,14.809690147672327,2,8.239860179611558,33,0.2979627976816168,4,-1.1407513502478484,False,,,19,1
all|q2_dark|r500|Z14|perzone_concat|ovp_date|h24,all,q2_dark,500.0,Z14,perzone_concat,ovp_date,h24,33,73,256,0.2979627976816168,5.824336200873273,60.60606060606061,6,23,4,2.096861040291742,5.955637151637965,21,6,0.1835354489617913,5.993986188085287,21,6,0.1835354489617913,5.993986188085287,21,6,0.1835354489617913,5.993986188085287,0.2979627976816168,5.102271144897236,66.66666666666666,3,14.809690147672327,2,8.239860179611558,33,0.2979627976816168,4,-1.1407513502478484,False,,,19,1
latest|q2_dark|r500|Z14|perzone_concat|ovp_pass|h24,latest,q2_dark,500.0,Z14,perzone_concat,ovp_pass,h24,33,73,256,0.2979627976816168,6.36742591360114,60.60606060606061,6,23,4,2.096861040291742,5.955637151637965,21,6,0.1835354489617913,6.537075900813154,21,6,0.1835354489617913,6.537075900813154,21,6,0.1835354489617913,6.537075900813154,0.2979627976816168,5.102271144897236,66.66666666666666,3,14.809690147672327,2,8.08335640354887,33,0.2979627976816168,4,-1.1407513502478484,False,,,19,1
latest|q2_dark|r500|Z14|perzone_concat|ovp_date|h24,latest,q2_dark,500.0,Z14,perzone_concat,ovp_date,h24,33,73,256,0.2979627976816168,6.36742591360114,60.60606060606061,6,23,4,2.096861040291742,5.955637151637965,21,6,0.1835354489617913,6.537075900813154,21,6,0.1835354489617913,6.537075900813154,21,6,0.1835354489617913,6.537075900813154,0.2979627976816168,5.102271144897236,66.66666666666666,3,14.809690147672327,2,8.08335640354887,33,0.2979627976816168,4,-1.1407513502478484,False,,,19,1
all|q1_dark|r200|Z123_master|perzone_dedup_exact|ovp_pass|cal1,all,q1_dark,200.0,Z123_master,perzone_dedup_exact,ovp_pass,cal1,47,73,240,1.7005919191761976,9.30792346025163,61.702127659574465,10,28,9,2.2580215137766757,8.391340591172876,26,11,1.8391193518298543,8.36313483773038,25,12,1.7005919191761976,8.471161595806453,25,12,1.7005919191761976,8.471161595806453,2.0700376970228085,7.256395757360383,80.0,3,14.88283438533049,1,-8.002566554520385,24,2.8450067518823285,3,-0.049661549814494776,False,,,19,15
all|q1_dark|r200|Z123_master|perzone_dedup_exact|ovp_date|cal1,all,q1_dark,200.0,Z123_master,perzone_dedup_exact,ovp_date,cal1,47,73,240,1.7005919191761976,9.30792346025163,61.702127659574465,10,28,9,2.2580215137766757,8.391340591172876,26,11,1.8391193518298543,8.36313483773038,25,12,1.7005919191761976,8.471161595806453,25,12,1.7005919191761976,8.471161595806453,2.0700376970228085,7.256395757360383,80.0,3,14.88283438533049,1,-8.002566554520385,24,2.8450067518823285,3,-0.049661549814494776,False,,,19,15
latest|q1_dark|r200|Z123_master|perzone_dedup_exact|ovp_pass|cal1,latest,q1_dark,200.0,Z123_master,perzone_dedup_exact,ovp_pass,cal1,47,73,240,1.7005919191761976,9.30792346025163,61.702127659574465,10,28,9,2.2580215137766757,8.391340591172876,26,11,1.8391193518298543,8.469668340495454,25,12,1.7005919191761976,8.471161595806453,25,12,1.7005919191761976,8.471161595806453,2.0700376970228085,7.256395757360383,80.0,3,14.88283438533049,1,-8.318473462591136,24,2.8450067518823285,3,-0.049661549814494776,False,,,19,15
latest|q1_dark|r200|Z123_master|perzone_dedup_exact|ovp_date|cal1,latest,q1_dark,200.0,Z123_master,perzone_dedup_exact,ovp_date,cal1,47,73,240,1.7005919191761976,9.30792346025163,61.702127659574465,10,28,9,2.2580215137766757,8.391340591172876,26,11,1.8391193518298543,8.469668340495454,25,12,1.7005919191761976,8.471161595806453,25,12,1.7005919191761976,8.471161595806453,2.0700376970228085,7.256395757360383,80.0,3,14.88283438533049,1,-8.318473462591136,24,2.8450067518823285,3,-0.049661549814494776,False,,,19,15
all|q1_dark|r200|Z123_master|union_at_crossing|ovp_pass|h24,all,q1_dark,200.0,Z123_master,union_at_crossing,ovp_pass,h24,30,64,229,2.341391169799767,9.289514655295319,63.33333333333333,7,17,6,3.1516172606948167,9.436734583422238,16,7,2.74390717230224,9.825094325497542,16,7,2.74390717230224,9.825094325497542,16,7,2.74390717230224,9.825094325497542,2.9821904204233363,6.700155948719759,85.71428571428571,3,14.88283438533049,1,-8.002566554520385,15,3.1516172606948167,1,-13.470137832332885,False,,,20,2
all|q1_dark|r200|Z123_master|union_at_crossing|ovp_date|h24,all,q1_dark,200.0,Z123_master,union_at_crossing,ovp_date,h24,30,64,229,2.341391169799767,9.289514655295319,63.33333333333333,7,17,6,3.1516172606948167,9.436734583422238,16,7,2.74390717230224,9.825094325497542,16,7,2.74390717230224,9.825094325497542,16,7,2.74390717230224,9.825094325497542,2.9821904204233363,6.700155948719759,85.71428571428571,3,14.88283438533049,1,-8.002566554520385,15,3.1516172606948167,1,-13.470137832332885,False,,,20,2
latest|q1_dark|r200|Z123_master|union_at_crossing|ovp_pass|h24,latest,q1_dark,200.0,Z123_master,union_at_crossing,ovp_pass,h24,30,64,229,2.341391169799767,9.289514655295319,63.33333333333333,7,17,6,3.1516172606948167,9.436734583422238,16,7,2.74390717230224,9.825094325497542,16,7,2.74390717230224,9.825094325497542,16,7,2.74390717230224,9.825094325497542,2.9821904204233363,6.700155948719759,85.71428571428571,3,14.88283438533049,1,-8.318473462591136,15,3.1516172606948167,1,-13.470137832332885,False,,,20,2
latest|q1_dark|r200|Z123_master|union_at_crossing|ovp_date|h24,latest,q1_dark,200.0,Z123_master,union_at_crossing,ovp_date,h24,30,64,229,2.341391169799767,9.289514655295319,63.33333333333333,7,17,6,3.1516172606948167,9.436734583422238,16,7,2.74390717230224,9.825094325497542,16,7,2.74390717230224,9.825094325497542,16,7,2.74390717230224,9.825094325497542,2.9821904204233363,6.700155948719759,85.71428571428571,3,14.88283438533049,1,-8.318473462591136,15,3.1516172606948167,1,-13.470137832332885,False,,,20,2
all|q1_dark|r500|Z123_master|perzone_concat|ovp_pass|h24,all,q1_dark,500.0,Z123_master,perzone_concat,ovp_pass,h24,34,71,259,0.15842163460995096,8.321278807759402,64.70588235294117,7,19,8,2.3833882847426935,10.662043410861962,18,9,2.50675911847984,12.105346156620044,18,9,2.50675911847984,12.105346156620044,18,9,2.50675911847984,12.105346156620044,0.1333078202581106,7.1531622805284165,100.0,3,14.809690147672327,2,8.239860179611558,16,1.2834618668522424,1,-13.582741721467162,False,,,21,2
all|q1_dark|r500|Z123_master|perzone_concat|ovp_date|h24,all,q1_dark,500.0,Z123_master,perzone_concat,ovp_date,h24,34,71,259,0.15842163460995096,8.321278807759402,64.70588235294117,7,19,8,2.3833882847426935,10.662043410861962,18,9,2.50675911847984,12.105346156620044,18,9,2.50675911847984,12.105346156620044,18,9,2.50675911847984,12.105346156620044,0.1333078202581106,7.1531622805284165,100.0,3,14.809690147672327,2,8.239860179611558,16,1.2834618668522424,1,-13.582741721467162,False,,,21,2
latest|q1_dark|r500|Z123_master|perzone_concat|ovp_pass|h24,latest,q1_dark,500.0,Z123_master,perzone_concat,ovp_pass,h24,34,71,259,0.15842163460995096,8.80451086875968,64.70588235294117,7,19,8,2.3833882847426935,10.662043410861962,18,9,2.50675911847984,12.337378655010587,18,9,2.50675911847984,12.337378655010587,18,9,2.50675911847984,12.337378655010587,0.1333078202581106,7.1531622805284165,100.0,3,14.809690147672327,2,8.08335640354887,16,1.2834618668522424,1,-13.582741721467162,False,,,21,2
latest|q1_dark|r500|Z123_master|perzone_concat|ovp_date|h24,latest,q1_dark,500.0,Z123_master,perzone_concat,ovp_date,h24,34,71,259,0.15842163460995096,8.80451086875968,64.70588235294117,7,19,8,2.3833882847426935,10.662043410861962,18,9,2.50675911847984,12.337378655010587,18,9,2.50675911847984,12.337378655010587,18,9,2.50675911847984,12.337378655010587,0.1333078202581106,7.1531622805284165,100.0,3,14.809690147672327,2,8.08335640354887,16,1.2834618668522424,1,-13.582741721467162,False,,,21,2
all|q1_dark|r500|Z1234|union_at_crossing|ovp_pass|cal1,all,q1_dark,500.0,Z1234,union_at_crossing,ovp_pass,cal1,46,71,235,0.15842163460995096,8.80166185766225,60.86956521739131,10,26,10,2.219799865623262,8.053627982338254,24,12,2.818353007035501,9.746072099388767,23,13,3.5804945675671718,11.145908196222127,23,13,3.5804945675671718,11.145908196222127,-0.29912605761053257,7.298262269550726,90.0,3,14.809690147672327,2,8.239860179611558,23,2.3833882847426935,4,8.436070131880058,False,,,21,14
all|q1_dark|r500|Z1234|union_at_crossing|ovp_date|cal1,all,q1_dark,500.0,Z1234,union_at_crossing,ovp_date,cal1,46,71,235,0.15842163460995096,8.80166185766225,60.86956521739131,10,26,10,2.219799865623262,8.053627982338254,24,12,2.818353007035501,9.746072099388767,23,13,3.5804945675671718,11.145908196222127,23,13,3.5804945675671718,11.145908196222127,-0.29912605761053257,7.298262269550726,90.0,3,14.809690147672327,2,8.239860179611558,23,2.3833882847426935,4,8.436070131880058,False,,,21,14
all|q1_dark|r500|Z1234|union_at_node|ovp_pass|cal1,all,q1_dark,500.0,Z1234,union_at_node,ovp_pass,cal1,46,71,235,0.15842163460995096,8.80166185766225,60.86956521739131,10,26,10,2.219799865623262,8.053627982338254,24,12,2.818353007035501,9.746072099388767,23,13,3.5804945675671718,11.145908196222127,23,13,3.5804945675671718,11.145908196222127,-0.29912605761053257,7.298262269550726,90.0,3,14.809690147672327,2,8.239860179611558,23,2.3833882847426935,4,8.436070131880058,False,,,21,14
all|q1_dark|r500|Z1234|union_at_node|ovp_date|cal1,all,q1_dark,500.0,Z1234,union_at_node,ovp_date,cal1,46,71,235,0.15842163460995096,8.80166185766225,60.86956521739131,10,26,10,2.219799865623262,8.053627982338254,24,12,2.818353007035501,9.746072099388767,23,13,3.5804945675671718,11.145908196222127,23,13,3.5804945675671718,11.145908196222127,-0.29912605761053257,7.298262269550726,90.0,3,14.809690147672327,2,8.239860179611558,23,2.3833882847426935,4,8.436070131880058,False,,,21,14
all|q1_dark|r500|Z1234|perzone_dedup_ovp_pass|ovp_pass|cal1,all,q1_dark,500.0,Z1234,perzone_dedup_ovp_pass,ovp_pass,cal1,46,71,235,0.15842163460995096,8.80166185766225,60.86956521739131,10,26,10,2.219799865623262,8.053627982338254,24,12,2.818353007035501,9.746072099388767,23,13,3.5804945675671718,11.145908196222127,23,13,3.5804945675671718,11.145908196222127,-0.29912605761053257,7.298262269550726,90.0,3,14.809690147672327,2,8.239860179611558,23,2.3833882847426935,4,8.436070131880058,False,,,21,14
all|q1_dark|r500|Z1234|perzone_dedup_ovp_pass|ovp_pass_reach|cal1,all,q1_dark,500.0,Z1234,perzone_dedup_ovp_pass,ovp_pass_reach,cal1,46,71,235,-0.24804926232260271,8.199028105870045,63.04347826086957,10,26,10,2.481153856150975,9.158466611225165,24,12,1.6949169492594063,7.992791773067727,23,13,2.5789194275592564,9.484811949879358,23,13,2.5789194275592564,9.484811949879358,-2.2132668715782344,4.460357098762212,90.0,3,16.79046591787614,3,16.79046591787614,23,0.6333957594367945,3,16.79046591787614,False,,,21,14
all|q1_dark|r500|Z123_master|union_at_node|ovp_pass|cal1,all,q1_dark,500.0,Z123_master,union_at_node,ovp_pass,cal1,46,71,235,0.15842163460995096,8.80166185766225,60.86956521739131,10,26,10,2.219799865623262,8.053627982338254,24,12,2.818353007035501,9.746072099388767,23,13,3.5804945675671718,11.145908196222127,23,13,3.5804945675671718,11.145908196222127,-0.29912605761053257,7.298262269550726,90.0,3,14.809690147672327,2,8.239860179611558,23,2.3833882847426935,4,8.436070131880058,False,,,21,14
all|q1_dark|r500|Z123_master|union_at_node|ovp_date|cal1,all,q1_dark,500.0,Z123_master,union_at_node,ovp_date,cal1,46,71,235,0.15842163460995096,8.80166185766225,60.86956521739131,10,26,10,2.219799865623262,8.053627982338254,24,12,2.818353007035501,9.746072099388767,23,13,3.5804945675671718,11.145908196222127,23,13,3.5804945675671718,11.145908196222127,-0.29912605761053257,7.298262269550726,90.0,3,14.809690147672327,2,8.239860179611558,23,2.3833882847426935,4,8.436070131880058,False,,,21,14
all|q1_dark|r500|Z123_master|perzone_dedup_ovp_pass|ovp_pass|cal1,all,q1_dark,500.0,Z123_master,perzone_dedup_ovp_pass,ovp_pass,cal1,46,71,235,0.15842163460995096,8.80166185766225,60.86956521739131,10,26,10,2.219799865623262,8.053627982338254,24,12,2.818353007035501,9.746072099388767,23,13,3.5804945675671718,11.145908196222127,23,13,3.5804945675671718,11.145908196222127,-0.29912605761053257,7.298262269550726,90.0,3,14.809690147672327,2,8.239860179611558,23,2.3833882847426935,4,8.436070131880058,False,,,21,14
all|q1_dark|r500|Z123_master|perzone_dedup_ovp_pass|ovp_pass_reach|cal1,all,q1_dark,500.0,Z123_master,perzone_dedup_ovp_pass,ovp_pass_reach,cal1,46,71,235,-0.24804926232260271,8.199028105870045,63.04347826086957,10,26,10,2.481153856150975,9.158466611225165,24,12,1.6949169492594063,7.992791773067727,23,13,2.5789194275592564,9.484811949879358,23,13,2.5789194275592564,9.484811949879358,-2.2132668715782344,4.460357098762212,90.0,3,16.79046591787614,3,16.79046591787614,23,0.6333957594367945,3,16.79046591787614,False,,,21,14
latest|q1_dark|r500|Z1234|union_at_crossing|ovp_pass|cal1,latest,q1_dark,500.0,Z1234,union_at_crossing,ovp_pass,cal1,46,71,235,0.15842163460995096,8.843323792034754,60.86956521739131,10,26,10,2.219799865623262,8.053627982338254,24,12,2.818353007035501,9.746072099388767,23,13,3.5804945675671718,11.145908196222127,23,13,3.5804945675671718,11.145908196222127,-0.29912605761053257,7.298262269550726,90.0,3,14.809690147672327,2,8.08335640354887,23,2.3833882847426935,4,8.436070131880058,False,,,21,14
latest|q1_dark|r500|Z1234|union_at_crossing|ovp_date|cal1,latest,q1_dark,500.0,Z1234,union_at_crossing,ovp_date,cal1,46,71,235,0.15842163460995096,8.843323792034754,60.86956521739131,10,26,10,2.219799865623262,8.053627982338254,24,12,2.818353007035501,9.746072099388767,23,13,3.5804945675671718,11.145908196222127,23,13,3.5804945675671718,11.145908196222127,-0.29912605761053257,7.298262269550726,90.0,3,14.809690147672327,2,8.08335640354887,23,2.3833882847426935,4,8.436070131880058,False,,,21,14
latest|q1_dark|r500|Z1234|union_at_node|ovp_pass|cal1,latest,q1_dark,500.0,Z1234,union_at_node,ovp_pass,cal1,46,71,235,0.15842163460995096,8.843323792034754,60.86956521739131,10,26,10,2.219799865623262,8.053627982338254,24,12,2.818353007035501,9.746072099388767,23,13,3.5804945675671718,11.145908196222127,23,13,3.5804945675671718,11.145908196222127,-0.29912605761053257,7.298262269550726,90.0,3,14.809690147672327,2,8.08335640354887,23,2.3833882847426935,4,8.436070131880058,False,,,21,14
latest|q1_dark|r500|Z1234|union_at_node|ovp_date|cal1,latest,q1_dark,500.0,Z1234,union_at_node,ovp_date,cal1,46,71,235,0.15842163460995096,8.843323792034754,60.86956521739131,10,26,10,2.219799865623262,8.053627982338254,24,12,2.818353007035501,9.746072099388767,23,13,3.5804945675671718,11.145908196222127,23,13,3.5804945675671718,11.145908196222127,-0.29912605761053257,7.298262269550726,90.0,3,14.809690147672327,2,8.08335640354887,23,2.3833882847426935,4,8.436070131880058,False,,,21,14
latest|q1_dark|r500|Z1234|perzone_dedup_ovp_pass|ovp_pass|cal1,latest,q1_dark,500.0,Z1234,perzone_dedup_ovp_pass,ovp_pass,cal1,46,71,235,0.15842163460995096,8.843323792034754,60.86956521739131,10,26,10,2.219799865623262,8.053627982338254,24,12,2.818353007035501,9.746072099388767,23,13,3.5804945675671718,11.145908196222127,23,13,3.5804945675671718,11.145908196222127,-0.29912605761053257,7.298262269550726,90.0,3,14.809690147672327,2,8.08335640354887,23,2.3833882847426935,4,8.436070131880058,False,,,21,14
latest|q1_dark|r500|Z1234|perzone_dedup_ovp_pass|ovp_pass_reach|cal1,latest,q1_dark,500.0,Z1234,perzone_dedup_ovp_pass,ovp_pass_reach,cal1,46,71,235,-0.24804926232260271,8.323384125822407,63.04347826086957,10,26,10,2.481153856150975,9.158466611225165,24,12,1.6949169492594063,7.992791773067727,23,13,2.5789194275592564,9.484811949879358,23,13,2.5789194275592564,9.484811949879358,-2.2132668715782344,4.460357098762212,90.0,3,16.79046591787614,3,16.79046591787614,23,0.6333957594367945,3,16.79046591787614,False,,,21,14
latest|q1_dark|r500|Z123_master|union_at_node|ovp_pass|cal1,latest,q1_dark,500.0,Z123_master,union_at_node,ovp_pass,cal1,46,71,235,0.15842163460995096,8.843323792034754,60.86956521739131,10,26,10,2.219799865623262,8.053627982338254,24,12,2.818353007035501,9.746072099388767,23,13,3.5804945675671718,11.145908196222127,23,13,3.5804945675671718,11.145908196222127,-0.29912605761053257,7.298262269550726,90.0,3,14.809690147672327,2,8.08335640354887,23,2.3833882847426935,4,8.436070131880058,False,,,21,14
latest|q1_dark|r500|Z123_master|union_at_node|ovp_date|cal1,latest,q1_dark,500.0,Z123_master,union_at_node,ovp_date,cal1,46,71,235,0.15842163460995096,8.843323792034754,60.86956521739131,10,26,10,2.219799865623262,8.053627982338254,24,12,2.818353007035501,9.746072099388767,23,13,3.5804945675671718,11.145908196222127,23,13,3.5804945675671718,11.145908196222127,-0.29912605761053257,7.298262269550726,90.0,3,14.809690147672327,2,8.08335640354887,23,2.3833882847426935,4,8.436070131880058,False,,,21,14
latest|q1_dark|r500|Z123_master|perzone_dedup_ovp_pass|ovp_pass|cal1,latest,q1_dark,500.0,Z123_master,perzone_dedup_ovp_pass,ovp_pass,cal1,46,71,235,0.15842163460995096,8.843323792034754,60.86956521739131,10,26,10,2.219799865623262,8.053627982338254,24,12,2.818353007035501,9.746072099388767,23,13,3.5804945675671718,11.145908196222127,23,13,3.5804945675671718,11.145908196222127,-0.29912605761053257,7.298262269550726,90.0,3,14.809690147672327,2,8.08335640354887,23,2.3833882847426935,4,8.436070131880058,False,,,21,14
latest|q1_dark|r500|Z123_master|perzone_dedup_ovp_pass|ovp_pass_reach|cal1,latest,q1_dark,500.0,Z123_master,perzone_dedup_ovp_pass,ovp_pass_reach,cal1,46,71,235,-0.24804926232260271,8.323384125822407,63.04347826086957,10,26,10,2.481153856150975,9.158466611225165,24,12,1.6949169492594063,7.992791773067727,23,13,2.5789194275592564,9.484811949879358,23,13,2.5789194275592564,9.484811949879358,-2.2132668715782344,4.460357098762212,90.0,3,16.79046591787614,3,16.79046591787614,23,0.6333957594367945,3,16.79046591787614,False,,,21,14
all|q1_dark|r500|Z123_master|union_at_crossing|ovp_pass|cal1,all,q1_dark,500.0,Z123_master,union_at_crossing,ovp_pass,cal1,46,71,234,0.15842163460995096,8.80166185766225,60.86956521739131,10,26,10,2.219799865623262,8.053627982338254,24,12,2.818353007035501,9.746072099388767,23,13,3.5804945675671718,11.145908196222127,23,13,3.5804945675671718,11.145908196222127,-0.29912605761053257,7.298262269550726,90.0,3,14.809690147672327,2,8.239860179611558,23,2.3833882847426935,4,8.436070131880058,False,,,22,14
all|q1_dark|r500|Z123_master|union_at_crossing|ovp_date|cal1,all,q1_dark,500.0,Z123_master,union_at_crossing,ovp_date,cal1,46,71,234,0.15842163460995096,8.80166185766225,60.86956521739131,10,26,10,2.219799865623262,8.053627982338254,24,12,2.818353007035501,9.746072099388767,23,13,3.5804945675671718,11.145908196222127,23,13,3.5804945675671718,11.145908196222127,-0.29912605761053257,7.298262269550726,90.0,3,14.809690147672327,2,8.239860179611558,23,2.3833882847426935,4,8.436070131880058,False,,,22,14
latest|q1_dark|r500|Z123_master|union_at_crossing|ovp_pass|cal1,latest,q1_dark,500.0,Z123_master,union_at_crossing,ovp_pass,cal1,46,71,234,0.15842163460995096,8.843323792034754,60.86956521739131,10,26,10,2.219799865623262,8.053627982338254,24,12,2.818353007035501,9.746072099388767,23,13,3.5804945675671718,11.145908196222127,23,13,3.5804945675671718,11.145908196222127,-0.29912605761053257,7.298262269550726,90.0,3,14.809690147672327,2,8.08335640354887,23,2.3833882847426935,4,8.436070131880058,False,,,22,14
latest|q1_dark|r500|Z123_master|union_at_crossing|ovp_date|cal1,latest,q1_dark,500.0,Z123_master,union_at_crossing,ovp_date,cal1,46,71,234,0.15842163460995096,8.843323792034754,60.86956521739131,10,26,10,2.219799865623262,8.053627982338254,24,12,2.818353007035501,9.746072099388767,23,13,3.5804945675671718,11.145908196222127,23,13,3.5804945675671718,11.145908196222127,-0.29912605761053257,7.298262269550726,90.0,3,14.809690147672327,2,8.08335640354887,23,2.3833882847426935,4,8.436070131880058,False,,,22,14
all|q1_dark|r200|Z14|perzone_concat|ovp_pass|h24,all,q1_dark,200.0,Z14,perzone_concat,ovp_pass,h24,26,63,231,2.1547511171585487,6.636712283275285,69.23076923076923,4,18,4,1.2615864689331069,6.097836590001806,16,6,-0.628444322828603,6.655111567074409,16,6,-0.628444322828603,6.655111567074409,16,6,-0.628444322828603,6.655111567074409,2.9204573208832407,2.613189762049099,100.0,3,14.88283438533049,1,-8.002566554520385,26,2.1547511171585487,2,-13.470137832332885,False,,,23,6
all|q1_dark|r200|Z14|perzone_concat|ovp_date|h24,all,q1_dark,200.0,Z14,perzone_concat,ovp_date,h24,26,63,231,2.1547511171585487,6.636712283275285,69.23076923076923,4,18,4,1.2615864689331069,6.097836590001806,16,6,-0.628444322828603,6.655111567074409,16,6,-0.628444322828603,6.655111567074409,16,6,-0.628444322828603,6.655111567074409,2.9204573208832407,2.613189762049099,100.0,3,14.88283438533049,1,-8.002566554520385,26,2.1547511171585487,2,-13.470137832332885,False,,,23,6
latest|q1_dark|r200|Z14|perzone_concat|ovp_pass|h24,latest,q1_dark,200.0,Z14,perzone_concat,ovp_pass,h24,26,63,231,2.1547511171585487,7.422042497460845,69.23076923076923,4,18,4,1.2615864689331069,6.097836590001806,16,6,-0.628444322828603,6.655111567074409,16,6,-0.628444322828603,6.655111567074409,16,6,-0.628444322828603,6.655111567074409,2.9204573208832407,2.613189762049099,100.0,3,14.88283438533049,1,-8.318473462591136,26,2.1547511171585487,2,-13.470137832332885,False,,,23,6
latest|q1_dark|r200|Z14|perzone_concat|ovp_date|h24,latest,q1_dark,200.0,Z14,perzone_concat,ovp_date,h24,26,63,231,2.1547511171585487,7.422042497460845,69.23076923076923,4,18,4,1.2615864689331069,6.097836590001806,16,6,-0.628444322828603,6.655111567074409,16,6,-0.628444322828603,6.655111567074409,16,6,-0.628444322828603,6.655111567074409,2.9204573208832407,2.613189762049099,100.0,3,14.88283438533049,1,-8.318473462591136,26,2.1547511171585487,2,-13.470137832332885,False,,,23,6
all|q1_nodark|r200|Z1234|union_at_crossing|ovp_pass|cal1,all,q1_nodark,200.0,Z1234,union_at_crossing,ovp_pass,cal1,50,73,239,1.4345722333545474,9.578804189218463,57.99999999999999,12,28,10,1.8391193518298543,7.222456012961784,26,12,1.2369257159730473,7.18453251618402,25,13,0.7732595127698971,7.896242824601028,25,13,0.7732595127698971,7.896242824601028,3.8326100442837685,8.051706711949132,75.0,3,14.88283438533049,1,-8.002566554520385,26,3.2220164018157416,3,-1.3409076711411672,False,,,23,18
all|q1_nodark|r200|Z1234|union_at_crossing|ovp_date|cal1,all,q1_nodark,200.0,Z1234,union_at_crossing,ovp_date,cal1,50,73,239,1.4345722333545474,9.578804189218463,57.99999999999999,12,28,10,1.8391193518298543,7.222456012961784,26,12,1.2369257159730473,7.18453251618402,25,13,0.7732595127698971,7.896242824601028,25,13,0.7732595127698971,7.896242824601028,3.8326100442837685,8.051706711949132,75.0,3,14.88283438533049,1,-8.002566554520385,26,3.2220164018157416,3,-1.3409076711411672,False,,,23,18
all|q1_nodark|r200|Z1234|union_at_node|ovp_pass|cal1,all,q1_nodark,200.0,Z1234,union_at_node,ovp_pass,cal1,50,73,239,1.4345722333545474,9.578804189218463,57.99999999999999,12,28,10,1.8391193518298543,7.222456012961784,26,12,1.2369257159730473,7.18453251618402,25,13,0.7732595127698971,7.896242824601028,25,13,0.7732595127698971,7.896242824601028,3.8326100442837685,8.051706711949132,75.0,3,14.88283438533049,1,-8.002566554520385,26,3.2220164018157416,3,-1.3409076711411672,False,,,23,18
all|q1_nodark|r200|Z1234|union_at_node|ovp_date|cal1,all,q1_nodark,200.0,Z1234,union_at_node,ovp_date,cal1,50,73,239,1.4345722333545474,9.578804189218463,57.99999999999999,12,28,10,1.8391193518298543,7.222456012961784,26,12,1.2369257159730473,7.18453251618402,25,13,0.7732595127698971,7.896242824601028,25,13,0.7732595127698971,7.896242824601028,3.8326100442837685,8.051706711949132,75.0,3,14.88283438533049,1,-8.002566554520385,26,3.2220164018157416,3,-1.3409076711411672,False,,,23,18
all|q1_nodark|r200|Z1234|perzone_dedup_ovp_pass|ovp_pass|cal1,all,q1_nodark,200.0,Z1234,perzone_dedup_ovp_pass,ovp_pass,cal1,50,73,239,1.4345722333545474,9.578804189218463,57.99999999999999,12,28,10,1.8391193518298543,7.222456012961784,26,12,1.2369257159730473,7.18453251618402,25,13,0.7732595127698971,7.896242824601028,25,13,0.7732595127698971,7.896242824601028,3.8326100442837685,8.051706711949132,75.0,3,14.88283438533049,1,-8.002566554520385,26,3.2220164018157416,3,-1.3409076711411672,False,,,23,18
all|q1_nodark|r200|Z1234|perzone_dedup_ovp_pass|ovp_pass_reach|cal1,all,q1_nodark,200.0,Z1234,perzone_dedup_ovp_pass,ovp_pass_reach,cal1,50,73,239,0.8438641048323703,11.285068747095064,54.0,12,28,10,1.5323260567556396,7.775268091719164,26,12,1.5323260567556396,7.775268091719164,25,13,1.7005919191761976,7.8664069557981335,25,13,1.7005919191761976,7.8664069557981335,1.5000857858766814,9.581687986855629,66.66666666666666,3,20.986902552955655,2,6.492167999217635,26,2.673695552108857,3,-3.481415312400138,False,,,23,18
all|q1_nodark|r200|Z123_master|union_at_node|ovp_pass|cal1,all,q1_nodark,200.0,Z123_master,union_at_node,ovp_pass,cal1,50,73,239,1.4345722333545474,9.578804189218463,57.99999999999999,12,28,10,1.8391193518298543,7.222456012961784,26,12,1.2369257159730473,7.18453251618402,25,13,0.7732595127698971,7.896242824601028,25,13,0.7732595127698971,7.896242824601028,3.8326100442837685,8.051706711949132,75.0,3,14.88283438533049,1,-8.002566554520385,26,3.2220164018157416,3,-1.3409076711411672,False,,,23,18
all|q1_nodark|r200|Z123_master|union_at_node|ovp_date|cal1,all,q1_nodark,200.0,Z123_master,union_at_node,ovp_date,cal1,50,73,239,1.4345722333545474,9.578804189218463,57.99999999999999,12,28,10,1.8391193518298543,7.222456012961784,26,12,1.2369257159730473,7.18453251618402,25,13,0.7732595127698971,7.896242824601028,25,13,0.7732595127698971,7.896242824601028,3.8326100442837685,8.051706711949132,75.0,3,14.88283438533049,1,-8.002566554520385,26,3.2220164018157416,3,-1.3409076711411672,False,,,23,18
all|q1_nodark|r200|Z123_master|perzone_dedup_ovp_pass|ovp_pass|cal1,all,q1_nodark,200.0,Z123_master,perzone_dedup_ovp_pass,ovp_pass,cal1,50,73,239,1.4345722333545474,9.578804189218463,57.99999999999999,12,28,10,1.8391193518298543,7.222456012961784,26,12,1.2369257159730473,7.18453251618402,25,13,0.7732595127698971,7.896242824601028,25,13,0.7732595127698971,7.896242824601028,3.8326100442837685,8.051706711949132,75.0,3,14.88283438533049,1,-8.002566554520385,26,3.2220164018157416,3,-1.3409076711411672,False,,,23,18
all|q1_nodark|r200|Z123_master|perzone_dedup_ovp_pass|ovp_pass_reach|cal1,all,q1_nodark,200.0,Z123_master,perzone_dedup_ovp_pass,ovp_pass_reach,cal1,50,73,239,0.8438641048323703,11.285068747095064,54.0,12,28,10,1.5323260567556396,7.775268091719164,26,12,1.5323260567556396,7.775268091719164,25,13,1.7005919191761976,7.8664069557981335,25,13,1.7005919191761976,7.8664069557981335,1.5000857858766814,9.581687986855629,66.66666666666666,3,20.986902552955655,2,6.492167999217635,26,2.673695552108857,3,-3.481415312400138,False,,,23,18
latest|q1_nodark|r200|Z1234|union_at_crossing|ovp_pass|cal1,latest,q1_nodark,200.0,Z1234,union_at_crossing,ovp_pass,cal1,50,73,239,1.4345722333545474,9.578804189218463,57.99999999999999,12,28,10,1.8391193518298543,7.770276245870518,26,12,1.2369257159730473,7.8702946804753555,25,13,0.7732595127698971,7.896242824601028,25,13,0.7732595127698971,7.896242824601028,3.8326100442837685,8.051706711949132,75.0,3,14.88283438533049,1,-8.318473462591136,26,3.2220164018157416,3,-1.3409076711411672,False,,,23,18
latest|q1_nodark|r200|Z1234|union_at_crossing|ovp_date|cal1,latest,q1_nodark,200.0,Z1234,union_at_crossing,ovp_date,cal1,50,73,239,1.4345722333545474,9.578804189218463,57.99999999999999,12,28,10,1.8391193518298543,7.770276245870518,26,12,1.2369257159730473,7.8702946804753555,25,13,0.7732595127698971,7.896242824601028,25,13,0.7732595127698971,7.896242824601028,3.8326100442837685,8.051706711949132,75.0,3,14.88283438533049,1,-8.318473462591136,26,3.2220164018157416,3,-1.3409076711411672,False,,,23,18
latest|q1_nodark|r200|Z1234|union_at_node|ovp_pass|cal1,latest,q1_nodark,200.0,Z1234,union_at_node,ovp_pass,cal1,50,73,239,1.4345722333545474,9.578804189218463,57.99999999999999,12,28,10,1.8391193518298543,7.770276245870518,26,12,1.2369257159730473,7.8702946804753555,25,13,0.7732595127698971,7.896242824601028,25,13,0.7732595127698971,7.896242824601028,3.8326100442837685,8.051706711949132,75.0,3,14.88283438533049,1,-8.318473462591136,26,3.2220164018157416,3,-1.3409076711411672,False,,,23,18
latest|q1_nodark|r200|Z1234|union_at_node|ovp_date|cal1,latest,q1_nodark,200.0,Z1234,union_at_node,ovp_date,cal1,50,73,239,1.4345722333545474,9.578804189218463,57.99999999999999,12,28,10,1.8391193518298543,7.770276245870518,26,12,1.2369257159730473,7.8702946804753555,25,13,0.7732595127698971,7.896242824601028,25,13,0.7732595127698971,7.896242824601028,3.8326100442837685,8.051706711949132,75.0,3,14.88283438533049,1,-8.318473462591136,26,3.2220164018157416,3,-1.3409076711411672,False,,,23,18
latest|q1_nodark|r200|Z1234|perzone_dedup_ovp_pass|ovp_pass|cal1,latest,q1_nodark,200.0,Z1234,perzone_dedup_ovp_pass,ovp_pass,cal1,50,73,239,1.4345722333545474,9.578804189218463,57.99999999999999,12,28,10,1.8391193518298543,7.770276245870518,26,12,1.2369257159730473,7.8702946804753555,25,13,0.7732595127698971,7.896242824601028,25,13,0.7732595127698971,7.896242824601028,3.8326100442837685,8.051706711949132,75.0,3,14.88283438533049,1,-8.318473462591136,26,3.2220164018157416,3,-1.3409076711411672,False,,,23,18
latest|q1_nodark|r200|Z1234|perzone_dedup_ovp_pass|ovp_pass_reach|cal1,latest,q1_nodark,200.0,Z1234,perzone_dedup_ovp_pass,ovp_pass_reach,cal1,50,73,239,0.8438641048323703,11.285068747095064,54.0,12,28,10,1.5323260567556396,8.325623124037046,26,12,1.5323260567556396,8.325623124037046,25,13,1.7005919191761976,8.468175085184457,25,13,1.7005919191761976,8.468175085184457,1.5000857858766814,9.581687986855629,66.66666666666666,3,20.986902552955655,2,6.33421454518226,26,2.673695552108857,3,-3.481415312400138,False,,,23,18
latest|q1_nodark|r200|Z123_master|union_at_node|ovp_pass|cal1,latest,q1_nodark,200.0,Z123_master,union_at_node,ovp_pass,cal1,50,73,239,1.4345722333545474,9.578804189218463,57.99999999999999,12,28,10,1.8391193518298543,7.770276245870518,26,12,1.2369257159730473,7.8702946804753555,25,13,0.7732595127698971,7.896242824601028,25,13,0.7732595127698971,7.896242824601028,3.8326100442837685,8.051706711949132,75.0,3,14.88283438533049,1,-8.318473462591136,26,3.2220164018157416,3,-1.3409076711411672,False,,,23,18
latest|q1_nodark|r200|Z123_master|union_at_node|ovp_date|cal1,latest,q1_nodark,200.0,Z123_master,union_at_node,ovp_date,cal1,50,73,239,1.4345722333545474,9.578804189218463,57.99999999999999,12,28,10,1.8391193518298543,7.770276245870518,26,12,1.2369257159730473,7.8702946804753555,25,13,0.7732595127698971,7.896242824601028,25,13,0.7732595127698971,7.896242824601028,3.8326100442837685,8.051706711949132,75.0,3,14.88283438533049,1,-8.318473462591136,26,3.2220164018157416,3,-1.3409076711411672,False,,,23,18
latest|q1_nodark|r200|Z123_master|perzone_dedup_ovp_pass|ovp_pass|cal1,latest,q1_nodark,200.0,Z123_master,perzone_dedup_ovp_pass,ovp_pass,cal1,50,73,239,1.4345722333545474,9.578804189218463,57.99999999999999,12,28,10,1.8391193518298543,7.770276245870518,26,12,1.2369257159730473,7.8702946804753555,25,13,0.7732595127698971,7.896242824601028,25,13,0.7732595127698971,7.896242824601028,3.8326100442837685,8.051706711949132,75.0,3,14.88283438533049,1,-8.318473462591136,26,3.2220164018157416,3,-1.3409076711411672,False,,,23,18
latest|q1_nodark|r200|Z123_master|perzone_dedup_ovp_pass|ovp_pass_reach|cal1,latest,q1_nodark,200.0,Z123_master,perzone_dedup_ovp_pass,ovp_pass_reach,cal1,50,73,239,0.8438641048323703,11.285068747095064,54.0,12,28,10,1.5323260567556396,8.325623124037046,26,12,1.5323260567556396,8.325623124037046,25,13,1.7005919191761976,8.468175085184457,25,13,1.7005919191761976,8.468175085184457,1.5000857858766814,9.581687986855629,66.66666666666666,3,20.986902552955655,2,6.33421454518226,26,2.673695552108857,3,-3.481415312400138,False,,,23,18
all|q1_nodark|r500|Z123_master|union_at_crossing|ovp_pass|cal1,all,q1_nodark,500.0,Z123_master,union_at_crossing,ovp_pass,cal1,51,74,242,0.17932236471018825,9.91508157314055,54.90196078431373,13,28,10,1.119873447732811,7.2279063047666,26,12,1.119873447732811,9.403666966392796,25,13,0.1835354489617913,9.921327891851977,25,13,0.1835354489617913,9.921327891851977,3.7393975372588706,12.499550894953742,69.23076923076923,3,14.809690147672327,2,8.239860179611558,27,3.5804945675671718,5,3.5804945675671718,False,,,24,19
all|q1_nodark|r500|Z123_master|union_at_crossing|ovp_date|cal1,all,q1_nodark,500.0,Z123_master,union_at_crossing,ovp_date,cal1,51,74,242,0.17932236471018825,9.91508157314055,54.90196078431373,13,28,10,1.119873447732811,7.2279063047666,26,12,1.119873447732811,9.403666966392796,25,13,0.1835354489617913,9.921327891851977,25,13,0.1835354489617913,9.921327891851977,3.7393975372588706,12.499550894953742,69.23076923076923,3,14.809690147672327,2,8.239860179611558,27,3.5804945675671718,5,3.5804945675671718,False,,,24,19
latest|q1_nodark|r500|Z123_master|union_at_crossing|ovp_pass|cal1,latest,q1_nodark,500.0,Z123_master,union_at_crossing,ovp_pass,cal1,51,74,242,0.17932236471018825,10.379146569921636,54.90196078431373,13,28,10,1.119873447732811,7.533479856545113,26,12,1.119873447732811,9.671387997372749,25,13,0.1835354489617913,10.385392888633062,25,13,0.1835354489617913,10.385392888633062,3.7393975372588706,12.499550894953742,69.23076923076923,3,14.809690147672327,2,8.08335640354887,27,3.5804945675671718,5,3.5804945675671718,False,,,24,19
latest|q1_nodark|r500|Z123_master|union_at_crossing|ovp_date|cal1,latest,q1_nodark,500.0,Z123_master,union_at_crossing,ovp_date,cal1,51,74,242,0.17932236471018825,10.379146569921636,54.90196078431373,13,28,10,1.119873447732811,7.533479856545113,26,12,1.119873447732811,9.671387997372749,25,13,0.1835354489617913,10.385392888633062,25,13,0.1835354489617913,10.385392888633062,3.7393975372588706,12.499550894953742,69.23076923076923,3,14.809690147672327,2,8.08335640354887,27,3.5804945675671718,5,3.5804945675671718,False,,,24,19
all|q2_dark|r500|Z123_master|union_at_crossing|ovp_pass|h24,all,q2_dark,500.0,Z123_master,union_at_crossing,ovp_pass,h24,35,76,257,0.2979627976816168,8.969732662757227,57.14285714285714,8,20,7,2.906450879792555,11.296341961419666,19,8,3.7160407192933675,11.346868920771385,19,8,3.7160407192933675,11.346868920771385,19,8,3.7160407192933675,11.346868920771385,-0.21679856889877946,7.420321004314771,87.5,3,14.809690147672327,2,8.239860179611558,19,2.096861040291742,2,-1.1407513502478484,False,,,25,3
all|q2_dark|r500|Z123_master|union_at_crossing|ovp_date|h24,all,q2_dark,500.0,Z123_master,union_at_crossing,ovp_date,h24,35,76,257,0.2979627976816168,8.969732662757227,57.14285714285714,8,20,7,2.906450879792555,11.296341961419666,19,8,3.7160407192933675,11.346868920771385,19,8,3.7160407192933675,11.346868920771385,19,8,3.7160407192933675,11.346868920771385,-0.21679856889877946,7.420321004314771,87.5,3,14.809690147672327,2,8.239860179611558,19,2.096861040291742,2,-1.1407513502478484,False,,,25,3
latest|q2_dark|r500|Z123_master|union_at_crossing|ovp_pass|h24,latest,q2_dark,500.0,Z123_master,union_at_crossing,ovp_pass,h24,35,76,257,0.2979627976816168,8.969732662757227,57.14285714285714,8,20,7,2.906450879792555,11.296341961419666,19,8,3.7160407192933675,11.346868920771385,19,8,3.7160407192933675,11.346868920771385,19,8,3.7160407192933675,11.346868920771385,-0.21679856889877946,7.420321004314771,87.5,3,14.809690147672327,2,8.08335640354887,19,2.096861040291742,2,-1.1407513502478484,False,,,25,3
latest|q2_dark|r500|Z123_master|union_at_crossing|ovp_date|h24,latest,q2_dark,500.0,Z123_master,union_at_crossing,ovp_date,h24,35,76,257,0.2979627976816168,8.969732662757227,57.14285714285714,8,20,7,2.906450879792555,11.296341961419666,19,8,3.7160407192933675,11.346868920771385,19,8,3.7160407192933675,11.346868920771385,19,8,3.7160407192933675,11.346868920771385,-0.21679856889877946,7.420321004314771,87.5,3,14.809690147672327,2,8.08335640354887,19,2.096861040291742,2,-1.1407513502478484,False,,,25,3
all|q1_nodark|r500|Z123_master|perzone_dedup_exact|ovp_pass|h24,all,q1_nodark,500.0,Z123_master,perzone_dedup_exact,ovp_pass,h24,36,72,260,0.18142890683598978,9.365133476913062,58.333333333333336,9,20,7,1.2834618668522424,10.29168565135697,19,8,0.1835354489617913,9.921327891851977,19,8,0.1835354489617913,9.921327891851977,19,8,0.1835354489617913,9.921327891851977,3.7393975372588706,8.436352481617575,77.77777777777779,3,14.809690147672327,2,8.239860179611558,19,2.3833882847426935,2,-7.649934489555266,False,,,25,4
all|q1_nodark|r500|Z123_master|perzone_dedup_exact|ovp_date|h24,all,q1_nodark,500.0,Z123_master,perzone_dedup_exact,ovp_date,h24,36,72,260,0.18142890683598978,9.365133476913062,58.333333333333336,9,20,7,1.2834618668522424,10.29168565135697,19,8,0.1835354489617913,9.921327891851977,19,8,0.1835354489617913,9.921327891851977,19,8,0.1835354489617913,9.921327891851977,3.7393975372588706,8.436352481617575,77.77777777777779,3,14.809690147672327,2,8.239860179611558,19,2.3833882847426935,2,-7.649934489555266,False,,,25,4
latest|q1_nodark|r500|Z123_master|perzone_dedup_exact|ovp_pass|h24,latest,q1_nodark,500.0,Z123_master,perzone_dedup_exact,ovp_pass,h24,36,72,260,0.18142890683598978,9.671387997372749,58.333333333333336,9,20,7,1.2834618668522424,10.523718149747511,19,8,0.1835354489617913,10.385392888633062,19,8,0.1835354489617913,10.385392888633062,19,8,0.1835354489617913,10.385392888633062,3.7393975372588706,8.436352481617575,77.77777777777779,3,14.809690147672327,2,8.08335640354887,19,2.3833882847426935,2,-7.649934489555266,False,,,25,4
latest|q1_nodark|r500|Z123_master|perzone_dedup_exact|ovp_date|h24,latest,q1_nodark,500.0,Z123_master,perzone_dedup_exact,ovp_date,h24,36,72,260,0.18142890683598978,9.671387997372749,58.333333333333336,9,20,7,1.2834618668522424,10.523718149747511,19,8,0.1835354489617913,10.385392888633062,19,8,0.1835354489617913,10.385392888633062,19,8,0.1835354489617913,10.385392888633062,3.7393975372588706,8.436352481617575,77.77777777777779,3,14.809690147672327,2,8.08335640354887,19,2.3833882847426935,2,-7.649934489555266,False,,,25,4
all|q1_dark|r500|Z14|perzone_concat|ovp_pass|cal1,all,q1_dark,500.0,Z14,perzone_concat,ovp_pass,cal1,42,72,228,2.219799865623262,6.499584629890051,66.66666666666666,8,28,6,2.0562114465038306,5.193012817970068,24,10,2.0562114465038306,6.176351225420006,22,12,1.8820150082644815,6.866639984350082,22,12,1.8820150082644815,6.866639984350082,1.9363526787584906,4.51866428549076,75.0,3,14.809690147672327,2,8.239860179611558,42,2.219799865623262,8,9.851634084282423,False,,,25,10
all|q1_dark|r500|Z14|perzone_concat|ovp_date|cal1,all,q1_dark,500.0,Z14,perzone_concat,ovp_date,cal1,42,72,228,2.219799865623262,6.499584629890051,66.66666666666666,8,28,6,2.0562114465038306,5.193012817970068,24,10,2.0562114465038306,6.176351225420006,22,12,1.8820150082644815,6.866639984350082,22,12,1.8820150082644815,6.866639984350082,1.9363526787584906,4.51866428549076,75.0,3,14.809690147672327,2,8.239860179611558,42,2.219799865623262,8,9.851634084282423,False,,,25,10
latest|q1_dark|r500|Z14|perzone_concat|ovp_pass|cal1,latest,q1_dark,500.0,Z14,perzone_concat,ovp_pass,cal1,42,72,228,2.219799865623262,6.499584629890051,66.66666666666666,8,28,6,2.0562114465038306,5.8953700638880076,24,10,2.0562114465038306,6.319143029554305,22,12,1.8820150082644815,6.866639984350082,22,12,1.8820150082644815,6.866639984350082,1.9363526787584906,4.51866428549076,75.0,3,14.809690147672327,2,8.08335640354887,42,2.219799865623262,8,9.851634084282423,False,,,25,10
latest|q1_dark|r500|Z14|perzone_concat|ovp_date|cal1,latest,q1_dark,500.0,Z14,perzone_concat,ovp_date,cal1,42,72,228,2.219799865623262,6.499584629890051,66.66666666666666,8,28,6,2.0562114465038306,5.8953700638880076,24,10,2.0562114465038306,6.319143029554305,22,12,1.8820150082644815,6.866639984350082,22,12,1.8820150082644815,6.866639984350082,1.9363526787584906,4.51866428549076,75.0,3,14.809690147672327,2,8.08335640354887,42,2.219799865623262,8,9.851634084282423,False,,,25,10
all|q1_dark|r200|Z1234|union_at_crossing|ovp_pass|cal1,all,q1_dark,200.0,Z1234,union_at_crossing,ovp_pass,cal1,45,70,229,1.7005919191761976,9.30792346025163,60.0,10,26,9,2.2580215137766757,7.843520358264142,24,11,1.8391193518298543,7.770276245870518,23,12,1.7005919191761976,7.844346536349681,23,12,1.7005919191761976,7.844346536349681,2.0700376970228085,7.256395757360383,80.0,3,14.88283438533049,1,-8.002566554520385,23,3.1516172606948167,3,-0.049661549814494776,False,,,25,13
all|q1_dark|r200|Z1234|union_at_crossing|ovp_date|cal1,all,q1_dark,200.0,Z1234,union_at_crossing,ovp_date,cal1,45,70,229,1.7005919191761976,9.30792346025163,60.0,10,26,9,2.2580215137766757,7.843520358264142,24,11,1.8391193518298543,7.770276245870518,23,12,1.7005919191761976,7.844346536349681,23,12,1.7005919191761976,7.844346536349681,2.0700376970228085,7.256395757360383,80.0,3,14.88283438533049,1,-8.002566554520385,23,3.1516172606948167,3,-0.049661549814494776,False,,,25,13
all|q1_dark|r200|Z1234|union_at_node|ovp_pass|cal1,all,q1_dark,200.0,Z1234,union_at_node,ovp_pass,cal1,45,70,229,1.7005919191761976,9.30792346025163,60.0,10,26,9,2.2580215137766757,7.843520358264142,24,11,1.8391193518298543,7.770276245870518,23,12,1.7005919191761976,7.844346536349681,23,12,1.7005919191761976,7.844346536349681,2.0700376970228085,7.256395757360383,80.0,3,14.88283438533049,1,-8.002566554520385,23,3.1516172606948167,3,-0.049661549814494776,False,,,25,13
all|q1_dark|r200|Z1234|union_at_node|ovp_date|cal1,all,q1_dark,200.0,Z1234,union_at_node,ovp_date,cal1,45,70,229,1.7005919191761976,9.30792346025163,60.0,10,26,9,2.2580215137766757,7.843520358264142,24,11,1.8391193518298543,7.770276245870518,23,12,1.7005919191761976,7.844346536349681,23,12,1.7005919191761976,7.844346536349681,2.0700376970228085,7.256395757360383,80.0,3,14.88283438533049,1,-8.002566554520385,23,3.1516172606948167,3,-0.049661549814494776,False,,,25,13
all|q1_dark|r200|Z1234|perzone_dedup_ovp_pass|ovp_pass|cal1,all,q1_dark,200.0,Z1234,perzone_dedup_ovp_pass,ovp_pass,cal1,45,70,229,1.7005919191761976,9.30792346025163,60.0,10,26,9,2.2580215137766757,7.843520358264142,24,11,1.8391193518298543,7.770276245870518,23,12,1.7005919191761976,7.844346536349681,23,12,1.7005919191761976,7.844346536349681,2.0700376970228085,7.256395757360383,80.0,3,14.88283438533049,1,-8.002566554520385,23,3.1516172606948167,3,-0.049661549814494776,False,,,25,13
all|q1_dark|r200|Z1234|perzone_dedup_ovp_pass|ovp_pass_reach|cal1,all,q1_dark,200.0,Z1234,perzone_dedup_ovp_pass,ovp_pass_reach,cal1,45,70,229,1.209354908357696,10.03623145249114,55.55555555555556,10,26,9,1.8391193518298543,7.998730981819461,24,11,1.8391193518298543,7.998730981819461,23,12,1.977646784483511,8.277168499102757,23,12,1.977646784483511,8.277168499102757,-0.5852718659204115,6.584183327633408,70.0,3,20.986902552955655,2,6.492167999217635,23,1.209354908357696,3,20.986902552955655,False,,,25,13
all|q1_dark|r200|Z123_master|union_at_node|ovp_pass|cal1,all,q1_dark,200.0,Z123_master,union_at_node,ovp_pass,cal1,45,70,229,1.7005919191761976,9.30792346025163,60.0,10,26,9,2.2580215137766757,7.843520358264142,24,11,1.8391193518298543,7.770276245870518,23,12,1.7005919191761976,7.844346536349681,23,12,1.7005919191761976,7.844346536349681,2.0700376970228085,7.256395757360383,80.0,3,14.88283438533049,1,-8.002566554520385,23,3.1516172606948167,3,-0.049661549814494776,False,,,25,13
all|q1_dark|r200|Z123_master|union_at_node|ovp_date|cal1,all,q1_dark,200.0,Z123_master,union_at_node,ovp_date,cal1,45,70,229,1.7005919191761976,9.30792346025163,60.0,10,26,9,2.2580215137766757,7.843520358264142,24,11,1.8391193518298543,7.770276245870518,23,12,1.7005919191761976,7.844346536349681,23,12,1.7005919191761976,7.844346536349681,2.0700376970228085,7.256395757360383,80.0,3,14.88283438533049,1,-8.002566554520385,23,3.1516172606948167,3,-0.049661549814494776,False,,,25,13
all|q1_dark|r200|Z123_master|perzone_dedup_ovp_pass|ovp_pass|cal1,all,q1_dark,200.0,Z123_master,perzone_dedup_ovp_pass,ovp_pass,cal1,45,70,229,1.7005919191761976,9.30792346025163,60.0,10,26,9,2.2580215137766757,7.843520358264142,24,11,1.8391193518298543,7.770276245870518,23,12,1.7005919191761976,7.844346536349681,23,12,1.7005919191761976,7.844346536349681,2.0700376970228085,7.256395757360383,80.0,3,14.88283438533049,1,-8.002566554520385,23,3.1516172606948167,3,-0.049661549814494776,False,,,25,13
all|q1_dark|r200|Z123_master|perzone_dedup_ovp_pass|ovp_pass_reach|cal1,all,q1_dark,200.0,Z123_master,perzone_dedup_ovp_pass,ovp_pass_reach,cal1,45,70,229,1.209354908357696,10.03623145249114,55.55555555555556,10,26,9,1.8391193518298543,7.998730981819461,24,11,1.8391193518298543,7.998730981819461,23,12,1.977646784483511,8.277168499102757,23,12,1.977646784483511,8.277168499102757,-0.5852718659204115,6.584183327633408,70.0,3,20.986902552955655,2,6.492167999217635,23,1.209354908357696,3,20.986902552955655,False,,,25,13
latest|q1_dark|r200|Z1234|union_at_crossing|ovp_pass|cal1,latest,q1_dark,200.0,Z1234,union_at_crossing,ovp_pass,cal1,45,70,229,1.7005919191761976,9.30792346025163,60.0,10,26,9,2.2580215137766757,7.876809748635595,24,11,1.8391193518298543,8.156260810767069,23,12,1.7005919191761976,8.468175085184457,23,12,1.7005919191761976,8.468175085184457,2.0700376970228085,7.256395757360383,80.0,3,14.88283438533049,1,-8.318473462591136,23,3.1516172606948167,3,-0.049661549814494776,False,,,25,13
latest|q1_dark|r200|Z1234|union_at_crossing|ovp_date|cal1,latest,q1_dark,200.0,Z1234,union_at_crossing,ovp_date,cal1,45,70,229,1.7005919191761976,9.30792346025163,60.0,10,26,9,2.2580215137766757,7.876809748635595,24,11,1.8391193518298543,8.156260810767069,23,12,1.7005919191761976,8.468175085184457,23,12,1.7005919191761976,8.468175085184457,2.0700376970228085,7.256395757360383,80.0,3,14.88283438533049,1,-8.318473462591136,23,3.1516172606948167,3,-0.049661549814494776,False,,,25,13
latest|q1_dark|r200|Z1234|union_at_node|ovp_pass|cal1,latest,q1_dark,200.0,Z1234,union_at_node,ovp_pass,cal1,45,70,229,1.7005919191761976,9.30792346025163,60.0,10,26,9,2.2580215137766757,7.876809748635595,24,11,1.8391193518298543,8.156260810767069,23,12,1.7005919191761976,8.468175085184457,23,12,1.7005919191761976,8.468175085184457,2.0700376970228085,7.256395757360383,80.0,3,14.88283438533049,1,-8.318473462591136,23,3.1516172606948167,3,-0.049661549814494776,False,,,25,13
latest|q1_dark|r200|Z1234|union_at_node|ovp_date|cal1,latest,q1_dark,200.0,Z1234,union_at_node,ovp_date,cal1,45,70,229,1.7005919191761976,9.30792346025163,60.0,10,26,9,2.2580215137766757,7.876809748635595,24,11,1.8391193518298543,8.156260810767069,23,12,1.7005919191761976,8.468175085184457,23,12,1.7005919191761976,8.468175085184457,2.0700376970228085,7.256395757360383,80.0,3,14.88283438533049,1,-8.318473462591136,23,3.1516172606948167,3,-0.049661549814494776,False,,,25,13
latest|q1_dark|r200|Z1234|perzone_dedup_ovp_pass|ovp_pass|cal1,latest,q1_dark,200.0,Z1234,perzone_dedup_ovp_pass,ovp_pass,cal1,45,70,229,1.7005919191761976,9.30792346025163,60.0,10,26,9,2.2580215137766757,7.876809748635595,24,11,1.8391193518298543,8.156260810767069,23,12,1.7005919191761976,8.468175085184457,23,12,1.7005919191761976,8.468175085184457,2.0700376970228085,7.256395757360383,80.0,3,14.88283438533049,1,-8.318473462591136,23,3.1516172606948167,3,-0.049661549814494776,False,,,25,13
latest|q1_dark|r200|Z1234|perzone_dedup_ovp_pass|ovp_pass_reach|cal1,latest,q1_dark,200.0,Z1234,perzone_dedup_ovp_pass,ovp_pass_reach,cal1,45,70,229,1.209354908357696,10.03623145249114,55.55555555555556,10,26,9,1.8391193518298543,8.167291020491295,24,11,1.8391193518298543,8.167291020491295,23,12,1.977646784483511,8.277168499102757,23,12,1.977646784483511,8.277168499102757,-0.5852718659204115,6.584183327633408,70.0,3,20.986902552955655,2,6.33421454518226,23,1.209354908357696,3,20.986902552955655,False,,,25,13
latest|q1_dark|r200|Z123_master|union_at_node|ovp_pass|cal1,latest,q1_dark,200.0,Z123_master,union_at_node,ovp_pass,cal1,45,70,229,1.7005919191761976,9.30792346025163,60.0,10,26,9,2.2580215137766757,7.876809748635595,24,11,1.8391193518298543,8.156260810767069,23,12,1.7005919191761976,8.468175085184457,23,12,1.7005919191761976,8.468175085184457,2.0700376970228085,7.256395757360383,80.0,3,14.88283438533049,1,-8.318473462591136,23,3.1516172606948167,3,-0.049661549814494776,False,,,25,13
latest|q1_dark|r200|Z123_master|union_at_node|ovp_date|cal1,latest,q1_dark,200.0,Z123_master,union_at_node,ovp_date,cal1,45,70,229,1.7005919191761976,9.30792346025163,60.0,10,26,9,2.2580215137766757,7.876809748635595,24,11,1.8391193518298543,8.156260810767069,23,12,1.7005919191761976,8.468175085184457,23,12,1.7005919191761976,8.468175085184457,2.0700376970228085,7.256395757360383,80.0,3,14.88283438533049,1,-8.318473462591136,23,3.1516172606948167,3,-0.049661549814494776,False,,,25,13
latest|q1_dark|r200|Z123_master|perzone_dedup_ovp_pass|ovp_pass|cal1,latest,q1_dark,200.0,Z123_master,perzone_dedup_ovp_pass,ovp_pass,cal1,45,70,229,1.7005919191761976,9.30792346025163,60.0,10,26,9,2.2580215137766757,7.876809748635595,24,11,1.8391193518298543,8.156260810767069,23,12,1.7005919191761976,8.468175085184457,23,12,1.7005919191761976,8.468175085184457,2.0700376970228085,7.256395757360383,80.0,3,14.88283438533049,1,-8.318473462591136,23,3.1516172606948167,3,-0.049661549814494776,False,,,25,13
latest|q1_dark|r200|Z123_master|perzone_dedup_ovp_pass|ovp_pass_reach|cal1,latest,q1_dark,200.0,Z123_master,perzone_dedup_ovp_pass,ovp_pass_reach,cal1,45,70,229,1.209354908357696,10.03623145249114,55.55555555555556,10,26,9,1.8391193518298543,8.167291020491295,24,11,1.8391193518298543,8.167291020491295,23,12,1.977646784483511,8.277168499102757,23,12,1.977646784483511,8.277168499102757,-0.5852718659204115,6.584183327633408,70.0,3,20.986902552955655,2,6.33421454518226,23,1.209354908357696,3,20.986902552955655,False,,,25,13
all|q1_nodark|r200|Z14|perzone_concat|ovp_pass|cal1,all,q1_nodark,200.0,Z14,perzone_concat,ovp_pass,cal1,48,76,238,3.2924155429366664,7.341532973145813,66.66666666666666,12,30,6,2.8332532734326676,5.669815402690466,26,10,-0.33905293632154887,5.750815509339264,24,12,-0.628444322828603,6.546667520965658,24,12,-0.628444322828603,6.546667520965658,5.28176127003146,8.194590100056462,66.66666666666666,3,14.88283438533049,1,-8.002566554520385,48,3.2924155429366664,5,-1.3409076711411672,False,,,25,16
all|q1_nodark|r200|Z14|perzone_concat|ovp_date|cal1,all,q1_nodark,200.0,Z14,perzone_concat,ovp_date,cal1,48,76,238,3.2924155429366664,7.341532973145813,66.66666666666666,12,30,6,2.8332532734326676,5.669815402690466,26,10,-0.33905293632154887,5.750815509339264,24,12,-0.628444322828603,6.546667520965658,24,12,-0.628444322828603,6.546667520965658,5.28176127003146,8.194590100056462,66.66666666666666,3,14.88283438533049,1,-8.002566554520385,48,3.2924155429366664,5,-1.3409076711411672,False,,,25,16
latest|q1_nodark|r200|Z14|perzone_concat|ovp_pass|cal1,latest,q1_nodark,200.0,Z14,perzone_concat,ovp_pass,cal1,48,76,238,3.2924155429366664,7.341532973145813,66.66666666666666,12,30,6,2.8332532734326676,6.188611016425167,26,10,-0.33905293632154887,5.750815509339264,24,12,-0.628444322828603,6.546667520965658,24,12,-0.628444322828603,6.546667520965658,5.28176127003146,8.194590100056462,66.66666666666666,3,14.88283438533049,1,-8.318473462591136,48,3.2924155429366664,5,-1.3409076711411672,False,,,25,16
latest|q1_nodark|r200|Z14|perzone_concat|ovp_date|cal1,latest,q1_nodark,200.0,Z14,perzone_concat,ovp_date,cal1,48,76,238,3.2924155429366664,7.341532973145813,66.66666666666666,12,30,6,2.8332532734326676,6.188611016425167,26,10,-0.33905293632154887,5.750815509339264,24,12,-0.628444322828603,6.546667520965658,24,12,-0.628444322828603,6.546667520965658,5.28176127003146,8.194590100056462,66.66666666666666,3,14.88283438533049,1,-8.318473462591136,48,3.2924155429366664,5,-1.3409076711411672,False,,,25,16
all|q1_nodark|r500|Z1234|union_at_crossing|ovp_pass|cal1,all,q1_nodark,500.0,Z1234,union_at_crossing,ovp_pass,cal1,51,74,243,0.17932236471018825,9.91508157314055,54.90196078431373,13,28,10,1.119873447732811,7.2279063047666,26,12,1.119873447732811,9.403666966392796,25,13,0.1835354489617913,9.921327891851977,25,13,0.1835354489617913,9.921327891851977,3.7393975372588706,12.499550894953742,69.23076923076923,3,14.809690147672327,2,8.239860179611558,27,3.5804945675671718,5,3.5804945675671718,False,,,25,19
all|q1_nodark|r500|Z1234|union_at_crossing|ovp_date|cal1,all,q1_nodark,500.0,Z1234,union_at_crossing,ovp_date,cal1,51,74,243,0.17932236471018825,9.91508157314055,54.90196078431373,13,28,10,1.119873447732811,7.2279063047666,26,12,1.119873447732811,9.403666966392796,25,13,0.1835354489617913,9.921327891851977,25,13,0.1835354489617913,9.921327891851977,3.7393975372588706,12.499550894953742,69.23076923076923,3,14.809690147672327,2,8.239860179611558,27,3.5804945675671718,5,3.5804945675671718,False,,,25,19
all|q1_nodark|r500|Z1234|union_at_node|ovp_pass|cal1,all,q1_nodark,500.0,Z1234,union_at_node,ovp_pass,cal1,51,74,243,0.17932236471018825,9.91508157314055,54.90196078431373,13,28,10,1.119873447732811,7.2279063047666,26,12,1.119873447732811,9.403666966392796,25,13,0.1835354489617913,9.921327891851977,25,13,0.1835354489617913,9.921327891851977,3.7393975372588706,12.499550894953742,69.23076923076923,3,14.809690147672327,2,8.239860179611558,27,3.5804945675671718,5,3.5804945675671718,False,,,25,19
all|q1_nodark|r500|Z1234|union_at_node|ovp_date|cal1,all,q1_nodark,500.0,Z1234,union_at_node,ovp_date,cal1,51,74,243,0.17932236471018825,9.91508157314055,54.90196078431373,13,28,10,1.119873447732811,7.2279063047666,26,12,1.119873447732811,9.403666966392796,25,13,0.1835354489617913,9.921327891851977,25,13,0.1835354489617913,9.921327891851977,3.7393975372588706,12.499550894953742,69.23076923076923,3,14.809690147672327,2,8.239860179611558,27,3.5804945675671718,5,3.5804945675671718,False,,,25,19
all|q1_nodark|r500|Z1234|perzone_dedup_ovp_pass|ovp_pass|cal1,all,q1_nodark,500.0,Z1234,perzone_dedup_ovp_pass,ovp_pass,cal1,51,74,243,0.17932236471018825,9.91508157314055,54.90196078431373,13,28,10,1.119873447732811,7.2279063047666,26,12,1.119873447732811,9.403666966392796,25,13,0.1835354489617913,9.921327891851977,25,13,0.1835354489617913,9.921327891851977,3.7393975372588706,12.499550894953742,69.23076923076923,3,14.809690147672327,2,8.239860179611558,27,3.5804945675671718,5,3.5804945675671718,False,,,25,19
all|q1_nodark|r500|Z1234|perzone_dedup_ovp_pass|ovp_pass_reach|cal1,all,q1_nodark,500.0,Z1234,perzone_dedup_ovp_pass,ovp_pass_reach,cal1,51,74,243,0.11611514011917734,8.777751172205301,58.82352941176471,13,28,10,1.5971513778511248,8.06407891504388,26,12,0.7221551151981753,6.81838316947339,25,13,0.8109144709595562,6.9332403525482365,25,13,0.8109144709595562,6.9332403525482365,-0.7315599354791757,7.520988105123185,69.23076923076923,3,16.79046591787614,3,16.79046591787614,27,2.3833882847426935,4,6.391059994940829,False,,,25,19
all|q1_nodark|r500|Z123_master|union_at_node|ovp_pass|cal1,all,q1_nodark,500.0,Z123_master,union_at_node,ovp_pass,cal1,51,74,243,0.17932236471018825,9.91508157314055,54.90196078431373,13,28,10,1.119873447732811,7.2279063047666,26,12,1.119873447732811,9.403666966392796,25,13,0.1835354489617913,9.921327891851977,25,13,0.1835354489617913,9.921327891851977,3.7393975372588706,12.499550894953742,69.23076923076923,3,14.809690147672327,2,8.239860179611558,27,3.5804945675671718,5,3.5804945675671718,False,,,25,19
all|q1_nodark|r500|Z123_master|union_at_node|ovp_date|cal1,all,q1_nodark,500.0,Z123_master,union_at_node,ovp_date,cal1,51,74,243,0.17932236471018825,9.91508157314055,54.90196078431373,13,28,10,1.119873447732811,7.2279063047666,26,12,1.119873447732811,9.403666966392796,25,13,0.1835354489617913,9.921327891851977,25,13,0.1835354489617913,9.921327891851977,3.7393975372588706,12.499550894953742,69.23076923076923,3,14.809690147672327,2,8.239860179611558,27,3.5804945675671718,5,3.5804945675671718,False,,,25,19
all|q1_nodark|r500|Z123_master|perzone_dedup_ovp_pass|ovp_pass|cal1,all,q1_nodark,500.0,Z123_master,perzone_dedup_ovp_pass,ovp_pass,cal1,51,74,243,0.17932236471018825,9.91508157314055,54.90196078431373,13,28,10,1.119873447732811,7.2279063047666,26,12,1.119873447732811,9.403666966392796,25,13,0.1835354489617913,9.921327891851977,25,13,0.1835354489617913,9.921327891851977,3.7393975372588706,12.499550894953742,69.23076923076923,3,14.809690147672327,2,8.239860179611558,27,3.5804945675671718,5,3.5804945675671718,False,,,25,19
all|q1_nodark|r500|Z123_master|perzone_dedup_ovp_pass|ovp_pass_reach|cal1,all,q1_nodark,500.0,Z123_master,perzone_dedup_ovp_pass,ovp_pass_reach,cal1,51,74,243,0.11611514011917734,8.777751172205301,58.82352941176471,13,28,10,1.5971513778511248,8.06407891504388,26,12,0.7221551151981753,6.81838316947339,25,13,0.8109144709595562,6.9332403525482365,25,13,0.8109144709595562,6.9332403525482365,-0.7315599354791757,7.520988105123185,69.23076923076923,3,16.79046591787614,3,16.79046591787614,27,2.3833882847426935,4,6.391059994940829,False,,,25,19
latest|q1_nodark|r500|Z1234|union_at_crossing|ovp_pass|cal1,latest,q1_nodark,500.0,Z1234,union_at_crossing,ovp_pass,cal1,51,74,243,0.17932236471018825,10.379146569921636,54.90196078431373,13,28,10,1.119873447732811,7.533479856545113,26,12,1.119873447732811,9.671387997372749,25,13,0.1835354489617913,10.385392888633062,25,13,0.1835354489617913,10.385392888633062,3.7393975372588706,12.499550894953742,69.23076923076923,3,14.809690147672327,2,8.08335640354887,27,3.5804945675671718,5,3.5804945675671718,False,,,25,19
latest|q1_nodark|r500|Z1234|union_at_crossing|ovp_date|cal1,latest,q1_nodark,500.0,Z1234,union_at_crossing,ovp_date,cal1,51,74,243,0.17932236471018825,10.379146569921636,54.90196078431373,13,28,10,1.119873447732811,7.533479856545113,26,12,1.119873447732811,9.671387997372749,25,13,0.1835354489617913,10.385392888633062,25,13,0.1835354489617913,10.385392888633062,3.7393975372588706,12.499550894953742,69.23076923076923,3,14.809690147672327,2,8.08335640354887,27,3.5804945675671718,5,3.5804945675671718,False,,,25,19
latest|q1_nodark|r500|Z1234|union_at_node|ovp_pass|cal1,latest,q1_nodark,500.0,Z1234,union_at_node,ovp_pass,cal1,51,74,243,0.17932236471018825,10.379146569921636,54.90196078431373,13,28,10,1.119873447732811,7.533479856545113,26,12,1.119873447732811,9.671387997372749,25,13,0.1835354489617913,10.385392888633062,25,13,0.1835354489617913,10.385392888633062,3.7393975372588706,12.499550894953742,69.23076923076923,3,14.809690147672327,2,8.08335640354887,27,3.5804945675671718,5,3.5804945675671718,False,,,25,19
latest|q1_nodark|r500|Z1234|union_at_node|ovp_date|cal1,latest,q1_nodark,500.0,Z1234,union_at_node,ovp_date,cal1,51,74,243,0.17932236471018825,10.379146569921636,54.90196078431373,13,28,10,1.119873447732811,7.533479856545113,26,12,1.119873447732811,9.671387997372749,25,13,0.1835354489617913,10.385392888633062,25,13,0.1835354489617913,10.385392888633062,3.7393975372588706,12.499550894953742,69.23076923076923,3,14.809690147672327,2,8.08335640354887,27,3.5804945675671718,5,3.5804945675671718,False,,,25,19
latest|q1_nodark|r500|Z1234|perzone_dedup_ovp_pass|ovp_pass|cal1,latest,q1_nodark,500.0,Z1234,perzone_dedup_ovp_pass,ovp_pass,cal1,51,74,243,0.17932236471018825,10.379146569921636,54.90196078431373,13,28,10,1.119873447732811,7.533479856545113,26,12,1.119873447732811,9.671387997372749,25,13,0.1835354489617913,10.385392888633062,25,13,0.1835354489617913,10.385392888633062,3.7393975372588706,12.499550894953742,69.23076923076923,3,14.809690147672327,2,8.08335640354887,27,3.5804945675671718,5,3.5804945675671718,False,,,25,19
latest|q1_nodark|r500|Z1234|perzone_dedup_ovp_pass|ovp_pass_reach|cal1,latest,q1_nodark,500.0,Z1234,perzone_dedup_ovp_pass,ovp_pass_reach,cal1,51,74,243,0.11611514011917734,8.908896411864205,58.82352941176471,13,28,10,1.5971513778511248,8.06407891504388,26,12,0.7221551151981753,6.902811409818879,25,13,0.8109144709595562,6.966715228102189,25,13,0.8109144709595562,6.966715228102189,-0.7315599354791757,7.520988105123185,69.23076923076923,3,16.79046591787614,3,16.79046591787614,27,2.3833882847426935,4,6.391059994940829,False,,,25,19
latest|q1_nodark|r500|Z123_master|union_at_node|ovp_pass|cal1,latest,q1_nodark,500.0,Z123_master,union_at_node,ovp_pass,cal1,51,74,243,0.17932236471018825,10.379146569921636,54.90196078431373,13,28,10,1.119873447732811,7.533479856545113,26,12,1.119873447732811,9.671387997372749,25,13,0.1835354489617913,10.385392888633062,25,13,0.1835354489617913,10.385392888633062,3.7393975372588706,12.499550894953742,69.23076923076923,3,14.809690147672327,2,8.08335640354887,27,3.5804945675671718,5,3.5804945675671718,False,,,25,19
latest|q1_nodark|r500|Z123_master|union_at_node|ovp_date|cal1,latest,q1_nodark,500.0,Z123_master,union_at_node,ovp_date,cal1,51,74,243,0.17932236471018825,10.379146569921636,54.90196078431373,13,28,10,1.119873447732811,7.533479856545113,26,12,1.119873447732811,9.671387997372749,25,13,0.1835354489617913,10.385392888633062,25,13,0.1835354489617913,10.385392888633062,3.7393975372588706,12.499550894953742,69.23076923076923,3,14.809690147672327,2,8.08335640354887,27,3.5804945675671718,5,3.5804945675671718,False,,,25,19
latest|q1_nodark|r500|Z123_master|perzone_dedup_ovp_pass|ovp_pass|cal1,latest,q1_nodark,500.0,Z123_master,perzone_dedup_ovp_pass,ovp_pass,cal1,51,74,243,0.17932236471018825,10.379146569921636,54.90196078431373,13,28,10,1.119873447732811,7.533479856545113,26,12,1.119873447732811,9.671387997372749,25,13,0.1835354489617913,10.385392888633062,25,13,0.1835354489617913,10.385392888633062,3.7393975372588706,12.499550894953742,69.23076923076923,3,14.809690147672327,2,8.08335640354887,27,3.5804945675671718,5,3.5804945675671718,False,,,25,19
latest|q1_nodark|r500|Z123_master|perzone_dedup_ovp_pass|ovp_pass_reach|cal1,latest,q1_nodark,500.0,Z123_master,perzone_dedup_ovp_pass,ovp_pass_reach,cal1,51,74,243,0.11611514011917734,8.908896411864205,58.82352941176471,13,28,10,1.5971513778511248,8.06407891504388,26,12,0.7221551151981753,6.902811409818879,25,13,0.8109144709595562,6.966715228102189,25,13,0.8109144709595562,6.966715228102189,-0.7315599354791757,7.520988105123185,69.23076923076923,3,16.79046591787614,3,16.79046591787614,27,2.3833882847426935,4,6.391059994940829,False,,,25,19
all|q2_dark|r500|Z1234|union_at_crossing|ovp_pass|h24,all,q2_dark,500.0,Z1234,union_at_crossing,ovp_pass,h24,35,76,258,0.2979627976816168,8.969732662757227,57.14285714285714,8,20,7,2.906450879792555,11.296341961419666,19,8,3.7160407192933675,11.346868920771385,19,8,3.7160407192933675,11.346868920771385,19,8,3.7160407192933675,11.346868920771385,-0.21679856889877946,7.420321004314771,87.5,3,14.809690147672327,2,8.239860179611558,19,2.096861040291742,2,-1.1407513502478484,False,,,26,3
all|q2_dark|r500|Z1234|union_at_crossing|ovp_date|h24,all,q2_dark,500.0,Z1234,union_at_crossing,ovp_date,h24,35,76,258,0.2979627976816168,8.969732662757227,57.14285714285714,8,20,7,2.906450879792555,11.296341961419666,19,8,3.7160407192933675,11.346868920771385,19,8,3.7160407192933675,11.346868920771385,19,8,3.7160407192933675,11.346868920771385,-0.21679856889877946,7.420321004314771,87.5,3,14.809690147672327,2,8.239860179611558,19,2.096861040291742,2,-1.1407513502478484,False,,,26,3
all|q2_dark|r500|Z1234|union_at_node|ovp_pass|h24,all,q2_dark,500.0,Z1234,union_at_node,ovp_pass,h24,35,76,258,0.2979627976816168,8.969732662757227,57.14285714285714,8,20,7,2.906450879792555,11.296341961419666,19,8,3.7160407192933675,11.346868920771385,19,8,3.7160407192933675,11.346868920771385,19,8,3.7160407192933675,11.346868920771385,-0.21679856889877946,7.420321004314771,87.5,3,14.809690147672327,2,8.239860179611558,19,2.096861040291742,2,-1.1407513502478484,False,,,26,3
all|q2_dark|r500|Z1234|union_at_node|ovp_date|h24,all,q2_dark,500.0,Z1234,union_at_node,ovp_date,h24,35,76,258,0.2979627976816168,8.969732662757227,57.14285714285714,8,20,7,2.906450879792555,11.296341961419666,19,8,3.7160407192933675,11.346868920771385,19,8,3.7160407192933675,11.346868920771385,19,8,3.7160407192933675,11.346868920771385,-0.21679856889877946,7.420321004314771,87.5,3,14.809690147672327,2,8.239860179611558,19,2.096861040291742,2,-1.1407513502478484,False,,,26,3
all|q2_dark|r500|Z1234|perzone_dedup_ovp_pass|ovp_pass|h24,all,q2_dark,500.0,Z1234,perzone_dedup_ovp_pass,ovp_pass,h24,35,76,258,0.2979627976816168,8.969732662757227,57.14285714285714,8,20,7,2.906450879792555,11.296341961419666,19,8,3.7160407192933675,11.346868920771385,19,8,3.7160407192933675,11.346868920771385,19,8,3.7160407192933675,11.346868920771385,-0.21679856889877946,7.420321004314771,87.5,3,14.809690147672327,2,8.239860179611558,19,2.096861040291742,2,-1.1407513502478484,False,,,26,3
all|q2_dark|r500|Z1234|perzone_dedup_ovp_pass|ovp_pass_reach|h24,all,q2_dark,500.0,Z1234,perzone_dedup_ovp_pass,ovp_pass_reach,h24,35,76,258,-0.7315599354791757,11.358879637663701,57.14285714285714,8,20,7,0.7221551151981753,12.358901376395242,19,8,0.6333957594367945,13.382562950946117,19,8,0.6333957594367945,13.382562950946117,19,8,0.6333957594367945,13.382562950946117,-1.6119399218642805,5.351884434408119,87.5,3,16.79046591787614,3,16.79046591787614,19,-0.6122136647643828,3,8.278910262232131,False,,,26,3
all|q2_dark|r500|Z123_master|union_at_node|ovp_pass|h24,all,q2_dark,500.0,Z123_master,union_at_node,ovp_pass,h24,35,76,258,0.2979627976816168,8.969732662757227,57.14285714285714,8,20,7,2.906450879792555,11.296341961419666,19,8,3.7160407192933675,11.346868920771385,19,8,3.7160407192933675,11.346868920771385,19,8,3.7160407192933675,11.346868920771385,-0.21679856889877946,7.420321004314771,87.5,3,14.809690147672327,2,8.239860179611558,19,2.096861040291742,2,-1.1407513502478484,False,,,26,3
all|q2_dark|r500|Z123_master|union_at_node|ovp_date|h24,all,q2_dark,500.0,Z123_master,union_at_node,ovp_date,h24,35,76,258,0.2979627976816168,8.969732662757227,57.14285714285714,8,20,7,2.906450879792555,11.296341961419666,19,8,3.7160407192933675,11.346868920771385,19,8,3.7160407192933675,11.346868920771385,19,8,3.7160407192933675,11.346868920771385,-0.21679856889877946,7.420321004314771,87.5,3,14.809690147672327,2,8.239860179611558,19,2.096861040291742,2,-1.1407513502478484,False,,,26,3
all|q2_dark|r500|Z123_master|perzone_dedup_ovp_pass|ovp_pass|h24,all,q2_dark,500.0,Z123_master,perzone_dedup_ovp_pass,ovp_pass,h24,35,76,258,0.2979627976816168,8.969732662757227,57.14285714285714,8,20,7,2.906450879792555,11.296341961419666,19,8,3.7160407192933675,11.346868920771385,19,8,3.7160407192933675,11.346868920771385,19,8,3.7160407192933675,11.346868920771385,-0.21679856889877946,7.420321004314771,87.5,3,14.809690147672327,2,8.239860179611558,19,2.096861040291742,2,-1.1407513502478484,False,,,26,3
all|q2_dark|r500|Z123_master|perzone_dedup_ovp_pass|ovp_pass_reach|h24,all,q2_dark,500.0,Z123_master,perzone_dedup_ovp_pass,ovp_pass_reach,h24,35,76,258,-0.7315599354791757,11.358879637663701,57.14285714285714,8,20,7,0.7221551151981753,12.358901376395242,19,8,0.6333957594367945,13.382562950946117,19,8,0.6333957594367945,13.382562950946117,19,8,0.6333957594367945,13.382562950946117,-1.6119399218642805,5.351884434408119,87.5,3,16.79046591787614,3,16.79046591787614,19,-0.6122136647643828,3,8.278910262232131,False,,,26,3
latest|q2_dark|r500|Z1234|union_at_crossing|ovp_pass|h24,latest,q2_dark,500.0,Z1234,union_at_crossing,ovp_pass,h24,35,76,258,0.2979627976816168,8.969732662757227,57.14285714285714,8,20,7,2.906450879792555,11.296341961419666,19,8,3.7160407192933675,11.346868920771385,19,8,3.7160407192933675,11.346868920771385,19,8,3.7160407192933675,11.346868920771385,-0.21679856889877946,7.420321004314771,87.5,3,14.809690147672327,2,8.08335640354887,19,2.096861040291742,2,-1.1407513502478484,False,,,26,3
latest|q2_dark|r500|Z1234|union_at_crossing|ovp_date|h24,latest,q2_dark,500.0,Z1234,union_at_crossing,ovp_date,h24,35,76,258,0.2979627976816168,8.969732662757227,57.14285714285714,8,20,7,2.906450879792555,11.296341961419666,19,8,3.7160407192933675,11.346868920771385,19,8,3.7160407192933675,11.346868920771385,19,8,3.7160407192933675,11.346868920771385,-0.21679856889877946,7.420321004314771,87.5,3,14.809690147672327,2,8.08335640354887,19,2.096861040291742,2,-1.1407513502478484,False,,,26,3
latest|q2_dark|r500|Z1234|union_at_node|ovp_pass|h24,latest,q2_dark,500.0,Z1234,union_at_node,ovp_pass,h24,35,76,258,0.2979627976816168,8.969732662757227,57.14285714285714,8,20,7,2.906450879792555,11.296341961419666,19,8,3.7160407192933675,11.346868920771385,19,8,3.7160407192933675,11.346868920771385,19,8,3.7160407192933675,11.346868920771385,-0.21679856889877946,7.420321004314771,87.5,3,14.809690147672327,2,8.08335640354887,19,2.096861040291742,2,-1.1407513502478484,False,,,26,3
latest|q2_dark|r500|Z1234|union_at_node|ovp_date|h24,latest,q2_dark,500.0,Z1234,union_at_node,ovp_date,h24,35,76,258,0.2979627976816168,8.969732662757227,57.14285714285714,8,20,7,2.906450879792555,11.296341961419666,19,8,3.7160407192933675,11.346868920771385,19,8,3.7160407192933675,11.346868920771385,19,8,3.7160407192933675,11.346868920771385,-0.21679856889877946,7.420321004314771,87.5,3,14.809690147672327,2,8.08335640354887,19,2.096861040291742,2,-1.1407513502478484,False,,,26,3
latest|q2_dark|r500|Z1234|perzone_dedup_ovp_pass|ovp_pass|h24,latest,q2_dark,500.0,Z1234,perzone_dedup_ovp_pass,ovp_pass,h24,35,76,258,0.2979627976816168,8.969732662757227,57.14285714285714,8,20,7,2.906450879792555,11.296341961419666,19,8,3.7160407192933675,11.346868920771385,19,8,3.7160407192933675,11.346868920771385,19,8,3.7160407192933675,11.346868920771385,-0.21679856889877946,7.420321004314771,87.5,3,14.809690147672327,2,8.08335640354887,19,2.096861040291742,2,-1.1407513502478484,False,,,26,3
latest|q2_dark|r500|Z1234|perzone_dedup_ovp_pass|ovp_pass_reach|h24,latest,q2_dark,500.0,Z1234,perzone_dedup_ovp_pass,ovp_pass_reach,h24,35,76,258,-0.7315599354791757,11.358879637663701,57.14285714285714,8,20,7,0.7221551151981753,12.358901376395242,19,8,0.6333957594367945,13.382562950946117,19,8,0.6333957594367945,13.382562950946117,19,8,0.6333957594367945,13.382562950946117,-1.6119399218642805,5.351884434408119,87.5,3,16.79046591787614,3,16.79046591787614,19,-0.6122136647643828,3,8.278910262232131,False,,,26,3
latest|q2_dark|r500|Z123_master|union_at_node|ovp_pass|h24,latest,q2_dark,500.0,Z123_master,union_at_node,ovp_pass,h24,35,76,258,0.2979627976816168,8.969732662757227,57.14285714285714,8,20,7,2.906450879792555,11.296341961419666,19,8,3.7160407192933675,11.346868920771385,19,8,3.7160407192933675,11.346868920771385,19,8,3.7160407192933675,11.346868920771385,-0.21679856889877946,7.420321004314771,87.5,3,14.809690147672327,2,8.08335640354887,19,2.096861040291742,2,-1.1407513502478484,False,,,26,3
latest|q2_dark|r500|Z123_master|union_at_node|ovp_date|h24,latest,q2_dark,500.0,Z123_master,union_at_node,ovp_date,h24,35,76,258,0.2979627976816168,8.969732662757227,57.14285714285714,8,20,7,2.906450879792555,11.296341961419666,19,8,3.7160407192933675,11.346868920771385,19,8,3.7160407192933675,11.346868920771385,19,8,3.7160407192933675,11.346868920771385,-0.21679856889877946,7.420321004314771,87.5,3,14.809690147672327,2,8.08335640354887,19,2.096861040291742,2,-1.1407513502478484,False,,,26,3
latest|q2_dark|r500|Z123_master|perzone_dedup_ovp_pass|ovp_pass|h24,latest,q2_dark,500.0,Z123_master,perzone_dedup_ovp_pass,ovp_pass,h24,35,76,258,0.2979627976816168,8.969732662757227,57.14285714285714,8,20,7,2.906450879792555,11.296341961419666,19,8,3.7160407192933675,11.346868920771385,19,8,3.7160407192933675,11.346868920771385,19,8,3.7160407192933675,11.346868920771385,-0.21679856889877946,7.420321004314771,87.5,3,14.809690147672327,2,8.08335640354887,19,2.096861040291742,2,-1.1407513502478484,False,,,26,3
latest|q2_dark|r500|Z123_master|perzone_dedup_ovp_pass|ovp_pass_reach|h24,latest,q2_dark,500.0,Z123_master,perzone_dedup_ovp_pass,ovp_pass_reach,h24,35,76,258,-0.7315599354791757,11.358879637663701,57.14285714285714,8,20,7,0.7221551151981753,12.358901376395242,19,8,0.6333957594367945,13.382562950946117,19,8,0.6333957594367945,13.382562950946117,19,8,0.6333957594367945,13.382562950946117,-1.6119399218642805,5.351884434408119,87.5,3,16.79046591787614,3,16.79046591787614,19,-0.6122136647643828,3,8.278910262232131,False,,,26,3
all|q1_nodark|r200|Z123_master|union_at_crossing|ovp_pass|cal1,all,q1_nodark,200.0,Z123_master,union_at_crossing,ovp_pass,cal1,50,73,234,1.4345722333545474,9.578804189218463,57.99999999999999,12,28,10,1.8391193518298543,7.222456012961784,26,12,1.2369257159730473,7.18453251618402,25,13,0.7732595127698971,7.896242824601028,25,13,0.7732595127698971,7.896242824601028,3.8326100442837685,8.051706711949132,75.0,3,14.88283438533049,1,-8.002566554520385,26,3.2220164018157416,3,-1.3409076711411672,False,,,28,18
all|q1_nodark|r200|Z123_master|union_at_crossing|ovp_date|cal1,all,q1_nodark,200.0,Z123_master,union_at_crossing,ovp_date,cal1,50,73,234,1.4345722333545474,9.578804189218463,57.99999999999999,12,28,10,1.8391193518298543,7.222456012961784,26,12,1.2369257159730473,7.18453251618402,25,13,0.7732595127698971,7.896242824601028,25,13,0.7732595127698971,7.896242824601028,3.8326100442837685,8.051706711949132,75.0,3,14.88283438533049,1,-8.002566554520385,26,3.2220164018157416,3,-1.3409076711411672,False,,,28,18
all|q1_nodark|r500|Z14|perzone_concat|ovp_pass|cal1,all,q1_nodark,500.0,Z14,perzone_concat,ovp_pass,cal1,50,77,244,3.293128088224506,8.51030441077893,60.0,14,30,6,1.119873447732811,4.588113720485246,26,10,1.119873447732811,5.632373169652438,24,12,0.1835354489617913,5.958670686841031,24,12,0.1835354489617913,5.958670686841031,14.568364522266286,19.058111841008575,42.857142857142854,3,14.809690147672327,2,8.239860179611558,50,3.293128088224506,10,4.996058519969537,False,,,28,18
all|q1_nodark|r500|Z14|perzone_concat|ovp_date|cal1,all,q1_nodark,500.0,Z14,perzone_concat,ovp_date,cal1,50,77,244,3.293128088224506,8.51030441077893,60.0,14,30,6,1.119873447732811,4.588113720485246,26,10,1.119873447732811,5.632373169652438,24,12,0.1835354489617913,5.958670686841031,24,12,0.1835354489617913,5.958670686841031,14.568364522266286,19.058111841008575,42.857142857142854,3,14.809690147672327,2,8.239860179611558,50,3.293128088224506,10,4.996058519969537,False,,,28,18
latest|q1_nodark|r200|Z123_master|union_at_crossing|ovp_pass|cal1,latest,q1_nodark,200.0,Z123_master,union_at_crossing,ovp_pass,cal1,50,73,234,1.4345722333545474,9.578804189218463,57.99999999999999,12,28,10,1.8391193518298543,7.770276245870518,26,12,1.2369257159730473,7.8702946804753555,25,13,0.7732595127698971,7.896242824601028,25,13,0.7732595127698971,7.896242824601028,3.8326100442837685,8.051706711949132,75.0,3,14.88283438533049,1,-8.318473462591136,26,3.2220164018157416,3,-1.3409076711411672,False,,,28,18
latest|q1_nodark|r200|Z123_master|union_at_crossing|ovp_date|cal1,latest,q1_nodark,200.0,Z123_master,union_at_crossing,ovp_date,cal1,50,73,234,1.4345722333545474,9.578804189218463,57.99999999999999,12,28,10,1.8391193518298543,7.770276245870518,26,12,1.2369257159730473,7.8702946804753555,25,13,0.7732595127698971,7.896242824601028,25,13,0.7732595127698971,7.896242824601028,3.8326100442837685,8.051706711949132,75.0,3,14.88283438533049,1,-8.318473462591136,26,3.2220164018157416,3,-1.3409076711411672,False,,,28,18
latest|q1_nodark|r500|Z14|perzone_concat|ovp_pass|cal1,latest,q1_nodark,500.0,Z14,perzone_concat,ovp_pass,cal1,50,77,244,3.293128088224506,8.51030441077893,60.0,14,30,6,1.119873447732811,5.101414569757778,26,10,1.119873447732811,5.7556217293412395,24,12,0.1835354489617913,5.958670686841031,24,12,0.1835354489617913,5.958670686841031,14.568364522266286,19.058111841008575,42.857142857142854,3,14.809690147672327,2,8.08335640354887,50,3.293128088224506,10,4.996058519969537,False,,,28,18
latest|q1_nodark|r500|Z14|perzone_concat|ovp_date|cal1,latest,q1_nodark,500.0,Z14,perzone_concat,ovp_date,cal1,50,77,244,3.293128088224506,8.51030441077893,60.0,14,30,6,1.119873447732811,5.101414569757778,26,10,1.119873447732811,5.7556217293412395,24,12,0.1835354489617913,5.958670686841031,24,12,0.1835354489617913,5.958670686841031,14.568364522266286,19.058111841008575,42.857142857142854,3,14.809690147672327,2,8.08335640354887,50,3.293128088224506,10,4.996058519969537,False,,,28,18
all|q1_nodark|r200|Z123_master|perzone_concat|ovp_pass|h24,all,q1_nodark,200.0,Z123_master,perzone_concat,ovp_pass,h24,36,73,263,1.4345722333545474,8.476732936873553,66.66666666666666,8,20,8,2.426104589935507,8.526232174211007,19,9,1.7005919191761976,8.471161595806453,19,9,1.7005919191761976,8.471161595806453,19,9,1.7005919191761976,8.471161595806453,3.8326100442837685,5.048362516324993,87.5,3,14.88283438533049,1,-8.002566554520385,18,2.160084904113857,2,-7.405522751737026,False,,,29,4
all|q1_nodark|r200|Z123_master|perzone_concat|ovp_date|h24,all,q1_nodark,200.0,Z123_master,perzone_concat,ovp_date,h24,36,73,263,1.4345722333545474,8.476732936873553,66.66666666666666,8,20,8,2.426104589935507,8.526232174211007,19,9,1.7005919191761976,8.471161595806453,19,9,1.7005919191761976,8.471161595806453,19,9,1.7005919191761976,8.471161595806453,3.8326100442837685,5.048362516324993,87.5,3,14.88283438533049,1,-8.002566554520385,18,2.160084904113857,2,-7.405522751737026,False,,,29,4
latest|q1_nodark|r200|Z123_master|perzone_concat|ovp_pass|h24,latest,q1_nodark,200.0,Z123_master,perzone_concat,ovp_pass,h24,36,73,263,1.4345722333545474,8.869640467761734,66.66666666666666,8,20,8,2.426104589935507,8.526232174211007,19,9,1.7005919191761976,8.471161595806453,19,9,1.7005919191761976,8.471161595806453,19,9,1.7005919191761976,8.471161595806453,3.8326100442837685,5.048362516324993,87.5,3,14.88283438533049,1,-8.318473462591136,18,2.160084904113857,2,-7.405522751737026,False,,,29,4
latest|q1_nodark|r200|Z123_master|perzone_concat|ovp_date|h24,latest,q1_nodark,200.0,Z123_master,perzone_concat,ovp_date,h24,36,73,263,1.4345722333545474,8.869640467761734,66.66666666666666,8,20,8,2.426104589935507,8.526232174211007,19,9,1.7005919191761976,8.471161595806453,19,9,1.7005919191761976,8.471161595806453,19,9,1.7005919191761976,8.471161595806453,3.8326100442837685,5.048362516324993,87.5,3,14.88283438533049,1,-8.318473462591136,18,2.160084904113857,2,-7.405522751737026,False,,,29,4
all|q1_dark|r500|Z123_master|perzone_dedup_exact|ovp_pass|cal1,all,q1_dark,500.0,Z123_master,perzone_dedup_exact,ovp_pass,cal1,48,75,249,0.15842163460995096,8.80166185766225,60.416666666666664,10,28,10,2.219799865623262,8.858657211930982,26,12,2.818353007035501,10.661439613355576,25,13,3.5804945675671718,12.436873185777532,25,13,3.5804945675671718,12.436873185777532,-0.29912605761053257,7.298262269550726,90.0,3,14.809690147672327,2,8.239860179611558,24,2.219799865623262,4,8.436070131880058,False,,,29,16
all|q1_dark|r500|Z123_master|perzone_dedup_exact|ovp_date|cal1,all,q1_dark,500.0,Z123_master,perzone_dedup_exact,ovp_date,cal1,48,75,249,0.15842163460995096,8.80166185766225,60.416666666666664,10,28,10,2.219799865623262,8.858657211930982,26,12,2.818353007035501,10.661439613355576,25,13,3.5804945675671718,12.436873185777532,25,13,3.5804945675671718,12.436873185777532,-0.29912605761053257,7.298262269550726,90.0,3,14.809690147672327,2,8.239860179611558,24,2.219799865623262,4,8.436070131880058,False,,,29,16
latest|q1_dark|r500|Z123_master|perzone_dedup_exact|ovp_pass|cal1,latest,q1_dark,500.0,Z123_master,perzone_dedup_exact,ovp_pass,cal1,48,75,249,0.15842163460995096,8.843323792034754,60.416666666666664,10,28,10,2.219799865623262,8.858657211930982,26,12,2.818353007035501,10.661439613355576,25,13,3.5804945675671718,12.436873185777532,25,13,3.5804945675671718,12.436873185777532,-0.29912605761053257,7.298262269550726,90.0,3,14.809690147672327,2,8.08335640354887,24,2.219799865623262,4,8.436070131880058,False,,,29,16
latest|q1_dark|r500|Z123_master|perzone_dedup_exact|ovp_date|cal1,latest,q1_dark,500.0,Z123_master,perzone_dedup_exact,ovp_date,cal1,48,75,249,0.15842163460995096,8.843323792034754,60.416666666666664,10,28,10,2.219799865623262,8.858657211930982,26,12,2.818353007035501,10.661439613355576,25,13,3.5804945675671718,12.436873185777532,25,13,3.5804945675671718,12.436873185777532,-0.29912605761053257,7.298262269550726,90.0,3,14.809690147672327,2,8.08335640354887,24,2.219799865623262,4,8.436070131880058,False,,,29,16
all|q2_dark|r200|Z123_master|union_at_crossing|ovp_pass|cal1,all,q2_dark,200.0,Z123_master,union_at_crossing,ovp_pass,cal1,49,79,244,1.977646784483511,10.501718980680277,57.14285714285714,10,30,9,2.6975110043096606,9.042927709837079,28,11,2.417136275016496,10.143668133620444,27,12,1.977646784483511,10.729053950258178,27,12,1.977646784483511,10.729053950258178,2.0753714839781168,7.256395757360383,80.0,3,14.88283438533049,1,-8.002566554520385,27,3.2924155429366664,3,-0.049661549814494776,False,,,29,17
all|q2_dark|r200|Z123_master|union_at_crossing|ovp_date|cal1,all,q2_dark,200.0,Z123_master,union_at_crossing,ovp_date,cal1,49,79,244,1.977646784483511,10.501718980680277,57.14285714285714,10,30,9,2.6975110043096606,9.042927709837079,28,11,2.417136275016496,10.143668133620444,27,12,1.977646784483511,10.729053950258178,27,12,1.977646784483511,10.729053950258178,2.0753714839781168,7.256395757360383,80.0,3,14.88283438533049,1,-8.002566554520385,27,3.2924155429366664,3,-0.049661549814494776,False,,,29,17
latest|q2_dark|r200|Z123_master|union_at_crossing|ovp_pass|cal1,latest,q2_dark,200.0,Z123_master,union_at_crossing,ovp_pass,cal1,49,79,244,1.977646784483511,10.501718980680277,57.14285714285714,10,30,9,2.6975110043096606,9.042927709837079,28,11,2.417136275016496,10.143668133620444,27,12,1.977646784483511,10.729053950258178,27,12,1.977646784483511,10.729053950258178,2.0753714839781168,7.256395757360383,80.0,3,14.88283438533049,1,-8.318473462591136,27,3.2924155429366664,3,-0.049661549814494776,False,,,29,17
latest|q2_dark|r200|Z123_master|union_at_crossing|ovp_date|cal1,latest,q2_dark,200.0,Z123_master,union_at_crossing,ovp_date,cal1,49,79,244,1.977646784483511,10.501718980680277,57.14285714285714,10,30,9,2.6975110043096606,9.042927709837079,28,11,2.417136275016496,10.143668133620444,27,12,1.977646784483511,10.729053950258178,27,12,1.977646784483511,10.729053950258178,2.0753714839781168,7.256395757360383,80.0,3,14.88283438533049,1,-8.318473462591136,27,3.2924155429366664,3,-0.049661549814494776,False,,,29,17
all|q1_dark|r200|Z123_master|union_at_crossing|ovp_pass|cal1,all,q1_dark,200.0,Z123_master,union_at_crossing,ovp_pass,cal1,45,70,224,1.7005919191761976,9.30792346025163,60.0,10,26,9,2.2580215137766757,7.843520358264142,24,11,1.8391193518298543,7.770276245870518,23,12,1.7005919191761976,7.844346536349681,23,12,1.7005919191761976,7.844346536349681,2.0700376970228085,7.256395757360383,80.0,3,14.88283438533049,1,-8.002566554520385,23,3.1516172606948167,3,-0.049661549814494776,False,,,30,13
all|q1_dark|r200|Z123_master|union_at_crossing|ovp_date|cal1,all,q1_dark,200.0,Z123_master,union_at_crossing,ovp_date,cal1,45,70,224,1.7005919191761976,9.30792346025163,60.0,10,26,9,2.2580215137766757,7.843520358264142,24,11,1.8391193518298543,7.770276245870518,23,12,1.7005919191761976,7.844346536349681,23,12,1.7005919191761976,7.844346536349681,2.0700376970228085,7.256395757360383,80.0,3,14.88283438533049,1,-8.002566554520385,23,3.1516172606948167,3,-0.049661549814494776,False,,,30,13
latest|q1_dark|r200|Z123_master|union_at_crossing|ovp_pass|cal1,latest,q1_dark,200.0,Z123_master,union_at_crossing,ovp_pass,cal1,45,70,224,1.7005919191761976,9.30792346025163,60.0,10,26,9,2.2580215137766757,7.876809748635595,24,11,1.8391193518298543,8.156260810767069,23,12,1.7005919191761976,8.468175085184457,23,12,1.7005919191761976,8.468175085184457,2.0700376970228085,7.256395757360383,80.0,3,14.88283438533049,1,-8.318473462591136,23,3.1516172606948167,3,-0.049661549814494776,False,,,30,13
latest|q1_dark|r200|Z123_master|union_at_crossing|ovp_date|cal1,latest,q1_dark,200.0,Z123_master,union_at_crossing,ovp_date,cal1,45,70,224,1.7005919191761976,9.30792346025163,60.0,10,26,9,2.2580215137766757,7.876809748635595,24,11,1.8391193518298543,8.156260810767069,23,12,1.7005919191761976,8.468175085184457,23,12,1.7005919191761976,8.468175085184457,2.0700376970228085,7.256395757360383,80.0,3,14.88283438533049,1,-8.318473462591136,23,3.1516172606948167,3,-0.049661549814494776,False,,,30,13
all|q1_dark|r200|Z123_master|perzone_concat|ovp_pass|cal1,all,q1_dark,200.0,Z123_master,perzone_concat,ovp_pass,cal1,49,76,248,1.1578849736222807,8.466488532860774,63.26530612244898,10,29,10,1.977646784483511,8.255108079654304,27,12,1.7005919191761976,7.844346536349681,26,13,1.2369257159730473,7.497940045912406,26,13,1.2369257159730473,7.497940045912406,2.0700376970228085,7.256395757360383,80.0,3,14.88283438533049,1,-8.002566554520385,25,2.5383962430698404,3,-0.049661549814494776,False,,,30,17
all|q1_dark|r200|Z123_master|perzone_concat|ovp_date|cal1,all,q1_dark,200.0,Z123_master,perzone_concat,ovp_date,cal1,49,76,248,1.1578849736222807,8.466488532860774,63.26530612244898,10,29,10,1.977646784483511,8.255108079654304,27,12,1.7005919191761976,7.844346536349681,26,13,1.2369257159730473,7.497940045912406,26,13,1.2369257159730473,7.497940045912406,2.0700376970228085,7.256395757360383,80.0,3,14.88283438533049,1,-8.002566554520385,25,2.5383962430698404,3,-0.049661549814494776,False,,,30,17
latest|q1_dark|r200|Z123_master|perzone_concat|ovp_pass|cal1,latest,q1_dark,200.0,Z123_master,perzone_concat,ovp_pass,cal1,49,76,248,1.1578849736222807,9.05083519598139,63.26530612244898,10,29,10,1.977646784483511,8.255108079654304,27,12,1.7005919191761976,8.468175085184457,26,13,1.2369257159730473,8.183702210203741,26,13,1.2369257159730473,8.183702210203741,2.0700376970228085,7.256395757360383,80.0,3,14.88283438533049,1,-8.318473462591136,25,2.5383962430698404,3,-0.049661549814494776,False,,,30,17
latest|q1_dark|r200|Z123_master|perzone_concat|ovp_date|cal1,latest,q1_dark,200.0,Z123_master,perzone_concat,ovp_date,cal1,49,76,248,1.1578849736222807,9.05083519598139,63.26530612244898,10,29,10,1.977646784483511,8.255108079654304,27,12,1.7005919191761976,8.468175085184457,26,13,1.2369257159730473,8.183702210203741,26,13,1.2369257159730473,8.183702210203741,2.0700376970228085,7.256395757360383,80.0,3,14.88283438533049,1,-8.318473462591136,25,2.5383962430698404,3,-0.049661549814494776,False,,,30,17
all|q2_dark|r200|Z14|perzone_concat|ovp_pass|cal1,all,q2_dark,200.0,Z14,perzone_concat,ovp_pass,cal1,51,78,238,3.2924155429366664,9.645482116674003,58.82352941176471,10,35,6,3.2924155429366664,9.108743775119482,31,10,3.2924155429366664,9.645482116674003,29,12,2.856625765549481,8.999380192719762,29,12,2.856625765549481,8.999380192719762,1.1685525475328973,5.210563779018318,60.0,3,14.88283438533049,1,-8.002566554520385,50,3.2924155429366664,5,-0.049661549814494776,False,,,30,19
all|q2_dark|r200|Z14|perzone_concat|ovp_date|cal1,all,q2_dark,200.0,Z14,perzone_concat,ovp_date,cal1,51,78,238,3.2924155429366664,9.645482116674003,58.82352941176471,10,35,6,3.2924155429366664,9.108743775119482,31,10,3.2924155429366664,9.645482116674003,29,12,2.856625765549481,8.999380192719762,29,12,2.856625765549481,8.999380192719762,1.1685525475328973,5.210563779018318,60.0,3,14.88283438533049,1,-8.002566554520385,50,3.2924155429366664,5,-0.049661549814494776,False,,,30,19
latest|q2_dark|r200|Z14|perzone_concat|ovp_pass|cal1,latest,q2_dark,200.0,Z14,perzone_concat,ovp_pass,cal1,51,78,238,3.2924155429366664,9.645482116674003,58.82352941176471,10,35,6,3.2924155429366664,9.108743775119482,31,10,3.2924155429366664,9.645482116674003,29,12,2.856625765549481,8.999380192719762,29,12,2.856625765549481,8.999380192719762,1.1685525475328973,5.210563779018318,60.0,3,14.88283438533049,1,-8.318473462591136,50,3.2924155429366664,5,-0.049661549814494776,False,,,30,19
latest|q2_dark|r200|Z14|perzone_concat|ovp_date|cal1,latest,q2_dark,200.0,Z14,perzone_concat,ovp_date,cal1,51,78,238,3.2924155429366664,9.645482116674003,58.82352941176471,10,35,6,3.2924155429366664,9.108743775119482,31,10,3.2924155429366664,9.645482116674003,29,12,2.856625765549481,8.999380192719762,29,12,2.856625765549481,8.999380192719762,1.1685525475328973,5.210563779018318,60.0,3,14.88283438533049,1,-8.318473462591136,50,3.2924155429366664,5,-0.049661549814494776,False,,,30,19
all|q1_dark|r200|Z14|perzone_concat|ovp_pass|cal1,all,q1_dark,200.0,Z14,perzone_concat,ovp_pass,cal1,42,71,220,3.2220164018157416,8.232451000462063,66.66666666666666,8,28,6,3.139863782245156,5.586893596582355,24,10,1.6213769965610858,6.794955048666548,22,12,-0.33905293632154887,6.22605989743905,22,12,-0.33905293632154887,6.22605989743905,2.9204573208832407,4.81331513054455,75.0,3,14.88283438533049,1,-8.002566554520385,42,3.2220164018157416,5,-0.049661549814494776,False,,,32,10
all|q1_dark|r200|Z14|perzone_concat|ovp_date|cal1,all,q1_dark,200.0,Z14,perzone_concat,ovp_date,cal1,42,71,220,3.2220164018157416,8.232451000462063,66.66666666666666,8,28,6,3.139863782245156,5.586893596582355,24,10,1.6213769965610858,6.794955048666548,22,12,-0.33905293632154887,6.22605989743905,22,12,-0.33905293632154887,6.22605989743905,2.9204573208832407,4.81331513054455,75.0,3,14.88283438533049,1,-8.002566554520385,42,3.2220164018157416,5,-0.049661549814494776,False,,,32,10
latest|q1_dark|r200|Z14|perzone_concat|ovp_pass|cal1,latest,q1_dark,200.0,Z14,perzone_concat,ovp_pass,cal1,42,71,220,3.2220164018157416,8.232451000462063,66.66666666666666,8,28,6,3.139863782245156,5.960602108790387,24,10,1.6213769965610858,7.05787396243157,22,12,-0.33905293632154887,6.22605989743905,22,12,-0.33905293632154887,6.22605989743905,2.9204573208832407,4.81331513054455,75.0,3,14.88283438533049,1,-8.318473462591136,42,3.2220164018157416,5,-0.049661549814494776,False,,,32,10
latest|q1_dark|r200|Z14|perzone_concat|ovp_date|cal1,latest,q1_dark,200.0,Z14,perzone_concat,ovp_date,cal1,42,71,220,3.2220164018157416,8.232451000462063,66.66666666666666,8,28,6,3.139863782245156,5.960602108790387,24,10,1.6213769965610858,7.05787396243157,22,12,-0.33905293632154887,6.22605989743905,22,12,-0.33905293632154887,6.22605989743905,2.9204573208832407,4.81331513054455,75.0,3,14.88283438533049,1,-8.318473462591136,42,3.2220164018157416,5,-0.049661549814494776,False,,,32,10
all|q2_dark|r200|Z123_master|perzone_dedup_exact|ovp_pass|h24,all,q2_dark,200.0,Z123_master,perzone_dedup_exact,ovp_pass,h24,36,77,264,2.2786088423628392,10.020274944949556,61.111111111111114,8,22,6,3.243275238561294,10.165485293266938,21,7,2.856625765549481,10.185097376439483,21,7,2.856625765549481,10.185097376439483,21,7,2.856625765549481,10.185097376439483,2.0753714839781168,7.0539907355111895,75.0,3,14.88283438533049,1,-8.002566554520385,19,2.856625765549481,1,-13.470137832332885,False,,,34,4
all|q2_dark|r200|Z123_master|perzone_dedup_exact|ovp_date|h24,all,q2_dark,200.0,Z123_master,perzone_dedup_exact,ovp_date,h24,36,77,264,2.2786088423628392,10.020274944949556,61.111111111111114,8,22,6,3.243275238561294,10.165485293266938,21,7,2.856625765549481,10.185097376439483,21,7,2.856625765549481,10.185097376439483,21,7,2.856625765549481,10.185097376439483,2.0753714839781168,7.0539907355111895,75.0,3,14.88283438533049,1,-8.002566554520385,19,2.856625765549481,1,-13.470137832332885,False,,,34,4
latest|q2_dark|r200|Z123_master|perzone_dedup_exact|ovp_pass|h24,latest,q2_dark,200.0,Z123_master,perzone_dedup_exact,ovp_pass,h24,36,77,264,2.2786088423628392,10.020274944949556,61.111111111111114,8,22,6,3.243275238561294,10.165485293266938,21,7,2.856625765549481,10.185097376439483,21,7,2.856625765549481,10.185097376439483,21,7,2.856625765549481,10.185097376439483,2.0753714839781168,7.0539907355111895,75.0,3,14.88283438533049,1,-8.318473462591136,19,2.856625765549481,1,-13.470137832332885,False,,,34,4
latest|q2_dark|r200|Z123_master|perzone_dedup_exact|ovp_date|h24,latest,q2_dark,200.0,Z123_master,perzone_dedup_exact,ovp_date,h24,36,77,264,2.2786088423628392,10.020274944949556,61.111111111111114,8,22,6,3.243275238561294,10.165485293266938,21,7,2.856625765549481,10.185097376439483,21,7,2.856625765549481,10.185097376439483,21,7,2.856625765549481,10.185097376439483,2.0753714839781168,7.0539907355111895,75.0,3,14.88283438533049,1,-8.318473462591136,19,2.856625765549481,1,-13.470137832332885,False,,,34,4
all|q1_dark|r200|Z1234|perzone_dedup_exact|ovp_pass|h24,all,q1_dark,200.0,Z1234,perzone_dedup_exact,ovp_pass,h24,33,75,270,2.9821904204233363,9.18554235003574,66.66666666666666,7,20,6,3.4483128218820713,9.608246251661201,18,8,2.74390717230224,9.425122198231264,18,8,2.74390717230224,9.425122198231264,18,8,2.74390717230224,9.425122198231264,2.9821904204233363,6.700155948719759,85.71428571428571,3,14.88283438533049,1,-8.002566554520385,17,3.1516172606948167,1,-13.470137832332885,False,,,35,1
all|q1_dark|r200|Z1234|perzone_dedup_exact|ovp_date|h24,all,q1_dark,200.0,Z1234,perzone_dedup_exact,ovp_date,h24,33,75,270,2.9821904204233363,9.18554235003574,66.66666666666666,7,20,6,3.4483128218820713,9.608246251661201,18,8,2.74390717230224,9.425122198231264,18,8,2.74390717230224,9.425122198231264,18,8,2.74390717230224,9.425122198231264,2.9821904204233363,6.700155948719759,85.71428571428571,3,14.88283438533049,1,-8.002566554520385,17,3.1516172606948167,1,-13.470137832332885,False,,,35,1
latest|q1_dark|r200|Z1234|perzone_dedup_exact|ovp_pass|h24,latest,q1_dark,200.0,Z1234,perzone_dedup_exact,ovp_pass,h24,33,75,270,2.9821904204233363,9.18554235003574,66.66666666666666,7,20,6,3.4483128218820713,9.608246251661201,18,8,2.74390717230224,9.425122198231264,18,8,2.74390717230224,9.425122198231264,18,8,2.74390717230224,9.425122198231264,2.9821904204233363,6.700155948719759,85.71428571428571,3,14.88283438533049,1,-8.318473462591136,17,3.1516172606948167,1,-13.470137832332885,False,,,35,1
latest|q1_dark|r200|Z1234|perzone_dedup_exact|ovp_date|h24,latest,q1_dark,200.0,Z1234,perzone_dedup_exact,ovp_date,h24,33,75,270,2.9821904204233363,9.18554235003574,66.66666666666666,7,20,6,3.4483128218820713,9.608246251661201,18,8,2.74390717230224,9.425122198231264,18,8,2.74390717230224,9.425122198231264,18,8,2.74390717230224,9.425122198231264,2.9821904204233363,6.700155948719759,85.71428571428571,3,14.88283438533049,1,-8.318473462591136,17,3.1516172606948167,1,-13.470137832332885,False,,,35,1
all|q2_dark|r200|Z1234|union_at_crossing|ovp_pass|cal1,all,q2_dark,200.0,Z1234,union_at_crossing,ovp_pass,cal1,50,80,248,1.8391193518298543,10.410005693816917,56.00000000000001,11,30,9,2.6975110043096606,9.042927709837079,28,11,2.417136275016496,10.143668133620444,27,12,1.977646784483511,10.729053950258178,27,12,1.977646784483511,10.729053950258178,1.1685525475328973,9.066650941061273,72.72727272727273,3,14.88283438533049,1,-8.002566554520385,27,3.2924155429366664,3,-0.049661549814494776,False,,,35,18
all|q2_dark|r200|Z1234|union_at_crossing|ovp_date|cal1,all,q2_dark,200.0,Z1234,union_at_crossing,ovp_date,cal1,50,80,248,1.8391193518298543,10.410005693816917,56.00000000000001,11,30,9,2.6975110043096606,9.042927709837079,28,11,2.417136275016496,10.143668133620444,27,12,1.977646784483511,10.729053950258178,27,12,1.977646784483511,10.729053950258178,1.1685525475328973,9.066650941061273,72.72727272727273,3,14.88283438533049,1,-8.002566554520385,27,3.2924155429366664,3,-0.049661549814494776,False,,,35,18
all|q2_dark|r200|Z1234|union_at_node|ovp_pass|cal1,all,q2_dark,200.0,Z1234,union_at_node,ovp_pass,cal1,50,80,248,1.8391193518298543,10.410005693816917,56.00000000000001,11,30,9,2.6975110043096606,9.042927709837079,28,11,2.417136275016496,10.143668133620444,27,12,1.977646784483511,10.729053950258178,27,12,1.977646784483511,10.729053950258178,1.1685525475328973,9.066650941061273,72.72727272727273,3,14.88283438533049,1,-8.002566554520385,27,3.2924155429366664,3,-0.049661549814494776,False,,,35,18
all|q2_dark|r200|Z1234|union_at_node|ovp_date|cal1,all,q2_dark,200.0,Z1234,union_at_node,ovp_date,cal1,50,80,248,1.8391193518298543,10.410005693816917,56.00000000000001,11,30,9,2.6975110043096606,9.042927709837079,28,11,2.417136275016496,10.143668133620444,27,12,1.977646784483511,10.729053950258178,27,12,1.977646784483511,10.729053950258178,1.1685525475328973,9.066650941061273,72.72727272727273,3,14.88283438533049,1,-8.002566554520385,27,3.2924155429366664,3,-0.049661549814494776,False,,,35,18
all|q2_dark|r200|Z1234|perzone_dedup_ovp_pass|ovp_pass|cal1,all,q2_dark,200.0,Z1234,perzone_dedup_ovp_pass,ovp_pass,cal1,50,80,248,1.8391193518298543,10.410005693816917,56.00000000000001,11,30,9,2.6975110043096606,9.042927709837079,28,11,2.417136275016496,10.143668133620444,27,12,1.977646784483511,10.729053950258178,27,12,1.977646784483511,10.729053950258178,1.1685525475328973,9.066650941061273,72.72727272727273,3,14.88283438533049,1,-8.002566554520385,27,3.2924155429366664,3,-0.049661549814494776,False,,,35,18
all|q2_dark|r200|Z1234|perzone_dedup_ovp_pass|ovp_pass_reach|cal1,all,q2_dark,200.0,Z1234,perzone_dedup_ovp_pass,ovp_pass_reach,cal1,50,80,248,-0.3380068247389012,13.992401635959958,52.0,11,30,9,1.7170754824926249,10.9455366072585,28,11,1.089482610241621,12.80200415535962,27,12,1.7005919191761976,14.385902753102553,27,12,1.7005919191761976,14.385902753102553,-1.1885248831708495,6.18350250910874,63.63636363636363,3,20.986902552955655,2,6.492167999217635,28,0.24817722631853556,2,3.7583823603113853,False,,,35,18
all|q2_dark|r200|Z123_master|union_at_node|ovp_pass|cal1,all,q2_dark,200.0,Z123_master,union_at_node,ovp_pass,cal1,50,80,248,1.8391193518298543,10.410005693816917,56.00000000000001,11,30,9,2.6975110043096606,9.042927709837079,28,11,2.417136275016496,10.143668133620444,27,12,1.977646784483511,10.729053950258178,27,12,1.977646784483511,10.729053950258178,1.1685525475328973,9.066650941061273,72.72727272727273,3,14.88283438533049,1,-8.002566554520385,27,3.2924155429366664,3,-0.049661549814494776,False,,,35,18
all|q2_dark|r200|Z123_master|union_at_node|ovp_date|cal1,all,q2_dark,200.0,Z123_master,union_at_node,ovp_date,cal1,50,80,248,1.8391193518298543,10.410005693816917,56.00000000000001,11,30,9,2.6975110043096606,9.042927709837079,28,11,2.417136275016496,10.143668133620444,27,12,1.977646784483511,10.729053950258178,27,12,1.977646784483511,10.729053950258178,1.1685525475328973,9.066650941061273,72.72727272727273,3,14.88283438533049,1,-8.002566554520385,27,3.2924155429366664,3,-0.049661549814494776,False,,,35,18
all|q2_dark|r200|Z123_master|perzone_dedup_ovp_pass|ovp_pass|cal1,all,q2_dark,200.0,Z123_master,perzone_dedup_ovp_pass,ovp_pass,cal1,50,80,248,1.8391193518298543,10.410005693816917,56.00000000000001,11,30,9,2.6975110043096606,9.042927709837079,28,11,2.417136275016496,10.143668133620444,27,12,1.977646784483511,10.729053950258178,27,12,1.977646784483511,10.729053950258178,1.1685525475328973,9.066650941061273,72.72727272727273,3,14.88283438533049,1,-8.002566554520385,27,3.2924155429366664,3,-0.049661549814494776,False,,,35,18
all|q2_dark|r200|Z123_master|perzone_dedup_ovp_pass|ovp_pass_reach|cal1,all,q2_dark,200.0,Z123_master,perzone_dedup_ovp_pass,ovp_pass_reach,cal1,50,80,248,-0.3380068247389012,13.992401635959958,52.0,11,30,9,1.7170754824926249,10.9455366072585,28,11,1.089482610241621,12.80200415535962,27,12,1.7005919191761976,14.385902753102553,27,12,1.7005919191761976,14.385902753102553,-1.1885248831708495,6.18350250910874,63.63636363636363,3,20.986902552955655,2,6.492167999217635,28,0.24817722631853556,2,3.7583823603113853,False,,,35,18
latest|q2_dark|r200|Z1234|union_at_crossing|ovp_pass|cal1,latest,q2_dark,200.0,Z1234,union_at_crossing,ovp_pass,cal1,50,80,248,1.8391193518298543,10.410005693816917,56.00000000000001,11,30,9,2.6975110043096606,9.042927709837079,28,11,2.417136275016496,10.143668133620444,27,12,1.977646784483511,10.729053950258178,27,12,1.977646784483511,10.729053950258178,1.1685525475328973,9.066650941061273,72.72727272727273,3,14.88283438533049,1,-8.318473462591136,27,3.2924155429366664,3,-0.049661549814494776,False,,,35,18
latest|q2_dark|r200|Z1234|union_at_crossing|ovp_date|cal1,latest,q2_dark,200.0,Z1234,union_at_crossing,ovp_date,cal1,50,80,248,1.8391193518298543,10.410005693816917,56.00000000000001,11,30,9,2.6975110043096606,9.042927709837079,28,11,2.417136275016496,10.143668133620444,27,12,1.977646784483511,10.729053950258178,27,12,1.977646784483511,10.729053950258178,1.1685525475328973,9.066650941061273,72.72727272727273,3,14.88283438533049,1,-8.318473462591136,27,3.2924155429366664,3,-0.049661549814494776,False,,,35,18
latest|q2_dark|r200|Z1234|union_at_node|ovp_pass|cal1,latest,q2_dark,200.0,Z1234,union_at_node,ovp_pass,cal1,50,80,248,1.8391193518298543,10.410005693816917,56.00000000000001,11,30,9,2.6975110043096606,9.042927709837079,28,11,2.417136275016496,10.143668133620444,27,12,1.977646784483511,10.729053950258178,27,12,1.977646784483511,10.729053950258178,1.1685525475328973,9.066650941061273,72.72727272727273,3,14.88283438533049,1,-8.318473462591136,27,3.2924155429366664,3,-0.049661549814494776,False,,,35,18
latest|q2_dark|r200|Z1234|union_at_node|ovp_date|cal1,latest,q2_dark,200.0,Z1234,union_at_node,ovp_date,cal1,50,80,248,1.8391193518298543,10.410005693816917,56.00000000000001,11,30,9,2.6975110043096606,9.042927709837079,28,11,2.417136275016496,10.143668133620444,27,12,1.977646784483511,10.729053950258178,27,12,1.977646784483511,10.729053950258178,1.1685525475328973,9.066650941061273,72.72727272727273,3,14.88283438533049,1,-8.318473462591136,27,3.2924155429366664,3,-0.049661549814494776,False,,,35,18
latest|q2_dark|r200|Z1234|perzone_dedup_ovp_pass|ovp_pass|cal1,latest,q2_dark,200.0,Z1234,perzone_dedup_ovp_pass,ovp_pass,cal1,50,80,248,1.8391193518298543,10.410005693816917,56.00000000000001,11,30,9,2.6975110043096606,9.042927709837079,28,11,2.417136275016496,10.143668133620444,27,12,1.977646784483511,10.729053950258178,27,12,1.977646784483511,10.729053950258178,1.1685525475328973,9.066650941061273,72.72727272727273,3,14.88283438533049,1,-8.318473462591136,27,3.2924155429366664,3,-0.049661549814494776,False,,,35,18
latest|q2_dark|r200|Z1234|perzone_dedup_ovp_pass|ovp_pass_reach|cal1,latest,q2_dark,200.0,Z1234,perzone_dedup_ovp_pass,ovp_pass_reach,cal1,50,80,248,-0.3380068247389012,13.992401635959958,52.0,11,30,9,1.7170754824926249,10.9455366072585,28,11,1.089482610241621,13.036185946312468,27,12,1.7005919191761976,14.854266335008248,27,12,1.7005919191761976,14.854266335008248,-1.1885248831708495,6.18350250910874,63.63636363636363,3,20.986902552955655,2,6.33421454518226,28,0.24817722631853556,2,3.7583823603113853,False,,,35,18
latest|q2_dark|r200|Z123_master|union_at_node|ovp_pass|cal1,latest,q2_dark,200.0,Z123_master,union_at_node,ovp_pass,cal1,50,80,248,1.8391193518298543,10.410005693816917,56.00000000000001,11,30,9,2.6975110043096606,9.042927709837079,28,11,2.417136275016496,10.143668133620444,27,12,1.977646784483511,10.729053950258178,27,12,1.977646784483511,10.729053950258178,1.1685525475328973,9.066650941061273,72.72727272727273,3,14.88283438533049,1,-8.318473462591136,27,3.2924155429366664,3,-0.049661549814494776,False,,,35,18
latest|q2_dark|r200|Z123_master|union_at_node|ovp_date|cal1,latest,q2_dark,200.0,Z123_master,union_at_node,ovp_date,cal1,50,80,248,1.8391193518298543,10.410005693816917,56.00000000000001,11,30,9,2.6975110043096606,9.042927709837079,28,11,2.417136275016496,10.143668133620444,27,12,1.977646784483511,10.729053950258178,27,12,1.977646784483511,10.729053950258178,1.1685525475328973,9.066650941061273,72.72727272727273,3,14.88283438533049,1,-8.318473462591136,27,3.2924155429366664,3,-0.049661549814494776,False,,,35,18
latest|q2_dark|r200|Z123_master|perzone_dedup_ovp_pass|ovp_pass|cal1,latest,q2_dark,200.0,Z123_master,perzone_dedup_ovp_pass,ovp_pass,cal1,50,80,248,1.8391193518298543,10.410005693816917,56.00000000000001,11,30,9,2.6975110043096606,9.042927709837079,28,11,2.417136275016496,10.143668133620444,27,12,1.977646784483511,10.729053950258178,27,12,1.977646784483511,10.729053950258178,1.1685525475328973,9.066650941061273,72.72727272727273,3,14.88283438533049,1,-8.318473462591136,27,3.2924155429366664,3,-0.049661549814494776,False,,,35,18
latest|q2_dark|r200|Z123_master|perzone_dedup_ovp_pass|ovp_pass_reach|cal1,latest,q2_dark,200.0,Z123_master,perzone_dedup_ovp_pass,ovp_pass_reach,cal1,50,80,248,-0.3380068247389012,13.992401635959958,52.0,11,30,9,1.7170754824926249,10.9455366072585,28,11,1.089482610241621,13.036185946312468,27,12,1.7005919191761976,14.854266335008248,27,12,1.7005919191761976,14.854266335008248,-1.1885248831708495,6.18350250910874,63.63636363636363,3,20.986902552955655,2,6.33421454518226,28,0.24817722631853556,2,3.7583823603113853,False,,,35,18
all|q2_dark|r500|Z14|perzone_concat|ovp_pass|cal1,all,q2_dark,500.0,Z14,perzone_concat,ovp_pass,cal1,51,79,248,2.0562114465038306,7.278885466112171,60.78431372549019,10,35,6,2.0562114465038306,5.8953700638880076,31,10,2.0562114465038306,7.278885466112171,29,12,3.7160407192933675,9.73974834594994,29,12,3.7160407192933675,9.73974834594994,0.2979627976816168,5.102271144897236,60.0,3,14.809690147672327,2,8.239860179611558,51,2.0562114465038306,8,8.856430746671684,False,,,35,19
all|q2_dark|r500|Z14|perzone_concat|ovp_date|cal1,all,q2_dark,500.0,Z14,perzone_concat,ovp_date,cal1,51,79,248,2.0562114465038306,7.278885466112171,60.78431372549019,10,35,6,2.0562114465038306,5.8953700638880076,31,10,2.0562114465038306,7.278885466112171,29,12,3.7160407192933675,9.73974834594994,29,12,3.7160407192933675,9.73974834594994,0.2979627976816168,5.102271144897236,60.0,3,14.809690147672327,2,8.239860179611558,51,2.0562114465038306,8,8.856430746671684,False,,,35,19
latest|q2_dark|r500|Z14|perzone_concat|ovp_pass|cal1,latest,q2_dark,500.0,Z14,perzone_concat,ovp_pass,cal1,51,79,248,2.0562114465038306,7.278885466112171,60.78431372549019,10,35,6,2.0562114465038306,6.180953672156607,31,10,2.0562114465038306,7.278885466112171,29,12,3.7160407192933675,9.73974834594994,29,12,3.7160407192933675,9.73974834594994,0.2979627976816168,5.102271144897236,60.0,3,14.809690147672327,2,8.08335640354887,51,2.0562114465038306,8,8.856430746671684,False,,,35,19
latest|q2_dark|r500|Z14|perzone_concat|ovp_date|cal1,latest,q2_dark,500.0,Z14,perzone_concat,ovp_date,cal1,51,79,248,2.0562114465038306,7.278885466112171,60.78431372549019,10,35,6,2.0562114465038306,6.180953672156607,31,10,2.0562114465038306,7.278885466112171,29,12,3.7160407192933675,9.73974834594994,29,12,3.7160407192933675,9.73974834594994,0.2979627976816168,5.102271144897236,60.0,3,14.809690147672327,2,8.08335640354887,51,2.0562114465038306,8,8.856430746671684,False,,,35,19
all|q1_nodark|r200|Z123_master|perzone_dedup_exact|ovp_pass|cal1,all,q1_nodark,200.0,Z123_master,perzone_dedup_exact,ovp_pass,cal1,52,76,250,1.4345722333545474,9.578804189218463,59.61538461538461,12,30,10,1.8391193518298543,7.770276245870518,28,12,1.2369257159730473,7.497940045912406,27,13,0.7732595127698971,7.896242824601028,27,13,0.7732595127698971,7.896242824601028,3.8326100442837685,8.051706711949132,75.0,3,14.88283438533049,1,-8.002566554520385,27,3.1516172606948167,3,-1.3409076711411672,False,,,35,20
all|q1_nodark|r200|Z123_master|perzone_dedup_exact|ovp_date|cal1,all,q1_nodark,200.0,Z123_master,perzone_dedup_exact,ovp_date,cal1,52,76,250,1.4345722333545474,9.578804189218463,59.61538461538461,12,30,10,1.8391193518298543,7.770276245870518,28,12,1.2369257159730473,7.497940045912406,27,13,0.7732595127698971,7.896242824601028,27,13,0.7732595127698971,7.896242824601028,3.8326100442837685,8.051706711949132,75.0,3,14.88283438533049,1,-8.002566554520385,27,3.1516172606948167,3,-1.3409076711411672,False,,,35,20
latest|q1_nodark|r200|Z123_master|perzone_dedup_exact|ovp_pass|cal1,latest,q1_nodark,200.0,Z123_master,perzone_dedup_exact,ovp_pass,cal1,52,76,250,1.4345722333545474,9.578804189218463,59.61538461538461,12,30,10,1.8391193518298543,8.156260810767069,28,12,1.2369257159730473,8.183702210203741,27,13,0.7732595127698971,7.896242824601028,27,13,0.7732595127698971,7.896242824601028,3.8326100442837685,8.051706711949132,75.0,3,14.88283438533049,1,-8.318473462591136,27,3.1516172606948167,3,-1.3409076711411672,False,,,35,20
latest|q1_nodark|r200|Z123_master|perzone_dedup_exact|ovp_date|cal1,latest,q1_nodark,200.0,Z123_master,perzone_dedup_exact,ovp_date,cal1,52,76,250,1.4345722333545474,9.578804189218463,59.61538461538461,12,30,10,1.8391193518298543,8.156260810767069,28,12,1.2369257159730473,8.183702210203741,27,13,0.7732595127698971,7.896242824601028,27,13,0.7732595127698971,7.896242824601028,3.8326100442837685,8.051706711949132,75.0,3,14.88283438533049,1,-8.318473462591136,27,3.1516172606948167,3,-1.3409076711411672,False,,,35,20
all|q1_nodark|r500|Z123_master|perzone_concat|ovp_pass|h24,all,q1_nodark,500.0,Z123_master,perzone_concat,ovp_pass,h24,37,75,268,0.17932236471018825,8.815185380685572,59.45945945945946,9,20,8,1.2834618668522424,10.29168565135697,19,9,0.1835354489617913,9.921327891851977,19,9,0.1835354489617913,9.921327891851977,19,9,0.1835354489617913,9.921327891851977,3.7393975372588706,8.436352481617575,77.77777777777779,3,14.809690147672327,2,8.239860179611558,19,2.3833882847426935,2,-7.649934489555266,False,,,37,5
all|q1_nodark|r500|Z123_master|perzone_concat|ovp_date|h24,all,q1_nodark,500.0,Z123_master,perzone_concat,ovp_date,h24,37,75,268,0.17932236471018825,8.815185380685572,59.45945945945946,9,20,8,1.2834618668522424,10.29168565135697,19,9,0.1835354489617913,9.921327891851977,19,9,0.1835354489617913,9.921327891851977,19,9,0.1835354489617913,9.921327891851977,3.7393975372588706,8.436352481617575,77.77777777777779,3,14.809690147672327,2,8.239860179611558,19,2.3833882847426935,2,-7.649934489555266,False,,,37,5
latest|q1_nodark|r500|Z123_master|perzone_concat|ovp_pass|h24,latest,q1_nodark,500.0,Z123_master,perzone_concat,ovp_pass,h24,37,75,268,0.17932236471018825,8.963629424823862,59.45945945945946,9,20,8,1.2834618668522424,10.523718149747511,19,9,0.1835354489617913,10.385392888633062,19,9,0.1835354489617913,10.385392888633062,19,9,0.1835354489617913,10.385392888633062,3.7393975372588706,8.436352481617575,77.77777777777779,3,14.809690147672327,2,8.08335640354887,19,2.3833882847426935,2,-7.649934489555266,False,,,37,5
latest|q1_nodark|r500|Z123_master|perzone_concat|ovp_date|h24,latest,q1_nodark,500.0,Z123_master,perzone_concat,ovp_date,h24,37,75,268,0.17932236471018825,8.963629424823862,59.45945945945946,9,20,8,1.2834618668522424,10.523718149747511,19,9,0.1835354489617913,10.385392888633062,19,9,0.1835354489617913,10.385392888633062,19,9,0.1835354489617913,10.385392888633062,3.7393975372588706,8.436352481617575,77.77777777777779,3,14.809690147672327,2,8.08335640354887,19,2.3833882847426935,2,-7.649934489555266,False,,,37,5
all|q1_dark|r500|Z123_master|perzone_concat|ovp_pass|cal1,all,q1_dark,500.0,Z123_master,perzone_concat,ovp_pass,cal1,50,78,255,-0.2682071719540602,8.033583840776584,62.0,10,29,11,2.0562114465038306,8.34623600255541,27,13,2.0562114465038306,8.886006040933617,26,14,2.195704519263364,9.738300965384603,26,14,2.195704519263364,9.738300965384603,-0.29912605761053257,7.298262269550726,90.0,3,14.809690147672327,2,8.239860179611558,25,2.0562114465038306,4,8.436070131880058,False,,,40,18
all|q1_dark|r500|Z123_master|perzone_concat|ovp_date|cal1,all,q1_dark,500.0,Z123_master,perzone_concat,ovp_date,cal1,50,78,255,-0.2682071719540602,8.033583840776584,62.0,10,29,11,2.0562114465038306,8.34623600255541,27,13,2.0562114465038306,8.886006040933617,26,14,2.195704519263364,9.738300965384603,26,14,2.195704519263364,9.738300965384603,-0.29912605761053257,7.298262269550726,90.0,3,14.809690147672327,2,8.239860179611558,25,2.0562114465038306,4,8.436070131880058,False,,,40,18
latest|q1_dark|r500|Z123_master|perzone_concat|ovp_pass|cal1,latest,q1_dark,500.0,Z123_master,perzone_concat,ovp_pass,cal1,50,78,255,-0.2682071719540602,8.169141989050447,62.0,10,29,11,2.0562114465038306,8.34623600255541,27,13,2.0562114465038306,8.886006040933617,26,14,2.195704519263364,9.738300965384603,26,14,2.195704519263364,9.738300965384603,-0.29912605761053257,7.298262269550726,90.0,3,14.809690147672327,2,8.08335640354887,25,2.0562114465038306,4,8.436070131880058,False,,,40,18
latest|q1_dark|r500|Z123_master|perzone_concat|ovp_date|cal1,latest,q1_dark,500.0,Z123_master,perzone_concat,ovp_date,cal1,50,78,255,-0.2682071719540602,8.169141989050447,62.0,10,29,11,2.0562114465038306,8.34623600255541,27,13,2.0562114465038306,8.886006040933617,26,14,2.195704519263364,9.738300965384603,26,14,2.195704519263364,9.738300965384603,-0.29912605761053257,7.298262269550726,90.0,3,14.809690147672327,2,8.08335640354887,25,2.0562114465038306,4,8.436070131880058,False,,,40,18
all|q2_dark|r500|Z123_master|union_at_crossing|ovp_pass|cal1,all,q2_dark,500.0,Z123_master,union_at_crossing,ovp_pass,cal1,51,81,256,0.1835354489617913,8.87770852209536,56.86274509803921,11,30,10,2.0765362433977863,8.646254565619492,28,12,2.886126082898599,11.296341961419666,27,13,3.7160407192933675,11.346868920771385,27,13,3.7160407192933675,11.346868920771385,-0.7315599354791757,7.4433622585730355,81.81818181818183,3,14.809690147672327,2,8.239860179611558,28,2.0765362433977863,4,7.535157278703908,False,,,45,19
all|q2_dark|r500|Z123_master|union_at_crossing|ovp_date|cal1,all,q2_dark,500.0,Z123_master,union_at_crossing,ovp_date,cal1,51,81,256,0.1835354489617913,8.87770852209536,56.86274509803921,11,30,10,2.0765362433977863,8.646254565619492,28,12,2.886126082898599,11.296341961419666,27,13,3.7160407192933675,11.346868920771385,27,13,3.7160407192933675,11.346868920771385,-0.7315599354791757,7.4433622585730355,81.81818181818183,3,14.809690147672327,2,8.239860179611558,28,2.0765362433977863,4,7.535157278703908,False,,,45,19
latest|q2_dark|r500|Z123_master|union_at_crossing|ovp_pass|cal1,latest,q2_dark,500.0,Z123_master,union_at_crossing,ovp_pass,cal1,51,81,256,0.1835354489617913,8.957383106112434,56.86274509803921,11,30,10,2.0765362433977863,8.646254565619492,28,12,2.886126082898599,11.296341961419666,27,13,3.7160407192933675,11.346868920771385,27,13,3.7160407192933675,11.346868920771385,-0.7315599354791757,7.4433622585730355,81.81818181818183,3,14.809690147672327,2,8.08335640354887,28,2.0765362433977863,4,7.535157278703908,False,,,45,19
latest|q2_dark|r500|Z123_master|union_at_crossing|ovp_date|cal1,latest,q2_dark,500.0,Z123_master,union_at_crossing,ovp_date,cal1,51,81,256,0.1835354489617913,8.957383106112434,56.86274509803921,11,30,10,2.0765362433977863,8.646254565619492,28,12,2.886126082898599,11.296341961419666,27,13,3.7160407192933675,11.346868920771385,27,13,3.7160407192933675,11.346868920771385,-0.7315599354791757,7.4433622585730355,81.81818181818183,3,14.809690147672327,2,8.08335640354887,28,2.0765362433977863,4,7.535157278703908,False,,,45,19
all|q1_nodark|r500|Z123_master|perzone_dedup_exact|ovp_pass|cal1,all,q1_nodark,500.0,Z123_master,perzone_dedup_exact,ovp_pass,cal1,53,78,257,0.17932236471018825,9.91508157314055,54.71698113207547,13,30,10,1.119873447732811,8.143273818733407,28,12,1.119873447732811,10.0491494611705,27,13,0.1835354489617913,9.921327891851977,27,13,0.1835354489617913,9.921327891851977,3.7393975372588706,12.499550894953742,69.23076923076923,3,14.809690147672327,2,8.239860179611558,28,2.9819414261549326,5,3.5804945675671718,False,,,45,21
all|q1_nodark|r500|Z123_master|perzone_dedup_exact|ovp_date|cal1,all,q1_nodark,500.0,Z123_master,perzone_dedup_exact,ovp_date,cal1,53,78,257,0.17932236471018825,9.91508157314055,54.71698113207547,13,30,10,1.119873447732811,8.143273818733407,28,12,1.119873447732811,10.0491494611705,27,13,0.1835354489617913,9.921327891851977,27,13,0.1835354489617913,9.921327891851977,3.7393975372588706,12.499550894953742,69.23076923076923,3,14.809690147672327,2,8.239860179611558,28,2.9819414261549326,5,3.5804945675671718,False,,,45,21
latest|q1_nodark|r500|Z123_master|perzone_dedup_exact|ovp_pass|cal1,latest,q1_nodark,500.0,Z123_master,perzone_dedup_exact,ovp_pass,cal1,53,78,257,0.17932236471018825,10.379146569921636,54.71698113207547,13,30,10,1.119873447732811,8.178962351322816,28,12,1.119873447732811,10.281181959561042,27,13,0.1835354489617913,10.385392888633062,27,13,0.1835354489617913,10.385392888633062,3.7393975372588706,12.499550894953742,69.23076923076923,3,14.809690147672327,2,8.08335640354887,28,2.9819414261549326,5,3.5804945675671718,False,,,45,21
latest|q1_nodark|r500|Z123_master|perzone_dedup_exact|ovp_date|cal1,latest,q1_nodark,500.0,Z123_master,perzone_dedup_exact,ovp_date,cal1,53,78,257,0.17932236471018825,10.379146569921636,54.71698113207547,13,30,10,1.119873447732811,8.178962351322816,28,12,1.119873447732811,10.281181959561042,27,13,0.1835354489617913,10.385392888633062,27,13,0.1835354489617913,10.385392888633062,3.7393975372588706,12.499550894953742,69.23076923076923,3,14.809690147672327,2,8.08335640354887,28,2.9819414261549326,5,3.5804945675671718,False,,,45,21
all|q2_dark|r500|Z1234|union_at_crossing|ovp_pass|cal1,all,q2_dark,500.0,Z1234,union_at_crossing,ovp_pass,cal1,51,81,257,0.1835354489617913,8.87770852209536,56.86274509803921,11,30,10,2.0765362433977863,8.646254565619492,28,12,2.886126082898599,11.296341961419666,27,13,3.7160407192933675,11.346868920771385,27,13,3.7160407192933675,11.346868920771385,-0.7315599354791757,7.4433622585730355,81.81818181818183,3,14.809690147672327,2,8.239860179611558,28,2.0765362433977863,4,7.535157278703908,False,,,46,19
all|q2_dark|r500|Z1234|union_at_crossing|ovp_date|cal1,all,q2_dark,500.0,Z1234,union_at_crossing,ovp_date,cal1,51,81,257,0.1835354489617913,8.87770852209536,56.86274509803921,11,30,10,2.0765362433977863,8.646254565619492,28,12,2.886126082898599,11.296341961419666,27,13,3.7160407192933675,11.346868920771385,27,13,3.7160407192933675,11.346868920771385,-0.7315599354791757,7.4433622585730355,81.81818181818183,3,14.809690147672327,2,8.239860179611558,28,2.0765362433977863,4,7.535157278703908,False,,,46,19
all|q2_dark|r500|Z1234|union_at_node|ovp_pass|cal1,all,q2_dark,500.0,Z1234,union_at_node,ovp_pass,cal1,51,81,257,0.1835354489617913,8.87770852209536,56.86274509803921,11,30,10,2.0765362433977863,8.646254565619492,28,12,2.886126082898599,11.296341961419666,27,13,3.7160407192933675,11.346868920771385,27,13,3.7160407192933675,11.346868920771385,-0.7315599354791757,7.4433622585730355,81.81818181818183,3,14.809690147672327,2,8.239860179611558,28,2.0765362433977863,4,7.535157278703908,False,,,46,19
all|q2_dark|r500|Z1234|union_at_node|ovp_date|cal1,all,q2_dark,500.0,Z1234,union_at_node,ovp_date,cal1,51,81,257,0.1835354489617913,8.87770852209536,56.86274509803921,11,30,10,2.0765362433977863,8.646254565619492,28,12,2.886126082898599,11.296341961419666,27,13,3.7160407192933675,11.346868920771385,27,13,3.7160407192933675,11.346868920771385,-0.7315599354791757,7.4433622585730355,81.81818181818183,3,14.809690147672327,2,8.239860179611558,28,2.0765362433977863,4,7.535157278703908,False,,,46,19
all|q2_dark|r500|Z1234|perzone_dedup_ovp_pass|ovp_pass|cal1,all,q2_dark,500.0,Z1234,perzone_dedup_ovp_pass,ovp_pass,cal1,51,81,257,0.1835354489617913,8.87770852209536,56.86274509803921,11,30,10,2.0765362433977863,8.646254565619492,28,12,2.886126082898599,11.296341961419666,27,13,3.7160407192933675,11.346868920771385,27,13,3.7160407192933675,11.346868920771385,-0.7315599354791757,7.4433622585730355,81.81818181818183,3,14.809690147672327,2,8.239860179611558,28,2.0765362433977863,4,7.535157278703908,False,,,46,19
all|q2_dark|r500|Z1234|perzone_dedup_ovp_pass|ovp_pass_reach|cal1,all,q2_dark,500.0,Z1234,perzone_dedup_ovp_pass,ovp_pass_reach,cal1,51,81,257,-0.8609628710736672,10.357512271258717,58.82352941176471,11,30,10,0.6097073607880255,9.037643264677012,28,12,0.3510670511292169,8.654183141576862,27,13,0.11611514011917734,9.821370541961919,27,13,0.11611514011917734,9.821370541961919,-2.492319908249385,4.832859522943924,81.81818181818183,3,16.79046591787614,3,16.79046591787614,28,-0.736588267919025,3,8.278910262232131,False,,,46,19
all|q2_dark|r500|Z123_master|union_at_node|ovp_pass|cal1,all,q2_dark,500.0,Z123_master,union_at_node,ovp_pass,cal1,51,81,257,0.1835354489617913,8.87770852209536,56.86274509803921,11,30,10,2.0765362433977863,8.646254565619492,28,12,2.886126082898599,11.296341961419666,27,13,3.7160407192933675,11.346868920771385,27,13,3.7160407192933675,11.346868920771385,-0.7315599354791757,7.4433622585730355,81.81818181818183,3,14.809690147672327,2,8.239860179611558,28,2.0765362433977863,4,7.535157278703908,False,,,46,19
all|q2_dark|r500|Z123_master|union_at_node|ovp_date|cal1,all,q2_dark,500.0,Z123_master,union_at_node,ovp_date,cal1,51,81,257,0.1835354489617913,8.87770852209536,56.86274509803921,11,30,10,2.0765362433977863,8.646254565619492,28,12,2.886126082898599,11.296341961419666,27,13,3.7160407192933675,11.346868920771385,27,13,3.7160407192933675,11.346868920771385,-0.7315599354791757,7.4433622585730355,81.81818181818183,3,14.809690147672327,2,8.239860179611558,28,2.0765362433977863,4,7.535157278703908,False,,,46,19
all|q2_dark|r500|Z123_master|perzone_dedup_ovp_pass|ovp_pass|cal1,all,q2_dark,500.0,Z123_master,perzone_dedup_ovp_pass,ovp_pass,cal1,51,81,257,0.1835354489617913,8.87770852209536,56.86274509803921,11,30,10,2.0765362433977863,8.646254565619492,28,12,2.886126082898599,11.296341961419666,27,13,3.7160407192933675,11.346868920771385,27,13,3.7160407192933675,11.346868920771385,-0.7315599354791757,7.4433622585730355,81.81818181818183,3,14.809690147672327,2,8.239860179611558,28,2.0765362433977863,4,7.535157278703908,False,,,46,19
all|q2_dark|r500|Z123_master|perzone_dedup_ovp_pass|ovp_pass_reach|cal1,all,q2_dark,500.0,Z123_master,perzone_dedup_ovp_pass,ovp_pass_reach,cal1,51,81,257,-0.8609628710736672,10.357512271258717,58.82352941176471,11,30,10,0.6097073607880255,9.037643264677012,28,12,0.3510670511292169,8.654183141576862,27,13,0.11611514011917734,9.821370541961919,27,13,0.11611514011917734,9.821370541961919,-2.492319908249385,4.832859522943924,81.81818181818183,3,16.79046591787614,3,16.79046591787614,28,-0.736588267919025,3,8.278910262232131,False,,,46,19
latest|q2_dark|r500|Z1234|union_at_crossing|ovp_pass|cal1,latest,q2_dark,500.0,Z1234,union_at_crossing,ovp_pass,cal1,51,81,257,0.1835354489617913,8.957383106112434,56.86274509803921,11,30,10,2.0765362433977863,8.646254565619492,28,12,2.886126082898599,11.296341961419666,27,13,3.7160407192933675,11.346868920771385,27,13,3.7160407192933675,11.346868920771385,-0.7315599354791757,7.4433622585730355,81.81818181818183,3,14.809690147672327,2,8.08335640354887,28,2.0765362433977863,4,7.535157278703908,False,,,46,19
latest|q2_dark|r500|Z1234|union_at_crossing|ovp_date|cal1,latest,q2_dark,500.0,Z1234,union_at_crossing,ovp_date,cal1,51,81,257,0.1835354489617913,8.957383106112434,56.86274509803921,11,30,10,2.0765362433977863,8.646254565619492,28,12,2.886126082898599,11.296341961419666,27,13,3.7160407192933675,11.346868920771385,27,13,3.7160407192933675,11.346868920771385,-0.7315599354791757,7.4433622585730355,81.81818181818183,3,14.809690147672327,2,8.08335640354887,28,2.0765362433977863,4,7.535157278703908,False,,,46,19
latest|q2_dark|r500|Z1234|union_at_node|ovp_pass|cal1,latest,q2_dark,500.0,Z1234,union_at_node,ovp_pass,cal1,51,81,257,0.1835354489617913,8.957383106112434,56.86274509803921,11,30,10,2.0765362433977863,8.646254565619492,28,12,2.886126082898599,11.296341961419666,27,13,3.7160407192933675,11.346868920771385,27,13,3.7160407192933675,11.346868920771385,-0.7315599354791757,7.4433622585730355,81.81818181818183,3,14.809690147672327,2,8.08335640354887,28,2.0765362433977863,4,7.535157278703908,False,,,46,19
latest|q2_dark|r500|Z1234|union_at_node|ovp_date|cal1,latest,q2_dark,500.0,Z1234,union_at_node,ovp_date,cal1,51,81,257,0.1835354489617913,8.957383106112434,56.86274509803921,11,30,10,2.0765362433977863,8.646254565619492,28,12,2.886126082898599,11.296341961419666,27,13,3.7160407192933675,11.346868920771385,27,13,3.7160407192933675,11.346868920771385,-0.7315599354791757,7.4433622585730355,81.81818181818183,3,14.809690147672327,2,8.08335640354887,28,2.0765362433977863,4,7.535157278703908,False,,,46,19
latest|q2_dark|r500|Z1234|perzone_dedup_ovp_pass|ovp_pass|cal1,latest,q2_dark,500.0,Z1234,perzone_dedup_ovp_pass,ovp_pass,cal1,51,81,257,0.1835354489617913,8.957383106112434,56.86274509803921,11,30,10,2.0765362433977863,8.646254565619492,28,12,2.886126082898599,11.296341961419666,27,13,3.7160407192933675,11.346868920771385,27,13,3.7160407192933675,11.346868920771385,-0.7315599354791757,7.4433622585730355,81.81818181818183,3,14.809690147672327,2,8.08335640354887,28,2.0765362433977863,4,7.535157278703908,False,,,46,19
latest|q2_dark|r500|Z1234|perzone_dedup_ovp_pass|ovp_pass_reach|cal1,latest,q2_dark,500.0,Z1234,perzone_dedup_ovp_pass,ovp_pass_reach,cal1,51,81,257,-0.8609628710736672,10.505956315397006,58.82352941176471,11,30,10,0.6097073607880255,9.671387997372749,28,12,0.3510670511292169,9.671387997372749,27,13,0.11611514011917734,10.285435538743002,27,13,0.11611514011917734,10.285435538743002,-2.492319908249385,4.832859522943924,81.81818181818183,3,16.79046591787614,3,16.79046591787614,28,-0.736588267919025,3,8.278910262232131,False,,,46,19
latest|q2_dark|r500|Z123_master|union_at_node|ovp_pass|cal1,latest,q2_dark,500.0,Z123_master,union_at_node,ovp_pass,cal1,51,81,257,0.1835354489617913,8.957383106112434,56.86274509803921,11,30,10,2.0765362433977863,8.646254565619492,28,12,2.886126082898599,11.296341961419666,27,13,3.7160407192933675,11.346868920771385,27,13,3.7160407192933675,11.346868920771385,-0.7315599354791757,7.4433622585730355,81.81818181818183,3,14.809690147672327,2,8.08335640354887,28,2.0765362433977863,4,7.535157278703908,False,,,46,19
latest|q2_dark|r500|Z123_master|union_at_node|ovp_date|cal1,latest,q2_dark,500.0,Z123_master,union_at_node,ovp_date,cal1,51,81,257,0.1835354489617913,8.957383106112434,56.86274509803921,11,30,10,2.0765362433977863,8.646254565619492,28,12,2.886126082898599,11.296341961419666,27,13,3.7160407192933675,11.346868920771385,27,13,3.7160407192933675,11.346868920771385,-0.7315599354791757,7.4433622585730355,81.81818181818183,3,14.809690147672327,2,8.08335640354887,28,2.0765362433977863,4,7.535157278703908,False,,,46,19
latest|q2_dark|r500|Z123_master|perzone_dedup_ovp_pass|ovp_pass|cal1,latest,q2_dark,500.0,Z123_master,perzone_dedup_ovp_pass,ovp_pass,cal1,51,81,257,0.1835354489617913,8.957383106112434,56.86274509803921,11,30,10,2.0765362433977863,8.646254565619492,28,12,2.886126082898599,11.296341961419666,27,13,3.7160407192933675,11.346868920771385,27,13,3.7160407192933675,11.346868920771385,-0.7315599354791757,7.4433622585730355,81.81818181818183,3,14.809690147672327,2,8.08335640354887,28,2.0765362433977863,4,7.535157278703908,False,,,46,19
latest|q2_dark|r500|Z123_master|perzone_dedup_ovp_pass|ovp_pass_reach|cal1,latest,q2_dark,500.0,Z123_master,perzone_dedup_ovp_pass,ovp_pass_reach,cal1,51,81,257,-0.8609628710736672,10.505956315397006,58.82352941176471,11,30,10,0.6097073607880255,9.671387997372749,28,12,0.3510670511292169,9.671387997372749,27,13,0.11611514011917734,10.285435538743002,27,13,0.11611514011917734,10.285435538743002,-2.492319908249385,4.832859522943924,81.81818181818183,3,16.79046591787614,3,16.79046591787614,28,-0.736588267919025,3,8.278910262232131,False,,,46,19
all|q1_dark|r200|Z123_master|perzone_dedup_exact|ovp_pass|sameday,all,q1_dark,200.0,Z123_master,perzone_dedup_exact,ovp_pass,sameday,18,102,240,0.24513619598236502,8.05697797860486,72.22222222222221,4,11,3,3.1516172606948167,10.622451767141957,10,4,1.632949428905972,11.328245418379867,10,4,1.632949428905972,11.328245418379867,10,4,1.632949428905972,11.328245418379867,-0.18955894020900033,4.525417597990695,100.0,2,8.018949609555381,1,-8.002566554520385,10,2.1547511171585487,1,-13.470137832332885,False,,,47,14
all|q1_dark|r200|Z123_master|perzone_dedup_exact|ovp_date|sameday,all,q1_dark,200.0,Z123_master,perzone_dedup_exact,ovp_date,sameday,18,102,240,0.24513619598236502,8.05697797860486,72.22222222222221,4,11,3,3.1516172606948167,10.622451767141957,10,4,1.632949428905972,11.328245418379867,10,4,1.632949428905972,11.328245418379867,10,4,1.632949428905972,11.328245418379867,-0.18955894020900033,4.525417597990695,100.0,2,8.018949609555381,1,-8.002566554520385,10,2.1547511171585487,1,-13.470137832332885,False,,,47,14
latest|q1_dark|r200|Z123_master|perzone_dedup_exact|ovp_pass|sameday,latest,q1_dark,200.0,Z123_master,perzone_dedup_exact,ovp_pass,sameday,18,102,240,0.24513619598236502,8.05697797860486,72.22222222222221,4,11,3,3.1516172606948167,10.622451767141957,10,4,1.632949428905972,11.661220710096352,10,4,1.632949428905972,11.661220710096352,10,4,1.632949428905972,11.661220710096352,-0.18955894020900033,4.525417597990695,100.0,2,7.860996155520006,1,-8.318473462591136,10,2.1547511171585487,1,-13.470137832332885,False,,,47,14
latest|q1_dark|r200|Z123_master|perzone_dedup_exact|ovp_date|sameday,latest,q1_dark,200.0,Z123_master,perzone_dedup_exact,ovp_date,sameday,18,102,240,0.24513619598236502,8.05697797860486,72.22222222222221,4,11,3,3.1516172606948167,10.622451767141957,10,4,1.632949428905972,11.661220710096352,10,4,1.632949428905972,11.661220710096352,10,4,1.632949428905972,11.661220710096352,-0.18955894020900033,4.525417597990695,100.0,2,7.860996155520006,1,-8.318473462591136,10,2.1547511171585487,1,-13.470137832332885,False,,,47,14
all|q1_dark|r500|Z1234|perzone_dedup_exact|ovp_pass|h24,all,q1_dark,500.0,Z1234,perzone_dedup_exact,ovp_pass,h24,34,77,280,0.49722495996067373,8.362940742131908,64.70588235294117,7,20,7,2.694574946812267,10.477926261268609,18,9,2.50675911847984,12.105346156620044,18,9,2.50675911847984,12.105346156620044,18,9,2.50675911847984,12.105346156620044,0.1333078202581106,7.1531622805284165,100.0,3,14.809690147672327,2,8.239860179611558,17,2.3833882847426935,1,-13.582741721467162,False,,,48,2
all|q1_dark|r500|Z1234|perzone_dedup_exact|ovp_date|h24,all,q1_dark,500.0,Z1234,perzone_dedup_exact,ovp_date,h24,34,77,280,0.49722495996067373,8.362940742131908,64.70588235294117,7,20,7,2.694574946812267,10.477926261268609,18,9,2.50675911847984,12.105346156620044,18,9,2.50675911847984,12.105346156620044,18,9,2.50675911847984,12.105346156620044,0.1333078202581106,7.1531622805284165,100.0,3,14.809690147672327,2,8.239860179611558,17,2.3833882847426935,1,-13.582741721467162,False,,,48,2
latest|q1_dark|r500|Z1234|perzone_dedup_exact|ovp_pass|h24,latest,q1_dark,500.0,Z1234,perzone_dedup_exact,ovp_pass,h24,34,77,280,0.49722495996067373,8.437162764201052,64.70588235294117,7,20,7,2.694574946812267,10.477926261268609,18,9,2.50675911847984,12.337378655010587,18,9,2.50675911847984,12.337378655010587,18,9,2.50675911847984,12.337378655010587,0.1333078202581106,7.1531622805284165,100.0,3,14.809690147672327,2,8.08335640354887,17,2.3833882847426935,1,-13.582741721467162,False,,,48,2
latest|q1_dark|r500|Z1234|perzone_dedup_exact|ovp_date|h24,latest,q1_dark,500.0,Z1234,perzone_dedup_exact,ovp_date,h24,34,77,280,0.49722495996067373,8.437162764201052,64.70588235294117,7,20,7,2.694574946812267,10.477926261268609,18,9,2.50675911847984,12.337378655010587,18,9,2.50675911847984,12.337378655010587,18,9,2.50675911847984,12.337378655010587,0.1333078202581106,7.1531622805284165,100.0,3,14.809690147672327,2,8.08335640354887,17,2.3833882847426935,1,-13.582741721467162,False,,,48,2
all|q2_dark|r200|Z123_master|perzone_concat|ovp_pass|h24,all,q2_dark,200.0,Z123_master,perzone_concat,ovp_pass,h24,38,82,271,1.4345722333545474,9.581687986855629,63.1578947368421,8,23,7,2.856625765549481,8.999380192719762,22,8,2.2786088423628392,9.119090766070867,22,8,2.2786088423628392,9.119090766070867,22,8,2.2786088423628392,9.119090766070867,2.0753714839781168,7.0539907355111895,75.0,3,14.88283438533049,1,-8.002566554520385,20,2.012589156541189,1,-13.470137832332885,False,,,48,6
all|q2_dark|r200|Z123_master|perzone_concat|ovp_date|h24,all,q2_dark,200.0,Z123_master,perzone_concat,ovp_date,h24,38,82,271,1.4345722333545474,9.581687986855629,63.1578947368421,8,23,7,2.856625765549481,8.999380192719762,22,8,2.2786088423628392,9.119090766070867,22,8,2.2786088423628392,9.119090766070867,22,8,2.2786088423628392,9.119090766070867,2.0753714839781168,7.0539907355111895,75.0,3,14.88283438533049,1,-8.002566554520385,20,2.012589156541189,1,-13.470137832332885,False,,,48,6
latest|q2_dark|r200|Z123_master|perzone_concat|ovp_pass|h24,latest,q2_dark,200.0,Z123_master,perzone_concat,ovp_pass,h24,38,82,271,1.4345722333545474,9.581687986855629,63.1578947368421,8,23,7,2.856625765549481,8.999380192719762,22,8,2.2786088423628392,9.119090766070867,22,8,2.2786088423628392,9.119090766070867,22,8,2.2786088423628392,9.119090766070867,2.0753714839781168,7.0539907355111895,75.0,3,14.88283438533049,1,-8.318473462591136,20,2.012589156541189,1,-13.470137832332885,False,,,48,6
latest|q2_dark|r200|Z123_master|perzone_concat|ovp_date|h24,latest,q2_dark,200.0,Z123_master,perzone_concat,ovp_date,h24,38,82,271,1.4345722333545474,9.581687986855629,63.1578947368421,8,23,7,2.856625765549481,8.999380192719762,22,8,2.2786088423628392,9.119090766070867,22,8,2.2786088423628392,9.119090766070867,22,8,2.2786088423628392,9.119090766070867,2.0753714839781168,7.0539907355111895,75.0,3,14.88283438533049,1,-8.318473462591136,20,2.012589156541189,1,-13.470137832332885,False,,,48,6
all|q1_nodark|r500|Z123_master|union_at_crossing|ovp_pass|sameday,all,q1_nodark,500.0,Z123_master,union_at_crossing,ovp_pass,sameday,20,105,242,0.18142890683598978,8.355389389561727,65.0,5,11,4,2.3833882847426935,9.371078421306557,10,5,2.1930696074809575,10.994787592835399,10,5,2.1930696074809575,10.994787592835399,10,5,2.1930696074809575,10.994787592835399,0.17932236471018825,8.793836356833786,80.0,2,8.239860179611558,2,8.239860179611558,11,2.3833882847426935,2,-7.649934489555266,False,,,48,12
all|q1_nodark|r500|Z123_master|union_at_crossing|ovp_date|sameday,all,q1_nodark,500.0,Z123_master,union_at_crossing,ovp_date,sameday,20,105,242,0.18142890683598978,8.355389389561727,65.0,5,11,4,2.3833882847426935,9.371078421306557,10,5,2.1930696074809575,10.994787592835399,10,5,2.1930696074809575,10.994787592835399,10,5,2.1930696074809575,10.994787592835399,0.17932236471018825,8.793836356833786,80.0,2,8.239860179611558,2,8.239860179611558,11,2.3833882847426935,2,-7.649934489555266,False,,,48,12
latest|q1_nodark|r500|Z123_master|union_at_crossing|ovp_pass|sameday,latest,q1_nodark,500.0,Z123_master,union_at_crossing,ovp_pass,sameday,20,105,242,0.18142890683598978,8.80451086875968,65.0,5,11,4,2.3833882847426935,9.371078421306557,10,5,2.1930696074809575,11.226820091225942,10,5,2.1930696074809575,11.226820091225942,10,5,2.1930696074809575,11.226820091225942,0.17932236471018825,8.793836356833786,80.0,2,8.08335640354887,2,8.08335640354887,11,2.3833882847426935,2,-7.649934489555266,False,,,48,12
latest|q1_nodark|r500|Z123_master|union_at_crossing|ovp_date|sameday,latest,q1_nodark,500.0,Z123_master,union_at_crossing,ovp_date,sameday,20,105,242,0.18142890683598978,8.80451086875968,65.0,5,11,4,2.3833882847426935,9.371078421306557,10,5,2.1930696074809575,11.226820091225942,10,5,2.1930696074809575,11.226820091225942,10,5,2.1930696074809575,11.226820091225942,0.17932236471018825,8.793836356833786,80.0,2,8.08335640354887,2,8.08335640354887,11,2.3833882847426935,2,-7.649934489555266,False,,,48,12
all|q1_nodark|r500|Z1234|union_at_crossing|ovp_pass|sameday,all,q1_nodark,500.0,Z1234,union_at_crossing,ovp_pass,sameday,20,105,243,0.18142890683598978,8.355389389561727,65.0,5,11,4,2.3833882847426935,9.371078421306557,10,5,2.1930696074809575,10.994787592835399,10,5,2.1930696074809575,10.994787592835399,10,5,2.1930696074809575,10.994787592835399,0.17932236471018825,8.793836356833786,80.0,2,8.239860179611558,2,8.239860179611558,11,2.3833882847426935,2,-7.649934489555266,False,,,49,12
all|q1_nodark|r500|Z1234|union_at_crossing|ovp_date|sameday,all,q1_nodark,500.0,Z1234,union_at_crossing,ovp_date,sameday,20,105,243,0.18142890683598978,8.355389389561727,65.0,5,11,4,2.3833882847426935,9.371078421306557,10,5,2.1930696074809575,10.994787592835399,10,5,2.1930696074809575,10.994787592835399,10,5,2.1930696074809575,10.994787592835399,0.17932236471018825,8.793836356833786,80.0,2,8.239860179611558,2,8.239860179611558,11,2.3833882847426935,2,-7.649934489555266,False,,,49,12
all|q1_nodark|r500|Z1234|union_at_node|ovp_pass|sameday,all,q1_nodark,500.0,Z1234,union_at_node,ovp_pass,sameday,20,105,243,0.18142890683598978,8.355389389561727,65.0,5,11,4,2.3833882847426935,9.371078421306557,10,5,2.1930696074809575,10.994787592835399,10,5,2.1930696074809575,10.994787592835399,10,5,2.1930696074809575,10.994787592835399,0.17932236471018825,8.793836356833786,80.0,2,8.239860179611558,2,8.239860179611558,11,2.3833882847426935,2,-7.649934489555266,False,,,49,12
all|q1_nodark|r500|Z1234|union_at_node|ovp_date|sameday,all,q1_nodark,500.0,Z1234,union_at_node,ovp_date,sameday,20,105,243,0.18142890683598978,8.355389389561727,65.0,5,11,4,2.3833882847426935,9.371078421306557,10,5,2.1930696074809575,10.994787592835399,10,5,2.1930696074809575,10.994787592835399,10,5,2.1930696074809575,10.994787592835399,0.17932236471018825,8.793836356833786,80.0,2,8.239860179611558,2,8.239860179611558,11,2.3833882847426935,2,-7.649934489555266,False,,,49,12
all|q1_nodark|r500|Z1234|perzone_dedup_ovp_pass|ovp_pass|sameday,all,q1_nodark,500.0,Z1234,perzone_dedup_ovp_pass,ovp_pass,sameday,20,105,243,0.18142890683598978,8.355389389561727,65.0,5,11,4,2.3833882847426935,9.371078421306557,10,5,2.1930696074809575,10.994787592835399,10,5,2.1930696074809575,10.994787592835399,10,5,2.1930696074809575,10.994787592835399,0.17932236471018825,8.793836356833786,80.0,2,8.239860179611558,2,8.239860179611558,11,2.3833882847426935,2,-7.649934489555266,False,,,49,12
all|q1_nodark|r500|Z1234|perzone_dedup_ovp_pass|ovp_pass_reach|sameday,all,q1_nodark,500.0,Z1234,perzone_dedup_ovp_pass,ovp_pass_reach,sameday,20,105,243,-0.32342928307986796,7.26223030746989,65.0,5,11,4,2.3833882847426935,9.476385143804137,10,5,1.3475172838392169,9.793825079052947,10,5,1.3475172838392169,9.793825079052947,10,5,1.3475172838392169,9.793825079052947,-2.492319908249385,4.832859522943924,80.0,2,8.239860179611558,2,8.239860179611558,11,2.3833882847426935,2,-8.795543824730823,False,,,49,12
all|q1_nodark|r500|Z123_master|union_at_node|ovp_pass|sameday,all,q1_nodark,500.0,Z123_master,union_at_node,ovp_pass,sameday,20,105,243,0.18142890683598978,8.355389389561727,65.0,5,11,4,2.3833882847426935,9.371078421306557,10,5,2.1930696074809575,10.994787592835399,10,5,2.1930696074809575,10.994787592835399,10,5,2.1930696074809575,10.994787592835399,0.17932236471018825,8.793836356833786,80.0,2,8.239860179611558,2,8.239860179611558,11,2.3833882847426935,2,-7.649934489555266,False,,,49,12
all|q1_nodark|r500|Z123_master|union_at_node|ovp_date|sameday,all,q1_nodark,500.0,Z123_master,union_at_node,ovp_date,sameday,20,105,243,0.18142890683598978,8.355389389561727,65.0,5,11,4,2.3833882847426935,9.371078421306557,10,5,2.1930696074809575,10.994787592835399,10,5,2.1930696074809575,10.994787592835399,10,5,2.1930696074809575,10.994787592835399,0.17932236471018825,8.793836356833786,80.0,2,8.239860179611558,2,8.239860179611558,11,2.3833882847426935,2,-7.649934489555266,False,,,49,12
all|q1_nodark|r500|Z123_master|perzone_dedup_ovp_pass|ovp_pass|sameday,all,q1_nodark,500.0,Z123_master,perzone_dedup_ovp_pass,ovp_pass,sameday,20,105,243,0.18142890683598978,8.355389389561727,65.0,5,11,4,2.3833882847426935,9.371078421306557,10,5,2.1930696074809575,10.994787592835399,10,5,2.1930696074809575,10.994787592835399,10,5,2.1930696074809575,10.994787592835399,0.17932236471018825,8.793836356833786,80.0,2,8.239860179611558,2,8.239860179611558,11,2.3833882847426935,2,-7.649934489555266,False,,,49,12
all|q1_nodark|r500|Z123_master|perzone_dedup_ovp_pass|ovp_pass_reach|sameday,all,q1_nodark,500.0,Z123_master,perzone_dedup_ovp_pass,ovp_pass_reach,sameday,20,105,243,-0.32342928307986796,7.26223030746989,65.0,5,11,4,2.3833882847426935,9.476385143804137,10,5,1.3475172838392169,9.793825079052947,10,5,1.3475172838392169,9.793825079052947,10,5,1.3475172838392169,9.793825079052947,-2.492319908249385,4.832859522943924,80.0,2,8.239860179611558,2,8.239860179611558,11,2.3833882847426935,2,-8.795543824730823,False,,,49,12
latest|q1_nodark|r500|Z1234|union_at_crossing|ovp_pass|sameday,latest,q1_nodark,500.0,Z1234,union_at_crossing,ovp_pass,sameday,20,105,243,0.18142890683598978,8.80451086875968,65.0,5,11,4,2.3833882847426935,9.371078421306557,10,5,2.1930696074809575,11.226820091225942,10,5,2.1930696074809575,11.226820091225942,10,5,2.1930696074809575,11.226820091225942,0.17932236471018825,8.793836356833786,80.0,2,8.08335640354887,2,8.08335640354887,11,2.3833882847426935,2,-7.649934489555266,False,,,49,12
latest|q1_nodark|r500|Z1234|union_at_crossing|ovp_date|sameday,latest,q1_nodark,500.0,Z1234,union_at_crossing,ovp_date,sameday,20,105,243,0.18142890683598978,8.80451086875968,65.0,5,11,4,2.3833882847426935,9.371078421306557,10,5,2.1930696074809575,11.226820091225942,10,5,2.1930696074809575,11.226820091225942,10,5,2.1930696074809575,11.226820091225942,0.17932236471018825,8.793836356833786,80.0,2,8.08335640354887,2,8.08335640354887,11,2.3833882847426935,2,-7.649934489555266,False,,,49,12
latest|q1_nodark|r500|Z1234|union_at_node|ovp_pass|sameday,latest,q1_nodark,500.0,Z1234,union_at_node,ovp_pass,sameday,20,105,243,0.18142890683598978,8.80451086875968,65.0,5,11,4,2.3833882847426935,9.371078421306557,10,5,2.1930696074809575,11.226820091225942,10,5,2.1930696074809575,11.226820091225942,10,5,2.1930696074809575,11.226820091225942,0.17932236471018825,8.793836356833786,80.0,2,8.08335640354887,2,8.08335640354887,11,2.3833882847426935,2,-7.649934489555266,False,,,49,12
latest|q1_nodark|r500|Z1234|union_at_node|ovp_date|sameday,latest,q1_nodark,500.0,Z1234,union_at_node,ovp_date,sameday,20,105,243,0.18142890683598978,8.80451086875968,65.0,5,11,4,2.3833882847426935,9.371078421306557,10,5,2.1930696074809575,11.226820091225942,10,5,2.1930696074809575,11.226820091225942,10,5,2.1930696074809575,11.226820091225942,0.17932236471018825,8.793836356833786,80.0,2,8.08335640354887,2,8.08335640354887,11,2.3833882847426935,2,-7.649934489555266,False,,,49,12
latest|q1_nodark|r500|Z1234|perzone_dedup_ovp_pass|ovp_pass|sameday,latest,q1_nodark,500.0,Z1234,perzone_dedup_ovp_pass,ovp_pass,sameday,20,105,243,0.18142890683598978,8.80451086875968,65.0,5,11,4,2.3833882847426935,9.371078421306557,10,5,2.1930696074809575,11.226820091225942,10,5,2.1930696074809575,11.226820091225942,10,5,2.1930696074809575,11.226820091225942,0.17932236471018825,8.793836356833786,80.0,2,8.08335640354887,2,8.08335640354887,11,2.3833882847426935,2,-7.649934489555266,False,,,49,12
latest|q1_nodark|r500|Z1234|perzone_dedup_ovp_pass|ovp_pass_reach|sameday,latest,q1_nodark,500.0,Z1234,perzone_dedup_ovp_pass,ovp_pass_reach,sameday,20,105,243,-0.32342928307986796,8.80451086875968,65.0,5,11,4,2.3833882847426935,9.476385143804137,10,5,1.3475172838392169,10.025857577443489,10,5,1.3475172838392169,10.025857577443489,10,5,1.3475172838392169,10.025857577443489,-2.492319908249385,4.832859522943924,80.0,2,8.08335640354887,2,8.08335640354887,11,2.3833882847426935,2,-8.795543824730823,False,,,49,12
latest|q1_nodark|r500|Z123_master|union_at_node|ovp_pass|sameday,latest,q1_nodark,500.0,Z123_master,union_at_node,ovp_pass,sameday,20,105,243,0.18142890683598978,8.80451086875968,65.0,5,11,4,2.3833882847426935,9.371078421306557,10,5,2.1930696074809575,11.226820091225942,10,5,2.1930696074809575,11.226820091225942,10,5,2.1930696074809575,11.226820091225942,0.17932236471018825,8.793836356833786,80.0,2,8.08335640354887,2,8.08335640354887,11,2.3833882847426935,2,-7.649934489555266,False,,,49,12
latest|q1_nodark|r500|Z123_master|union_at_node|ovp_date|sameday,latest,q1_nodark,500.0,Z123_master,union_at_node,ovp_date,sameday,20,105,243,0.18142890683598978,8.80451086875968,65.0,5,11,4,2.3833882847426935,9.371078421306557,10,5,2.1930696074809575,11.226820091225942,10,5,2.1930696074809575,11.226820091225942,10,5,2.1930696074809575,11.226820091225942,0.17932236471018825,8.793836356833786,80.0,2,8.08335640354887,2,8.08335640354887,11,2.3833882847426935,2,-7.649934489555266,False,,,49,12
latest|q1_nodark|r500|Z123_master|perzone_dedup_ovp_pass|ovp_pass|sameday,latest,q1_nodark,500.0,Z123_master,perzone_dedup_ovp_pass,ovp_pass,sameday,20,105,243,0.18142890683598978,8.80451086875968,65.0,5,11,4,2.3833882847426935,9.371078421306557,10,5,2.1930696074809575,11.226820091225942,10,5,2.1930696074809575,11.226820091225942,10,5,2.1930696074809575,11.226820091225942,0.17932236471018825,8.793836356833786,80.0,2,8.08335640354887,2,8.08335640354887,11,2.3833882847426935,2,-7.649934489555266,False,,,49,12
latest|q1_nodark|r500|Z123_master|perzone_dedup_ovp_pass|ovp_pass_reach|sameday,latest,q1_nodark,500.0,Z123_master,perzone_dedup_ovp_pass,ovp_pass_reach,sameday,20,105,243,-0.32342928307986796,8.80451086875968,65.0,5,11,4,2.3833882847426935,9.476385143804137,10,5,1.3475172838392169,10.025857577443489,10,5,1.3475172838392169,10.025857577443489,10,5,1.3475172838392169,10.025857577443489,-2.492319908249385,4.832859522943924,80.0,2,8.08335640354887,2,8.08335640354887,11,2.3833882847426935,2,-8.795543824730823,False,,,49,12
all|q1_nodark|r200|Z1234|union_at_crossing|ovp_pass|sameday,all,q1_nodark,200.0,Z1234,union_at_crossing,ovp_pass,sameday,19,104,239,-0.6676125816575507,7.063120761228328,68.42105263157895,4,11,4,3.1516172606948167,9.436734583422238,10,5,1.632949428905972,10.735386826520006,10,5,1.632949428905972,10.735386826520006,10,5,1.632949428905972,10.735386826520006,-0.18422515325369204,4.533325470530636,100.0,2,8.018949609555381,1,-8.002566554520385,10,2.160084904113857,2,-7.405522751737026,False,,,49,13
all|q1_nodark|r200|Z1234|union_at_crossing|ovp_date|sameday,all,q1_nodark,200.0,Z1234,union_at_crossing,ovp_date,sameday,19,104,239,-0.6676125816575507,7.063120761228328,68.42105263157895,4,11,4,3.1516172606948167,9.436734583422238,10,5,1.632949428905972,10.735386826520006,10,5,1.632949428905972,10.735386826520006,10,5,1.632949428905972,10.735386826520006,-0.18422515325369204,4.533325470530636,100.0,2,8.018949609555381,1,-8.002566554520385,10,2.160084904113857,2,-7.405522751737026,False,,,49,13
all|q1_nodark|r200|Z1234|union_at_node|ovp_pass|sameday,all,q1_nodark,200.0,Z1234,union_at_node,ovp_pass,sameday,19,104,239,-0.6676125816575507,7.063120761228328,68.42105263157895,4,11,4,3.1516172606948167,9.436734583422238,10,5,1.632949428905972,10.735386826520006,10,5,1.632949428905972,10.735386826520006,10,5,1.632949428905972,10.735386826520006,-0.18422515325369204,4.533325470530636,100.0,2,8.018949609555381,1,-8.002566554520385,10,2.160084904113857,2,-7.405522751737026,False,,,49,13
all|q1_nodark|r200|Z1234|union_at_node|ovp_date|sameday,all,q1_nodark,200.0,Z1234,union_at_node,ovp_date,sameday,19,104,239,-0.6676125816575507,7.063120761228328,68.42105263157895,4,11,4,3.1516172606948167,9.436734583422238,10,5,1.632949428905972,10.735386826520006,10,5,1.632949428905972,10.735386826520006,10,5,1.632949428905972,10.735386826520006,-0.18422515325369204,4.533325470530636,100.0,2,8.018949609555381,1,-8.002566554520385,10,2.160084904113857,2,-7.405522751737026,False,,,49,13
all|q1_nodark|r200|Z1234|perzone_dedup_ovp_pass|ovp_pass|sameday,all,q1_nodark,200.0,Z1234,perzone_dedup_ovp_pass,ovp_pass,sameday,19,104,239,-0.6676125816575507,7.063120761228328,68.42105263157895,4,11,4,3.1516172606948167,9.436734583422238,10,5,1.632949428905972,10.735386826520006,10,5,1.632949428905972,10.735386826520006,10,5,1.632949428905972,10.735386826520006,-0.18422515325369204,4.533325470530636,100.0,2,8.018949609555381,1,-8.002566554520385,10,2.160084904113857,2,-7.405522751737026,False,,,49,13
all|q1_nodark|r200|Z1234|perzone_dedup_ovp_pass|ovp_pass_reach|sameday,all,q1_nodark,200.0,Z1234,perzone_dedup_ovp_pass,ovp_pass_reach,sameday,19,104,239,-1.5370028540402814,9.585844742331801,68.42105263157895,4,11,4,1.209354908357696,8.412437219879706,10,5,2.1541020832009927,11.706747506501975,10,5,2.1541020832009927,11.706747506501975,10,5,2.1541020832009927,11.706747506501975,-1.3627638686055654,2.786023971149948,100.0,2,8.018949609555381,1,-8.002566554520385,10,0.010415012593423256,2,-8.475776572366511,False,,,49,13
all|q1_nodark|r200|Z123_master|union_at_node|ovp_pass|sameday,all,q1_nodark,200.0,Z123_master,union_at_node,ovp_pass,sameday,19,104,239,-0.6676125816575507,7.063120761228328,68.42105263157895,4,11,4,3.1516172606948167,9.436734583422238,10,5,1.632949428905972,10.735386826520006,10,5,1.632949428905972,10.735386826520006,10,5,1.632949428905972,10.735386826520006,-0.18422515325369204,4.533325470530636,100.0,2,8.018949609555381,1,-8.002566554520385,10,2.160084904113857,2,-7.405522751737026,False,,,49,13
all|q1_nodark|r200|Z123_master|union_at_node|ovp_date|sameday,all,q1_nodark,200.0,Z123_master,union_at_node,ovp_date,sameday,19,104,239,-0.6676125816575507,7.063120761228328,68.42105263157895,4,11,4,3.1516172606948167,9.436734583422238,10,5,1.632949428905972,10.735386826520006,10,5,1.632949428905972,10.735386826520006,10,5,1.632949428905972,10.735386826520006,-0.18422515325369204,4.533325470530636,100.0,2,8.018949609555381,1,-8.002566554520385,10,2.160084904113857,2,-7.405522751737026,False,,,49,13
all|q1_nodark|r200|Z123_master|perzone_dedup_ovp_pass|ovp_pass|sameday,all,q1_nodark,200.0,Z123_master,perzone_dedup_ovp_pass,ovp_pass,sameday,19,104,239,-0.6676125816575507,7.063120761228328,68.42105263157895,4,11,4,3.1516172606948167,9.436734583422238,10,5,1.632949428905972,10.735386826520006,10,5,1.632949428905972,10.735386826520006,10,5,1.632949428905972,10.735386826520006,-0.18422515325369204,4.533325470530636,100.0,2,8.018949609555381,1,-8.002566554520385,10,2.160084904113857,2,-7.405522751737026,False,,,49,13
all|q1_nodark|r200|Z123_master|perzone_dedup_ovp_pass|ovp_pass_reach|sameday,all,q1_nodark,200.0,Z123_master,perzone_dedup_ovp_pass,ovp_pass_reach,sameday,19,104,239,-1.5370028540402814,9.585844742331801,68.42105263157895,4,11,4,1.209354908357696,8.412437219879706,10,5,2.1541020832009927,11.706747506501975,10,5,2.1541020832009927,11.706747506501975,10,5,2.1541020832009927,11.706747506501975,-1.3627638686055654,2.786023971149948,100.0,2,8.018949609555381,1,-8.002566554520385,10,0.010415012593423256,2,-8.475776572366511,False,,,49,13
latest|q1_nodark|r200|Z1234|union_at_crossing|ovp_pass|sameday,latest,q1_nodark,200.0,Z1234,union_at_crossing,ovp_pass,sameday,19,104,239,-0.6676125816575507,7.063120761228328,68.42105263157895,4,11,4,3.1516172606948167,9.436734583422238,10,5,1.632949428905972,11.661220710096352,10,5,1.632949428905972,11.661220710096352,10,5,1.632949428905972,11.661220710096352,-0.18422515325369204,4.533325470530636,100.0,2,7.860996155520006,1,-8.318473462591136,10,2.160084904113857,2,-7.405522751737026,False,,,49,13
latest|q1_nodark|r200|Z1234|union_at_crossing|ovp_date|sameday,latest,q1_nodark,200.0,Z1234,union_at_crossing,ovp_date,sameday,19,104,239,-0.6676125816575507,7.063120761228328,68.42105263157895,4,11,4,3.1516172606948167,9.436734583422238,10,5,1.632949428905972,11.661220710096352,10,5,1.632949428905972,11.661220710096352,10,5,1.632949428905972,11.661220710096352,-0.18422515325369204,4.533325470530636,100.0,2,7.860996155520006,1,-8.318473462591136,10,2.160084904113857,2,-7.405522751737026,False,,,49,13
latest|q1_nodark|r200|Z1234|union_at_node|ovp_pass|sameday,latest,q1_nodark,200.0,Z1234,union_at_node,ovp_pass,sameday,19,104,239,-0.6676125816575507,7.063120761228328,68.42105263157895,4,11,4,3.1516172606948167,9.436734583422238,10,5,1.632949428905972,11.661220710096352,10,5,1.632949428905972,11.661220710096352,10,5,1.632949428905972,11.661220710096352,-0.18422515325369204,4.533325470530636,100.0,2,7.860996155520006,1,-8.318473462591136,10,2.160084904113857,2,-7.405522751737026,False,,,49,13
latest|q1_nodark|r200|Z1234|union_at_node|ovp_date|sameday,latest,q1_nodark,200.0,Z1234,union_at_node,ovp_date,sameday,19,104,239,-0.6676125816575507,7.063120761228328,68.42105263157895,4,11,4,3.1516172606948167,9.436734583422238,10,5,1.632949428905972,11.661220710096352,10,5,1.632949428905972,11.661220710096352,10,5,1.632949428905972,11.661220710096352,-0.18422515325369204,4.533325470530636,100.0,2,7.860996155520006,1,-8.318473462591136,10,2.160084904113857,2,-7.405522751737026,False,,,49,13
latest|q1_nodark|r200|Z1234|perzone_dedup_ovp_pass|ovp_pass|sameday,latest,q1_nodark,200.0,Z1234,perzone_dedup_ovp_pass,ovp_pass,sameday,19,104,239,-0.6676125816575507,7.063120761228328,68.42105263157895,4,11,4,3.1516172606948167,9.436734583422238,10,5,1.632949428905972,11.661220710096352,10,5,1.632949428905972,11.661220710096352,10,5,1.632949428905972,11.661220710096352,-0.18422515325369204,4.533325470530636,100.0,2,7.860996155520006,1,-8.318473462591136,10,2.160084904113857,2,-7.405522751737026,False,,,49,13
latest|q1_nodark|r200|Z1234|perzone_dedup_ovp_pass|ovp_pass_reach|sameday,latest,q1_nodark,200.0,Z1234,perzone_dedup_ovp_pass,ovp_pass_reach,sameday,19,104,239,-1.5370028540402814,10.054208324237496,68.42105263157895,4,11,4,1.209354908357696,9.196483077423967,10,5,2.545107995659457,12.520634663265742,10,5,2.545107995659457,12.520634663265742,10,5,2.545107995659457,12.520634663265742,-1.3627638686055654,2.786023971149948,100.0,2,7.860996155520006,1,-8.318473462591136,10,0.010415012593423256,2,-8.475776572366511,False,,,49,13
latest|q1_nodark|r200|Z123_master|union_at_node|ovp_pass|sameday,latest,q1_nodark,200.0,Z123_master,union_at_node,ovp_pass,sameday,19,104,239,-0.6676125816575507,7.063120761228328,68.42105263157895,4,11,4,3.1516172606948167,9.436734583422238,10,5,1.632949428905972,11.661220710096352,10,5,1.632949428905972,11.661220710096352,10,5,1.632949428905972,11.661220710096352,-0.18422515325369204,4.533325470530636,100.0,2,7.860996155520006,1,-8.318473462591136,10,2.160084904113857,2,-7.405522751737026,False,,,49,13
latest|q1_nodark|r200|Z123_master|union_at_node|ovp_date|sameday,latest,q1_nodark,200.0,Z123_master,union_at_node,ovp_date,sameday,19,104,239,-0.6676125816575507,7.063120761228328,68.42105263157895,4,11,4,3.1516172606948167,9.436734583422238,10,5,1.632949428905972,11.661220710096352,10,5,1.632949428905972,11.661220710096352,10,5,1.632949428905972,11.661220710096352,-0.18422515325369204,4.533325470530636,100.0,2,7.860996155520006,1,-8.318473462591136,10,2.160084904113857,2,-7.405522751737026,False,,,49,13
latest|q1_nodark|r200|Z123_master|perzone_dedup_ovp_pass|ovp_pass|sameday,latest,q1_nodark,200.0,Z123_master,perzone_dedup_ovp_pass,ovp_pass,sameday,19,104,239,-0.6676125816575507,7.063120761228328,68.42105263157895,4,11,4,3.1516172606948167,9.436734583422238,10,5,1.632949428905972,11.661220710096352,10,5,1.632949428905972,11.661220710096352,10,5,1.632949428905972,11.661220710096352,-0.18422515325369204,4.533325470530636,100.0,2,7.860996155520006,1,-8.318473462591136,10,2.160084904113857,2,-7.405522751737026,False,,,49,13
latest|q1_nodark|r200|Z123_master|perzone_dedup_ovp_pass|ovp_pass_reach|sameday,latest,q1_nodark,200.0,Z123_master,perzone_dedup_ovp_pass,ovp_pass_reach,sameday,19,104,239,-1.5370028540402814,10.054208324237496,68.42105263157895,4,11,4,1.209354908357696,9.196483077423967,10,5,2.545107995659457,12.520634663265742,10,5,2.545107995659457,12.520634663265742,10,5,2.545107995659457,12.520634663265742,-1.3627638686055654,2.786023971149948,100.0,2,7.860996155520006,1,-8.318473462591136,10,0.010415012593423256,2,-8.475776572366511,False,,,49,13
all|q1_dark|r500|Z1234|union_at_crossing|ovp_pass|sameday,all,q1_dark,500.0,Z1234,union_at_crossing,ovp_pass,sameday,18,99,235,0.15842163460995096,8.321278807759402,66.66666666666666,4,10,4,3.2929960253714086,12.625538499999783,9,5,4.202603766000124,15.879998578693009,9,5,4.202603766000124,15.879998578693009,9,5,4.202603766000124,15.879998578693009,-2.279063109368362,4.362807596614568,100.0,2,8.239860179611558,2,8.239860179611558,9,2.3833882847426935,1,-13.582741721467162,False,,,49,14
all|q1_dark|r500|Z1234|union_at_crossing|ovp_date|sameday,all,q1_dark,500.0,Z1234,union_at_crossing,ovp_date,sameday,18,99,235,0.15842163460995096,8.321278807759402,66.66666666666666,4,10,4,3.2929960253714086,12.625538499999783,9,5,4.202603766000124,15.879998578693009,9,5,4.202603766000124,15.879998578693009,9,5,4.202603766000124,15.879998578693009,-2.279063109368362,4.362807596614568,100.0,2,8.239860179611558,2,8.239860179611558,9,2.3833882847426935,1,-13.582741721467162,False,,,49,14
all|q1_dark|r500|Z1234|union_at_node|ovp_pass|sameday,all,q1_dark,500.0,Z1234,union_at_node,ovp_pass,sameday,18,99,235,0.15842163460995096,8.321278807759402,66.66666666666666,4,10,4,3.2929960253714086,12.625538499999783,9,5,4.202603766000124,15.879998578693009,9,5,4.202603766000124,15.879998578693009,9,5,4.202603766000124,15.879998578693009,-2.279063109368362,4.362807596614568,100.0,2,8.239860179611558,2,8.239860179611558,9,2.3833882847426935,1,-13.582741721467162,False,,,49,14
all|q1_dark|r500|Z1234|union_at_node|ovp_date|sameday,all,q1_dark,500.0,Z1234,union_at_node,ovp_date,sameday,18,99,235,0.15842163460995096,8.321278807759402,66.66666666666666,4,10,4,3.2929960253714086,12.625538499999783,9,5,4.202603766000124,15.879998578693009,9,5,4.202603766000124,15.879998578693009,9,5,4.202603766000124,15.879998578693009,-2.279063109368362,4.362807596614568,100.0,2,8.239860179611558,2,8.239860179611558,9,2.3833882847426935,1,-13.582741721467162,False,,,49,14
all|q1_dark|r500|Z1234|perzone_dedup_ovp_pass|ovp_pass|sameday,all,q1_dark,500.0,Z1234,perzone_dedup_ovp_pass,ovp_pass,sameday,18,99,235,0.15842163460995096,8.321278807759402,66.66666666666666,4,10,4,3.2929960253714086,12.625538499999783,9,5,4.202603766000124,15.879998578693009,9,5,4.202603766000124,15.879998578693009,9,5,4.202603766000124,15.879998578693009,-2.279063109368362,4.362807596614568,100.0,2,8.239860179611558,2,8.239860179611558,9,2.3833882847426935,1,-13.582741721467162,False,,,49,14
all|q1_dark|r500|Z1234|perzone_dedup_ovp_pass|ovp_pass_reach|sameday,all,q1_dark,500.0,Z1234,perzone_dedup_ovp_pass,ovp_pass_reach,sameday,18,99,235,-0.32342928307986796,7.26223030746989,66.66666666666666,4,10,4,2.481153856150975,11.152422725545778,9,5,2.5789194275592564,13.47272417852058,9,5,2.5789194275592564,13.47272417852058,9,5,2.5789194275592564,13.47272417852058,-3.59187697362211,2.416429761471962,100.0,2,8.239860179611558,2,8.239860179611558,9,2.3833882847426935,1,-13.582741721467162,False,,,49,14
all|q1_dark|r500|Z123_master|union_at_node|ovp_pass|sameday,all,q1_dark,500.0,Z123_master,union_at_node,ovp_pass,sameday,18,99,235,0.15842163460995096,8.321278807759402,66.66666666666666,4,10,4,3.2929960253714086,12.625538499999783,9,5,4.202603766000124,15.879998578693009,9,5,4.202603766000124,15.879998578693009,9,5,4.202603766000124,15.879998578693009,-2.279063109368362,4.362807596614568,100.0,2,8.239860179611558,2,8.239860179611558,9,2.3833882847426935,1,-13.582741721467162,False,,,49,14
all|q1_dark|r500|Z123_master|union_at_node|ovp_date|sameday,all,q1_dark,500.0,Z123_master,union_at_node,ovp_date,sameday,18,99,235,0.15842163460995096,8.321278807759402,66.66666666666666,4,10,4,3.2929960253714086,12.625538499999783,9,5,4.202603766000124,15.879998578693009,9,5,4.202603766000124,15.879998578693009,9,5,4.202603766000124,15.879998578693009,-2.279063109368362,4.362807596614568,100.0,2,8.239860179611558,2,8.239860179611558,9,2.3833882847426935,1,-13.582741721467162,False,,,49,14
all|q1_dark|r500|Z123_master|perzone_dedup_ovp_pass|ovp_pass|sameday,all,q1_dark,500.0,Z123_master,perzone_dedup_ovp_pass,ovp_pass,sameday,18,99,235,0.15842163460995096,8.321278807759402,66.66666666666666,4,10,4,3.2929960253714086,12.625538499999783,9,5,4.202603766000124,15.879998578693009,9,5,4.202603766000124,15.879998578693009,9,5,4.202603766000124,15.879998578693009,-2.279063109368362,4.362807596614568,100.0,2,8.239860179611558,2,8.239860179611558,9,2.3833882847426935,1,-13.582741721467162,False,,,49,14
all|q1_dark|r500|Z123_master|perzone_dedup_ovp_pass|ovp_pass_reach|sameday,all,q1_dark,500.0,Z123_master,perzone_dedup_ovp_pass,ovp_pass_reach,sameday,18,99,235,-0.32342928307986796,7.26223030746989,66.66666666666666,4,10,4,2.481153856150975,11.152422725545778,9,5,2.5789194275592564,13.47272417852058,9,5,2.5789194275592564,13.47272417852058,9,5,2.5789194275592564,13.47272417852058,-3.59187697362211,2.416429761471962,100.0,2,8.239860179611558,2,8.239860179611558,9,2.3833882847426935,1,-13.582741721467162,False,,,49,14
latest|q1_dark|r500|Z1234|union_at_crossing|ovp_pass|sameday,latest,q1_dark,500.0,Z1234,union_at_crossing,ovp_pass,sameday,18,99,235,0.15842163460995096,8.80451086875968,66.66666666666666,4,10,4,3.2929960253714086,12.857570998390324,9,5,4.202603766000124,16.344063575474095,9,5,4.202603766000124,16.344063575474095,9,5,4.202603766000124,16.344063575474095,-2.279063109368362,4.362807596614568,100.0,2,8.08335640354887,2,8.08335640354887,9,2.3833882847426935,1,-13.582741721467162,False,,,49,14
latest|q1_dark|r500|Z1234|union_at_crossing|ovp_date|sameday,latest,q1_dark,500.0,Z1234,union_at_crossing,ovp_date,sameday,18,99,235,0.15842163460995096,8.80451086875968,66.66666666666666,4,10,4,3.2929960253714086,12.857570998390324,9,5,4.202603766000124,16.344063575474095,9,5,4.202603766000124,16.344063575474095,9,5,4.202603766000124,16.344063575474095,-2.279063109368362,4.362807596614568,100.0,2,8.08335640354887,2,8.08335640354887,9,2.3833882847426935,1,-13.582741721467162,False,,,49,14
latest|q1_dark|r500|Z1234|union_at_node|ovp_pass|sameday,latest,q1_dark,500.0,Z1234,union_at_node,ovp_pass,sameday,18,99,235,0.15842163460995096,8.80451086875968,66.66666666666666,4,10,4,3.2929960253714086,12.857570998390324,9,5,4.202603766000124,16.344063575474095,9,5,4.202603766000124,16.344063575474095,9,5,4.202603766000124,16.344063575474095,-2.279063109368362,4.362807596614568,100.0,2,8.08335640354887,2,8.08335640354887,9,2.3833882847426935,1,-13.582741721467162,False,,,49,14
latest|q1_dark|r500|Z1234|union_at_node|ovp_date|sameday,latest,q1_dark,500.0,Z1234,union_at_node,ovp_date,sameday,18,99,235,0.15842163460995096,8.80451086875968,66.66666666666666,4,10,4,3.2929960253714086,12.857570998390324,9,5,4.202603766000124,16.344063575474095,9,5,4.202603766000124,16.344063575474095,9,5,4.202603766000124,16.344063575474095,-2.279063109368362,4.362807596614568,100.0,2,8.08335640354887,2,8.08335640354887,9,2.3833882847426935,1,-13.582741721467162,False,,,49,14
latest|q1_dark|r500|Z1234|perzone_dedup_ovp_pass|ovp_pass|sameday,latest,q1_dark,500.0,Z1234,perzone_dedup_ovp_pass,ovp_pass,sameday,18,99,235,0.15842163460995096,8.80451086875968,66.66666666666666,4,10,4,3.2929960253714086,12.857570998390324,9,5,4.202603766000124,16.344063575474095,9,5,4.202603766000124,16.344063575474095,9,5,4.202603766000124,16.344063575474095,-2.279063109368362,4.362807596614568,100.0,2,8.08335640354887,2,8.08335640354887,9,2.3833882847426935,1,-13.582741721467162,False,,,49,14
latest|q1_dark|r500|Z1234|perzone_dedup_ovp_pass|ovp_pass_reach|sameday,latest,q1_dark,500.0,Z1234,perzone_dedup_ovp_pass,ovp_pass_reach,sameday,18,99,235,-0.32342928307986796,8.80451086875968,66.66666666666666,4,10,4,2.481153856150975,11.38445522393632,9,5,2.5789194275592564,13.936789175301664,9,5,2.5789194275592564,13.936789175301664,9,5,2.5789194275592564,13.936789175301664,-3.59187697362211,2.416429761471962,100.0,2,8.08335640354887,2,8.08335640354887,9,2.3833882847426935,1,-13.582741721467162,False,,,49,14
latest|q1_dark|r500|Z123_master|union_at_node|ovp_pass|sameday,latest,q1_dark,500.0,Z123_master,union_at_node,ovp_pass,sameday,18,99,235,0.15842163460995096,8.80451086875968,66.66666666666666,4,10,4,3.2929960253714086,12.857570998390324,9,5,4.202603766000124,16.344063575474095,9,5,4.202603766000124,16.344063575474095,9,5,4.202603766000124,16.344063575474095,-2.279063109368362,4.362807596614568,100.0,2,8.08335640354887,2,8.08335640354887,9,2.3833882847426935,1,-13.582741721467162,False,,,49,14
latest|q1_dark|r500|Z123_master|union_at_node|ovp_date|sameday,latest,q1_dark,500.0,Z123_master,union_at_node,ovp_date,sameday,18,99,235,0.15842163460995096,8.80451086875968,66.66666666666666,4,10,4,3.2929960253714086,12.857570998390324,9,5,4.202603766000124,16.344063575474095,9,5,4.202603766000124,16.344063575474095,9,5,4.202603766000124,16.344063575474095,-2.279063109368362,4.362807596614568,100.0,2,8.08335640354887,2,8.08335640354887,9,2.3833882847426935,1,-13.582741721467162,False,,,49,14
latest|q1_dark|r500|Z123_master|perzone_dedup_ovp_pass|ovp_pass|sameday,latest,q1_dark,500.0,Z123_master,perzone_dedup_ovp_pass,ovp_pass,sameday,18,99,235,0.15842163460995096,8.80451086875968,66.66666666666666,4,10,4,3.2929960253714086,12.857570998390324,9,5,4.202603766000124,16.344063575474095,9,5,4.202603766000124,16.344063575474095,9,5,4.202603766000124,16.344063575474095,-2.279063109368362,4.362807596614568,100.0,2,8.08335640354887,2,8.08335640354887,9,2.3833882847426935,1,-13.582741721467162,False,,,49,14
latest|q1_dark|r500|Z123_master|perzone_dedup_ovp_pass|ovp_pass_reach|sameday,latest,q1_dark,500.0,Z123_master,perzone_dedup_ovp_pass,ovp_pass_reach,sameday,18,99,235,-0.32342928307986796,8.80451086875968,66.66666666666666,4,10,4,2.481153856150975,11.38445522393632,9,5,2.5789194275592564,13.936789175301664,9,5,2.5789194275592564,13.936789175301664,9,5,2.5789194275592564,13.936789175301664,-3.59187697362211,2.416429761471962,100.0,2,8.08335640354887,2,8.08335640354887,9,2.3833882847426935,1,-13.582741721467162,False,,,49,14
all|q1_nodark|r200|Z123_master|perzone_concat|ovp_pass|cal1,all,q1_nodark,200.0,Z123_master,perzone_concat,ovp_pass,cal1,54,79,259,0.9709060301513972,8.481446882831149,61.111111111111114,12,31,11,1.7005919191761976,7.844346536349681,29,13,0.7732595127698971,7.096298570068472,28,14,0.3617989814777012,6.8862393136409406,28,14,0.3617989814777012,6.8862393136409406,3.8326100442837685,8.051706711949132,75.0,3,14.88283438533049,1,-8.002566554520385,28,2.8450067518823285,3,-1.3409076711411672,False,,,49,22
all|q1_nodark|r200|Z123_master|perzone_concat|ovp_date|cal1,all,q1_nodark,200.0,Z123_master,perzone_concat,ovp_date,cal1,54,79,259,0.9709060301513972,8.481446882831149,61.111111111111114,12,31,11,1.7005919191761976,7.844346536349681,29,13,0.7732595127698971,7.096298570068472,28,14,0.3617989814777012,6.8862393136409406,28,14,0.3617989814777012,6.8862393136409406,3.8326100442837685,8.051706711949132,75.0,3,14.88283438533049,1,-8.002566554520385,28,2.8450067518823285,3,-1.3409076711411672,False,,,49,22
latest|q1_nodark|r200|Z123_master|perzone_concat|ovp_pass|cal1,latest,q1_nodark,200.0,Z123_master,perzone_concat,ovp_pass,cal1,54,79,259,0.9709060301513972,8.891372676349473,61.111111111111114,12,31,11,1.7005919191761976,7.844346536349681,29,13,0.7732595127698971,7.096298570068472,28,14,0.3617989814777012,6.8862393136409406,28,14,0.3617989814777012,6.8862393136409406,3.8326100442837685,8.051706711949132,75.0,3,14.88283438533049,1,-8.318473462591136,28,2.8450067518823285,3,-1.3409076711411672,False,,,49,22
latest|q1_nodark|r200|Z123_master|perzone_concat|ovp_date|cal1,latest,q1_nodark,200.0,Z123_master,perzone_concat,ovp_date,cal1,54,79,259,0.9709060301513972,8.891372676349473,61.111111111111114,12,31,11,1.7005919191761976,7.844346536349681,29,13,0.7732595127698971,7.096298570068472,28,14,0.3617989814777012,6.8862393136409406,28,14,0.3617989814777012,6.8862393136409406,3.8326100442837685,8.051706711949132,75.0,3,14.88283438533049,1,-8.318473462591136,28,2.8450067518823285,3,-1.3409076711411672,False,,,49,22
all|q2_dark|r500|Z123_master|perzone_dedup_exact|ovp_pass|h24,all,q2_dark,500.0,Z123_master,perzone_dedup_exact,ovp_pass,h24,37,80,276,0.2979627976816168,8.969732662757227,56.75675675675676,8,22,7,2.906450879792555,11.941824456197368,21,8,3.7160407192933675,12.63783391032679,21,8,3.7160407192933675,12.63783391032679,21,8,3.7160407192933675,12.63783391032679,-0.21679856889877946,7.420321004314771,87.5,3,14.809690147672327,2,8.239860179611558,20,1.1974119189866794,2,-1.1407513502478484,False,,,50,5
all|q2_dark|r500|Z123_master|perzone_dedup_exact|ovp_date|h24,all,q2_dark,500.0,Z123_master,perzone_dedup_exact,ovp_date,h24,37,80,276,0.2979627976816168,8.969732662757227,56.75675675675676,8,22,7,2.906450879792555,11.941824456197368,21,8,3.7160407192933675,12.63783391032679,21,8,3.7160407192933675,12.63783391032679,21,8,3.7160407192933675,12.63783391032679,-0.21679856889877946,7.420321004314771,87.5,3,14.809690147672327,2,8.239860179611558,20,1.1974119189866794,2,-1.1407513502478484,False,,,50,5
latest|q2_dark|r500|Z123_master|perzone_dedup_exact|ovp_pass|h24,latest,q2_dark,500.0,Z123_master,perzone_dedup_exact,ovp_pass,h24,37,80,276,0.2979627976816168,8.969732662757227,56.75675675675676,8,22,7,2.906450879792555,11.941824456197368,21,8,3.7160407192933675,12.63783391032679,21,8,3.7160407192933675,12.63783391032679,21,8,3.7160407192933675,12.63783391032679,-0.21679856889877946,7.420321004314771,87.5,3,14.809690147672327,2,8.08335640354887,20,1.1974119189866794,2,-1.1407513502478484,False,,,50,5
latest|q2_dark|r500|Z123_master|perzone_dedup_exact|ovp_date|h24,latest,q2_dark,500.0,Z123_master,perzone_dedup_exact,ovp_date,h24,37,80,276,0.2979627976816168,8.969732662757227,56.75675675675676,8,22,7,2.906450879792555,11.941824456197368,21,8,3.7160407192933675,12.63783391032679,21,8,3.7160407192933675,12.63783391032679,21,8,3.7160407192933675,12.63783391032679,-0.21679856889877946,7.420321004314771,87.5,3,14.809690147672327,2,8.08335640354887,20,1.1974119189866794,2,-1.1407513502478484,False,,,50,5
all|q1_dark|r500|Z123_master|union_at_crossing|ovp_pass|sameday,all,q1_dark,500.0,Z123_master,union_at_crossing,ovp_pass,sameday,18,99,234,0.15842163460995096,8.321278807759402,66.66666666666666,4,10,4,3.2929960253714086,12.625538499999783,9,5,4.202603766000124,15.879998578693009,9,5,4.202603766000124,15.879998578693009,9,5,4.202603766000124,15.879998578693009,-2.279063109368362,4.362807596614568,100.0,2,8.239860179611558,2,8.239860179611558,9,2.3833882847426935,1,-13.582741721467162,False,,,50,14
all|q1_dark|r500|Z123_master|union_at_crossing|ovp_date|sameday,all,q1_dark,500.0,Z123_master,union_at_crossing,ovp_date,sameday,18,99,234,0.15842163460995096,8.321278807759402,66.66666666666666,4,10,4,3.2929960253714086,12.625538499999783,9,5,4.202603766000124,15.879998578693009,9,5,4.202603766000124,15.879998578693009,9,5,4.202603766000124,15.879998578693009,-2.279063109368362,4.362807596614568,100.0,2,8.239860179611558,2,8.239860179611558,9,2.3833882847426935,1,-13.582741721467162,False,,,50,14
latest|q1_dark|r500|Z123_master|union_at_crossing|ovp_pass|sameday,latest,q1_dark,500.0,Z123_master,union_at_crossing,ovp_pass,sameday,18,99,234,0.15842163460995096,8.80451086875968,66.66666666666666,4,10,4,3.2929960253714086,12.857570998390324,9,5,4.202603766000124,16.344063575474095,9,5,4.202603766000124,16.344063575474095,9,5,4.202603766000124,16.344063575474095,-2.279063109368362,4.362807596614568,100.0,2,8.08335640354887,2,8.08335640354887,9,2.3833882847426935,1,-13.582741721467162,False,,,50,14
latest|q1_dark|r500|Z123_master|union_at_crossing|ovp_date|sameday,latest,q1_dark,500.0,Z123_master,union_at_crossing,ovp_date,sameday,18,99,234,0.15842163460995096,8.80451086875968,66.66666666666666,4,10,4,3.2929960253714086,12.857570998390324,9,5,4.202603766000124,16.344063575474095,9,5,4.202603766000124,16.344063575474095,9,5,4.202603766000124,16.344063575474095,-2.279063109368362,4.362807596614568,100.0,2,8.08335640354887,2,8.08335640354887,9,2.3833882847426935,1,-13.582741721467162,False,,,50,14
all|q1_nodark|r200|Z1234|perzone_dedup_exact|ovp_pass|h24,all,q1_nodark,200.0,Z1234,perzone_dedup_exact,ovp_pass,h24,36,79,280,2.341391169799767,8.587422729318952,66.66666666666666,8,21,7,3.1516172606948167,8.899996241867717,19,9,1.7005919191761976,8.471161595806453,19,9,1.7005919191761976,8.471161595806453,19,9,1.7005919191761976,8.471161595806453,3.8326100442837685,5.048362516324993,87.5,3,14.88283438533049,1,-8.002566554520385,19,3.1516172606948167,2,-7.405522751737026,False,,,52,4
all|q1_nodark|r200|Z1234|perzone_dedup_exact|ovp_date|h24,all,q1_nodark,200.0,Z1234,perzone_dedup_exact,ovp_date,h24,36,79,280,2.341391169799767,8.587422729318952,66.66666666666666,8,21,7,3.1516172606948167,8.899996241867717,19,9,1.7005919191761976,8.471161595806453,19,9,1.7005919191761976,8.471161595806453,19,9,1.7005919191761976,8.471161595806453,3.8326100442837685,5.048362516324993,87.5,3,14.88283438533049,1,-8.002566554520385,19,3.1516172606948167,2,-7.405522751737026,False,,,52,4
latest|q1_nodark|r200|Z1234|perzone_dedup_exact|ovp_pass|h24,latest,q1_nodark,200.0,Z1234,perzone_dedup_exact,ovp_pass,h24,36,79,280,2.341391169799767,8.587422729318952,66.66666666666666,8,21,7,3.1516172606948167,8.899996241867717,19,9,1.7005919191761976,8.471161595806453,19,9,1.7005919191761976,8.471161595806453,19,9,1.7005919191761976,8.471161595806453,3.8326100442837685,5.048362516324993,87.5,3,14.88283438533049,1,-8.318473462591136,19,3.1516172606948167,2,-7.405522751737026,False,,,52,4
latest|q1_nodark|r200|Z1234|perzone_dedup_exact|ovp_date|h24,latest,q1_nodark,200.0,Z1234,perzone_dedup_exact,ovp_date,h24,36,79,280,2.341391169799767,8.587422729318952,66.66666666666666,8,21,7,3.1516172606948167,8.899996241867717,19,9,1.7005919191761976,8.471161595806453,19,9,1.7005919191761976,8.471161595806453,19,9,1.7005919191761976,8.471161595806453,3.8326100442837685,5.048362516324993,87.5,3,14.88283438533049,1,-8.318473462591136,19,3.1516172606948167,2,-7.405522751737026,False,,,52,4
all|q2_dark|r200|Z14|perzone_concat|ovp_pass|sameday,all,q2_dark,200.0,Z14,perzone_concat,ovp_pass,sameday,20,109,238,1.1685525475328973,6.905081454052546,60.0,4,14,2,0.8228341429722619,5.9840807330867785,12,4,-1.2109574796049571,8.58984651425091,12,4,-1.2109574796049571,8.58984651425091,12,4,-1.2109574796049571,8.58984651425091,-8.737954093808842,14.687386746453262,50.0,2,8.018949609555381,1,-8.002566554520385,19,1.1685525475328973,2,-13.470137832332885,False,,,54,12
all|q2_dark|r200|Z14|perzone_concat|ovp_date|sameday,all,q2_dark,200.0,Z14,perzone_concat,ovp_date,sameday,20,109,238,1.1685525475328973,6.905081454052546,60.0,4,14,2,0.8228341429722619,5.9840807330867785,12,4,-1.2109574796049571,8.58984651425091,12,4,-1.2109574796049571,8.58984651425091,12,4,-1.2109574796049571,8.58984651425091,-8.737954093808842,14.687386746453262,50.0,2,8.018949609555381,1,-8.002566554520385,19,1.1685525475328973,2,-13.470137832332885,False,,,54,12
latest|q2_dark|r200|Z14|perzone_concat|ovp_pass|sameday,latest,q2_dark,200.0,Z14,perzone_concat,ovp_pass,sameday,20,109,238,1.1685525475328973,7.876809748635595,60.0,4,14,2,0.8228341429722619,5.9840807330867785,12,4,-1.2109574796049571,8.824028305203758,12,4,-1.2109574796049571,8.824028305203758,12,4,-1.2109574796049571,8.824028305203758,-8.737954093808842,14.687386746453262,50.0,2,7.860996155520006,1,-8.318473462591136,19,1.1685525475328973,2,-13.470137832332885,False,,,54,12
latest|q2_dark|r200|Z14|perzone_concat|ovp_date|sameday,latest,q2_dark,200.0,Z14,perzone_concat,ovp_date,sameday,20,109,238,1.1685525475328973,7.876809748635595,60.0,4,14,2,0.8228341429722619,5.9840807330867785,12,4,-1.2109574796049571,8.824028305203758,12,4,-1.2109574796049571,8.824028305203758,12,4,-1.2109574796049571,8.824028305203758,-8.737954093808842,14.687386746453262,50.0,2,7.860996155520006,1,-8.318473462591136,19,1.1685525475328973,2,-13.470137832332885,False,,,54,12
all|q1_nodark|r200|Z123_master|union_at_crossing|ovp_pass|sameday,all,q1_nodark,200.0,Z123_master,union_at_crossing,ovp_pass,sameday,19,104,234,-0.6676125816575507,7.063120761228328,68.42105263157895,4,11,4,3.1516172606948167,9.436734583422238,10,5,1.632949428905972,10.735386826520006,10,5,1.632949428905972,10.735386826520006,10,5,1.632949428905972,10.735386826520006,-0.18422515325369204,4.533325470530636,100.0,2,8.018949609555381,1,-8.002566554520385,10,2.160084904113857,2,-7.405522751737026,False,,,54,13
all|q1_nodark|r200|Z123_master|union_at_crossing|ovp_date|sameday,all,q1_nodark,200.0,Z123_master,union_at_crossing,ovp_date,sameday,19,104,234,-0.6676125816575507,7.063120761228328,68.42105263157895,4,11,4,3.1516172606948167,9.436734583422238,10,5,1.632949428905972,10.735386826520006,10,5,1.632949428905972,10.735386826520006,10,5,1.632949428905972,10.735386826520006,-0.18422515325369204,4.533325470530636,100.0,2,8.018949609555381,1,-8.002566554520385,10,2.160084904113857,2,-7.405522751737026,False,,,54,13
all|q1_nodark|r500|Z14|perzone_concat|ovp_pass|sameday,all,q1_nodark,500.0,Z14,perzone_concat,ovp_pass,sameday,19,108,244,2.3833882847426935,6.079424343141576,63.1578947368421,4,13,2,0.1835354489617913,5.958670686841031,11,4,0.1835354489617913,5.958670686841031,11,4,0.1835354489617913,5.958670686841031,11,4,0.1835354489617913,5.958670686841031,11.029783648332092,16.086893899097834,50.0,2,8.239860179611558,2,8.239860179611558,19,2.3833882847426935,4,-7.649934489555266,False,,,54,13
all|q1_nodark|r500|Z14|perzone_concat|ovp_date|sameday,all,q1_nodark,500.0,Z14,perzone_concat,ovp_date,sameday,19,108,244,2.3833882847426935,6.079424343141576,63.1578947368421,4,13,2,0.1835354489617913,5.958670686841031,11,4,0.1835354489617913,5.958670686841031,11,4,0.1835354489617913,5.958670686841031,11,4,0.1835354489617913,5.958670686841031,11.029783648332092,16.086893899097834,50.0,2,8.239860179611558,2,8.239860179611558,19,2.3833882847426935,4,-7.649934489555266,False,,,54,13
latest|q1_nodark|r200|Z123_master|union_at_crossing|ovp_pass|sameday,latest,q1_nodark,200.0,Z123_master,union_at_crossing,ovp_pass,sameday,19,104,234,-0.6676125816575507,7.063120761228328,68.42105263157895,4,11,4,3.1516172606948167,9.436734583422238,10,5,1.632949428905972,11.661220710096352,10,5,1.632949428905972,11.661220710096352,10,5,1.632949428905972,11.661220710096352,-0.18422515325369204,4.533325470530636,100.0,2,7.860996155520006,1,-8.318473462591136,10,2.160084904113857,2,-7.405522751737026,False,,,54,13
latest|q1_nodark|r200|Z123_master|union_at_crossing|ovp_date|sameday,latest,q1_nodark,200.0,Z123_master,union_at_crossing,ovp_date,sameday,19,104,234,-0.6676125816575507,7.063120761228328,68.42105263157895,4,11,4,3.1516172606948167,9.436734583422238,10,5,1.632949428905972,11.661220710096352,10,5,1.632949428905972,11.661220710096352,10,5,1.632949428905972,11.661220710096352,-0.18422515325369204,4.533325470530636,100.0,2,7.860996155520006,1,-8.318473462591136,10,2.160084904113857,2,-7.405522751737026,False,,,54,13
latest|q1_nodark|r500|Z14|perzone_concat|ovp_pass|sameday,latest,q1_nodark,500.0,Z14,perzone_concat,ovp_pass,sameday,19,108,244,2.3833882847426935,6.079424343141576,63.1578947368421,4,13,2,0.1835354489617913,5.958670686841031,11,4,0.1835354489617913,5.958670686841031,11,4,0.1835354489617913,5.958670686841031,11,4,0.1835354489617913,5.958670686841031,11.029783648332092,16.086893899097834,50.0,2,8.08335640354887,2,8.08335640354887,19,2.3833882847426935,4,-7.649934489555266,False,,,54,13
latest|q1_nodark|r500|Z14|perzone_concat|ovp_date|sameday,latest,q1_nodark,500.0,Z14,perzone_concat,ovp_date,sameday,19,108,244,2.3833882847426935,6.079424343141576,63.1578947368421,4,13,2,0.1835354489617913,5.958670686841031,11,4,0.1835354489617913,5.958670686841031,11,4,0.1835354489617913,5.958670686841031,11,4,0.1835354489617913,5.958670686841031,11.029783648332092,16.086893899097834,50.0,2,8.08335640354887,2,8.08335640354887,19,2.3833882847426935,4,-7.649934489555266,False,,,54,13
all|q1_dark|r200|Z1234|perzone_dedup_exact|ovp_pass|cal1,all,q1_dark,200.0,Z1234,perzone_dedup_exact,ovp_pass,cal1,50,81,266,2.2580215137766757,8.80568323634248,64.0,10,31,9,3.128110303795495,7.650581179298712,27,13,1.977646784483511,8.255108079654304,26,14,1.8391193518298543,8.36313483773038,26,14,1.8391193518298543,8.36313483773038,2.0700376970228085,7.256395757360383,80.0,3,14.88283438533049,1,-8.002566554520385,27,3.1516172606948167,3,-0.049661549814494776,False,,,54,18
all|q1_dark|r200|Z1234|perzone_dedup_exact|ovp_date|cal1,all,q1_dark,200.0,Z1234,perzone_dedup_exact,ovp_date,cal1,50,81,266,2.2580215137766757,8.80568323634248,64.0,10,31,9,3.128110303795495,7.650581179298712,27,13,1.977646784483511,8.255108079654304,26,14,1.8391193518298543,8.36313483773038,26,14,1.8391193518298543,8.36313483773038,2.0700376970228085,7.256395757360383,80.0,3,14.88283438533049,1,-8.002566554520385,27,3.1516172606948167,3,-0.049661549814494776,False,,,54,18
latest|q1_dark|r200|Z1234|perzone_dedup_exact|ovp_pass|cal1,latest,q1_dark,200.0,Z1234,perzone_dedup_exact,ovp_pass,cal1,50,81,266,2.2580215137766757,8.80568323634248,64.0,10,31,9,3.128110303795495,7.650581179298712,27,13,1.977646784483511,8.255108079654304,26,14,1.8391193518298543,8.469668340495454,26,14,1.8391193518298543,8.469668340495454,2.0700376970228085,7.256395757360383,80.0,3,14.88283438533049,1,-8.318473462591136,27,3.1516172606948167,3,-0.049661549814494776,False,,,54,18
latest|q1_dark|r200|Z1234|perzone_dedup_exact|ovp_date|cal1,latest,q1_dark,200.0,Z1234,perzone_dedup_exact,ovp_date,cal1,50,81,266,2.2580215137766757,8.80568323634248,64.0,10,31,9,3.128110303795495,7.650581179298712,27,13,1.977646784483511,8.255108079654304,26,14,1.8391193518298543,8.469668340495454,26,14,1.8391193518298543,8.469668340495454,2.0700376970228085,7.256395757360383,80.0,3,14.88283438533049,1,-8.318473462591136,27,3.1516172606948167,3,-0.049661549814494776,False,,,54,18
all|q1_dark|r500|Z123_master|perzone_dedup_exact|ovp_pass|sameday,all,q1_dark,500.0,Z123_master,perzone_dedup_exact,ovp_pass,sameday,19,104,249,0.1333078202581106,7.8424749399735925,68.42105263157895,4,11,4,2.3833882847426935,10.662043410861962,10,5,2.1930696074809575,11.640270087613104,10,5,2.1930696074809575,11.640270087613104,10,5,2.1930696074809575,11.640270087613104,-2.279063109368362,4.362807596614568,100.0,2,8.239860179611558,2,8.239860179611558,10,1.2834618668522424,1,-13.582741721467162,False,,,55,13
all|q1_dark|r500|Z123_master|perzone_dedup_exact|ovp_date|sameday,all,q1_dark,500.0,Z123_master,perzone_dedup_exact,ovp_date,sameday,19,104,249,0.1333078202581106,7.8424749399735925,68.42105263157895,4,11,4,2.3833882847426935,10.662043410861962,10,5,2.1930696074809575,11.640270087613104,10,5,2.1930696074809575,11.640270087613104,10,5,2.1930696074809575,11.640270087613104,-2.279063109368362,4.362807596614568,100.0,2,8.239860179611558,2,8.239860179611558,10,1.2834618668522424,1,-13.582741721467162,False,,,55,13
all|q2_dark|r200|Z123_master|union_at_crossing|ovp_pass|sameday,all,q2_dark,200.0,Z123_master,union_at_crossing,ovp_pass,sameday,19,109,244,1.1685525475328973,9.066650941061273,68.42105263157895,4,12,3,3.3008170743094034,13.208167397595133,11,4,2.856625765549481,16.099838533735582,11,4,2.856625765549481,16.099838533735582,11,4,2.856625765549481,16.099838533735582,-0.18422515325369204,4.533325470530636,100.0,2,8.018949609555381,1,-8.002566554520385,11,2.856625765549481,1,-13.470137832332885,False,,,55,13
all|q2_dark|r200|Z123_master|union_at_crossing|ovp_date|sameday,all,q2_dark,200.0,Z123_master,union_at_crossing,ovp_date,sameday,19,109,244,1.1685525475328973,9.066650941061273,68.42105263157895,4,12,3,3.3008170743094034,13.208167397595133,11,4,2.856625765549481,16.099838533735582,11,4,2.856625765549481,16.099838533735582,11,4,2.856625765549481,16.099838533735582,-0.18422515325369204,4.533325470530636,100.0,2,8.018949609555381,1,-8.002566554520385,11,2.856625765549481,1,-13.470137832332885,False,,,55,13
latest|q1_dark|r500|Z123_master|perzone_dedup_exact|ovp_pass|sameday,latest,q1_dark,500.0,Z123_master,perzone_dedup_exact,ovp_pass,sameday,19,104,249,0.1333078202581106,8.725615193229135,68.42105263157895,4,11,4,2.3833882847426935,10.662043410861962,10,5,2.1930696074809575,11.872302586003643,10,5,2.1930696074809575,11.872302586003643,10,5,2.1930696074809575,11.872302586003643,-2.279063109368362,4.362807596614568,100.0,2,8.08335640354887,2,8.08335640354887,10,1.2834618668522424,1,-13.582741721467162,False,,,55,13
latest|q1_dark|r500|Z123_master|perzone_dedup_exact|ovp_date|sameday,latest,q1_dark,500.0,Z123_master,perzone_dedup_exact,ovp_date,sameday,19,104,249,0.1333078202581106,8.725615193229135,68.42105263157895,4,11,4,2.3833882847426935,10.662043410861962,10,5,2.1930696074809575,11.872302586003643,10,5,2.1930696074809575,11.872302586003643,10,5,2.1930696074809575,11.872302586003643,-2.279063109368362,4.362807596614568,100.0,2,8.08335640354887,2,8.08335640354887,10,1.2834618668522424,1,-13.582741721467162,False,,,55,13
latest|q2_dark|r200|Z123_master|union_at_crossing|ovp_pass|sameday,latest,q2_dark,200.0,Z123_master,union_at_crossing,ovp_pass,sameday,19,109,244,1.1685525475328973,9.256976657582813,68.42105263157895,4,12,3,3.3008170743094034,13.44234918854798,11,4,2.856625765549481,16.568202115641277,11,4,2.856625765549481,16.568202115641277,11,4,2.856625765549481,16.568202115641277,-0.18422515325369204,4.533325470530636,100.0,2,7.860996155520006,1,-8.318473462591136,11,2.856625765549481,1,-13.470137832332885,False,,,55,13
latest|q2_dark|r200|Z123_master|union_at_crossing|ovp_date|sameday,latest,q2_dark,200.0,Z123_master,union_at_crossing,ovp_date,sameday,19,109,244,1.1685525475328973,9.256976657582813,68.42105263157895,4,12,3,3.3008170743094034,13.44234918854798,11,4,2.856625765549481,16.568202115641277,11,4,2.856625765549481,16.568202115641277,11,4,2.856625765549481,16.568202115641277,-0.18422515325369204,4.533325470530636,100.0,2,7.860996155520006,1,-8.318473462591136,11,2.856625765549481,1,-13.470137832332885,False,,,55,13
all|q1_dark|r200|Z1234|union_at_crossing|ovp_pass|sameday,all,q1_dark,200.0,Z1234,union_at_crossing,ovp_pass,sameday,17,98,229,1.1578849736222807,9.05083519598139,70.58823529411765,4,10,3,3.5425643500821558,13.566581908655817,9,4,3.9335114394694948,17.696429233889393,9,4,3.9335114394694948,17.696429233889393,9,4,3.9335114394694948,17.696429233889393,-0.18955894020900033,4.525417597990695,100.0,2,8.018949609555381,1,-8.002566554520385,9,3.1516172606948167,1,-13.470137832332885,False,,,55,15
all|q1_dark|r200|Z1234|union_at_crossing|ovp_date|sameday,all,q1_dark,200.0,Z1234,union_at_crossing,ovp_date,sameday,17,98,229,1.1578849736222807,9.05083519598139,70.58823529411765,4,10,3,3.5425643500821558,13.566581908655817,9,4,3.9335114394694948,17.696429233889393,9,4,3.9335114394694948,17.696429233889393,9,4,3.9335114394694948,17.696429233889393,-0.18955894020900033,4.525417597990695,100.0,2,8.018949609555381,1,-8.002566554520385,9,3.1516172606948167,1,-13.470137832332885,False,,,55,15
all|q1_dark|r200|Z1234|union_at_node|ovp_pass|sameday,all,q1_dark,200.0,Z1234,union_at_node,ovp_pass,sameday,17,98,229,1.1578849736222807,9.05083519598139,70.58823529411765,4,10,3,3.5425643500821558,13.566581908655817,9,4,3.9335114394694948,17.696429233889393,9,4,3.9335114394694948,17.696429233889393,9,4,3.9335114394694948,17.696429233889393,-0.18955894020900033,4.525417597990695,100.0,2,8.018949609555381,1,-8.002566554520385,9,3.1516172606948167,1,-13.470137832332885,False,,,55,15
all|q1_dark|r200|Z1234|union_at_node|ovp_date|sameday,all,q1_dark,200.0,Z1234,union_at_node,ovp_date,sameday,17,98,229,1.1578849736222807,9.05083519598139,70.58823529411765,4,10,3,3.5425643500821558,13.566581908655817,9,4,3.9335114394694948,17.696429233889393,9,4,3.9335114394694948,17.696429233889393,9,4,3.9335114394694948,17.696429233889393,-0.18955894020900033,4.525417597990695,100.0,2,8.018949609555381,1,-8.002566554520385,9,3.1516172606948167,1,-13.470137832332885,False,,,55,15
all|q1_dark|r200|Z1234|perzone_dedup_ovp_pass|ovp_pass|sameday,all,q1_dark,200.0,Z1234,perzone_dedup_ovp_pass,ovp_pass,sameday,17,98,229,1.1578849736222807,9.05083519598139,70.58823529411765,4,10,3,3.5425643500821558,13.566581908655817,9,4,3.9335114394694948,17.696429233889393,9,4,3.9335114394694948,17.696429233889393,9,4,3.9335114394694948,17.696429233889393,-0.18955894020900033,4.525417597990695,100.0,2,8.018949609555381,1,-8.002566554520385,9,3.1516172606948167,1,-13.470137832332885,False,,,55,15
all|q1_dark|r200|Z1234|perzone_dedup_ovp_pass|ovp_pass_reach|sameday,all,q1_dark,200.0,Z1234,perzone_dedup_ovp_pass,ovp_pass_reach,sameday,17,98,229,-1.1885248831708495,10.10249818194282,70.58823529411765,4,10,3,3.655404580642152,13.818282380068966,9,4,6.101454252926608,19.96059500733717,9,4,6.101454252926608,19.96059500733717,9,4,6.101454252926608,19.96059500733717,-1.3627638686055654,2.786023971149948,100.0,2,8.018949609555381,1,-8.002566554520385,9,1.209354908357696,1,-13.470137832332885,False,,,55,15
all|q1_dark|r200|Z123_master|union_at_node|ovp_pass|sameday,all,q1_dark,200.0,Z123_master,union_at_node,ovp_pass,sameday,17,98,229,1.1578849736222807,9.05083519598139,70.58823529411765,4,10,3,3.5425643500821558,13.566581908655817,9,4,3.9335114394694948,17.696429233889393,9,4,3.9335114394694948,17.696429233889393,9,4,3.9335114394694948,17.696429233889393,-0.18955894020900033,4.525417597990695,100.0,2,8.018949609555381,1,-8.002566554520385,9,3.1516172606948167,1,-13.470137832332885,False,,,55,15
all|q1_dark|r200|Z123_master|union_at_node|ovp_date|sameday,all,q1_dark,200.0,Z123_master,union_at_node,ovp_date,sameday,17,98,229,1.1578849736222807,9.05083519598139,70.58823529411765,4,10,3,3.5425643500821558,13.566581908655817,9,4,3.9335114394694948,17.696429233889393,9,4,3.9335114394694948,17.696429233889393,9,4,3.9335114394694948,17.696429233889393,-0.18955894020900033,4.525417597990695,100.0,2,8.018949609555381,1,-8.002566554520385,9,3.1516172606948167,1,-13.470137832332885,False,,,55,15
all|q1_dark|r200|Z123_master|perzone_dedup_ovp_pass|ovp_pass|sameday,all,q1_dark,200.0,Z123_master,perzone_dedup_ovp_pass,ovp_pass,sameday,17,98,229,1.1578849736222807,9.05083519598139,70.58823529411765,4,10,3,3.5425643500821558,13.566581908655817,9,4,3.9335114394694948,17.696429233889393,9,4,3.9335114394694948,17.696429233889393,9,4,3.9335114394694948,17.696429233889393,-0.18955894020900033,4.525417597990695,100.0,2,8.018949609555381,1,-8.002566554520385,9,3.1516172606948167,1,-13.470137832332885,False,,,55,15
all|q1_dark|r200|Z123_master|perzone_dedup_ovp_pass|ovp_pass_reach|sameday,all,q1_dark,200.0,Z123_master,perzone_dedup_ovp_pass,ovp_pass_reach,sameday,17,98,229,-1.1885248831708495,10.10249818194282,70.58823529411765,4,10,3,3.655404580642152,13.818282380068966,9,4,6.101454252926608,19.96059500733717,9,4,6.101454252926608,19.96059500733717,9,4,6.101454252926608,19.96059500733717,-1.3627638686055654,2.786023971149948,100.0,2,8.018949609555381,1,-8.002566554520385,9,1.209354908357696,1,-13.470137832332885,False,,,55,15
all|q1_nodark|r200|Z14|perzone_concat|ovp_pass|sameday,all,q1_nodark,200.0,Z14,perzone_concat,ovp_pass,sameday,17,107,238,1.1685525475328973,6.496642839688377,70.58823529411765,2,13,2,-1.3409076711411672,7.819853773391366,11,4,-1.3409076711411672,7.819853773391366,11,4,-1.3409076711411672,7.819853773391366,11,4,-1.3409076711411672,7.819853773391366,1.1685525475328973,0.0,100.0,2,8.018949609555381,1,-8.002566554520385,17,1.1685525475328973,4,-7.405522751737026,False,,,55,15
all|q1_nodark|r200|Z14|perzone_concat|ovp_date|sameday,all,q1_nodark,200.0,Z14,perzone_concat,ovp_date,sameday,17,107,238,1.1685525475328973,6.496642839688377,70.58823529411765,2,13,2,-1.3409076711411672,7.819853773391366,11,4,-1.3409076711411672,7.819853773391366,11,4,-1.3409076711411672,7.819853773391366,11,4,-1.3409076711411672,7.819853773391366,1.1685525475328973,0.0,100.0,2,8.018949609555381,1,-8.002566554520385,17,1.1685525475328973,4,-7.405522751737026,False,,,55,15
latest|q1_dark|r200|Z1234|union_at_crossing|ovp_pass|sameday,latest,q1_dark,200.0,Z1234,union_at_crossing,ovp_pass,sameday,17,98,229,1.1578849736222807,9.272792402662693,70.58823529411765,4,10,3,3.5425643500821558,13.800763699608664,9,4,3.9335114394694948,18.164792815795092,9,4,3.9335114394694948,18.164792815795092,9,4,3.9335114394694948,18.164792815795092,-0.18955894020900033,4.525417597990695,100.0,2,7.860996155520006,1,-8.318473462591136,9,3.1516172606948167,1,-13.470137832332885,False,,,55,15
latest|q1_dark|r200|Z1234|union_at_crossing|ovp_date|sameday,latest,q1_dark,200.0,Z1234,union_at_crossing,ovp_date,sameday,17,98,229,1.1578849736222807,9.272792402662693,70.58823529411765,4,10,3,3.5425643500821558,13.800763699608664,9,4,3.9335114394694948,18.164792815795092,9,4,3.9335114394694948,18.164792815795092,9,4,3.9335114394694948,18.164792815795092,-0.18955894020900033,4.525417597990695,100.0,2,7.860996155520006,1,-8.318473462591136,9,3.1516172606948167,1,-13.470137832332885,False,,,55,15
latest|q1_dark|r200|Z1234|union_at_node|ovp_pass|sameday,latest,q1_dark,200.0,Z1234,union_at_node,ovp_pass,sameday,17,98,229,1.1578849736222807,9.272792402662693,70.58823529411765,4,10,3,3.5425643500821558,13.800763699608664,9,4,3.9335114394694948,18.164792815795092,9,4,3.9335114394694948,18.164792815795092,9,4,3.9335114394694948,18.164792815795092,-0.18955894020900033,4.525417597990695,100.0,2,7.860996155520006,1,-8.318473462591136,9,3.1516172606948167,1,-13.470137832332885,False,,,55,15
latest|q1_dark|r200|Z1234|union_at_node|ovp_date|sameday,latest,q1_dark,200.0,Z1234,union_at_node,ovp_date,sameday,17,98,229,1.1578849736222807,9.272792402662693,70.58823529411765,4,10,3,3.5425643500821558,13.800763699608664,9,4,3.9335114394694948,18.164792815795092,9,4,3.9335114394694948,18.164792815795092,9,4,3.9335114394694948,18.164792815795092,-0.18955894020900033,4.525417597990695,100.0,2,7.860996155520006,1,-8.318473462591136,9,3.1516172606948167,1,-13.470137832332885,False,,,55,15
latest|q1_dark|r200|Z1234|perzone_dedup_ovp_pass|ovp_pass|sameday,latest,q1_dark,200.0,Z1234,perzone_dedup_ovp_pass,ovp_pass,sameday,17,98,229,1.1578849736222807,9.272792402662693,70.58823529411765,4,10,3,3.5425643500821558,13.800763699608664,9,4,3.9335114394694948,18.164792815795092,9,4,3.9335114394694948,18.164792815795092,9,4,3.9335114394694948,18.164792815795092,-0.18955894020900033,4.525417597990695,100.0,2,7.860996155520006,1,-8.318473462591136,9,3.1516172606948167,1,-13.470137832332885,False,,,55,15
latest|q1_dark|r200|Z1234|perzone_dedup_ovp_pass|ovp_pass_reach|sameday,latest,q1_dark,200.0,Z1234,perzone_dedup_ovp_pass,ovp_pass_reach,sameday,17,98,229,-1.1885248831708495,10.570861763848516,70.58823529411765,4,10,3,4.046410493100616,14.632169536832734,9,4,6.883466077843536,18.80118427571533,9,4,6.883466077843536,18.80118427571533,9,4,6.883466077843536,18.80118427571533,-1.3627638686055654,2.786023971149948,100.0,2,7.860996155520006,1,-8.318473462591136,9,1.209354908357696,1,-13.470137832332885,False,,,55,15
latest|q1_dark|r200|Z123_master|union_at_node|ovp_pass|sameday,latest,q1_dark,200.0,Z123_master,union_at_node,ovp_pass,sameday,17,98,229,1.1578849736222807,9.272792402662693,70.58823529411765,4,10,3,3.5425643500821558,13.800763699608664,9,4,3.9335114394694948,18.164792815795092,9,4,3.9335114394694948,18.164792815795092,9,4,3.9335114394694948,18.164792815795092,-0.18955894020900033,4.525417597990695,100.0,2,7.860996155520006,1,-8.318473462591136,9,3.1516172606948167,1,-13.470137832332885,False,,,55,15
latest|q1_dark|r200|Z123_master|union_at_node|ovp_date|sameday,latest,q1_dark,200.0,Z123_master,union_at_node,ovp_date,sameday,17,98,229,1.1578849736222807,9.272792402662693,70.58823529411765,4,10,3,3.5425643500821558,13.800763699608664,9,4,3.9335114394694948,18.164792815795092,9,4,3.9335114394694948,18.164792815795092,9,4,3.9335114394694948,18.164792815795092,-0.18955894020900033,4.525417597990695,100.0,2,7.860996155520006,1,-8.318473462591136,9,3.1516172606948167,1,-13.470137832332885,False,,,55,15
latest|q1_dark|r200|Z123_master|perzone_dedup_ovp_pass|ovp_pass|sameday,latest,q1_dark,200.0,Z123_master,perzone_dedup_ovp_pass,ovp_pass,sameday,17,98,229,1.1578849736222807,9.272792402662693,70.58823529411765,4,10,3,3.5425643500821558,13.800763699608664,9,4,3.9335114394694948,18.164792815795092,9,4,3.9335114394694948,18.164792815795092,9,4,3.9335114394694948,18.164792815795092,-0.18955894020900033,4.525417597990695,100.0,2,7.860996155520006,1,-8.318473462591136,9,3.1516172606948167,1,-13.470137832332885,False,,,55,15
latest|q1_dark|r200|Z123_master|perzone_dedup_ovp_pass|ovp_pass_reach|sameday,latest,q1_dark,200.0,Z123_master,perzone_dedup_ovp_pass,ovp_pass_reach,sameday,17,98,229,-1.1885248831708495,10.570861763848516,70.58823529411765,4,10,3,4.046410493100616,14.632169536832734,9,4,6.883466077843536,18.80118427571533,9,4,6.883466077843536,18.80118427571533,9,4,6.883466077843536,18.80118427571533,-1.3627638686055654,2.786023971149948,100.0,2,7.860996155520006,1,-8.318473462591136,9,1.209354908357696,1,-13.470137832332885,False,,,55,15
latest|q1_nodark|r200|Z14|perzone_concat|ovp_pass|sameday,latest,q1_nodark,200.0,Z14,perzone_concat,ovp_pass,sameday,17,107,238,1.1685525475328973,6.496642839688377,70.58823529411765,2,13,2,-1.3409076711411672,7.819853773391366,11,4,-1.3409076711411672,7.819853773391366,11,4,-1.3409076711411672,7.819853773391366,11,4,-1.3409076711411672,7.819853773391366,1.1685525475328973,0.0,100.0,2,7.860996155520006,1,-8.318473462591136,17,1.1685525475328973,4,-7.405522751737026,False,,,55,15
latest|q1_nodark|r200|Z14|perzone_concat|ovp_date|sameday,latest,q1_nodark,200.0,Z14,perzone_concat,ovp_date,sameday,17,107,238,1.1685525475328973,6.496642839688377,70.58823529411765,2,13,2,-1.3409076711411672,7.819853773391366,11,4,-1.3409076711411672,7.819853773391366,11,4,-1.3409076711411672,7.819853773391366,11,4,-1.3409076711411672,7.819853773391366,1.1685525475328973,0.0,100.0,2,7.860996155520006,1,-8.318473462591136,17,1.1685525475328973,4,-7.405522751737026,False,,,55,15
all|q2_dark|r200|Z123_master|perzone_dedup_exact|ovp_pass|cal1,all,q2_dark,200.0,Z123_master,perzone_dedup_exact,ovp_pass,cal1,52,83,263,1.8391193518298543,10.178585747069953,57.692307692307686,11,32,9,2.6975110043096606,9.042927709837079,30,11,2.417136275016496,9.220102728046893,29,12,1.977646784483511,9.356258393030659,29,12,1.977646784483511,9.356258393030659,1.1685525475328973,9.066650941061273,72.72727272727273,3,14.88283438533049,1,-8.002566554520385,28,3.0745206542430736,3,-0.049661549814494776,False,,,55,20
all|q2_dark|r200|Z123_master|perzone_dedup_exact|ovp_date|cal1,all,q2_dark,200.0,Z123_master,perzone_dedup_exact,ovp_date,cal1,52,83,263,1.8391193518298543,10.178585747069953,57.692307692307686,11,32,9,2.6975110043096606,9.042927709837079,30,11,2.417136275016496,9.220102728046893,29,12,1.977646784483511,9.356258393030659,29,12,1.977646784483511,9.356258393030659,1.1685525475328973,9.066650941061273,72.72727272727273,3,14.88283438533049,1,-8.002566554520385,28,3.0745206542430736,3,-0.049661549814494776,False,,,55,20
latest|q2_dark|r200|Z123_master|perzone_dedup_exact|ovp_pass|cal1,latest,q2_dark,200.0,Z123_master,perzone_dedup_exact,ovp_pass,cal1,52,83,263,1.8391193518298543,10.178585747069953,57.692307692307686,11,32,9,2.6975110043096606,9.042927709837079,30,11,2.417136275016496,9.220102728046893,29,12,1.977646784483511,9.356258393030659,29,12,1.977646784483511,9.356258393030659,1.1685525475328973,9.066650941061273,72.72727272727273,3,14.88283438533049,1,-8.318473462591136,28,3.0745206542430736,3,-0.049661549814494776,False,,,55,20
latest|q2_dark|r200|Z123_master|perzone_dedup_exact|ovp_date|cal1,latest,q2_dark,200.0,Z123_master,perzone_dedup_exact,ovp_date,cal1,52,83,263,1.8391193518298543,10.178585747069953,57.692307692307686,11,32,9,2.6975110043096606,9.042927709837079,30,11,2.417136275016496,9.220102728046893,29,12,1.977646784483511,9.356258393030659,29,12,1.977646784483511,9.356258393030659,1.1685525475328973,9.066650941061273,72.72727272727273,3,14.88283438533049,1,-8.318473462591136,28,3.0745206542430736,3,-0.049661549814494776,False,,,55,20
all|q1_dark|r200|Z123_master|perzone_concat|ovp_pass|sameday,all,q1_dark,200.0,Z123_master,perzone_concat,ovp_pass,sameday,19,106,248,-0.6676125816575507,6.821626473722957,73.68421052631578,4,11,4,3.1516172606948167,10.622451767141957,10,5,1.632949428905972,11.328245418379867,10,5,1.632949428905972,11.328245418379867,10,5,1.632949428905972,11.328245418379867,-0.18955894020900033,4.525417597990695,100.0,2,8.018949609555381,1,-8.002566554520385,10,2.1547511171585487,1,-13.470137832332885,False,,,56,13
all|q1_dark|r200|Z123_master|perzone_concat|ovp_date|sameday,all,q1_dark,200.0,Z123_master,perzone_concat,ovp_date,sameday,19,106,248,-0.6676125816575507,6.821626473722957,73.68421052631578,4,11,4,3.1516172606948167,10.622451767141957,10,5,1.632949428905972,11.328245418379867,10,5,1.632949428905972,11.328245418379867,10,5,1.632949428905972,11.328245418379867,-0.18955894020900033,4.525417597990695,100.0,2,8.018949609555381,1,-8.002566554520385,10,2.1547511171585487,1,-13.470137832332885,False,,,56,13
latest|q1_dark|r200|Z123_master|perzone_concat|ovp_pass|sameday,latest,q1_dark,200.0,Z123_master,perzone_concat,ovp_pass,sameday,19,106,248,-0.6676125816575507,6.821626473722957,73.68421052631578,4,11,4,3.1516172606948167,10.622451767141957,10,5,1.632949428905972,11.661220710096352,10,5,1.632949428905972,11.661220710096352,10,5,1.632949428905972,11.661220710096352,-0.18955894020900033,4.525417597990695,100.0,2,7.860996155520006,1,-8.318473462591136,10,2.1547511171585487,1,-13.470137832332885,False,,,56,13
latest|q1_dark|r200|Z123_master|perzone_concat|ovp_date|sameday,latest,q1_dark,200.0,Z123_master,perzone_concat,ovp_date,sameday,19,106,248,-0.6676125816575507,6.821626473722957,73.68421052631578,4,11,4,3.1516172606948167,10.622451767141957,10,5,1.632949428905972,11.661220710096352,10,5,1.632949428905972,11.661220710096352,10,5,1.632949428905972,11.661220710096352,-0.18955894020900033,4.525417597990695,100.0,2,7.860996155520006,1,-8.318473462591136,10,2.1547511171585487,1,-13.470137832332885,False,,,56,13
all|q1_nodark|r500|Z123_master|perzone_concat|ovp_pass|cal1,all,q1_nodark,500.0,Z123_master,perzone_concat,ovp_pass,cal1,55,81,264,-0.669722164166231,8.656288154628372,56.36363636363636,13,31,11,0.1835354489617913,7.267085006007955,29,13,0.1835354489617913,7.400541596533196,28,14,-0.24309335760221984,8.594206448929967,28,14,-0.24309335760221984,8.594206448929967,3.7393975372588706,12.499550894953742,69.23076923076923,3,14.809690147672327,2,8.239860179611558,29,2.3833882847426935,5,3.5804945675671718,False,,,57,23
all|q1_nodark|r500|Z123_master|perzone_concat|ovp_date|cal1,all,q1_nodark,500.0,Z123_master,perzone_concat,ovp_date,cal1,55,81,264,-0.669722164166231,8.656288154628372,56.36363636363636,13,31,11,0.1835354489617913,7.267085006007955,29,13,0.1835354489617913,7.400541596533196,28,14,-0.24309335760221984,8.594206448929967,28,14,-0.24309335760221984,8.594206448929967,3.7393975372588706,12.499550894953742,69.23076923076923,3,14.809690147672327,2,8.239860179611558,29,2.3833882847426935,5,3.5804945675671718,False,,,57,23
latest|q1_nodark|r500|Z123_master|perzone_concat|ovp_pass|cal1,latest,q1_nodark,500.0,Z123_master,perzone_concat,ovp_pass,cal1,55,81,264,-0.669722164166231,9.221007524877015,56.36363636363636,13,31,11,0.1835354489617913,7.400541596533196,29,13,0.1835354489617913,8.957383106112434,28,14,-0.24309335760221984,9.671387997372749,28,14,-0.24309335760221984,9.671387997372749,3.7393975372588706,12.499550894953742,69.23076923076923,3,14.809690147672327,2,8.08335640354887,29,2.3833882847426935,5,3.5804945675671718,False,,,57,23
latest|q1_nodark|r500|Z123_master|perzone_concat|ovp_date|cal1,latest,q1_nodark,500.0,Z123_master,perzone_concat,ovp_date,cal1,55,81,264,-0.669722164166231,9.221007524877015,56.36363636363636,13,31,11,0.1835354489617913,7.400541596533196,29,13,0.1835354489617913,8.957383106112434,28,14,-0.24309335760221984,9.671387997372749,28,14,-0.24309335760221984,9.671387997372749,3.7393975372588706,12.499550894953742,69.23076923076923,3,14.809690147672327,2,8.08335640354887,29,2.3833882847426935,5,3.5804945675671718,False,,,57,23
all|q2_dark|r200|Z1234|union_at_crossing|ovp_pass|sameday,all,q2_dark,200.0,Z1234,union_at_crossing,ovp_pass,sameday,20,110,248,0.2504699829376733,8.549469625091401,65.0,5,12,3,3.3008170743094034,13.208167397595133,11,4,2.856625765549481,16.099838533735582,11,4,2.856625765549481,16.099838533735582,11,4,2.856625765549481,16.099838533735582,-1.5370028540402814,5.055394502688877,80.0,2,8.018949609555381,1,-8.002566554520385,11,2.856625765549481,1,-13.470137832332885,False,,,59,12
all|q2_dark|r200|Z1234|union_at_crossing|ovp_date|sameday,all,q2_dark,200.0,Z1234,union_at_crossing,ovp_date,sameday,20,110,248,0.2504699829376733,8.549469625091401,65.0,5,12,3,3.3008170743094034,13.208167397595133,11,4,2.856625765549481,16.099838533735582,11,4,2.856625765549481,16.099838533735582,11,4,2.856625765549481,16.099838533735582,-1.5370028540402814,5.055394502688877,80.0,2,8.018949609555381,1,-8.002566554520385,11,2.856625765549481,1,-13.470137832332885,False,,,59,12
all|q2_dark|r200|Z1234|union_at_node|ovp_pass|sameday,all,q2_dark,200.0,Z1234,union_at_node,ovp_pass,sameday,20,110,248,0.2504699829376733,8.549469625091401,65.0,5,12,3,3.3008170743094034,13.208167397595133,11,4,2.856625765549481,16.099838533735582,11,4,2.856625765549481,16.099838533735582,11,4,2.856625765549481,16.099838533735582,-1.5370028540402814,5.055394502688877,80.0,2,8.018949609555381,1,-8.002566554520385,11,2.856625765549481,1,-13.470137832332885,False,,,59,12
all|q2_dark|r200|Z1234|union_at_node|ovp_date|sameday,all,q2_dark,200.0,Z1234,union_at_node,ovp_date,sameday,20,110,248,0.2504699829376733,8.549469625091401,65.0,5,12,3,3.3008170743094034,13.208167397595133,11,4,2.856625765549481,16.099838533735582,11,4,2.856625765549481,16.099838533735582,11,4,2.856625765549481,16.099838533735582,-1.5370028540402814,5.055394502688877,80.0,2,8.018949609555381,1,-8.002566554520385,11,2.856625765549481,1,-13.470137832332885,False,,,59,12
all|q2_dark|r200|Z1234|perzone_dedup_ovp_pass|ovp_pass|sameday,all,q2_dark,200.0,Z1234,perzone_dedup_ovp_pass,ovp_pass,sameday,20,110,248,0.2504699829376733,8.549469625091401,65.0,5,12,3,3.3008170743094034,13.208167397595133,11,4,2.856625765549481,16.099838533735582,11,4,2.856625765549481,16.099838533735582,11,4,2.856625765549481,16.099838533735582,-1.5370028540402814,5.055394502688877,80.0,2,8.018949609555381,1,-8.002566554520385,11,2.856625765549481,1,-13.470137832332885,False,,,59,12
all|q2_dark|r200|Z1234|perzone_dedup_ovp_pass|ovp_pass_reach|sameday,all,q2_dark,200.0,Z1234,perzone_dedup_ovp_pass,ovp_pass_reach,sameday,20,110,248,-1.3627638686055654,10.455310624560456,60.0,5,12,3,3.4647819733533147,20.43560812822904,11,4,5.196004900897577,21.30301421665541,11,4,5.196004900897577,21.30301421665541,11,4,5.196004900897577,21.30301421665541,-1.5370028540402814,5.055394502688877,80.0,2,8.018949609555381,1,-8.002566554520385,12,0.27251708131910135,1,-13.470137832332885,False,,,59,12
all|q2_dark|r200|Z123_master|union_at_node|ovp_pass|sameday,all,q2_dark,200.0,Z123_master,union_at_node,ovp_pass,sameday,20,110,248,0.2504699829376733,8.549469625091401,65.0,5,12,3,3.3008170743094034,13.208167397595133,11,4,2.856625765549481,16.099838533735582,11,4,2.856625765549481,16.099838533735582,11,4,2.856625765549481,16.099838533735582,-1.5370028540402814,5.055394502688877,80.0,2,8.018949609555381,1,-8.002566554520385,11,2.856625765549481,1,-13.470137832332885,False,,,59,12
all|q2_dark|r200|Z123_master|union_at_node|ovp_date|sameday,all,q2_dark,200.0,Z123_master,union_at_node,ovp_date,sameday,20,110,248,0.2504699829376733,8.549469625091401,65.0,5,12,3,3.3008170743094034,13.208167397595133,11,4,2.856625765549481,16.099838533735582,11,4,2.856625765549481,16.099838533735582,11,4,2.856625765549481,16.099838533735582,-1.5370028540402814,5.055394502688877,80.0,2,8.018949609555381,1,-8.002566554520385,11,2.856625765549481,1,-13.470137832332885,False,,,59,12
all|q2_dark|r200|Z123_master|perzone_dedup_ovp_pass|ovp_pass|sameday,all,q2_dark,200.0,Z123_master,perzone_dedup_ovp_pass,ovp_pass,sameday,20,110,248,0.2504699829376733,8.549469625091401,65.0,5,12,3,3.3008170743094034,13.208167397595133,11,4,2.856625765549481,16.099838533735582,11,4,2.856625765549481,16.099838533735582,11,4,2.856625765549481,16.099838533735582,-1.5370028540402814,5.055394502688877,80.0,2,8.018949609555381,1,-8.002566554520385,11,2.856625765549481,1,-13.470137832332885,False,,,59,12
all|q2_dark|r200|Z123_master|perzone_dedup_ovp_pass|ovp_pass_reach|sameday,all,q2_dark,200.0,Z123_master,perzone_dedup_ovp_pass,ovp_pass_reach,sameday,20,110,248,-1.3627638686055654,10.455310624560456,60.0,5,12,3,3.4647819733533147,20.43560812822904,11,4,5.196004900897577,21.30301421665541,11,4,5.196004900897577,21.30301421665541,11,4,5.196004900897577,21.30301421665541,-1.5370028540402814,5.055394502688877,80.0,2,8.018949609555381,1,-8.002566554520385,12,0.27251708131910135,1,-13.470137832332885,False,,,59,12
all|q2_dark|r500|Z14|perzone_concat|ovp_pass|sameday,all,q2_dark,500.0,Z14,perzone_concat,ovp_pass,sameday,20,110,248,0.2979627976816168,5.520190926979644,60.0,4,14,2,1.1401982446267667,3.893145716192918,12,4,0.1835354489617913,5.689840914191657,12,4,0.1835354489617913,5.689840914191657,12,4,0.1835354489617913,5.689840914191657,-9.255431982778406,14.16386310151003,50.0,2,8.239860179611558,2,8.239860179611558,20,0.2979627976816168,2,-13.582741721467162,False,,,59,12
all|q2_dark|r500|Z14|perzone_concat|ovp_date|sameday,all,q2_dark,500.0,Z14,perzone_concat,ovp_date,sameday,20,110,248,0.2979627976816168,5.520190926979644,60.0,4,14,2,1.1401982446267667,3.893145716192918,12,4,0.1835354489617913,5.689840914191657,12,4,0.1835354489617913,5.689840914191657,12,4,0.1835354489617913,5.689840914191657,-9.255431982778406,14.16386310151003,50.0,2,8.239860179611558,2,8.239860179611558,20,0.2979627976816168,2,-13.582741721467162,False,,,59,12
all|q1_nodark|r200|Z123_master|perzone_dedup_exact|ovp_pass|sameday,all,q1_nodark,200.0,Z123_master,perzone_dedup_exact,ovp_pass,sameday,20,108,250,-1.004260126399359,6.942373617475643,70.0,4,12,4,1.242002339518633,7.497940045912406,11,5,-0.6676125816575507,10.035818488954472,11,5,-0.6676125816575507,10.035818488954472,11,5,-0.6676125816575507,10.035818488954472,-0.18422515325369204,4.533325470530636,100.0,2,8.018949609555381,1,-8.002566554520385,11,1.1685525475328973,2,-7.405522751737026,False,,,59,12
all|q1_nodark|r200|Z123_master|perzone_dedup_exact|ovp_date|sameday,all,q1_nodark,200.0,Z123_master,perzone_dedup_exact,ovp_date,sameday,20,108,250,-1.004260126399359,6.942373617475643,70.0,4,12,4,1.242002339518633,7.497940045912406,11,5,-0.6676125816575507,10.035818488954472,11,5,-0.6676125816575507,10.035818488954472,11,5,-0.6676125816575507,10.035818488954472,-0.18422515325369204,4.533325470530636,100.0,2,8.018949609555381,1,-8.002566554520385,11,1.1685525475328973,2,-7.405522751737026,False,,,59,12
latest|q2_dark|r200|Z1234|union_at_crossing|ovp_pass|sameday,latest,q2_dark,200.0,Z1234,union_at_crossing,ovp_pass,sameday,20,110,248,0.2504699829376733,9.52119791967445,65.0,5,12,3,3.3008170743094034,13.44234918854798,11,4,2.856625765549481,16.568202115641277,11,4,2.856625765549481,16.568202115641277,11,4,2.856625765549481,16.568202115641277,-1.5370028540402814,5.055394502688877,80.0,2,7.860996155520006,1,-8.318473462591136,11,2.856625765549481,1,-13.470137832332885,False,,,59,12
latest|q2_dark|r200|Z1234|union_at_crossing|ovp_date|sameday,latest,q2_dark,200.0,Z1234,union_at_crossing,ovp_date,sameday,20,110,248,0.2504699829376733,9.52119791967445,65.0,5,12,3,3.3008170743094034,13.44234918854798,11,4,2.856625765549481,16.568202115641277,11,4,2.856625765549481,16.568202115641277,11,4,2.856625765549481,16.568202115641277,-1.5370028540402814,5.055394502688877,80.0,2,7.860996155520006,1,-8.318473462591136,11,2.856625765549481,1,-13.470137832332885,False,,,59,12
latest|q2_dark|r200|Z1234|union_at_node|ovp_pass|sameday,latest,q2_dark,200.0,Z1234,union_at_node,ovp_pass,sameday,20,110,248,0.2504699829376733,9.52119791967445,65.0,5,12,3,3.3008170743094034,13.44234918854798,11,4,2.856625765549481,16.568202115641277,11,4,2.856625765549481,16.568202115641277,11,4,2.856625765549481,16.568202115641277,-1.5370028540402814,5.055394502688877,80.0,2,7.860996155520006,1,-8.318473462591136,11,2.856625765549481,1,-13.470137832332885,False,,,59,12
latest|q2_dark|r200|Z1234|union_at_node|ovp_date|sameday,latest,q2_dark,200.0,Z1234,union_at_node,ovp_date,sameday,20,110,248,0.2504699829376733,9.52119791967445,65.0,5,12,3,3.3008170743094034,13.44234918854798,11,4,2.856625765549481,16.568202115641277,11,4,2.856625765549481,16.568202115641277,11,4,2.856625765549481,16.568202115641277,-1.5370028540402814,5.055394502688877,80.0,2,7.860996155520006,1,-8.318473462591136,11,2.856625765549481,1,-13.470137832332885,False,,,59,12
latest|q2_dark|r200|Z1234|perzone_dedup_ovp_pass|ovp_pass|sameday,latest,q2_dark,200.0,Z1234,perzone_dedup_ovp_pass,ovp_pass,sameday,20,110,248,0.2504699829376733,9.52119791967445,65.0,5,12,3,3.3008170743094034,13.44234918854798,11,4,2.856625765549481,16.568202115641277,11,4,2.856625765549481,16.568202115641277,11,4,2.856625765549481,16.568202115641277,-1.5370028540402814,5.055394502688877,80.0,2,7.860996155520006,1,-8.318473462591136,11,2.856625765549481,1,-13.470137832332885,False,,,59,12
latest|q2_dark|r200|Z1234|perzone_dedup_ovp_pass|ovp_pass_reach|sameday,latest,q2_dark,200.0,Z1234,perzone_dedup_ovp_pass,ovp_pass_reach,sameday,20,110,248,-1.3627638686055654,11.661220710096352,60.0,5,12,3,3.4647819733533147,20.669789919181884,11,4,5.196004900897577,21.30301421665541,11,4,5.196004900897577,21.30301421665541,11,4,5.196004900897577,21.30301421665541,-1.5370028540402814,5.055394502688877,80.0,2,7.860996155520006,1,-8.318473462591136,12,0.27251708131910135,1,-13.470137832332885,False,,,59,12
latest|q2_dark|r200|Z123_master|union_at_node|ovp_pass|sameday,latest,q2_dark,200.0,Z123_master,union_at_node,ovp_pass,sameday,20,110,248,0.2504699829376733,9.52119791967445,65.0,5,12,3,3.3008170743094034,13.44234918854798,11,4,2.856625765549481,16.568202115641277,11,4,2.856625765549481,16.568202115641277,11,4,2.856625765549481,16.568202115641277,-1.5370028540402814,5.055394502688877,80.0,2,7.860996155520006,1,-8.318473462591136,11,2.856625765549481,1,-13.470137832332885,False,,,59,12
latest|q2_dark|r200|Z123_master|union_at_node|ovp_date|sameday,latest,q2_dark,200.0,Z123_master,union_at_node,ovp_date,sameday,20,110,248,0.2504699829376733,9.52119791967445,65.0,5,12,3,3.3008170743094034,13.44234918854798,11,4,2.856625765549481,16.568202115641277,11,4,2.856625765549481,16.568202115641277,11,4,2.856625765549481,16.568202115641277,-1.5370028540402814,5.055394502688877,80.0,2,7.860996155520006,1,-8.318473462591136,11,2.856625765549481,1,-13.470137832332885,False,,,59,12
latest|q2_dark|r200|Z123_master|perzone_dedup_ovp_pass|ovp_pass|sameday,latest,q2_dark,200.0,Z123_master,perzone_dedup_ovp_pass,ovp_pass,sameday,20,110,248,0.2504699829376733,9.52119791967445,65.0,5,12,3,3.3008170743094034,13.44234918854798,11,4,2.856625765549481,16.568202115641277,11,4,2.856625765549481,16.568202115641277,11,4,2.856625765549481,16.568202115641277,-1.5370028540402814,5.055394502688877,80.0,2,7.860996155520006,1,-8.318473462591136,11,2.856625765549481,1,-13.470137832332885,False,,,59,12
latest|q2_dark|r200|Z123_master|perzone_dedup_ovp_pass|ovp_pass_reach|sameday,latest,q2_dark,200.0,Z123_master,perzone_dedup_ovp_pass,ovp_pass_reach,sameday,20,110,248,-1.3627638686055654,11.661220710096352,60.0,5,12,3,3.4647819733533147,20.669789919181884,11,4,5.196004900897577,21.30301421665541,11,4,5.196004900897577,21.30301421665541,11,4,5.196004900897577,21.30301421665541,-1.5370028540402814,5.055394502688877,80.0,2,7.860996155520006,1,-8.318473462591136,12,0.27251708131910135,1,-13.470137832332885,False,,,59,12
latest|q2_dark|r500|Z14|perzone_concat|ovp_pass|sameday,latest,q2_dark,500.0,Z14,perzone_concat,ovp_pass,sameday,20,110,248,0.2979627976816168,7.001889385993218,60.0,4,14,2,1.1401982446267667,3.893145716192918,12,4,0.1835354489617913,7.171539373205231,12,4,0.1835354489617913,7.171539373205231,12,4,0.1835354489617913,7.171539373205231,-9.255431982778406,14.16386310151003,50.0,2,8.08335640354887,2,8.08335640354887,20,0.2979627976816168,2,-13.582741721467162,False,,,59,12
latest|q2_dark|r500|Z14|perzone_concat|ovp_date|sameday,latest,q2_dark,500.0,Z14,perzone_concat,ovp_date,sameday,20,110,248,0.2979627976816168,7.001889385993218,60.0,4,14,2,1.1401982446267667,3.893145716192918,12,4,0.1835354489617913,7.171539373205231,12,4,0.1835354489617913,7.171539373205231,12,4,0.1835354489617913,7.171539373205231,-9.255431982778406,14.16386310151003,50.0,2,8.08335640354887,2,8.08335640354887,20,0.2979627976816168,2,-13.582741721467162,False,,,59,12
latest|q1_nodark|r200|Z123_master|perzone_dedup_exact|ovp_pass|sameday,latest,q1_nodark,200.0,Z123_master,perzone_dedup_exact,ovp_pass,sameday,20,108,250,-1.004260126399359,6.942373617475643,70.0,4,12,4,1.242002339518633,8.469668340495454,11,5,-0.6676125816575507,11.343166342072134,11,5,-0.6676125816575507,11.343166342072134,11,5,-0.6676125816575507,11.343166342072134,-0.18422515325369204,4.533325470530636,100.0,2,7.860996155520006,1,-8.318473462591136,11,1.1685525475328973,2,-7.405522751737026,False,,,59,12
latest|q1_nodark|r200|Z123_master|perzone_dedup_exact|ovp_date|sameday,latest,q1_nodark,200.0,Z123_master,perzone_dedup_exact,ovp_date,sameday,20,108,250,-1.004260126399359,6.942373617475643,70.0,4,12,4,1.242002339518633,8.469668340495454,11,5,-0.6676125816575507,11.343166342072134,11,5,-0.6676125816575507,11.343166342072134,11,5,-0.6676125816575507,11.343166342072134,-0.18422515325369204,4.533325470530636,100.0,2,7.860996155520006,1,-8.318473462591136,11,1.1685525475328973,2,-7.405522751737026,False,,,59,12
all|q1_dark|r500|Z14|perzone_concat|ovp_pass|sameday,all,q1_dark,500.0,Z14,perzone_concat,ovp_pass,sameday,15,99,228,2.3833882847426935,3.3359692966448424,66.66666666666666,2,11,2,2.3833882847426935,3.2615018143287653,9,4,0.1835354489617913,5.993986188085287,9,4,0.1835354489617913,5.993986188085287,9,4,0.1835354489617913,5.993986188085287,0.1333078202581106,0.0,100.0,2,8.239860179611558,2,8.239860179611558,15,2.3833882847426935,2,-13.582741721467162,False,,,59,17
all|q1_dark|r500|Z14|perzone_concat|ovp_date|sameday,all,q1_dark,500.0,Z14,perzone_concat,ovp_date,sameday,15,99,228,2.3833882847426935,3.3359692966448424,66.66666666666666,2,11,2,2.3833882847426935,3.2615018143287653,9,4,0.1835354489617913,5.993986188085287,9,4,0.1835354489617913,5.993986188085287,9,4,0.1835354489617913,5.993986188085287,0.1333078202581106,0.0,100.0,2,8.239860179611558,2,8.239860179611558,15,2.3833882847426935,2,-13.582741721467162,False,,,59,17
latest|q1_dark|r500|Z14|perzone_concat|ovp_pass|sameday,latest,q1_dark,500.0,Z14,perzone_concat,ovp_pass,sameday,15,99,228,2.3833882847426935,3.3359692966448424,66.66666666666666,2,11,2,2.3833882847426935,3.2615018143287653,9,4,0.1835354489617913,8.957383106112434,9,4,0.1835354489617913,8.957383106112434,9,4,0.1835354489617913,8.957383106112434,0.1333078202581106,0.0,100.0,2,8.08335640354887,2,8.08335640354887,15,2.3833882847426935,2,-13.582741721467162,False,,,59,17
latest|q1_dark|r500|Z14|perzone_concat|ovp_date|sameday,latest,q1_dark,500.0,Z14,perzone_concat,ovp_date,sameday,15,99,228,2.3833882847426935,3.3359692966448424,66.66666666666666,2,11,2,2.3833882847426935,3.2615018143287653,9,4,0.1835354489617913,8.957383106112434,9,4,0.1835354489617913,8.957383106112434,9,4,0.1835354489617913,8.957383106112434,0.1333078202581106,0.0,100.0,2,8.08335640354887,2,8.08335640354887,15,2.3833882847426935,2,-13.582741721467162,False,,,59,17
all|q1_dark|r200|Z123_master|union_at_crossing|ovp_pass|sameday,all,q1_dark,200.0,Z123_master,union_at_crossing,ovp_pass,sameday,17,98,224,1.1578849736222807,9.05083519598139,70.58823529411765,4,10,3,3.5425643500821558,13.566581908655817,9,4,3.9335114394694948,17.696429233889393,9,4,3.9335114394694948,17.696429233889393,9,4,3.9335114394694948,17.696429233889393,-0.18955894020900033,4.525417597990695,100.0,2,8.018949609555381,1,-8.002566554520385,9,3.1516172606948167,1,-13.470137832332885,False,,,60,15
all|q1_dark|r200|Z123_master|union_at_crossing|ovp_date|sameday,all,q1_dark,200.0,Z123_master,union_at_crossing,ovp_date,sameday,17,98,224,1.1578849736222807,9.05083519598139,70.58823529411765,4,10,3,3.5425643500821558,13.566581908655817,9,4,3.9335114394694948,17.696429233889393,9,4,3.9335114394694948,17.696429233889393,9,4,3.9335114394694948,17.696429233889393,-0.18955894020900033,4.525417597990695,100.0,2,8.018949609555381,1,-8.002566554520385,9,3.1516172606948167,1,-13.470137832332885,False,,,60,15
latest|q1_dark|r200|Z123_master|union_at_crossing|ovp_pass|sameday,latest,q1_dark,200.0,Z123_master,union_at_crossing,ovp_pass,sameday,17,98,224,1.1578849736222807,9.272792402662693,70.58823529411765,4,10,3,3.5425643500821558,13.800763699608664,9,4,3.9335114394694948,18.164792815795092,9,4,3.9335114394694948,18.164792815795092,9,4,3.9335114394694948,18.164792815795092,-0.18955894020900033,4.525417597990695,100.0,2,7.860996155520006,1,-8.318473462591136,9,3.1516172606948167,1,-13.470137832332885,False,,,60,15
latest|q1_dark|r200|Z123_master|union_at_crossing|ovp_date|sameday,latest,q1_dark,200.0,Z123_master,union_at_crossing,ovp_date,sameday,17,98,224,1.1578849736222807,9.272792402662693,70.58823529411765,4,10,3,3.5425643500821558,13.800763699608664,9,4,3.9335114394694948,18.164792815795092,9,4,3.9335114394694948,18.164792815795092,9,4,3.9335114394694948,18.164792815795092,-0.18955894020900033,4.525417597990695,100.0,2,7.860996155520006,1,-8.318473462591136,9,3.1516172606948167,1,-13.470137832332885,False,,,60,15
all|q2_dark|r500|Z123_master|perzone_concat|ovp_pass|h24,all,q2_dark,500.0,Z123_master,perzone_concat,ovp_pass,h24,39,84,282,0.1835354489617913,8.800082675545214,58.97435897435898,8,23,8,2.096861040291742,10.237238118238981,22,9,2.263477595126462,11.744656970096328,22,9,2.263477595126462,11.744656970096328,22,9,2.263477595126462,11.744656970096328,-0.21679856889877946,7.420321004314771,87.5,3,14.809690147672327,2,8.239860179611558,21,0.2979627976816168,2,-1.1407513502478484,False,,Z1,62,7
all|q2_dark|r500|Z123_master|perzone_concat|ovp_date|h24,all,q2_dark,500.0,Z123_master,perzone_concat,ovp_date,h24,39,84,282,0.1835354489617913,8.800082675545214,58.97435897435898,8,23,8,2.096861040291742,10.237238118238981,22,9,2.263477595126462,11.744656970096328,22,9,2.263477595126462,11.744656970096328,22,9,2.263477595126462,11.744656970096328,-0.21679856889877946,7.420321004314771,87.5,3,14.809690147672327,2,8.239860179611558,21,0.2979627976816168,2,-1.1407513502478484,False,,Z1,62,7
latest|q2_dark|r500|Z123_master|perzone_concat|ovp_pass|h24,latest,q2_dark,500.0,Z123_master,perzone_concat,ovp_pass,h24,39,84,282,0.1835354489617913,8.808939061974145,58.97435897435898,8,23,8,2.096861040291742,10.237238118238981,22,9,2.263477595126462,11.941824456197368,22,9,2.263477595126462,11.941824456197368,22,9,2.263477595126462,11.941824456197368,-0.21679856889877946,7.420321004314771,87.5,3,14.809690147672327,2,8.08335640354887,21,0.2979627976816168,2,-1.1407513502478484,False,,Z1,62,7
latest|q2_dark|r500|Z123_master|perzone_concat|ovp_date|h24,latest,q2_dark,500.0,Z123_master,perzone_concat,ovp_date,h24,39,84,282,0.1835354489617913,8.808939061974145,58.97435897435898,8,23,8,2.096861040291742,10.237238118238981,22,9,2.263477595126462,11.941824456197368,22,9,2.263477595126462,11.941824456197368,22,9,2.263477595126462,11.941824456197368,-0.21679856889877946,7.420321004314771,87.5,3,14.809690147672327,2,8.08335640354887,21,0.2979627976816168,2,-1.1407513502478484,False,,Z1,62,7
all|q1_nodark|r500|Z1234|perzone_dedup_exact|ovp_pass|h24,all,q1_nodark,500.0,Z1234,perzone_dedup_exact,ovp_pass,h24,37,81,288,0.1835354489617913,8.808939061974145,59.45945945945946,9,21,7,2.3833882847426935,10.662043410861962,19,9,0.1835354489617913,9.921327891851977,19,9,0.1835354489617913,9.921327891851977,19,9,0.1835354489617913,9.921327891851977,3.7393975372588706,8.436352481617575,77.77777777777779,3,14.809690147672327,2,8.239860179611558,20,2.694574946812267,2,-7.649934489555266,False,,,63,5
all|q1_nodark|r500|Z1234|perzone_dedup_exact|ovp_date|h24,all,q1_nodark,500.0,Z1234,perzone_dedup_exact,ovp_date,h24,37,81,288,0.1835354489617913,8.808939061974145,59.45945945945946,9,21,7,2.3833882847426935,10.662043410861962,19,9,0.1835354489617913,9.921327891851977,19,9,0.1835354489617913,9.921327891851977,19,9,0.1835354489617913,9.921327891851977,3.7393975372588706,8.436352481617575,77.77777777777779,3,14.809690147672327,2,8.239860179611558,20,2.694574946812267,2,-7.649934489555266,False,,,63,5
latest|q1_nodark|r500|Z1234|perzone_dedup_exact|ovp_pass|h24,latest,q1_nodark,500.0,Z1234,perzone_dedup_exact,ovp_pass,h24,37,81,288,0.1835354489617913,8.957383106112434,59.45945945945946,9,21,7,2.3833882847426935,10.662043410861962,19,9,0.1835354489617913,10.385392888633062,19,9,0.1835354489617913,10.385392888633062,19,9,0.1835354489617913,10.385392888633062,3.7393975372588706,8.436352481617575,77.77777777777779,3,14.809690147672327,2,8.08335640354887,20,2.694574946812267,2,-7.649934489555266,False,,,63,5
latest|q1_nodark|r500|Z1234|perzone_dedup_exact|ovp_date|h24,latest,q1_nodark,500.0,Z1234,perzone_dedup_exact,ovp_date,h24,37,81,288,0.1835354489617913,8.957383106112434,59.45945945945946,9,21,7,2.3833882847426935,10.662043410861962,19,9,0.1835354489617913,10.385392888633062,19,9,0.1835354489617913,10.385392888633062,19,9,0.1835354489617913,10.385392888633062,3.7393975372588706,8.436352481617575,77.77777777777779,3,14.809690147672327,2,8.08335640354887,20,2.694574946812267,2,-7.649934489555266,False,,,63,5
all|q1_dark|r500|Z123_master|perzone_concat|ovp_pass|sameday,all,q1_dark,500.0,Z123_master,perzone_concat,ovp_pass,sameday,20,108,255,-0.3148329430104013,6.955464305187478,70.0,4,11,5,2.3833882847426935,10.662043410861962,10,6,2.1930696074809575,11.640270087613104,10,6,2.1930696074809575,11.640270087613104,10,6,2.1930696074809575,11.640270087613104,-2.279063109368362,4.362807596614568,100.0,2,8.239860179611558,2,8.239860179611558,10,1.2834618668522424,1,-13.582741721467162,False,,,64,12
all|q1_dark|r500|Z123_master|perzone_concat|ovp_date|sameday,all,q1_dark,500.0,Z123_master,perzone_concat,ovp_date,sameday,20,108,255,-0.3148329430104013,6.955464305187478,70.0,4,11,5,2.3833882847426935,10.662043410861962,10,6,2.1930696074809575,11.640270087613104,10,6,2.1930696074809575,11.640270087613104,10,6,2.1930696074809575,11.640270087613104,-2.279063109368362,4.362807596614568,100.0,2,8.239860179611558,2,8.239860179611558,10,1.2834618668522424,1,-13.582741721467162,False,,,64,12
latest|q1_dark|r500|Z123_master|perzone_concat|ovp_pass|sameday,latest,q1_dark,500.0,Z123_master,perzone_concat,ovp_pass,sameday,20,108,255,-0.3148329430104013,7.619631570979468,70.0,4,11,5,2.3833882847426935,10.662043410861962,10,6,2.1930696074809575,11.872302586003643,10,6,2.1930696074809575,11.872302586003643,10,6,2.1930696074809575,11.872302586003643,-2.279063109368362,4.362807596614568,100.0,2,8.08335640354887,2,8.08335640354887,10,1.2834618668522424,1,-13.582741721467162,False,,,64,12
latest|q1_dark|r500|Z123_master|perzone_concat|ovp_date|sameday,latest,q1_dark,500.0,Z123_master,perzone_concat,ovp_date,sameday,20,108,255,-0.3148329430104013,7.619631570979468,70.0,4,11,5,2.3833882847426935,10.662043410861962,10,6,2.1930696074809575,11.872302586003643,10,6,2.1930696074809575,11.872302586003643,10,6,2.1930696074809575,11.872302586003643,-2.279063109368362,4.362807596614568,100.0,2,8.08335640354887,2,8.08335640354887,10,1.2834618668522424,1,-13.582741721467162,False,,,64,12
all|q1_dark|r200|Z14|perzone_concat|ovp_pass|sameday,all,q1_dark,200.0,Z14,perzone_concat,ovp_pass,sameday,15,98,220,3.1516172606948167,9.436734583422238,66.66666666666666,2,11,2,3.1516172606948167,9.436734583422238,9,4,-3.2133730154566997,10.595970892873575,9,4,-3.2133730154566997,10.595970892873575,9,4,-3.2133730154566997,10.595970892873575,1.1578849736222807,0.0,100.0,2,8.018949609555381,1,-8.002566554520385,15,3.1516172606948167,2,-13.470137832332885,False,,,66,17
all|q1_dark|r200|Z14|perzone_concat|ovp_date|sameday,all,q1_dark,200.0,Z14,perzone_concat,ovp_date,sameday,15,98,220,3.1516172606948167,9.436734583422238,66.66666666666666,2,11,2,3.1516172606948167,9.436734583422238,9,4,-3.2133730154566997,10.595970892873575,9,4,-3.2133730154566997,10.595970892873575,9,4,-3.2133730154566997,10.595970892873575,1.1578849736222807,0.0,100.0,2,8.018949609555381,1,-8.002566554520385,15,3.1516172606948167,2,-13.470137832332885,False,,,66,17
latest|q1_dark|r200|Z14|perzone_concat|ovp_pass|sameday,latest,q1_dark,200.0,Z14,perzone_concat,ovp_pass,sameday,15,98,220,3.1516172606948167,9.436734583422238,66.66666666666666,2,11,2,3.1516172606948167,9.436734583422238,9,4,-3.2133730154566997,10.595970892873575,9,4,-3.2133730154566997,10.595970892873575,9,4,-3.2133730154566997,10.595970892873575,1.1578849736222807,0.0,100.0,2,7.860996155520006,1,-8.318473462591136,15,3.1516172606948167,2,-13.470137832332885,False,,,66,17
latest|q1_dark|r200|Z14|perzone_concat|ovp_date|sameday,latest,q1_dark,200.0,Z14,perzone_concat,ovp_date,sameday,15,98,220,3.1516172606948167,9.436734583422238,66.66666666666666,2,11,2,3.1516172606948167,9.436734583422238,9,4,-3.2133730154566997,10.595970892873575,9,4,-3.2133730154566997,10.595970892873575,9,4,-3.2133730154566997,10.595970892873575,1.1578849736222807,0.0,100.0,2,7.860996155520006,1,-8.318473462591136,15,3.1516172606948167,2,-13.470137832332885,False,,,66,17
all|q2_dark|r500|Z123_master|union_at_crossing|ovp_pass|sameday,all,q2_dark,500.0,Z123_master,union_at_crossing,ovp_pass,sameday,21,111,256,0.1835354489617913,8.800082675545214,61.904761904761905,5,12,4,2.906450879792555,12.052446667164574,11,5,3.7160407192933675,15.158620205645573,11,5,3.7160407192933675,15.158620205645573,11,5,3.7160407192933675,15.158620205645573,-4.691434038994835,7.397279750056507,80.0,2,8.239860179611558,2,8.239860179611558,12,1.1974119189866794,1,-13.582741721467162,False,,,67,11
all|q2_dark|r500|Z123_master|union_at_crossing|ovp_date|sameday,all,q2_dark,500.0,Z123_master,union_at_crossing,ovp_date,sameday,21,111,256,0.1835354489617913,8.800082675545214,61.904761904761905,5,12,4,2.906450879792555,12.052446667164574,11,5,3.7160407192933675,15.158620205645573,11,5,3.7160407192933675,15.158620205645573,11,5,3.7160407192933675,15.158620205645573,-4.691434038994835,7.397279750056507,80.0,2,8.239860179611558,2,8.239860179611558,12,1.1974119189866794,1,-13.582741721467162,False,,,67,11
all|q1_nodark|r500|Z123_master|perzone_dedup_exact|ovp_pass|sameday,all,q1_nodark,500.0,Z123_master,perzone_dedup_exact,ovp_pass,sameday,21,110,257,0.17932236471018825,7.910696103578243,66.66666666666666,5,12,4,1.2834618668522424,8.385810008919876,11,5,0.1835354489617913,7.400541596533196,11,5,0.1835354489617913,7.400541596533196,11,5,0.1835354489617913,7.400541596533196,0.17932236471018825,8.793836356833786,80.0,2,8.239860179611558,2,8.239860179611558,12,1.2834618668522424,2,-7.649934489555266,False,,,67,11
all|q1_nodark|r500|Z123_master|perzone_dedup_exact|ovp_date|sameday,all,q1_nodark,500.0,Z123_master,perzone_dedup_exact,ovp_date,sameday,21,110,257,0.17932236471018825,7.910696103578243,66.66666666666666,5,12,4,1.2834618668522424,8.385810008919876,11,5,0.1835354489617913,7.400541596533196,11,5,0.1835354489617913,7.400541596533196,11,5,0.1835354489617913,7.400541596533196,0.17932236471018825,8.793836356833786,80.0,2,8.239860179611558,2,8.239860179611558,12,1.2834618668522424,2,-7.649934489555266,False,,,67,11
latest|q2_dark|r500|Z123_master|union_at_crossing|ovp_pass|sameday,latest,q2_dark,500.0,Z123_master,union_at_crossing,ovp_pass,sameday,21,111,256,0.1835354489617913,8.808939061974145,61.904761904761905,5,12,4,2.906450879792555,12.284479165555116,11,5,3.7160407192933675,15.622685202426656,11,5,3.7160407192933675,15.622685202426656,11,5,3.7160407192933675,15.622685202426656,-4.691434038994835,7.397279750056507,80.0,2,8.08335640354887,2,8.08335640354887,12,1.1974119189866794,1,-13.582741721467162,False,,,67,11
latest|q2_dark|r500|Z123_master|union_at_crossing|ovp_date|sameday,latest,q2_dark,500.0,Z123_master,union_at_crossing,ovp_date,sameday,21,111,256,0.1835354489617913,8.808939061974145,61.904761904761905,5,12,4,2.906450879792555,12.284479165555116,11,5,3.7160407192933675,15.622685202426656,11,5,3.7160407192933675,15.622685202426656,11,5,3.7160407192933675,15.622685202426656,-4.691434038994835,7.397279750056507,80.0,2,8.08335640354887,2,8.08335640354887,12,1.1974119189866794,1,-13.582741721467162,False,,,67,11
latest|q1_nodark|r500|Z123_master|perzone_dedup_exact|ovp_pass|sameday,latest,q1_nodark,500.0,Z123_master,perzone_dedup_exact,ovp_pass,sameday,21,110,257,0.17932236471018825,8.793836356833786,66.66666666666666,5,12,4,1.2834618668522424,8.385810008919876,11,5,0.1835354489617913,8.957383106112434,11,5,0.1835354489617913,8.957383106112434,11,5,0.1835354489617913,8.957383106112434,0.17932236471018825,8.793836356833786,80.0,2,8.08335640354887,2,8.08335640354887,12,1.2834618668522424,2,-7.649934489555266,False,,,67,11
latest|q1_nodark|r500|Z123_master|perzone_dedup_exact|ovp_date|sameday,latest,q1_nodark,500.0,Z123_master,perzone_dedup_exact,ovp_date,sameday,21,110,257,0.17932236471018825,8.793836356833786,66.66666666666666,5,12,4,1.2834618668522424,8.385810008919876,11,5,0.1835354489617913,8.957383106112434,11,5,0.1835354489617913,8.957383106112434,11,5,0.1835354489617913,8.957383106112434,0.17932236471018825,8.793836356833786,80.0,2,8.08335640354887,2,8.08335640354887,12,1.2834618668522424,2,-7.649934489555266,False,,,67,11
all|q2_dark|r500|Z1234|union_at_crossing|ovp_pass|sameday,all,q2_dark,500.0,Z1234,union_at_crossing,ovp_pass,sameday,21,111,257,0.1835354489617913,8.800082675545214,61.904761904761905,5,12,4,2.906450879792555,12.052446667164574,11,5,3.7160407192933675,15.158620205645573,11,5,3.7160407192933675,15.158620205645573,11,5,3.7160407192933675,15.158620205645573,-4.691434038994835,7.397279750056507,80.0,2,8.239860179611558,2,8.239860179611558,12,1.1974119189866794,1,-13.582741721467162,False,,,68,11
all|q2_dark|r500|Z1234|union_at_crossing|ovp_date|sameday,all,q2_dark,500.0,Z1234,union_at_crossing,ovp_date,sameday,21,111,257,0.1835354489617913,8.800082675545214,61.904761904761905,5,12,4,2.906450879792555,12.052446667164574,11,5,3.7160407192933675,15.158620205645573,11,5,3.7160407192933675,15.158620205645573,11,5,3.7160407192933675,15.158620205645573,-4.691434038994835,7.397279750056507,80.0,2,8.239860179611558,2,8.239860179611558,12,1.1974119189866794,1,-13.582741721467162,False,,,68,11
all|q2_dark|r500|Z1234|union_at_node|ovp_pass|sameday,all,q2_dark,500.0,Z1234,union_at_node,ovp_pass,sameday,21,111,257,0.1835354489617913,8.800082675545214,61.904761904761905,5,12,4,2.906450879792555,12.052446667164574,11,5,3.7160407192933675,15.158620205645573,11,5,3.7160407192933675,15.158620205645573,11,5,3.7160407192933675,15.158620205645573,-4.691434038994835,7.397279750056507,80.0,2,8.239860179611558,2,8.239860179611558,12,1.1974119189866794,1,-13.582741721467162,False,,,68,11
all|q2_dark|r500|Z1234|union_at_node|ovp_date|sameday,all,q2_dark,500.0,Z1234,union_at_node,ovp_date,sameday,21,111,257,0.1835354489617913,8.800082675545214,61.904761904761905,5,12,4,2.906450879792555,12.052446667164574,11,5,3.7160407192933675,15.158620205645573,11,5,3.7160407192933675,15.158620205645573,11,5,3.7160407192933675,15.158620205645573,-4.691434038994835,7.397279750056507,80.0,2,8.239860179611558,2,8.239860179611558,12,1.1974119189866794,1,-13.582741721467162,False,,,68,11
all|q2_dark|r500|Z1234|perzone_dedup_ovp_pass|ovp_pass|sameday,all,q2_dark,500.0,Z1234,perzone_dedup_ovp_pass,ovp_pass,sameday,21,111,257,0.1835354489617913,8.800082675545214,61.904761904761905,5,12,4,2.906450879792555,12.052446667164574,11,5,3.7160407192933675,15.158620205645573,11,5,3.7160407192933675,15.158620205645573,11,5,3.7160407192933675,15.158620205645573,-4.691434038994835,7.397279750056507,80.0,2,8.239860179611558,2,8.239860179611558,12,1.1974119189866794,1,-13.582741721467162,False,,,68,11
all|q2_dark|r500|Z1234|perzone_dedup_ovp_pass|ovp_pass_reach|sameday,all,q2_dark,500.0,Z1234,perzone_dedup_ovp_pass,ovp_pass_reach,sameday,21,111,257,-2.492319908249385,9.665037456937162,57.14285714285714,5,12,4,-0.37242386547724493,14.341339932777656,11,5,-0.8609628710736672,18.861309323593396,11,5,-0.8609628710736672,18.861309323593396,11,5,-0.8609628710736672,18.861309323593396,-4.691434038994835,3.2604066102432037,80.0,2,8.239860179611558,2,8.239860179611558,12,-1.6766413896615262,1,-13.582741721467162,False,,,68,11
all|q2_dark|r500|Z123_master|union_at_node|ovp_pass|sameday,all,q2_dark,500.0,Z123_master,union_at_node,ovp_pass,sameday,21,111,257,0.1835354489617913,8.800082675545214,61.904761904761905,5,12,4,2.906450879792555,12.052446667164574,11,5,3.7160407192933675,15.158620205645573,11,5,3.7160407192933675,15.158620205645573,11,5,3.7160407192933675,15.158620205645573,-4.691434038994835,7.397279750056507,80.0,2,8.239860179611558,2,8.239860179611558,12,1.1974119189866794,1,-13.582741721467162,False,,,68,11
all|q2_dark|r500|Z123_master|union_at_node|ovp_date|sameday,all,q2_dark,500.0,Z123_master,union_at_node,ovp_date,sameday,21,111,257,0.1835354489617913,8.800082675545214,61.904761904761905,5,12,4,2.906450879792555,12.052446667164574,11,5,3.7160407192933675,15.158620205645573,11,5,3.7160407192933675,15.158620205645573,11,5,3.7160407192933675,15.158620205645573,-4.691434038994835,7.397279750056507,80.0,2,8.239860179611558,2,8.239860179611558,12,1.1974119189866794,1,-13.582741721467162,False,,,68,11
all|q2_dark|r500|Z123_master|perzone_dedup_ovp_pass|ovp_pass|sameday,all,q2_dark,500.0,Z123_master,perzone_dedup_ovp_pass,ovp_pass,sameday,21,111,257,0.1835354489617913,8.800082675545214,61.904761904761905,5,12,4,2.906450879792555,12.052446667164574,11,5,3.7160407192933675,15.158620205645573,11,5,3.7160407192933675,15.158620205645573,11,5,3.7160407192933675,15.158620205645573,-4.691434038994835,7.397279750056507,80.0,2,8.239860179611558,2,8.239860179611558,12,1.1974119189866794,1,-13.582741721467162,False,,,68,11
all|q2_dark|r500|Z123_master|perzone_dedup_ovp_pass|ovp_pass_reach|sameday,all,q2_dark,500.0,Z123_master,perzone_dedup_ovp_pass,ovp_pass_reach,sameday,21,111,257,-2.492319908249385,9.665037456937162,57.14285714285714,5,12,4,-0.37242386547724493,14.341339932777656,11,5,-0.8609628710736672,18.861309323593396,11,5,-0.8609628710736672,18.861309323593396,11,5,-0.8609628710736672,18.861309323593396,-4.691434038994835,3.2604066102432037,80.0,2,8.239860179611558,2,8.239860179611558,12,-1.6766413896615262,1,-13.582741721467162,False,,,68,11
latest|q2_dark|r500|Z1234|union_at_crossing|ovp_pass|sameday,latest,q2_dark,500.0,Z1234,union_at_crossing,ovp_pass,sameday,21,111,257,0.1835354489617913,8.808939061974145,61.904761904761905,5,12,4,2.906450879792555,12.284479165555116,11,5,3.7160407192933675,15.622685202426656,11,5,3.7160407192933675,15.622685202426656,11,5,3.7160407192933675,15.622685202426656,-4.691434038994835,7.397279750056507,80.0,2,8.08335640354887,2,8.08335640354887,12,1.1974119189866794,1,-13.582741721467162,False,,,68,11
latest|q2_dark|r500|Z1234|union_at_crossing|ovp_date|sameday,latest,q2_dark,500.0,Z1234,union_at_crossing,ovp_date,sameday,21,111,257,0.1835354489617913,8.808939061974145,61.904761904761905,5,12,4,2.906450879792555,12.284479165555116,11,5,3.7160407192933675,15.622685202426656,11,5,3.7160407192933675,15.622685202426656,11,5,3.7160407192933675,15.622685202426656,-4.691434038994835,7.397279750056507,80.0,2,8.08335640354887,2,8.08335640354887,12,1.1974119189866794,1,-13.582741721467162,False,,,68,11
latest|q2_dark|r500|Z1234|union_at_node|ovp_pass|sameday,latest,q2_dark,500.0,Z1234,union_at_node,ovp_pass,sameday,21,111,257,0.1835354489617913,8.808939061974145,61.904761904761905,5,12,4,2.906450879792555,12.284479165555116,11,5,3.7160407192933675,15.622685202426656,11,5,3.7160407192933675,15.622685202426656,11,5,3.7160407192933675,15.622685202426656,-4.691434038994835,7.397279750056507,80.0,2,8.08335640354887,2,8.08335640354887,12,1.1974119189866794,1,-13.582741721467162,False,,,68,11
latest|q2_dark|r500|Z1234|union_at_node|ovp_date|sameday,latest,q2_dark,500.0,Z1234,union_at_node,ovp_date,sameday,21,111,257,0.1835354489617913,8.808939061974145,61.904761904761905,5,12,4,2.906450879792555,12.284479165555116,11,5,3.7160407192933675,15.622685202426656,11,5,3.7160407192933675,15.622685202426656,11,5,3.7160407192933675,15.622685202426656,-4.691434038994835,7.397279750056507,80.0,2,8.08335640354887,2,8.08335640354887,12,1.1974119189866794,1,-13.582741721467162,False,,,68,11
latest|q2_dark|r500|Z1234|perzone_dedup_ovp_pass|ovp_pass|sameday,latest,q2_dark,500.0,Z1234,perzone_dedup_ovp_pass,ovp_pass,sameday,21,111,257,0.1835354489617913,8.808939061974145,61.904761904761905,5,12,4,2.906450879792555,12.284479165555116,11,5,3.7160407192933675,15.622685202426656,11,5,3.7160407192933675,15.622685202426656,11,5,3.7160407192933675,15.622685202426656,-4.691434038994835,7.397279750056507,80.0,2,8.08335640354887,2,8.08335640354887,12,1.1974119189866794,1,-13.582741721467162,False,,,68,11
latest|q2_dark|r500|Z1234|perzone_dedup_ovp_pass|ovp_pass_reach|sameday,latest,q2_dark,500.0,Z1234,perzone_dedup_ovp_pass,ovp_pass_reach,sameday,21,111,257,-2.492319908249385,12.776162214575438,57.14285714285714,5,12,4,-0.37242386547724493,14.683632819495198,11,5,-0.8609628710736672,18.861309323593396,11,5,-0.8609628710736672,18.861309323593396,11,5,-0.8609628710736672,18.861309323593396,-4.691434038994835,3.2604066102432037,80.0,2,8.08335640354887,2,8.08335640354887,12,-1.6766413896615262,1,-13.582741721467162,False,,,68,11
latest|q2_dark|r500|Z123_master|union_at_node|ovp_pass|sameday,latest,q2_dark,500.0,Z123_master,union_at_node,ovp_pass,sameday,21,111,257,0.1835354489617913,8.808939061974145,61.904761904761905,5,12,4,2.906450879792555,12.284479165555116,11,5,3.7160407192933675,15.622685202426656,11,5,3.7160407192933675,15.622685202426656,11,5,3.7160407192933675,15.622685202426656,-4.691434038994835,7.397279750056507,80.0,2,8.08335640354887,2,8.08335640354887,12,1.1974119189866794,1,-13.582741721467162,False,,,68,11
latest|q2_dark|r500|Z123_master|union_at_node|ovp_date|sameday,latest,q2_dark,500.0,Z123_master,union_at_node,ovp_date,sameday,21,111,257,0.1835354489617913,8.808939061974145,61.904761904761905,5,12,4,2.906450879792555,12.284479165555116,11,5,3.7160407192933675,15.622685202426656,11,5,3.7160407192933675,15.622685202426656,11,5,3.7160407192933675,15.622685202426656,-4.691434038994835,7.397279750056507,80.0,2,8.08335640354887,2,8.08335640354887,12,1.1974119189866794,1,-13.582741721467162,False,,,68,11
latest|q2_dark|r500|Z123_master|perzone_dedup_ovp_pass|ovp_pass|sameday,latest,q2_dark,500.0,Z123_master,perzone_dedup_ovp_pass,ovp_pass,sameday,21,111,257,0.1835354489617913,8.808939061974145,61.904761904761905,5,12,4,2.906450879792555,12.284479165555116,11,5,3.7160407192933675,15.622685202426656,11,5,3.7160407192933675,15.622685202426656,11,5,3.7160407192933675,15.622685202426656,-4.691434038994835,7.397279750056507,80.0,2,8.08335640354887,2,8.08335640354887,12,1.1974119189866794,1,-13.582741721467162,False,,,68,11
latest|q2_dark|r500|Z123_master|perzone_dedup_ovp_pass|ovp_pass_reach|sameday,latest,q2_dark,500.0,Z123_master,perzone_dedup_ovp_pass,ovp_pass_reach,sameday,21,111,257,-2.492319908249385,12.776162214575438,57.14285714285714,5,12,4,-0.37242386547724493,14.683632819495198,11,5,-0.8609628710736672,18.861309323593396,11,5,-0.8609628710736672,18.861309323593396,11,5,-0.8609628710736672,18.861309323593396,-4.691434038994835,3.2604066102432037,80.0,2,8.08335640354887,2,8.08335640354887,12,-1.6766413896615262,1,-13.582741721467162,False,,,68,11
all|q1_dark|r500|Z1234|perzone_dedup_exact|ovp_pass|cal1,all,q1_dark,500.0,Z1234,perzone_dedup_exact,ovp_pass,cal1,51,83,277,0.1835354489617913,8.800082675545214,62.745098039215684,10,31,10,2.3833882847426935,7.761019962121099,27,14,3.5804945675671718,11.145908196222127,26,15,3.8915491667836477,12.252560239798177,26,15,3.8915491667836477,12.252560239798177,-0.29912605761053257,7.298262269550726,90.0,3,14.809690147672327,2,8.239860179611558,27,2.3833882847426935,5,6.411622472371903,False,,,68,19
all|q1_dark|r500|Z1234|perzone_dedup_exact|ovp_date|cal1,all,q1_dark,500.0,Z1234,perzone_dedup_exact,ovp_date,cal1,51,83,277,0.1835354489617913,8.800082675545214,62.745098039215684,10,31,10,2.3833882847426935,7.761019962121099,27,14,3.5804945675671718,11.145908196222127,26,15,3.8915491667836477,12.252560239798177,26,15,3.8915491667836477,12.252560239798177,-0.29912605761053257,7.298262269550726,90.0,3,14.809690147672327,2,8.239860179611558,27,2.3833882847426935,5,6.411622472371903,False,,,68,19
latest|q1_dark|r500|Z1234|perzone_dedup_exact|ovp_pass|cal1,latest,q1_dark,500.0,Z1234,perzone_dedup_exact,ovp_pass,cal1,51,83,277,0.1835354489617913,8.808939061974145,62.745098039215684,10,31,10,2.3833882847426935,7.761019962121099,27,14,3.5804945675671718,11.145908196222127,26,15,3.8915491667836477,12.252560239798177,26,15,3.8915491667836477,12.252560239798177,-0.29912605761053257,7.298262269550726,90.0,3,14.809690147672327,2,8.08335640354887,27,2.3833882847426935,5,6.411622472371903,False,,,68,19
latest|q1_dark|r500|Z1234|perzone_dedup_exact|ovp_date|cal1,latest,q1_dark,500.0,Z1234,perzone_dedup_exact,ovp_date,cal1,51,83,277,0.1835354489617913,8.808939061974145,62.745098039215684,10,31,10,2.3833882847426935,7.761019962121099,27,14,3.5804945675671718,11.145908196222127,26,15,3.8915491667836477,12.252560239798177,26,15,3.8915491667836477,12.252560239798177,-0.29912605761053257,7.298262269550726,90.0,3,14.809690147672327,2,8.08335640354887,27,2.3833882847426935,5,6.411622472371903,False,,,68,19
all|q2_dark|r200|Z123_master|perzone_concat|ovp_pass|cal1,all,q2_dark,200.0,Z123_master,perzone_concat,ovp_pass,cal1,55,88,270,1.1685525475328973,9.302155864977298,60.0,11,34,10,2.2580215137766757,8.670791653304349,32,12,1.8391193518298543,8.36313483773038,31,13,1.7005919191761976,8.471161595806453,31,13,1.7005919191761976,8.471161595806453,1.1685525475328973,9.066650941061273,72.72727272727273,3,14.88283438533049,1,-8.002566554520385,30,2.6975110043096606,3,-0.049661549814494776,False,,,70,23
all|q2_dark|r200|Z123_master|perzone_concat|ovp_date|cal1,all,q2_dark,200.0,Z123_master,perzone_concat,ovp_date,cal1,55,88,270,1.1685525475328973,9.302155864977298,60.0,11,34,10,2.2580215137766757,8.670791653304349,32,12,1.8391193518298543,8.36313483773038,31,13,1.7005919191761976,8.471161595806453,31,13,1.7005919191761976,8.471161595806453,1.1685525475328973,9.066650941061273,72.72727272727273,3,14.88283438533049,1,-8.002566554520385,30,2.6975110043096606,3,-0.049661549814494776,False,,,70,23
latest|q2_dark|r200|Z123_master|perzone_concat|ovp_pass|cal1,latest,q2_dark,200.0,Z123_master,perzone_concat,ovp_pass,cal1,55,88,270,1.1685525475328973,9.302155864977298,60.0,11,34,10,2.2580215137766757,8.670791653304349,32,12,1.8391193518298543,8.469668340495454,31,13,1.7005919191761976,8.471161595806453,31,13,1.7005919191761976,8.471161595806453,1.1685525475328973,9.066650941061273,72.72727272727273,3,14.88283438533049,1,-8.318473462591136,30,2.6975110043096606,3,-0.049661549814494776,False,,,70,23
latest|q2_dark|r200|Z123_master|perzone_concat|ovp_date|cal1,latest,q2_dark,200.0,Z123_master,perzone_concat,ovp_date,cal1,55,88,270,1.1685525475328973,9.302155864977298,60.0,11,34,10,2.2580215137766757,8.670791653304349,32,12,1.8391193518298543,8.469668340495454,31,13,1.7005919191761976,8.471161595806453,31,13,1.7005919191761976,8.471161595806453,1.1685525475328973,9.066650941061273,72.72727272727273,3,14.88283438533049,1,-8.318473462591136,30,2.6975110043096606,3,-0.049661549814494776,False,,,70,23
all|q1_nodark|r200|Z123_master|perzone_concat|ovp_pass|sameday,all,q1_nodark,200.0,Z123_master,perzone_concat,ovp_pass,sameday,21,112,259,-1.3409076711411672,6.660617463940029,71.42857142857143,4,12,5,1.242002339518633,7.497940045912406,11,6,-0.6676125816575507,10.035818488954472,11,6,-0.6676125816575507,10.035818488954472,11,6,-0.6676125816575507,10.035818488954472,-0.18422515325369204,4.533325470530636,100.0,2,8.018949609555381,1,-8.002566554520385,11,1.1685525475328973,2,-7.405522751737026,False,,,71,11
all|q1_nodark|r200|Z123_master|perzone_concat|ovp_date|sameday,all,q1_nodark,200.0,Z123_master,perzone_concat,ovp_date,sameday,21,112,259,-1.3409076711411672,6.660617463940029,71.42857142857143,4,12,5,1.242002339518633,7.497940045912406,11,6,-0.6676125816575507,10.035818488954472,11,6,-0.6676125816575507,10.035818488954472,11,6,-0.6676125816575507,10.035818488954472,-0.18422515325369204,4.533325470530636,100.0,2,8.018949609555381,1,-8.002566554520385,11,1.1685525475328973,2,-7.405522751737026,False,,,71,11
latest|q1_nodark|r200|Z123_master|perzone_concat|ovp_pass|sameday,latest,q1_nodark,200.0,Z123_master,perzone_concat,ovp_pass,sameday,21,112,259,-1.3409076711411672,6.660617463940029,71.42857142857143,4,12,5,1.242002339518633,8.469668340495454,11,6,-0.6676125816575507,11.343166342072134,11,6,-0.6676125816575507,11.343166342072134,11,6,-0.6676125816575507,11.343166342072134,-0.18422515325369204,4.533325470530636,100.0,2,7.860996155520006,1,-8.318473462591136,11,1.1685525475328973,2,-7.405522751737026,False,,,71,11
latest|q1_nodark|r200|Z123_master|perzone_concat|ovp_date|sameday,latest,q1_nodark,200.0,Z123_master,perzone_concat,ovp_date,sameday,21,112,259,-1.3409076711411672,6.660617463940029,71.42857142857143,4,12,5,1.242002339518633,8.469668340495454,11,6,-0.6676125816575507,11.343166342072134,11,6,-0.6676125816575507,11.343166342072134,11,6,-0.6676125816575507,11.343166342072134,-0.18422515325369204,4.533325470530636,100.0,2,7.860996155520006,1,-8.318473462591136,11,1.1685525475328973,2,-7.405522751737026,False,,,71,11
all|q2_dark|r500|Z123_master|perzone_dedup_exact|ovp_pass|cal1,all,q2_dark,500.0,Z123_master,perzone_dedup_exact,ovp_pass,cal1,53,86,276,0.1835354489617913,8.87770852209536,56.60377358490566,11,32,10,2.0765362433977863,9.561622079586298,30,12,2.886126082898599,11.941824456197368,29,13,3.7160407192933675,12.63783391032679,29,13,3.7160407192933675,12.63783391032679,-0.7315599354791757,7.4433622585730355,81.81818181818183,3,14.809690147672327,2,8.239860179611558,29,2.0562114465038306,4,7.535157278703908,False,,,72,21
all|q2_dark|r500|Z123_master|perzone_dedup_exact|ovp_date|cal1,all,q2_dark,500.0,Z123_master,perzone_dedup_exact,ovp_date,cal1,53,86,276,0.1835354489617913,8.87770852209536,56.60377358490566,11,32,10,2.0765362433977863,9.561622079586298,30,12,2.886126082898599,11.941824456197368,29,13,3.7160407192933675,12.63783391032679,29,13,3.7160407192933675,12.63783391032679,-0.7315599354791757,7.4433622585730355,81.81818181818183,3,14.809690147672327,2,8.239860179611558,29,2.0562114465038306,4,7.535157278703908,False,,,72,21
latest|q2_dark|r500|Z123_master|perzone_dedup_exact|ovp_pass|cal1,latest,q2_dark,500.0,Z123_master,perzone_dedup_exact,ovp_pass,cal1,53,86,276,0.1835354489617913,8.957383106112434,56.60377358490566,11,32,10,2.0765362433977863,9.561622079586298,30,12,2.886126082898599,11.941824456197368,29,13,3.7160407192933675,12.63783391032679,29,13,3.7160407192933675,12.63783391032679,-0.7315599354791757,7.4433622585730355,81.81818181818183,3,14.809690147672327,2,8.08335640354887,29,2.0562114465038306,4,7.535157278703908,False,,,72,21
latest|q2_dark|r500|Z123_master|perzone_dedup_exact|ovp_date|cal1,latest,q2_dark,500.0,Z123_master,perzone_dedup_exact,ovp_date,cal1,53,86,276,0.1835354489617913,8.957383106112434,56.60377358490566,11,32,10,2.0765362433977863,9.561622079586298,30,12,2.886126082898599,11.941824456197368,29,13,3.7160407192933675,12.63783391032679,29,13,3.7160407192933675,12.63783391032679,-0.7315599354791757,7.4433622585730355,81.81818181818183,3,14.809690147672327,2,8.08335640354887,29,2.0562114465038306,4,7.535157278703908,False,,,72,21
all|q1_nodark|r200|Z1234|perzone_dedup_exact|ovp_pass|cal1,all,q1_nodark,200.0,Z1234,perzone_dedup_exact,ovp_pass,cal1,55,84,276,1.977646784483511,8.897161916947006,61.81818181818181,12,33,10,2.5383962430698404,7.990834761136926,29,14,1.7005919191761976,7.844346536349681,28,15,1.2369257159730473,7.650732554291431,28,15,1.2369257159730473,7.650732554291431,3.8326100442837685,8.051706711949132,75.0,3,14.88283438533049,1,-8.002566554520385,30,3.2220164018157416,3,-1.3409076711411672,False,,,72,23
all|q1_nodark|r200|Z1234|perzone_dedup_exact|ovp_date|cal1,all,q1_nodark,200.0,Z1234,perzone_dedup_exact,ovp_date,cal1,55,84,276,1.977646784483511,8.897161916947006,61.81818181818181,12,33,10,2.5383962430698404,7.990834761136926,29,14,1.7005919191761976,7.844346536349681,28,15,1.2369257159730473,7.650732554291431,28,15,1.2369257159730473,7.650732554291431,3.8326100442837685,8.051706711949132,75.0,3,14.88283438533049,1,-8.002566554520385,30,3.2220164018157416,3,-1.3409076711411672,False,,,72,23
latest|q1_nodark|r200|Z1234|perzone_dedup_exact|ovp_pass|cal1,latest,q1_nodark,200.0,Z1234,perzone_dedup_exact,ovp_pass,cal1,55,84,276,1.977646784483511,8.897161916947006,61.81818181818181,12,33,10,2.5383962430698404,7.990834761136926,29,14,1.7005919191761976,8.468175085184457,28,15,1.2369257159730473,8.183702210203741,28,15,1.2369257159730473,8.183702210203741,3.8326100442837685,8.051706711949132,75.0,3,14.88283438533049,1,-8.318473462591136,30,3.2220164018157416,3,-1.3409076711411672,False,,,72,23
latest|q1_nodark|r200|Z1234|perzone_dedup_exact|ovp_date|cal1,latest,q1_nodark,200.0,Z1234,perzone_dedup_exact,ovp_date,cal1,55,84,276,1.977646784483511,8.897161916947006,61.81818181818181,12,33,10,2.5383962430698404,7.990834761136926,29,14,1.7005919191761976,8.468175085184457,28,15,1.2369257159730473,8.183702210203741,28,15,1.2369257159730473,8.183702210203741,3.8326100442837685,8.051706711949132,75.0,3,14.88283438533049,1,-8.318473462591136,30,3.2220164018157416,3,-1.3409076711411672,False,,,72,23
all|q1_nodark|r500|Z123_master|perzone_concat|ovp_pass|sameday,all,q1_nodark,500.0,Z123_master,perzone_concat,ovp_pass,sameday,22,114,264,-0.2918256707843625,6.955464305187478,68.18181818181817,5,12,5,1.2834618668522424,8.385810008919876,11,6,0.1835354489617913,7.400541596533196,11,6,0.1835354489617913,7.400541596533196,11,6,0.1835354489617913,7.400541596533196,0.17932236471018825,8.793836356833786,80.0,2,8.239860179611558,2,8.239860179611558,12,1.2834618668522424,2,-7.649934489555266,False,,,77,10
all|q1_nodark|r500|Z123_master|perzone_concat|ovp_date|sameday,all,q1_nodark,500.0,Z123_master,perzone_concat,ovp_date,sameday,22,114,264,-0.2918256707843625,6.955464305187478,68.18181818181817,5,12,5,1.2834618668522424,8.385810008919876,11,6,0.1835354489617913,7.400541596533196,11,6,0.1835354489617913,7.400541596533196,11,6,0.1835354489617913,7.400541596533196,0.17932236471018825,8.793836356833786,80.0,2,8.239860179611558,2,8.239860179611558,12,1.2834618668522424,2,-7.649934489555266,False,,,77,10
latest|q1_nodark|r500|Z123_master|perzone_concat|ovp_pass|sameday,latest,q1_nodark,500.0,Z123_master,perzone_concat,ovp_pass,sameday,22,114,264,-0.2918256707843625,7.653742152781794,68.18181818181817,5,12,5,1.2834618668522424,8.385810008919876,11,6,0.1835354489617913,8.957383106112434,11,6,0.1835354489617913,8.957383106112434,11,6,0.1835354489617913,8.957383106112434,0.17932236471018825,8.793836356833786,80.0,2,8.08335640354887,2,8.08335640354887,12,1.2834618668522424,2,-7.649934489555266,False,,,77,10
latest|q1_nodark|r500|Z123_master|perzone_concat|ovp_date|sameday,latest,q1_nodark,500.0,Z123_master,perzone_concat,ovp_date,sameday,22,114,264,-0.2918256707843625,7.653742152781794,68.18181818181817,5,12,5,1.2834618668522424,8.385810008919876,11,6,0.1835354489617913,8.957383106112434,11,6,0.1835354489617913,8.957383106112434,11,6,0.1835354489617913,8.957383106112434,0.17932236471018825,8.793836356833786,80.0,2,8.08335640354887,2,8.08335640354887,12,1.2834618668522424,2,-7.649934489555266,False,,,77,10
all|q2_dark|r200|Z123_master|perzone_dedup_exact|ovp_pass|sameday,all,q2_dark,200.0,Z123_master,perzone_dedup_exact,ovp_pass,sameday,21,114,263,-0.6676125816575507,7.063120761228328,66.66666666666666,5,13,3,2.856625765549481,10.185097376439483,12,4,1.0945065919459651,10.529950068302961,12,4,1.0945065919459651,10.529950068302961,12,4,1.0945065919459651,10.529950068302961,-1.5370028540402814,5.055394502688877,80.0,2,8.018949609555381,1,-8.002566554520385,12,2.012589156541189,1,-13.470137832332885,False,,,77,11
all|q2_dark|r200|Z123_master|perzone_dedup_exact|ovp_date|sameday,all,q2_dark,200.0,Z123_master,perzone_dedup_exact,ovp_date,sameday,21,114,263,-0.6676125816575507,7.063120761228328,66.66666666666666,5,13,3,2.856625765549481,10.185097376439483,12,4,1.0945065919459651,10.529950068302961,12,4,1.0945065919459651,10.529950068302961,12,4,1.0945065919459651,10.529950068302961,-1.5370028540402814,5.055394502688877,80.0,2,8.018949609555381,1,-8.002566554520385,12,2.012589156541189,1,-13.470137832332885,False,,,77,11
latest|q2_dark|r200|Z123_master|perzone_dedup_exact|ovp_pass|sameday,latest,q2_dark,200.0,Z123_master,perzone_dedup_exact,ovp_pass,sameday,21,114,263,-0.6676125816575507,7.063120761228328,66.66666666666666,5,13,3,2.856625765549481,10.185097376439483,12,4,1.0945065919459651,11.661220710096352,12,4,1.0945065919459651,11.661220710096352,12,4,1.0945065919459651,11.661220710096352,-1.5370028540402814,5.055394502688877,80.0,2,7.860996155520006,1,-8.318473462591136,12,2.012589156541189,1,-13.470137832332885,False,,,77,11
latest|q2_dark|r200|Z123_master|perzone_dedup_exact|ovp_date|sameday,latest,q2_dark,200.0,Z123_master,perzone_dedup_exact,ovp_date,sameday,21,114,263,-0.6676125816575507,7.063120761228328,66.66666666666666,5,13,3,2.856625765549481,10.185097376439483,12,4,1.0945065919459651,11.661220710096352,12,4,1.0945065919459651,11.661220710096352,12,4,1.0945065919459651,11.661220710096352,-1.5370028540402814,5.055394502688877,80.0,2,7.860996155520006,1,-8.318473462591136,12,2.012589156541189,1,-13.470137832332885,False,,,77,11
all|q2_dark|r500|Z14|perzone_dedup_exact|ovp_pass|cal1,all,q2_dark,500.0,Z14,perzone_dedup_exact,ovp_pass,cal1,36,57,179,3.360901164087604,9.746893709623492,58.333333333333336,7,26,3,3.360901164087604,6.998888424429242,22,7,3.7926064640662727,10.386939987371866,21,8,3.816137391696195,10.95550220889761,21,8,3.816137391696195,10.95550220889761,0.2979627976816168,16.48958090265351,42.857142857142854,3,14.809690147672327,2,8.239860179611558,36,3.360901164087604,6,8.856430746671684,False,,,79,4
all|q2_dark|r500|Z14|perzone_dedup_exact|ovp_date|cal1,all,q2_dark,500.0,Z14,perzone_dedup_exact,ovp_date,cal1,36,57,179,3.360901164087604,9.746893709623492,58.333333333333336,7,26,3,3.360901164087604,6.998888424429242,22,7,3.7926064640662727,10.386939987371866,21,8,3.816137391696195,10.95550220889761,21,8,3.816137391696195,10.95550220889761,0.2979627976816168,16.48958090265351,42.857142857142854,3,14.809690147672327,2,8.239860179611558,36,3.360901164087604,6,8.856430746671684,False,,,79,4
latest|q2_dark|r500|Z14|perzone_dedup_exact|ovp_pass|cal1,latest,q2_dark,500.0,Z14,perzone_dedup_exact,ovp_pass,cal1,36,57,179,3.360901164087604,9.746893709623492,58.333333333333336,7,26,3,3.360901164087604,6.998888424429242,22,7,3.7926064640662727,10.386939987371866,21,8,3.816137391696195,10.95550220889761,21,8,3.816137391696195,10.95550220889761,0.2979627976816168,16.48958090265351,42.857142857142854,3,14.809690147672327,2,8.08335640354887,36,3.360901164087604,6,8.856430746671684,False,,,79,4
latest|q2_dark|r500|Z14|perzone_dedup_exact|ovp_date|cal1,latest,q2_dark,500.0,Z14,perzone_dedup_exact,ovp_date,cal1,36,57,179,3.360901164087604,9.746893709623492,58.333333333333336,7,26,3,3.360901164087604,6.998888424429242,22,7,3.7926064640662727,10.386939987371866,21,8,3.816137391696195,10.95550220889761,21,8,3.816137391696195,10.95550220889761,0.2979627976816168,16.48958090265351,42.857142857142854,3,14.809690147672327,2,8.08335640354887,36,3.360901164087604,6,8.856430746671684,False,,,79,4
all|q1_dark|r200|Z1234|perzone_dedup_exact|ovp_pass|sameday,all,q1_dark,200.0,Z1234,perzone_dedup_exact,ovp_pass,sameday,19,112,266,1.1578849736222807,7.6665442783282165,73.68421052631578,4,12,3,3.4483128218820713,10.469474014298322,10,5,1.632949428905972,11.328245418379867,10,5,1.632949428905972,11.328245418379867,10,5,1.632949428905972,11.328245418379867,-0.18955894020900033,4.525417597990695,100.0,2,8.018949609555381,1,-8.002566554520385,11,3.1516172606948167,1,-13.470137832332885,False,,,80,13
all|q1_dark|r200|Z1234|perzone_dedup_exact|ovp_date|sameday,all,q1_dark,200.0,Z1234,perzone_dedup_exact,ovp_date,sameday,19,112,266,1.1578849736222807,7.6665442783282165,73.68421052631578,4,12,3,3.4483128218820713,10.469474014298322,10,5,1.632949428905972,11.328245418379867,10,5,1.632949428905972,11.328245418379867,10,5,1.632949428905972,11.328245418379867,-0.18955894020900033,4.525417597990695,100.0,2,8.018949609555381,1,-8.002566554520385,11,3.1516172606948167,1,-13.470137832332885,False,,,80,13
latest|q1_dark|r200|Z1234|perzone_dedup_exact|ovp_pass|sameday,latest,q1_dark,200.0,Z1234,perzone_dedup_exact,ovp_pass,sameday,19,112,266,1.1578849736222807,9.05083519598139,73.68421052631578,4,12,3,3.4483128218820713,10.469474014298322,10,5,1.632949428905972,11.661220710096352,10,5,1.632949428905972,11.661220710096352,10,5,1.632949428905972,11.661220710096352,-0.18955894020900033,4.525417597990695,100.0,2,7.860996155520006,1,-8.318473462591136,11,3.1516172606948167,1,-13.470137832332885,False,,,80,13
latest|q1_dark|r200|Z1234|perzone_dedup_exact|ovp_date|sameday,latest,q1_dark,200.0,Z1234,perzone_dedup_exact,ovp_date,sameday,19,112,266,1.1578849736222807,9.05083519598139,73.68421052631578,4,12,3,3.4483128218820713,10.469474014298322,10,5,1.632949428905972,11.661220710096352,10,5,1.632949428905972,11.661220710096352,10,5,1.632949428905972,11.661220710096352,-0.18955894020900033,4.525417597990695,100.0,2,7.860996155520006,1,-8.318473462591136,11,3.1516172606948167,1,-13.470137832332885,False,,,80,13
all|q2_dark|r500|Z14|perzone_dedup_exact|ovp_pass|h24,all,q2_dark,500.0,Z14,perzone_dedup_exact,ovp_pass,h24,22,55,182,2.5513113245867913,7.321162844245888,59.09090909090909,4,16,2,3.360901164087604,6.877574389081513,14,4,3.7660890554947812,9.122192308090073,14,4,3.7660890554947812,9.122192308090073,14,4,3.7660890554947812,9.122192308090073,-9.255431982778406,14.880543626649287,50.0,3,14.809690147672327,2,8.239860179611558,22,2.5513113245867913,2,-1.1407513502478484,False,,,84,10
all|q2_dark|r500|Z14|perzone_dedup_exact|ovp_date|h24,all,q2_dark,500.0,Z14,perzone_dedup_exact,ovp_date,h24,22,55,182,2.5513113245867913,7.321162844245888,59.09090909090909,4,16,2,3.360901164087604,6.877574389081513,14,4,3.7660890554947812,9.122192308090073,14,4,3.7660890554947812,9.122192308090073,14,4,3.7660890554947812,9.122192308090073,-9.255431982778406,14.880543626649287,50.0,3,14.809690147672327,2,8.239860179611558,22,2.5513113245867913,2,-1.1407513502478484,False,,,84,10
latest|q2_dark|r500|Z14|perzone_dedup_exact|ovp_pass|h24,latest,q2_dark,500.0,Z14,perzone_dedup_exact,ovp_pass,h24,22,55,182,2.5513113245867913,7.321162844245888,59.09090909090909,4,16,2,3.360901164087604,6.877574389081513,14,4,3.7660890554947812,9.122192308090073,14,4,3.7660890554947812,9.122192308090073,14,4,3.7660890554947812,9.122192308090073,-9.255431982778406,14.880543626649287,50.0,3,14.809690147672327,2,8.08335640354887,22,2.5513113245867913,2,-1.1407513502478484,False,,,84,10
latest|q2_dark|r500|Z14|perzone_dedup_exact|ovp_date|h24,latest,q2_dark,500.0,Z14,perzone_dedup_exact,ovp_date,h24,22,55,182,2.5513113245867913,7.321162844245888,59.09090909090909,4,16,2,3.360901164087604,6.877574389081513,14,4,3.7660890554947812,9.122192308090073,14,4,3.7660890554947812,9.122192308090073,14,4,3.7660890554947812,9.122192308090073,-9.255431982778406,14.880543626649287,50.0,3,14.809690147672327,2,8.08335640354887,22,2.5513113245867913,2,-1.1407513502478484,False,,,84,10
all|q2_dark|r500|Z123_master|perzone_concat|ovp_pass|cal1,all,q2_dark,500.0,Z123_master,perzone_concat,ovp_pass,cal1,56,90,281,-0.6357572326379568,7.735317332771202,58.92857142857143,11,34,11,1.4335629587316934,7.692982373773543,32,13,1.4335629587316934,8.60834988774035,31,14,0.8109144709595562,8.330693734547081,31,14,0.8109144709595562,8.330693734547081,-0.7315599354791757,7.4433622585730355,81.81818181818183,3,14.809690147672327,2,8.239860179611558,31,0.2979627976816168,4,7.535157278703908,False,,,84,24
all|q2_dark|r500|Z123_master|perzone_concat|ovp_date|cal1,all,q2_dark,500.0,Z123_master,perzone_concat,ovp_date,cal1,56,90,281,-0.6357572326379568,7.735317332771202,58.92857142857143,11,34,11,1.4335629587316934,7.692982373773543,32,13,1.4335629587316934,8.60834988774035,31,14,0.8109144709595562,8.330693734547081,31,14,0.8109144709595562,8.330693734547081,-0.7315599354791757,7.4433622585730355,81.81818181818183,3,14.809690147672327,2,8.239860179611558,31,0.2979627976816168,4,7.535157278703908,False,,,84,24
all|q1_nodark|r500|Z1234|perzone_dedup_exact|ovp_pass|cal1,all,q1_nodark,500.0,Z1234,perzone_dedup_exact,ovp_pass,cal1,56,86,285,0.18142890683598978,9.055735171501595,57.14285714285714,13,33,10,2.0562114465038306,8.34623600255541,29,14,2.0562114465038306,10.176971030489025,28,15,1.8820150082644815,11.179100538814755,28,15,1.8820150082644815,11.179100538814755,3.7393975372588706,12.499550894953742,69.23076923076923,3,14.809690147672327,2,8.239860179611558,31,3.0057616088818406,6,4.996058519969537,False,,,84,24
all|q1_nodark|r500|Z1234|perzone_dedup_exact|ovp_date|cal1,all,q1_nodark,500.0,Z1234,perzone_dedup_exact,ovp_date,cal1,56,86,285,0.18142890683598978,9.055735171501595,57.14285714285714,13,33,10,2.0562114465038306,8.34623600255541,29,14,2.0562114465038306,10.176971030489025,28,15,1.8820150082644815,11.179100538814755,28,15,1.8820150082644815,11.179100538814755,3.7393975372588706,12.499550894953742,69.23076923076923,3,14.809690147672327,2,8.239860179611558,31,3.0057616088818406,6,4.996058519969537,False,,,84,24
latest|q2_dark|r500|Z123_master|perzone_concat|ovp_pass|cal1,latest,q2_dark,500.0,Z123_master,perzone_concat,ovp_pass,cal1,56,90,281,-0.6357572326379568,8.051969992426752,58.92857142857143,11,34,11,1.4335629587316934,7.692982373773543,32,13,1.4335629587316934,8.60834988774035,31,14,0.8109144709595562,8.330693734547081,31,14,0.8109144709595562,8.330693734547081,-0.7315599354791757,7.4433622585730355,81.81818181818183,3,14.809690147672327,2,8.08335640354887,31,0.2979627976816168,4,7.535157278703908,False,,,84,24
latest|q2_dark|r500|Z123_master|perzone_concat|ovp_date|cal1,latest,q2_dark,500.0,Z123_master,perzone_concat,ovp_date,cal1,56,90,281,-0.6357572326379568,8.051969992426752,58.92857142857143,11,34,11,1.4335629587316934,7.692982373773543,32,13,1.4335629587316934,8.60834988774035,31,14,0.8109144709595562,8.330693734547081,31,14,0.8109144709595562,8.330693734547081,-0.7315599354791757,7.4433622585730355,81.81818181818183,3,14.809690147672327,2,8.08335640354887,31,0.2979627976816168,4,7.535157278703908,False,,,84,24
latest|q1_nodark|r500|Z1234|perzone_dedup_exact|ovp_pass|cal1,latest,q1_nodark,500.0,Z1234,perzone_dedup_exact,ovp_pass,cal1,56,86,285,0.18142890683598978,9.098695622865845,57.14285714285714,13,33,10,2.0562114465038306,8.34623600255541,29,14,2.0562114465038306,10.176971030489025,28,15,1.8820150082644815,11.411133037205296,28,15,1.8820150082644815,11.411133037205296,3.7393975372588706,12.499550894953742,69.23076923076923,3,14.809690147672327,2,8.08335640354887,31,3.0057616088818406,6,4.996058519969537,False,,,84,24
latest|q1_nodark|r500|Z1234|perzone_dedup_exact|ovp_date|cal1,latest,q1_nodark,500.0,Z1234,perzone_dedup_exact,ovp_date,cal1,56,86,285,0.18142890683598978,9.098695622865845,57.14285714285714,13,33,10,2.0562114465038306,8.34623600255541,29,14,2.0562114465038306,10.176971030489025,28,15,1.8820150082644815,11.411133037205296,28,15,1.8820150082644815,11.411133037205296,3.7393975372588706,12.499550894953742,69.23076923076923,3,14.809690147672327,2,8.08335640354887,31,3.0057616088818406,6,4.996058519969537,False,,,84,24
all|q2_dark|r200|Z14|perzone_dedup_exact|ovp_pass|cal1,all,q2_dark,200.0,Z14,perzone_dedup_exact,ovp_pass,cal1,36,56,172,3.607451177710841,10.182436246007487,55.55555555555556,7,26,3,3.607451177710841,8.359794141286038,22,7,3.607451177710841,10.182436246007487,21,8,3.629924711573107,10.218999281920583,21,8,3.629924711573107,10.218999281920583,1.1685525475328973,14.755074802593407,42.857142857142854,3,14.88283438533049,1,-8.002566554520385,35,3.629924711573107,4,16.524353884529887,False,,,87,4
all|q2_dark|r200|Z14|perzone_dedup_exact|ovp_date|cal1,all,q2_dark,200.0,Z14,perzone_dedup_exact,ovp_date,cal1,36,56,172,3.607451177710841,10.182436246007487,55.55555555555556,7,26,3,3.607451177710841,8.359794141286038,22,7,3.607451177710841,10.182436246007487,21,8,3.629924711573107,10.218999281920583,21,8,3.629924711573107,10.218999281920583,1.1685525475328973,14.755074802593407,42.857142857142854,3,14.88283438533049,1,-8.002566554520385,35,3.629924711573107,4,16.524353884529887,False,,,87,4
latest|q2_dark|r200|Z14|perzone_dedup_exact|ovp_pass|cal1,latest,q2_dark,200.0,Z14,perzone_dedup_exact,ovp_pass,cal1,36,56,172,3.607451177710841,10.182436246007487,55.55555555555556,7,26,3,3.607451177710841,8.359794141286038,22,7,3.607451177710841,10.182436246007487,21,8,3.629924711573107,10.218999281920583,21,8,3.629924711573107,10.218999281920583,1.1685525475328973,14.755074802593407,42.857142857142854,3,14.88283438533049,1,-8.318473462591136,35,3.629924711573107,4,16.524353884529887,False,,,87,4
latest|q2_dark|r200|Z14|perzone_dedup_exact|ovp_date|cal1,latest,q2_dark,200.0,Z14,perzone_dedup_exact,ovp_date,cal1,36,56,172,3.607451177710841,10.182436246007487,55.55555555555556,7,26,3,3.607451177710841,8.359794141286038,22,7,3.607451177710841,10.182436246007487,21,8,3.629924711573107,10.218999281920583,21,8,3.629924711573107,10.218999281920583,1.1685525475328973,14.755074802593407,42.857142857142854,3,14.88283438533049,1,-8.318473462591136,35,3.629924711573107,4,16.524353884529887,False,,,87,4
all|q2_dark|r500|Z14|perzone_dedup_exact|ovp_pass|sameday,all,q2_dark,500.0,Z14,perzone_dedup_exact,ovp_pass,sameday,15,78,179,2.096861040291742,4.051379851445571,60.0,3,11,1,3.0057616088818406,4.184232504697465,9,3,3.7160407192933675,6.45197564353338,9,3,3.7160407192933675,6.45197564353338,9,3,3.7160407192933675,6.45197564353338,-18.80882676323843,1.4333610502785135,33.33333333333333,2,8.239860179611558,2,8.239860179611558,15,2.096861040291742,1,-13.582741721467162,False,,,87,17
all|q2_dark|r500|Z14|perzone_dedup_exact|ovp_date|sameday,all,q2_dark,500.0,Z14,perzone_dedup_exact,ovp_date,sameday,15,78,179,2.096861040291742,4.051379851445571,60.0,3,11,1,3.0057616088818406,4.184232504697465,9,3,3.7160407192933675,6.45197564353338,9,3,3.7160407192933675,6.45197564353338,9,3,3.7160407192933675,6.45197564353338,-18.80882676323843,1.4333610502785135,33.33333333333333,2,8.239860179611558,2,8.239860179611558,15,2.096861040291742,1,-13.582741721467162,False,,,87,17
latest|q2_dark|r500|Z14|perzone_dedup_exact|ovp_pass|sameday,latest,q2_dark,500.0,Z14,perzone_dedup_exact,ovp_pass,sameday,15,78,179,2.096861040291742,6.12068658440665,60.0,3,11,1,3.0057616088818406,4.7731506014149705,9,3,3.7160407192933675,6.45197564353338,9,3,3.7160407192933675,6.45197564353338,9,3,3.7160407192933675,6.45197564353338,-18.80882676323843,1.4333610502785135,33.33333333333333,2,8.08335640354887,2,8.08335640354887,15,2.096861040291742,1,-13.582741721467162,False,,,87,17
latest|q2_dark|r500|Z14|perzone_dedup_exact|ovp_date|sameday,latest,q2_dark,500.0,Z14,perzone_dedup_exact,ovp_date,sameday,15,78,179,2.096861040291742,6.12068658440665,60.0,3,11,1,3.0057616088818406,4.7731506014149705,9,3,3.7160407192933675,6.45197564353338,9,3,3.7160407192933675,6.45197564353338,9,3,3.7160407192933675,6.45197564353338,-18.80882676323843,1.4333610502785135,33.33333333333333,2,8.08335640354887,2,8.08335640354887,15,2.096861040291742,1,-13.582741721467162,False,,,87,17
all|q2_dark|r200|Z123_master|perzone_concat|ovp_pass|sameday,all,q2_dark,200.0,Z123_master,perzone_concat,ovp_pass,sameday,23,120,270,-1.2109574796049571,6.257557615531503,69.56521739130434,5,14,4,1.0945065919459651,7.497940045912406,13,5,-0.6676125816575507,10.035818488954472,13,5,-0.6676125816575507,10.035818488954472,13,5,-0.6676125816575507,10.035818488954472,-1.5370028540402814,5.055394502688877,80.0,2,8.018949609555381,1,-8.002566554520385,13,1.1685525475328973,1,-13.470137832332885,False,,,88,9
all|q2_dark|r200|Z123_master|perzone_concat|ovp_date|sameday,all,q2_dark,200.0,Z123_master,perzone_concat,ovp_date,sameday,23,120,270,-1.2109574796049571,6.257557615531503,69.56521739130434,5,14,4,1.0945065919459651,7.497940045912406,13,5,-0.6676125816575507,10.035818488954472,13,5,-0.6676125816575507,10.035818488954472,13,5,-0.6676125816575507,10.035818488954472,-1.5370028540402814,5.055394502688877,80.0,2,8.018949609555381,1,-8.002566554520385,13,1.1685525475328973,1,-13.470137832332885,False,,,88,9
latest|q2_dark|r200|Z123_master|perzone_concat|ovp_pass|sameday,latest,q2_dark,200.0,Z123_master,perzone_concat,ovp_pass,sameday,23,120,270,-1.2109574796049571,6.257557615531503,69.56521739130434,5,14,4,1.0945065919459651,8.469668340495454,13,5,-0.6676125816575507,11.343166342072134,13,5,-0.6676125816575507,11.343166342072134,13,5,-0.6676125816575507,11.343166342072134,-1.5370028540402814,5.055394502688877,80.0,2,7.860996155520006,1,-8.318473462591136,13,1.1685525475328973,1,-13.470137832332885,False,,,88,9
latest|q2_dark|r200|Z123_master|perzone_concat|ovp_date|sameday,latest,q2_dark,200.0,Z123_master,perzone_concat,ovp_date,sameday,23,120,270,-1.2109574796049571,6.257557615531503,69.56521739130434,5,14,4,1.0945065919459651,8.469668340495454,13,5,-0.6676125816575507,11.343166342072134,13,5,-0.6676125816575507,11.343166342072134,13,5,-0.6676125816575507,11.343166342072134,-1.5370028540402814,5.055394502688877,80.0,2,7.860996155520006,1,-8.318473462591136,13,1.1685525475328973,1,-13.470137832332885,False,,,88,9
all|q2_dark|r200|Z1234|perzone_dedup_exact|ovp_pass|h24,all,q2_dark,200.0,Z1234,perzone_dedup_exact,ovp_pass,h24,39,92,302,2.856625765549481,10.185097376439483,61.53846153846154,9,24,6,3.607451177710841,9.844184778012934,22,8,3.220801704699028,10.132166031962742,22,8,3.220801704699028,10.132166031962742,22,8,3.220801704699028,10.132166031962742,1.1685525475328973,9.066650941061273,66.66666666666666,3,14.88283438533049,1,-8.002566554520385,22,3.220801704699028,1,-13.470137832332885,False,,,90,7
all|q2_dark|r200|Z1234|perzone_dedup_exact|ovp_date|h24,all,q2_dark,200.0,Z1234,perzone_dedup_exact,ovp_date,h24,39,92,302,2.856625765549481,10.185097376439483,61.53846153846154,9,24,6,3.607451177710841,9.844184778012934,22,8,3.220801704699028,10.132166031962742,22,8,3.220801704699028,10.132166031962742,22,8,3.220801704699028,10.132166031962742,1.1685525475328973,9.066650941061273,66.66666666666666,3,14.88283438533049,1,-8.002566554520385,22,3.220801704699028,1,-13.470137832332885,False,,,90,7
latest|q2_dark|r200|Z1234|perzone_dedup_exact|ovp_pass|h24,latest,q2_dark,200.0,Z1234,perzone_dedup_exact,ovp_pass,h24,39,92,302,2.856625765549481,10.185097376439483,61.53846153846154,9,24,6,3.607451177710841,9.844184778012934,22,8,3.220801704699028,10.132166031962742,22,8,3.220801704699028,10.132166031962742,22,8,3.220801704699028,10.132166031962742,1.1685525475328973,9.066650941061273,66.66666666666666,3,14.88283438533049,1,-8.318473462591136,22,3.220801704699028,1,-13.470137832332885,False,,,90,7
latest|q2_dark|r200|Z1234|perzone_dedup_exact|ovp_date|h24,latest,q2_dark,200.0,Z1234,perzone_dedup_exact,ovp_date,h24,39,92,302,2.856625765549481,10.185097376439483,61.53846153846154,9,24,6,3.607451177710841,9.844184778012934,22,8,3.220801704699028,10.132166031962742,22,8,3.220801704699028,10.132166031962742,22,8,3.220801704699028,10.132166031962742,1.1685525475328973,9.066650941061273,66.66666666666666,3,14.88283438533049,1,-8.318473462591136,22,3.220801704699028,1,-13.470137832332885,False,,,90,7
all|q2_dark|r200|Z14|perzone_dedup_exact|ovp_pass|h24,all,q2_dark,200.0,Z14,perzone_dedup_exact,ovp_pass,h24,22,54,175,3.220801704699028,9.27093826932562,59.09090909090909,4,16,2,3.607451177710841,8.359794141286038,14,4,3.220801704699028,9.27093826932562,14,4,3.220801704699028,9.27093826932562,14,4,3.220801704699028,9.27093826932562,-8.737954093808842,15.28775895650432,50.0,3,14.88283438533049,1,-8.002566554520385,21,3.5849776438485748,1,-13.470137832332885,False,,Z1,92,10
all|q2_dark|r200|Z14|perzone_dedup_exact|ovp_date|h24,all,q2_dark,200.0,Z14,perzone_dedup_exact,ovp_date,h24,22,54,175,3.220801704699028,9.27093826932562,59.09090909090909,4,16,2,3.607451177710841,8.359794141286038,14,4,3.220801704699028,9.27093826932562,14,4,3.220801704699028,9.27093826932562,14,4,3.220801704699028,9.27093826932562,-8.737954093808842,15.28775895650432,50.0,3,14.88283438533049,1,-8.002566554520385,21,3.5849776438485748,1,-13.470137832332885,False,,Z1,92,10
all|q2_dark|r500|Z123_master|perzone_dedup_exact|ovp_pass|sameday,all,q2_dark,500.0,Z123_master,perzone_dedup_exact,ovp_pass,sameday,22,117,276,-0.22611089183808275,7.751170884047548,63.63636363636363,5,13,4,2.096861040291742,10.237238118238981,12,5,1.9497880841275794,11.279580901089384,12,5,1.9497880841275794,11.279580901089384,12,5,1.9497880841275794,11.279580901089384,-4.691434038994835,7.397279750056507,80.0,2,8.239860179611558,2,8.239860179611558,13,0.2979627976816168,1,-13.582741721467162,False,,,92,10
all|q2_dark|r500|Z123_master|perzone_dedup_exact|ovp_date|sameday,all,q2_dark,500.0,Z123_master,perzone_dedup_exact,ovp_date,sameday,22,117,276,-0.22611089183808275,7.751170884047548,63.63636363636363,5,13,4,2.096861040291742,10.237238118238981,12,5,1.9497880841275794,11.279580901089384,12,5,1.9497880841275794,11.279580901089384,12,5,1.9497880841275794,11.279580901089384,-4.691434038994835,7.397279750056507,80.0,2,8.239860179611558,2,8.239860179611558,13,0.2979627976816168,1,-13.582741721467162,False,,,92,10
latest|q2_dark|r200|Z14|perzone_dedup_exact|ovp_pass|h24,latest,q2_dark,200.0,Z14,perzone_dedup_exact,ovp_pass,h24,22,54,175,3.220801704699028,9.27093826932562,59.09090909090909,4,16,2,3.607451177710841,8.359794141286038,14,4,3.220801704699028,9.27093826932562,14,4,3.220801704699028,9.27093826932562,14,4,3.220801704699028,9.27093826932562,-8.737954093808842,15.28775895650432,50.0,3,14.88283438533049,1,-8.318473462591136,21,3.5849776438485748,1,-13.470137832332885,False,,Z1,92,10
latest|q2_dark|r200|Z14|perzone_dedup_exact|ovp_date|h24,latest,q2_dark,200.0,Z14,perzone_dedup_exact,ovp_date,h24,22,54,175,3.220801704699028,9.27093826932562,59.09090909090909,4,16,2,3.607451177710841,8.359794141286038,14,4,3.220801704699028,9.27093826932562,14,4,3.220801704699028,9.27093826932562,14,4,3.220801704699028,9.27093826932562,-8.737954093808842,15.28775895650432,50.0,3,14.88283438533049,1,-8.318473462591136,21,3.5849776438485748,1,-13.470137832332885,False,,Z1,92,10
latest|q2_dark|r500|Z123_master|perzone_dedup_exact|ovp_pass|sameday,latest,q2_dark,500.0,Z123_master,perzone_dedup_exact,ovp_pass,sameday,22,117,276,-0.22611089183808275,8.80451086875968,63.63636363636363,5,13,4,2.096861040291742,10.237238118238981,12,5,1.9497880841275794,11.511613399479927,12,5,1.9497880841275794,11.511613399479927,12,5,1.9497880841275794,11.511613399479927,-4.691434038994835,7.397279750056507,80.0,2,8.08335640354887,2,8.08335640354887,13,0.2979627976816168,1,-13.582741721467162,False,,,92,10
latest|q2_dark|r500|Z123_master|perzone_dedup_exact|ovp_date|sameday,latest,q2_dark,500.0,Z123_master,perzone_dedup_exact,ovp_date,sameday,22,117,276,-0.22611089183808275,8.80451086875968,63.63636363636363,5,13,4,2.096861040291742,10.237238118238981,12,5,1.9497880841275794,11.511613399479927,12,5,1.9497880841275794,11.511613399479927,12,5,1.9497880841275794,11.511613399479927,-4.691434038994835,7.397279750056507,80.0,2,8.08335640354887,2,8.08335640354887,13,0.2979627976816168,1,-13.582741721467162,False,,,92,10
all|q1_dark|r500|Z1234|perzone_dedup_exact|ovp_pass|sameday,all,q1_dark,500.0,Z1234,perzone_dedup_exact,ovp_pass,sameday,20,114,277,0.15842163460995096,7.621508268253393,70.0,4,12,4,2.694574946812267,10.477926261268609,10,6,2.1930696074809575,11.640270087613104,10,6,2.1930696074809575,11.640270087613104,10,6,2.1930696074809575,11.640270087613104,-2.279063109368362,4.362807596614568,100.0,2,8.239860179611558,2,8.239860179611558,11,2.3833882847426935,1,-13.582741721467162,False,,,92,12
all|q1_dark|r500|Z1234|perzone_dedup_exact|ovp_date|sameday,all,q1_dark,500.0,Z1234,perzone_dedup_exact,ovp_date,sameday,20,114,277,0.15842163460995096,7.621508268253393,70.0,4,12,4,2.694574946812267,10.477926261268609,10,6,2.1930696074809575,11.640270087613104,10,6,2.1930696074809575,11.640270087613104,10,6,2.1930696074809575,11.640270087613104,-2.279063109368362,4.362807596614568,100.0,2,8.239860179611558,2,8.239860179611558,11,2.3833882847426935,1,-13.582741721467162,False,,,92,12
latest|q1_dark|r500|Z1234|perzone_dedup_exact|ovp_pass|sameday,latest,q1_dark,500.0,Z1234,perzone_dedup_exact,ovp_pass,sameday,20,114,277,0.15842163460995096,8.321278807759402,70.0,4,12,4,2.694574946812267,10.477926261268609,10,6,2.1930696074809575,11.872302586003643,10,6,2.1930696074809575,11.872302586003643,10,6,2.1930696074809575,11.872302586003643,-2.279063109368362,4.362807596614568,100.0,2,8.08335640354887,2,8.08335640354887,11,2.3833882847426935,1,-13.582741721467162,False,,,92,12
latest|q1_dark|r500|Z1234|perzone_dedup_exact|ovp_date|sameday,latest,q1_dark,500.0,Z1234,perzone_dedup_exact,ovp_date,sameday,20,114,277,0.15842163460995096,8.321278807759402,70.0,4,12,4,2.694574946812267,10.477926261268609,10,6,2.1930696074809575,11.872302586003643,10,6,2.1930696074809575,11.872302586003643,10,6,2.1930696074809575,11.872302586003643,-2.279063109368362,4.362807596614568,100.0,2,8.08335640354887,2,8.08335640354887,11,2.3833882847426935,1,-13.582741721467162,False,,,92,12
all|q2_dark|r200|Z14|perzone_dedup_exact|ovp_pass|sameday,all,q2_dark,200.0,Z14,perzone_dedup_exact,ovp_pass,sameday,15,77,172,2.856625765549481,8.999380192719762,60.0,3,11,1,3.5849776438485748,7.1104534140322055,9,3,2.856625765549481,8.999380192719762,9,3,2.856625765549481,8.999380192719762,9,3,2.856625765549481,8.999380192719762,-18.64446073515058,1.200744420102116,33.33333333333333,2,8.018949609555381,1,-8.002566554520385,14,3.220801704699028,1,-13.470137832332885,False,,,93,17
all|q2_dark|r200|Z14|perzone_dedup_exact|ovp_date|sameday,all,q2_dark,200.0,Z14,perzone_dedup_exact,ovp_date,sameday,15,77,172,2.856625765549481,8.999380192719762,60.0,3,11,1,3.5849776438485748,7.1104534140322055,9,3,2.856625765549481,8.999380192719762,9,3,2.856625765549481,8.999380192719762,9,3,2.856625765549481,8.999380192719762,-18.64446073515058,1.200744420102116,33.33333333333333,2,8.018949609555381,1,-8.002566554520385,14,3.220801704699028,1,-13.470137832332885,False,,,93,17
latest|q2_dark|r200|Z14|perzone_dedup_exact|ovp_pass|sameday,latest,q2_dark,200.0,Z14,perzone_dedup_exact,ovp_pass,sameday,15,77,172,2.856625765549481,8.999380192719762,60.0,3,11,1,3.5849776438485748,7.1104534140322055,9,3,2.856625765549481,8.999380192719762,9,3,2.856625765549481,8.999380192719762,9,3,2.856625765549481,8.999380192719762,-18.64446073515058,1.200744420102116,33.33333333333333,2,7.860996155520006,1,-8.318473462591136,14,3.220801704699028,1,-13.470137832332885,False,,,93,17
latest|q2_dark|r200|Z14|perzone_dedup_exact|ovp_date|sameday,latest,q2_dark,200.0,Z14,perzone_dedup_exact,ovp_date,sameday,15,77,172,2.856625765549481,8.999380192719762,60.0,3,11,1,3.5849776438485748,7.1104534140322055,9,3,2.856625765549481,8.999380192719762,9,3,2.856625765549481,8.999380192719762,9,3,2.856625765549481,8.999380192719762,-18.64446073515058,1.200744420102116,33.33333333333333,2,7.860996155520006,1,-8.318473462591136,14,3.220801704699028,1,-13.470137832332885,False,,,93,17
all|q1_nodark|r200|Z1234|perzone_dedup_exact|ovp_pass|sameday,all,q1_nodark,200.0,Z1234,perzone_dedup_exact,ovp_pass,sameday,21,118,276,-0.6676125816575507,6.821626473722957,71.42857142857143,4,13,4,3.1516172606948167,9.436734583422238,11,6,-0.6676125816575507,10.035818488954472,11,6,-0.6676125816575507,10.035818488954472,11,6,-0.6676125816575507,10.035818488954472,-0.18422515325369204,4.533325470530636,100.0,2,8.018949609555381,1,-8.002566554520385,12,2.160084904113857,2,-7.405522751737026,False,,,94,11
all|q1_nodark|r200|Z1234|perzone_dedup_exact|ovp_date|sameday,all,q1_nodark,200.0,Z1234,perzone_dedup_exact,ovp_date,sameday,21,118,276,-0.6676125816575507,6.821626473722957,71.42857142857143,4,13,4,3.1516172606948167,9.436734583422238,11,6,-0.6676125816575507,10.035818488954472,11,6,-0.6676125816575507,10.035818488954472,11,6,-0.6676125816575507,10.035818488954472,-0.18422515325369204,4.533325470530636,100.0,2,8.018949609555381,1,-8.002566554520385,12,2.160084904113857,2,-7.405522751737026,False,,,94,11
latest|q1_nodark|r200|Z1234|perzone_dedup_exact|ovp_pass|sameday,latest,q1_nodark,200.0,Z1234,perzone_dedup_exact,ovp_pass,sameday,21,118,276,-0.6676125816575507,6.821626473722957,71.42857142857143,4,13,4,3.1516172606948167,9.436734583422238,11,6,-0.6676125816575507,11.343166342072134,11,6,-0.6676125816575507,11.343166342072134,11,6,-0.6676125816575507,11.343166342072134,-0.18422515325369204,4.533325470530636,100.0,2,7.860996155520006,1,-8.318473462591136,12,2.160084904113857,2,-7.405522751737026,False,,,94,11
latest|q1_nodark|r200|Z1234|perzone_dedup_exact|ovp_date|sameday,latest,q1_nodark,200.0,Z1234,perzone_dedup_exact,ovp_date,sameday,21,118,276,-0.6676125816575507,6.821626473722957,71.42857142857143,4,13,4,3.1516172606948167,9.436734583422238,11,6,-0.6676125816575507,11.343166342072134,11,6,-0.6676125816575507,11.343166342072134,11,6,-0.6676125816575507,11.343166342072134,-0.18422515325369204,4.533325470530636,100.0,2,7.860996155520006,1,-8.318473462591136,12,2.160084904113857,2,-7.405522751737026,False,,,94,11
all|q1_nodark|r500|Z14|perzone_dedup_exact|ovp_pass|cal1,all,q1_nodark,500.0,Z14,perzone_dedup_exact,ovp_pass,cal1,30,51,162,3.293128088224506,7.947695499407759,63.33333333333333,7,20,3,2.219799865623262,5.156582588766324,16,7,2.818353007035501,6.874812090972577,15,8,3.5804945675671718,8.155272219176517,15,8,3.5804945675671718,8.155272219176517,14.568364522266286,19.058111841008575,42.857142857142854,3,14.809690147672327,2,8.239860179611558,30,3.293128088224506,6,4.996058519969537,False,,,100,2
all|q1_nodark|r500|Z14|perzone_dedup_exact|ovp_date|cal1,all,q1_nodark,500.0,Z14,perzone_dedup_exact,ovp_date,cal1,30,51,162,3.293128088224506,7.947695499407759,63.33333333333333,7,20,3,2.219799865623262,5.156582588766324,16,7,2.818353007035501,6.874812090972577,15,8,3.5804945675671718,8.155272219176517,15,8,3.5804945675671718,8.155272219176517,14.568364522266286,19.058111841008575,42.857142857142854,3,14.809690147672327,2,8.239860179611558,30,3.293128088224506,6,4.996058519969537,False,,,100,2
latest|q1_nodark|r500|Z14|perzone_dedup_exact|ovp_pass|cal1,latest,q1_nodark,500.0,Z14,perzone_dedup_exact,ovp_pass,cal1,30,51,162,3.293128088224506,7.947695499407759,63.33333333333333,7,20,3,2.219799865623262,5.887652817462623,16,7,2.818353007035501,6.874812090972577,15,8,3.5804945675671718,8.155272219176517,15,8,3.5804945675671718,8.155272219176517,14.568364522266286,19.058111841008575,42.857142857142854,3,14.809690147672327,2,8.08335640354887,30,3.293128088224506,6,4.996058519969537,False,,,100,2
latest|q1_nodark|r500|Z14|perzone_dedup_exact|ovp_date|cal1,latest,q1_nodark,500.0,Z14,perzone_dedup_exact,ovp_date,cal1,30,51,162,3.293128088224506,7.947695499407759,63.33333333333333,7,20,3,2.219799865623262,5.887652817462623,16,7,2.818353007035501,6.874812090972577,15,8,3.5804945675671718,8.155272219176517,15,8,3.5804945675671718,8.155272219176517,14.568364522266286,19.058111841008575,42.857142857142854,3,14.809690147672327,2,8.08335640354887,30,3.293128088224506,6,4.996058519969537,False,,,100,2
all|q2_dark|r500|Z123_master|perzone_concat|ovp_pass|sameday,all,q2_dark,500.0,Z123_master,perzone_concat,ovp_pass,sameday,24,122,281,-0.6357572326379568,6.955464305187478,66.66666666666666,5,14,5,1.1401982446267667,8.173407362608385,13,6,0.1835354489617913,7.400541596533196,13,6,0.1835354489617913,7.400541596533196,13,6,0.1835354489617913,7.400541596533196,-4.691434038994835,7.397279750056507,80.0,2,8.239860179611558,2,8.239860179611558,14,0.24074912332170406,1,-13.582741721467162,False,,,100,8
all|q2_dark|r500|Z123_master|perzone_concat|ovp_date|sameday,all,q2_dark,500.0,Z123_master,perzone_concat,ovp_date,sameday,24,122,281,-0.6357572326379568,6.955464305187478,66.66666666666666,5,14,5,1.1401982446267667,8.173407362608385,13,6,0.1835354489617913,7.400541596533196,13,6,0.1835354489617913,7.400541596533196,13,6,0.1835354489617913,7.400541596533196,-4.691434038994835,7.397279750056507,80.0,2,8.239860179611558,2,8.239860179611558,14,0.24074912332170406,1,-13.582741721467162,False,,,100,8
latest|q2_dark|r500|Z123_master|perzone_concat|ovp_pass|sameday,latest,q2_dark,500.0,Z123_master,perzone_concat,ovp_pass,sameday,24,122,281,-0.6357572326379568,7.143829219177656,66.66666666666666,5,14,5,1.1401982446267667,8.178962351322816,13,6,0.1835354489617913,8.957383106112434,13,6,0.1835354489617913,8.957383106112434,13,6,0.1835354489617913,8.957383106112434,-4.691434038994835,7.397279750056507,80.0,2,8.08335640354887,2,8.08335640354887,14,0.24074912332170406,1,-13.582741721467162,False,,,100,8
latest|q2_dark|r500|Z123_master|perzone_concat|ovp_date|sameday,latest,q2_dark,500.0,Z123_master,perzone_concat,ovp_date,sameday,24,122,281,-0.6357572326379568,7.143829219177656,66.66666666666666,5,14,5,1.1401982446267667,8.178962351322816,13,6,0.1835354489617913,8.957383106112434,13,6,0.1835354489617913,8.957383106112434,13,6,0.1835354489617913,8.957383106112434,-4.691434038994835,7.397279750056507,80.0,2,8.08335640354887,2,8.08335640354887,14,0.24074912332170406,1,-13.582741721467162,False,,,100,8
all|q1_nodark|r500|Z14|perzone_dedup_exact|ovp_pass|sameday,all,q1_nodark,500.0,Z14,perzone_dedup_exact,ovp_pass,sameday,12,69,162,2.694574946812267,5.1349515832752335,66.66666666666666,2,9,1,2.3833882847426935,3.2615018143287653,7,3,0.1835354489617913,5.993986188085287,7,3,0.1835354489617913,5.993986188085287,7,3,0.1835354489617913,5.993986188085287,11.029783648332092,16.086893899097834,50.0,2,8.239860179611558,2,8.239860179611558,12,2.694574946812267,2,-7.649934489555266,False,,,100,20
all|q1_nodark|r500|Z14|perzone_dedup_exact|ovp_date|sameday,all,q1_nodark,500.0,Z14,perzone_dedup_exact,ovp_date,sameday,12,69,162,2.694574946812267,5.1349515832752335,66.66666666666666,2,9,1,2.3833882847426935,3.2615018143287653,7,3,0.1835354489617913,5.993986188085287,7,3,0.1835354489617913,5.993986188085287,7,3,0.1835354489617913,5.993986188085287,11.029783648332092,16.086893899097834,50.0,2,8.239860179611558,2,8.239860179611558,12,2.694574946812267,2,-7.649934489555266,False,,,100,20
latest|q1_nodark|r500|Z14|perzone_dedup_exact|ovp_pass|sameday,latest,q1_nodark,500.0,Z14,perzone_dedup_exact,ovp_pass,sameday,12,69,162,2.694574946812267,5.887652817462623,66.66666666666666,2,9,1,2.3833882847426935,5.695881291783669,7,3,0.1835354489617913,8.957383106112434,7,3,0.1835354489617913,8.957383106112434,7,3,0.1835354489617913,8.957383106112434,11.029783648332092,16.086893899097834,50.0,2,8.08335640354887,2,8.08335640354887,12,2.694574946812267,2,-7.649934489555266,False,,,100,20
latest|q1_nodark|r500|Z14|perzone_dedup_exact|ovp_date|sameday,latest,q1_nodark,500.0,Z14,perzone_dedup_exact,ovp_date,sameday,12,69,162,2.694574946812267,5.887652817462623,66.66666666666666,2,9,1,2.3833882847426935,5.695881291783669,7,3,0.1835354489617913,8.957383106112434,7,3,0.1835354489617913,8.957383106112434,7,3,0.1835354489617913,8.957383106112434,11.029783648332092,16.086893899097834,50.0,2,8.08335640354887,2,8.08335640354887,12,2.694574946812267,2,-7.649934489555266,False,,,100,20
all|q1_nodark|r500|Z1234|perzone_dedup_exact|ovp_pass|sameday,all,q1_nodark,500.0,Z1234,perzone_dedup_exact,ovp_pass,sameday,22,120,285,0.18142890683598978,7.655618850055719,68.18181818181817,5,13,4,2.3833882847426935,9.371078421306557,11,6,0.1835354489617913,7.400541596533196,11,6,0.1835354489617913,7.400541596533196,11,6,0.1835354489617913,7.400541596533196,0.17932236471018825,8.793836356833786,80.0,2,8.239860179611558,2,8.239860179611558,13,2.3833882847426935,2,-7.649934489555266,False,,,104,10
all|q1_nodark|r500|Z1234|perzone_dedup_exact|ovp_date|sameday,all,q1_nodark,500.0,Z1234,perzone_dedup_exact,ovp_date,sameday,22,120,285,0.18142890683598978,7.655618850055719,68.18181818181817,5,13,4,2.3833882847426935,9.371078421306557,11,6,0.1835354489617913,7.400541596533196,11,6,0.1835354489617913,7.400541596533196,11,6,0.1835354489617913,7.400541596533196,0.17932236471018825,8.793836356833786,80.0,2,8.239860179611558,2,8.239860179611558,13,2.3833882847426935,2,-7.649934489555266,False,,,104,10
latest|q1_nodark|r500|Z1234|perzone_dedup_exact|ovp_pass|sameday,latest,q1_nodark,500.0,Z1234,perzone_dedup_exact,ovp_pass,sameday,22,120,285,0.18142890683598978,8.355389389561727,68.18181818181817,5,13,4,2.3833882847426935,9.371078421306557,11,6,0.1835354489617913,8.957383106112434,11,6,0.1835354489617913,8.957383106112434,11,6,0.1835354489617913,8.957383106112434,0.17932236471018825,8.793836356833786,80.0,2,8.08335640354887,2,8.08335640354887,13,2.3833882847426935,2,-7.649934489555266,False,,,104,10
latest|q1_nodark|r500|Z1234|perzone_dedup_exact|ovp_date|sameday,latest,q1_nodark,500.0,Z1234,perzone_dedup_exact,ovp_date,sameday,22,120,285,0.18142890683598978,8.355389389561727,68.18181818181817,5,13,4,2.3833882847426935,9.371078421306557,11,6,0.1835354489617913,8.957383106112434,11,6,0.1835354489617913,8.957383106112434,11,6,0.1835354489617913,8.957383106112434,0.17932236471018825,8.793836356833786,80.0,2,8.08335640354887,2,8.08335640354887,13,2.3833882847426935,2,-7.649934489555266,False,,,104,10
all|q1_nodark|r200|Z14|perzone_dedup_exact|ovp_pass|cal1,all,q1_nodark,200.0,Z14,perzone_dedup_exact,ovp_pass,cal1,29,50,158,3.2924155429366664,6.869364997191796,68.96551724137932,6,20,3,3.139863782245156,5.157841926946996,16,7,1.6213769965610858,6.794955048666548,15,8,-0.049661549814494776,5.905452273912442,15,8,-0.049661549814494776,5.905452273912442,5.28176127003146,8.194590100056462,66.66666666666666,3,14.88283438533049,1,-8.002566554520385,29,3.2924155429366664,3,-1.3409076711411672,False,,,106,3
all|q1_nodark|r200|Z14|perzone_dedup_exact|ovp_date|cal1,all,q1_nodark,200.0,Z14,perzone_dedup_exact,ovp_date,cal1,29,50,158,3.2924155429366664,6.869364997191796,68.96551724137932,6,20,3,3.139863782245156,5.157841926946996,16,7,1.6213769965610858,6.794955048666548,15,8,-0.049661549814494776,5.905452273912442,15,8,-0.049661549814494776,5.905452273912442,5.28176127003146,8.194590100056462,66.66666666666666,3,14.88283438533049,1,-8.002566554520385,29,3.2924155429366664,3,-1.3409076711411672,False,,,106,3
latest|q1_nodark|r200|Z14|perzone_dedup_exact|ovp_pass|cal1,latest,q1_nodark,200.0,Z14,perzone_dedup_exact,ovp_pass,cal1,29,50,158,3.2924155429366664,6.869364997191796,68.96551724137932,6,20,3,3.139863782245156,5.960602108790387,16,7,1.6213769965610858,7.05787396243157,15,8,-0.049661549814494776,5.905452273912442,15,8,-0.049661549814494776,5.905452273912442,5.28176127003146,8.194590100056462,66.66666666666666,3,14.88283438533049,1,-8.318473462591136,29,3.2924155429366664,3,-1.3409076711411672,False,,,106,3
latest|q1_nodark|r200|Z14|perzone_dedup_exact|ovp_date|cal1,latest,q1_nodark,200.0,Z14,perzone_dedup_exact,ovp_date,cal1,29,50,158,3.2924155429366664,6.869364997191796,68.96551724137932,6,20,3,3.139863782245156,5.960602108790387,16,7,1.6213769965610858,7.05787396243157,15,8,-0.049661549814494776,5.905452273912442,15,8,-0.049661549814494776,5.905452273912442,5.28176127003146,8.194590100056462,66.66666666666666,3,14.88283438533049,1,-8.318473462591136,29,3.2924155429366664,3,-1.3409076711411672,False,,,106,3
all|q1_nodark|r200|Z14|perzone_dedup_exact|ovp_pass|sameday,all,q1_nodark,200.0,Z14,perzone_dedup_exact,ovp_pass,sameday,11,68,158,3.1516172606948167,6.660617463940029,72.72727272727273,1,9,1,3.1516172606948167,6.660617463940029,7,3,-1.3409076711411672,9.876575460498028,7,3,-1.3409076711411672,9.876575460498028,7,3,-1.3409076711411672,9.876575460498028,1.1685525475328973,0.0,100.0,2,8.018949609555381,1,-8.002566554520385,11,3.1516172606948167,2,-7.405522751737026,False,,,106,21
all|q1_nodark|r200|Z14|perzone_dedup_exact|ovp_date|sameday,all,q1_nodark,200.0,Z14,perzone_dedup_exact,ovp_date,sameday,11,68,158,3.1516172606948167,6.660617463940029,72.72727272727273,1,9,1,3.1516172606948167,6.660617463940029,7,3,-1.3409076711411672,9.876575460498028,7,3,-1.3409076711411672,9.876575460498028,7,3,-1.3409076711411672,9.876575460498028,1.1685525475328973,0.0,100.0,2,8.018949609555381,1,-8.002566554520385,11,3.1516172606948167,2,-7.405522751737026,False,,,106,21
latest|q1_nodark|r200|Z14|perzone_dedup_exact|ovp_pass|sameday,latest,q1_nodark,200.0,Z14,perzone_dedup_exact,ovp_pass,sameday,11,68,158,3.1516172606948167,6.660617463940029,72.72727272727273,1,9,1,3.1516172606948167,6.660617463940029,7,3,-1.3409076711411672,10.344939042403723,7,3,-1.3409076711411672,10.344939042403723,7,3,-1.3409076711411672,10.344939042403723,1.1685525475328973,0.0,100.0,2,7.860996155520006,1,-8.318473462591136,11,3.1516172606948167,2,-7.405522751737026,False,,,106,21
latest|q1_nodark|r200|Z14|perzone_dedup_exact|ovp_date|sameday,latest,q1_nodark,200.0,Z14,perzone_dedup_exact,ovp_date,sameday,11,68,158,3.1516172606948167,6.660617463940029,72.72727272727273,1,9,1,3.1516172606948167,6.660617463940029,7,3,-1.3409076711411672,10.344939042403723,7,3,-1.3409076711411672,10.344939042403723,7,3,-1.3409076711411672,10.344939042403723,1.1685525475328973,0.0,100.0,2,7.860996155520006,1,-8.318473462591136,11,3.1516172606948167,2,-7.405522751737026,False,,,106,21
all|q2_dark|r500|Z1234|perzone_dedup_exact|ovp_pass|h24,all,q2_dark,500.0,Z1234,perzone_dedup_exact,ovp_pass,h24,40,95,316,0.5544386343205865,8.908413611530392,57.49999999999999,9,24,7,3.360901164087604,11.296341961419666,22,9,3.7660890554947812,12.066553078801304,22,9,3.7660890554947812,12.066553078801304,22,9,3.7660890554947812,12.066553078801304,-0.7315599354791757,7.4433622585730355,77.77777777777779,3,14.809690147672327,2,8.239860179611558,23,2.096861040291742,2,-1.1407513502478484,False,,,108,8
all|q2_dark|r500|Z1234|perzone_dedup_exact|ovp_date|h24,all,q2_dark,500.0,Z1234,perzone_dedup_exact,ovp_date,h24,40,95,316,0.5544386343205865,8.908413611530392,57.49999999999999,9,24,7,3.360901164087604,11.296341961419666,22,9,3.7660890554947812,12.066553078801304,22,9,3.7660890554947812,12.066553078801304,22,9,3.7660890554947812,12.066553078801304,-0.7315599354791757,7.4433622585730355,77.77777777777779,3,14.809690147672327,2,8.239860179611558,23,2.096861040291742,2,-1.1407513502478484,False,,,108,8
latest|q2_dark|r500|Z1234|perzone_dedup_exact|ovp_pass|h24,latest,q2_dark,500.0,Z1234,perzone_dedup_exact,ovp_pass,h24,40,95,316,0.5544386343205865,8.908413611530392,57.49999999999999,9,24,7,3.360901164087604,11.296341961419666,22,9,3.7660890554947812,12.066553078801304,22,9,3.7660890554947812,12.066553078801304,22,9,3.7660890554947812,12.066553078801304,-0.7315599354791757,7.4433622585730355,77.77777777777779,3,14.809690147672327,2,8.08335640354887,23,2.096861040291742,2,-1.1407513502478484,False,,,108,8
latest|q2_dark|r500|Z1234|perzone_dedup_exact|ovp_date|h24,latest,q2_dark,500.0,Z1234,perzone_dedup_exact,ovp_date,h24,40,95,316,0.5544386343205865,8.908413611530392,57.49999999999999,9,24,7,3.360901164087604,11.296341961419666,22,9,3.7660890554947812,12.066553078801304,22,9,3.7660890554947812,12.066553078801304,22,9,3.7660890554947812,12.066553078801304,-0.7315599354791757,7.4433622585730355,77.77777777777779,3,14.809690147672327,2,8.08335640354887,23,2.096861040291742,2,-1.1407513502478484,False,,,108,8
all|q1_nodark|r500|Z14|perzone_dedup_exact|ovp_pass|h24,all,q1_nodark,500.0,Z14,perzone_dedup_exact,ovp_pass,h24,19,47,166,3.0057616088818406,7.303173134629645,63.1578947368421,4,13,2,2.3833882847426935,6.079424343141576,11,4,0.1835354489617913,5.993986188085287,11,4,0.1835354489617913,5.993986188085287,11,4,0.1835354489617913,5.993986188085287,12.809821234606433,16.086893899097834,50.0,3,14.809690147672327,2,8.239860179611558,19,3.0057616088818406,2,-7.649934489555266,False,,,111,13
all|q1_nodark|r500|Z14|perzone_dedup_exact|ovp_date|h24,all,q1_nodark,500.0,Z14,perzone_dedup_exact,ovp_date,h24,19,47,166,3.0057616088818406,7.303173134629645,63.1578947368421,4,13,2,2.3833882847426935,6.079424343141576,11,4,0.1835354489617913,5.993986188085287,11,4,0.1835354489617913,5.993986188085287,11,4,0.1835354489617913,5.993986188085287,12.809821234606433,16.086893899097834,50.0,3,14.809690147672327,2,8.239860179611558,19,3.0057616088818406,2,-7.649934489555266,False,,,111,13
latest|q1_nodark|r500|Z14|perzone_dedup_exact|ovp_pass|h24,latest,q1_nodark,500.0,Z14,perzone_dedup_exact,ovp_pass,h24,19,47,166,3.0057616088818406,7.303173134629645,63.1578947368421,4,13,2,2.3833882847426935,6.079424343141576,11,4,0.1835354489617913,7.267085006007955,11,4,0.1835354489617913,7.267085006007955,11,4,0.1835354489617913,7.267085006007955,12.809821234606433,16.086893899097834,50.0,3,14.809690147672327,2,8.08335640354887,19,3.0057616088818406,2,-7.649934489555266,False,,,111,13
latest|q1_nodark|r500|Z14|perzone_dedup_exact|ovp_date|h24,latest,q1_nodark,500.0,Z14,perzone_dedup_exact,ovp_date,h24,19,47,166,3.0057616088818406,7.303173134629645,63.1578947368421,4,13,2,2.3833882847426935,6.079424343141576,11,4,0.1835354489617913,7.267085006007955,11,4,0.1835354489617913,7.267085006007955,11,4,0.1835354489617913,7.267085006007955,12.809821234606433,16.086893899097834,50.0,3,14.809690147672327,2,8.08335640354887,19,3.0057616088818406,2,-7.649934489555266,False,,,111,13
all|q2_dark|r200|Z1234|perzone_dedup_exact|ovp_pass|cal1,all,q2_dark,200.0,Z1234,perzone_dedup_exact,ovp_pass,cal1,60,96,300,2.9194080929864086,11.31146141926977,56.666666666666664,13,38,9,3.4386965933926206,9.593989231302741,34,13,3.4386965933926206,10.46188730813896,33,14,3.5849776438485748,10.638136811748947,33,14,3.5849776438485748,10.638136811748947,1.1685525475328973,9.302155864977298,61.53846153846154,3,14.88283438533049,1,-8.002566554520385,36,3.607451177710841,4,16.524353884529887,False,,,113,28
all|q2_dark|r200|Z1234|perzone_dedup_exact|ovp_date|cal1,all,q2_dark,200.0,Z1234,perzone_dedup_exact,ovp_date,cal1,60,96,300,2.9194080929864086,11.31146141926977,56.666666666666664,13,38,9,3.4386965933926206,9.593989231302741,34,13,3.4386965933926206,10.46188730813896,33,14,3.5849776438485748,10.638136811748947,33,14,3.5849776438485748,10.638136811748947,1.1685525475328973,9.302155864977298,61.53846153846154,3,14.88283438533049,1,-8.002566554520385,36,3.607451177710841,4,16.524353884529887,False,,,113,28
latest|q2_dark|r200|Z1234|perzone_dedup_exact|ovp_pass|cal1,latest,q2_dark,200.0,Z1234,perzone_dedup_exact,ovp_pass,cal1,60,96,300,2.9194080929864086,11.31146141926977,56.666666666666664,13,38,9,3.4386965933926206,9.593989231302741,34,13,3.4386965933926206,10.46188730813896,33,14,3.5849776438485748,10.638136811748947,33,14,3.5849776438485748,10.638136811748947,1.1685525475328973,9.302155864977298,61.53846153846154,3,14.88283438533049,1,-8.318473462591136,36,3.607451177710841,4,16.524353884529887,False,,,113,28
latest|q2_dark|r200|Z1234|perzone_dedup_exact|ovp_date|cal1,latest,q2_dark,200.0,Z1234,perzone_dedup_exact,ovp_date,cal1,60,96,300,2.9194080929864086,11.31146141926977,56.666666666666664,13,38,9,3.4386965933926206,9.593989231302741,34,13,3.4386965933926206,10.46188730813896,33,14,3.5849776438485748,10.638136811748947,33,14,3.5849776438485748,10.638136811748947,1.1685525475328973,9.302155864977298,61.53846153846154,3,14.88283438533049,1,-8.318473462591136,36,3.607451177710841,4,16.524353884529887,False,,,113,28
all|q1_dark|r500|Z14|perzone_dedup_exact|ovp_pass|cal1,all,q1_dark,500.0,Z14,perzone_dedup_exact,ovp_pass,cal1,26,48,154,2.694574946812267,6.176351225420006,69.23076923076923,4,19,3,2.3833882847426935,4.718813214764009,15,7,3.5804945675671718,8.155272219176517,14,8,3.8915491667836477,9.306730526904941,14,8,3.8915491667836477,9.306730526904941,1.9363526787584906,4.51866428549076,75.0,3,14.809690147672327,2,8.239860179611558,26,2.694574946812267,5,6.411622472371903,False,,,115,6
all|q1_dark|r500|Z14|perzone_dedup_exact|ovp_date|cal1,all,q1_dark,500.0,Z14,perzone_dedup_exact,ovp_date,cal1,26,48,154,2.694574946812267,6.176351225420006,69.23076923076923,4,19,3,2.3833882847426935,4.718813214764009,15,7,3.5804945675671718,8.155272219176517,14,8,3.8915491667836477,9.306730526904941,14,8,3.8915491667836477,9.306730526904941,1.9363526787584906,4.51866428549076,75.0,3,14.809690147672327,2,8.239860179611558,26,2.694574946812267,5,6.411622472371903,False,,,115,6
latest|q1_dark|r500|Z14|perzone_dedup_exact|ovp_pass|cal1,latest,q1_dark,500.0,Z14,perzone_dedup_exact,ovp_pass,cal1,26,48,154,2.694574946812267,6.176351225420006,69.23076923076923,4,19,3,2.3833882847426935,5.695881291783669,15,7,3.5804945675671718,8.155272219176517,14,8,3.8915491667836477,9.306730526904941,14,8,3.8915491667836477,9.306730526904941,1.9363526787584906,4.51866428549076,75.0,3,14.809690147672327,2,8.08335640354887,26,2.694574946812267,5,6.411622472371903,False,,,115,6
latest|q1_dark|r500|Z14|perzone_dedup_exact|ovp_date|cal1,latest,q1_dark,500.0,Z14,perzone_dedup_exact,ovp_date,cal1,26,48,154,2.694574946812267,6.176351225420006,69.23076923076923,4,19,3,2.3833882847426935,5.695881291783669,15,7,3.5804945675671718,8.155272219176517,14,8,3.8915491667836477,9.306730526904941,14,8,3.8915491667836477,9.306730526904941,1.9363526787584906,4.51866428549076,75.0,3,14.809690147672327,2,8.08335640354887,26,2.694574946812267,5,6.411622472371903,False,,,115,6
all|q1_dark|r500|Z14|perzone_dedup_exact|ovp_pass|sameday,all,q1_dark,500.0,Z14,perzone_dedup_exact,ovp_pass,sameday,10,64,154,2.694574946812267,3.760100900671154,70.0,1,8,1,2.694574946812267,2.9969930940426437,6,3,2.1930696074809575,7.957657039968632,6,3,2.1930696074809575,7.957657039968632,6,3,2.1930696074809575,7.957657039968632,0.1333078202581106,0.0,100.0,2,8.239860179611558,2,8.239860179611558,10,2.694574946812267,1,-13.582741721467162,False,,,115,22
all|q1_dark|r500|Z14|perzone_dedup_exact|ovp_date|sameday,all,q1_dark,500.0,Z14,perzone_dedup_exact,ovp_date,sameday,10,64,154,2.694574946812267,3.760100900671154,70.0,1,8,1,2.694574946812267,2.9969930940426437,6,3,2.1930696074809575,7.957657039968632,6,3,2.1930696074809575,7.957657039968632,6,3,2.1930696074809575,7.957657039968632,0.1333078202581106,0.0,100.0,2,8.239860179611558,2,8.239860179611558,10,2.694574946812267,1,-13.582741721467162,False,,,115,22
latest|q1_dark|r500|Z14|perzone_dedup_exact|ovp_pass|sameday,latest,q1_dark,500.0,Z14,perzone_dedup_exact,ovp_pass,sameday,10,64,154,2.694574946812267,4.515925294214256,70.0,1,8,1,2.694574946812267,4.478691553056217,6,3,2.1930696074809575,9.671387997372749,6,3,2.1930696074809575,9.671387997372749,6,3,2.1930696074809575,9.671387997372749,0.1333078202581106,0.0,100.0,2,8.08335640354887,2,8.08335640354887,10,2.694574946812267,1,-13.582741721467162,False,,,115,22
latest|q1_dark|r500|Z14|perzone_dedup_exact|ovp_date|sameday,latest,q1_dark,500.0,Z14,perzone_dedup_exact,ovp_date,sameday,10,64,154,2.694574946812267,4.515925294214256,70.0,1,8,1,2.694574946812267,4.478691553056217,6,3,2.1930696074809575,9.671387997372749,6,3,2.1930696074809575,9.671387997372749,6,3,2.1930696074809575,9.671387997372749,0.1333078202581106,0.0,100.0,2,8.08335640354887,2,8.08335640354887,10,2.694574946812267,1,-13.582741721467162,False,,,115,22
all|q1_nodark|r200|Z14|perzone_dedup_exact|ovp_pass|h24,all,q1_nodark,200.0,Z14,perzone_dedup_exact,ovp_pass,h24,18,46,162,3.4483128218820713,6.572349222852149,72.22222222222221,3,13,2,3.1516172606948167,6.660617463940029,11,4,-0.628444322828603,6.763555613183159,11,4,-0.628444322828603,6.763555613183159,11,4,-0.628444322828603,6.763555613183159,4.683029668144201,1.7753589459161006,100.0,3,14.88283438533049,1,-8.002566554520385,18,3.4483128218820713,2,-7.405522751737026,False,,,117,14
all|q1_nodark|r200|Z14|perzone_dedup_exact|ovp_date|h24,all,q1_nodark,200.0,Z14,perzone_dedup_exact,ovp_date,h24,18,46,162,3.4483128218820713,6.572349222852149,72.22222222222221,3,13,2,3.1516172606948167,6.660617463940029,11,4,-0.628444322828603,6.763555613183159,11,4,-0.628444322828603,6.763555613183159,11,4,-0.628444322828603,6.763555613183159,4.683029668144201,1.7753589459161006,100.0,3,14.88283438533049,1,-8.002566554520385,18,3.4483128218820713,2,-7.405522751737026,False,,,117,14
latest|q1_nodark|r200|Z14|perzone_dedup_exact|ovp_pass|h24,latest,q1_nodark,200.0,Z14,perzone_dedup_exact,ovp_pass,h24,18,46,162,3.4483128218820713,6.572349222852149,72.22222222222221,3,13,2,3.1516172606948167,6.660617463940029,11,4,-0.628444322828603,6.763555613183159,11,4,-0.628444322828603,6.763555613183159,11,4,-0.628444322828603,6.763555613183159,4.683029668144201,1.7753589459161006,100.0,3,14.88283438533049,1,-8.318473462591136,18,3.4483128218820713,2,-7.405522751737026,False,,,117,14
latest|q1_nodark|r200|Z14|perzone_dedup_exact|ovp_date|h24,latest,q1_nodark,200.0,Z14,perzone_dedup_exact,ovp_date,h24,18,46,162,3.4483128218820713,6.572349222852149,72.22222222222221,3,13,2,3.1516172606948167,6.660617463940029,11,4,-0.628444322828603,6.763555613183159,11,4,-0.628444322828603,6.763555613183159,11,4,-0.628444322828603,6.763555613183159,4.683029668144201,1.7753589459161006,100.0,3,14.88283438533049,1,-8.318473462591136,18,3.4483128218820713,2,-7.405522751737026,False,,,117,14
all|q1_dark|r200|Z14|perzone_dedup_exact|ovp_pass|cal1,all,q1_dark,200.0,Z14,perzone_dedup_exact,ovp_pass,cal1,26,47,149,3.2220164018157416,6.584612531394115,69.23076923076923,4,19,3,3.1516172606948167,4.746215964461105,15,7,3.2924155429366664,9.108743775119482,14,8,1.868780437806894,7.266431539031343,14,8,1.868780437806894,7.266431539031343,2.9204573208832407,4.81331513054455,75.0,3,14.88283438533049,1,-8.002566554520385,26,3.2220164018157416,3,-0.049661549814494776,False,,,121,6
all|q1_dark|r200|Z14|perzone_dedup_exact|ovp_date|cal1,all,q1_dark,200.0,Z14,perzone_dedup_exact,ovp_date,cal1,26,47,149,3.2220164018157416,6.584612531394115,69.23076923076923,4,19,3,3.1516172606948167,4.746215964461105,15,7,3.2924155429366664,9.108743775119482,14,8,1.868780437806894,7.266431539031343,14,8,1.868780437806894,7.266431539031343,2.9204573208832407,4.81331513054455,75.0,3,14.88283438533049,1,-8.002566554520385,26,3.2220164018157416,3,-0.049661549814494776,False,,,121,6
latest|q1_dark|r200|Z14|perzone_dedup_exact|ovp_pass|cal1,latest,q1_dark,200.0,Z14,perzone_dedup_exact,ovp_pass,cal1,26,47,149,3.2220164018157416,6.836521569826797,69.23076923076923,4,19,3,3.1516172606948167,5.604319303731821,15,7,3.2924155429366664,9.108743775119482,14,8,1.868780437806894,7.814251771940077,14,8,1.868780437806894,7.814251771940077,2.9204573208832407,4.81331513054455,75.0,3,14.88283438533049,1,-8.318473462591136,26,3.2220164018157416,3,-0.049661549814494776,False,,,121,6
latest|q1_dark|r200|Z14|perzone_dedup_exact|ovp_date|cal1,latest,q1_dark,200.0,Z14,perzone_dedup_exact,ovp_date,cal1,26,47,149,3.2220164018157416,6.836521569826797,69.23076923076923,4,19,3,3.1516172606948167,5.604319303731821,15,7,3.2924155429366664,9.108743775119482,14,8,1.868780437806894,7.814251771940077,14,8,1.868780437806894,7.814251771940077,2.9204573208832407,4.81331513054455,75.0,3,14.88283438533049,1,-8.318473462591136,26,3.2220164018157416,3,-0.049661549814494776,False,,,121,6
all|q1_dark|r200|Z14|perzone_dedup_exact|ovp_pass|sameday,all,q1_dark,200.0,Z14,perzone_dedup_exact,ovp_pass,sameday,10,63,149,3.4483128218820713,6.905081454052546,70.0,1,8,1,3.4483128218820713,6.905081454052546,6,3,0.3600692120063975,10.455310624560456,6,3,0.3600692120063975,10.455310624560456,6,3,0.3600692120063975,10.455310624560456,1.1578849736222807,0.0,100.0,2,8.018949609555381,1,-8.002566554520385,10,3.4483128218820713,1,-13.470137832332885,False,,,121,22
all|q1_dark|r200|Z14|perzone_dedup_exact|ovp_date|sameday,all,q1_dark,200.0,Z14,perzone_dedup_exact,ovp_date,sameday,10,63,149,3.4483128218820713,6.905081454052546,70.0,1,8,1,3.4483128218820713,6.905081454052546,6,3,0.3600692120063975,10.455310624560456,6,3,0.3600692120063975,10.455310624560456,6,3,0.3600692120063975,10.455310624560456,1.1578849736222807,0.0,100.0,2,8.018949609555381,1,-8.002566554520385,10,3.4483128218820713,1,-13.470137832332885,False,,,121,22
latest|q1_dark|r200|Z14|perzone_dedup_exact|ovp_pass|sameday,latest,q1_dark,200.0,Z14,perzone_dedup_exact,ovp_pass,sameday,10,63,149,3.4483128218820713,7.876809748635595,70.0,1,8,1,3.4483128218820713,7.876809748635595,6,3,0.3600692120063975,11.661220710096352,6,3,0.3600692120063975,11.661220710096352,6,3,0.3600692120063975,11.661220710096352,1.1578849736222807,0.0,100.0,2,7.860996155520006,1,-8.318473462591136,10,3.4483128218820713,1,-13.470137832332885,False,,,121,22
latest|q1_dark|r200|Z14|perzone_dedup_exact|ovp_date|sameday,latest,q1_dark,200.0,Z14,perzone_dedup_exact,ovp_date,sameday,10,63,149,3.4483128218820713,7.876809748635595,70.0,1,8,1,3.4483128218820713,7.876809748635595,6,3,0.3600692120063975,11.661220710096352,6,3,0.3600692120063975,11.661220710096352,6,3,0.3600692120063975,11.661220710096352,1.1578849736222807,0.0,100.0,2,7.860996155520006,1,-8.318473462591136,10,3.4483128218820713,1,-13.470137832332885,False,,,121,22
all|q1_dark|r500|Z14|perzone_dedup_exact|ovp_pass|h24,all,q1_dark,500.0,Z14,perzone_dedup_exact,ovp_pass,h24,16,44,158,2.694574946812267,5.319571215637244,68.75,2,12,2,2.694574946812267,5.282337474479205,10,4,2.1930696074809575,6.788564732282773,10,4,2.1930696074809575,6.788564732282773,10,4,2.1930696074809575,6.788564732282773,1.9363526787584906,2.6731943072126634,100.0,3,14.809690147672327,2,8.239860179611558,16,2.694574946812267,1,-13.582741721467162,False,,,125,16
all|q1_dark|r500|Z14|perzone_dedup_exact|ovp_date|h24,all,q1_dark,500.0,Z14,perzone_dedup_exact,ovp_date,h24,16,44,158,2.694574946812267,5.319571215637244,68.75,2,12,2,2.694574946812267,5.282337474479205,10,4,2.1930696074809575,6.788564732282773,10,4,2.1930696074809575,6.788564732282773,10,4,2.1930696074809575,6.788564732282773,1.9363526787584906,2.6731943072126634,100.0,3,14.809690147672327,2,8.239860179611558,16,2.694574946812267,1,-13.582741721467162,False,,,125,16
latest|q1_dark|r500|Z14|perzone_dedup_exact|ovp_pass|h24,latest,q1_dark,500.0,Z14,perzone_dedup_exact,ovp_pass,h24,16,44,158,2.694574946812267,6.038161868022308,68.75,2,12,2,2.694574946812267,6.038161868022308,10,4,2.1930696074809575,6.788564732282773,10,4,2.1930696074809575,6.788564732282773,10,4,2.1930696074809575,6.788564732282773,1.9363526787584906,2.6731943072126634,100.0,3,14.809690147672327,2,8.08335640354887,16,2.694574946812267,1,-13.582741721467162,False,,,125,16
latest|q1_dark|r500|Z14|perzone_dedup_exact|ovp_date|h24,latest,q1_dark,500.0,Z14,perzone_dedup_exact,ovp_date,h24,16,44,158,2.694574946812267,6.038161868022308,68.75,2,12,2,2.694574946812267,6.038161868022308,10,4,2.1930696074809575,6.788564732282773,10,4,2.1930696074809575,6.788564732282773,10,4,2.1930696074809575,6.788564732282773,1.9363526787584906,2.6731943072126634,100.0,3,14.809690147672327,2,8.08335640354887,16,2.694574946812267,1,-13.582741721467162,False,,,125,16
all|q2_dark|r200|Z1234|perzone_dedup_exact|ovp_pass|sameday,all,q2_dark,200.0,Z1234,perzone_dedup_exact,ovp_pass,sameday,24,132,300,0.2504699829376733,8.0648858511448,66.66666666666666,6,15,3,3.5849776438485748,10.079234687486,13,5,2.856625765549481,10.185097376439483,13,5,2.856625765549481,10.185097376439483,13,5,2.856625765549481,10.185097376439483,-3.2419112928264937,11.587316206041825,66.66666666666666,2,8.018949609555381,1,-8.002566554520385,15,2.856625765549481,1,-13.470137832332885,False,,,129,8
all|q2_dark|r200|Z1234|perzone_dedup_exact|ovp_date|sameday,all,q2_dark,200.0,Z1234,perzone_dedup_exact,ovp_date,sameday,24,132,300,0.2504699829376733,8.0648858511448,66.66666666666666,6,15,3,3.5849776438485748,10.079234687486,13,5,2.856625765549481,10.185097376439483,13,5,2.856625765549481,10.185097376439483,13,5,2.856625765549481,10.185097376439483,-3.2419112928264937,11.587316206041825,66.66666666666666,2,8.018949609555381,1,-8.002566554520385,15,2.856625765549481,1,-13.470137832332885,False,,,129,8
latest|q2_dark|r200|Z1234|perzone_dedup_exact|ovp_pass|sameday,latest,q2_dark,200.0,Z1234,perzone_dedup_exact,ovp_pass,sameday,24,132,300,0.2504699829376733,8.0648858511448,66.66666666666666,6,15,3,3.5849776438485748,10.079234687486,13,5,2.856625765549481,10.185097376439483,13,5,2.856625765549481,10.185097376439483,13,5,2.856625765549481,10.185097376439483,-3.2419112928264937,11.587316206041825,66.66666666666666,2,7.860996155520006,1,-8.318473462591136,15,2.856625765549481,1,-13.470137832332885,False,,,129,8
latest|q2_dark|r200|Z1234|perzone_dedup_exact|ovp_date|sameday,latest,q2_dark,200.0,Z1234,perzone_dedup_exact,ovp_date,sameday,24,132,300,0.2504699829376733,8.0648858511448,66.66666666666666,6,15,3,3.5849776438485748,10.079234687486,13,5,2.856625765549481,10.185097376439483,13,5,2.856625765549481,10.185097376439483,13,5,2.856625765549481,10.185097376439483,-3.2419112928264937,11.587316206041825,66.66666666666666,2,7.860996155520006,1,-8.318473462591136,15,2.856625765549481,1,-13.470137832332885,False,,,129,8
all|q1_dark|r200|Z14|perzone_dedup_exact|ovp_pass|h24,all,q1_dark,200.0,Z14,perzone_dedup_exact,ovp_pass,h24,16,43,153,3.4483128218820713,7.692038611815992,68.75,2,12,2,3.4483128218820713,7.692038611815992,10,4,1.5793890512998399,6.905081454052546,10,4,1.5793890512998399,6.905081454052546,10,4,1.5793890512998399,6.905081454052546,2.9204573208832407,2.613189762049099,100.0,3,14.88283438533049,1,-8.002566554520385,16,3.4483128218820713,1,-13.470137832332885,False,,,131,16
all|q1_dark|r200|Z14|perzone_dedup_exact|ovp_date|h24,all,q1_dark,200.0,Z14,perzone_dedup_exact,ovp_date,h24,16,43,153,3.4483128218820713,7.692038611815992,68.75,2,12,2,3.4483128218820713,7.692038611815992,10,4,1.5793890512998399,6.905081454052546,10,4,1.5793890512998399,6.905081454052546,10,4,1.5793890512998399,6.905081454052546,2.9204573208832407,2.613189762049099,100.0,3,14.88283438533049,1,-8.002566554520385,16,3.4483128218820713,1,-13.470137832332885,False,,,131,16
latest|q1_dark|r200|Z14|perzone_dedup_exact|ovp_pass|h24,latest,q1_dark,200.0,Z14,perzone_dedup_exact,ovp_pass,h24,16,43,153,3.4483128218820713,7.692038611815992,68.75,2,12,2,3.4483128218820713,7.692038611815992,10,4,1.5793890512998399,7.876809748635595,10,4,1.5793890512998399,7.876809748635595,10,4,1.5793890512998399,7.876809748635595,2.9204573208832407,2.613189762049099,100.0,3,14.88283438533049,1,-8.318473462591136,16,3.4483128218820713,1,-13.470137832332885,False,,,131,16
latest|q1_dark|r200|Z14|perzone_dedup_exact|ovp_date|h24,latest,q1_dark,200.0,Z14,perzone_dedup_exact,ovp_date,h24,16,43,153,3.4483128218820713,7.692038611815992,68.75,2,12,2,3.4483128218820713,7.692038611815992,10,4,1.5793890512998399,7.876809748635595,10,4,1.5793890512998399,7.876809748635595,10,4,1.5793890512998399,7.876809748635595,2.9204573208832407,2.613189762049099,100.0,3,14.88283438533049,1,-8.318473462591136,16,3.4483128218820713,1,-13.470137832332885,False,,,131,16
all|q2_dark|r500|Z1234|perzone_dedup_exact|ovp_pass|cal1,all,q2_dark,500.0,Z1234,perzone_dedup_exact,ovp_pass,cal1,61,99,315,0.8109144709595562,9.807860660109249,55.73770491803278,13,38,10,3.360901164087604,10.550453997034216,34,14,3.7926064640662727,12.105867788749396,33,15,3.816137391696195,12.786237236831221,33,15,3.816137391696195,12.786237236831221,-0.7315599354791757,7.520988105123185,69.23076923076923,3,14.809690147672327,2,8.239860179611558,37,3.0057616088818406,6,8.856430746671684,False,,,132,29
all|q2_dark|r500|Z1234|perzone_dedup_exact|ovp_date|cal1,all,q2_dark,500.0,Z1234,perzone_dedup_exact,ovp_date,cal1,61,99,315,0.8109144709595562,9.807860660109249,55.73770491803278,13,38,10,3.360901164087604,10.550453997034216,34,14,3.7926064640662727,12.105867788749396,33,15,3.816137391696195,12.786237236831221,33,15,3.816137391696195,12.786237236831221,-0.7315599354791757,7.520988105123185,69.23076923076923,3,14.809690147672327,2,8.239860179611558,37,3.0057616088818406,6,8.856430746671684,False,,,132,29
latest|q2_dark|r500|Z1234|perzone_dedup_exact|ovp_pass|cal1,latest,q2_dark,500.0,Z1234,perzone_dedup_exact,ovp_pass,cal1,61,99,315,0.8109144709595562,9.807860660109249,55.73770491803278,13,38,10,3.360901164087604,10.550453997034216,34,14,3.7926064640662727,12.105867788749396,33,15,3.816137391696195,12.786237236831221,33,15,3.816137391696195,12.786237236831221,-0.7315599354791757,7.520988105123185,69.23076923076923,3,14.809690147672327,2,8.08335640354887,37,3.0057616088818406,6,8.856430746671684,False,,,132,29
latest|q2_dark|r500|Z1234|perzone_dedup_exact|ovp_date|cal1,latest,q2_dark,500.0,Z1234,perzone_dedup_exact,ovp_date,cal1,61,99,315,0.8109144709595562,9.807860660109249,55.73770491803278,13,38,10,3.360901164087604,10.550453997034216,34,14,3.7926064640662727,12.105867788749396,33,15,3.816137391696195,12.786237236831221,33,15,3.816137391696195,12.786237236831221,-0.7315599354791757,7.520988105123185,69.23076923076923,3,14.809690147672327,2,8.08335640354887,37,3.0057616088818406,6,8.856430746671684,False,,,132,29
all|q2_dark|r500|Z14|union_at_node|ovp_pass|cal1,all,q2_dark,500.0,Z14,union_at_node,ovp_pass,cal1,28,42,132,2.0765362433977863,7.84269427820877,60.71428571428571,5,20,3,2.0765362433977863,6.617261308875068,18,5,2.886126082898599,9.042992174252674,17,6,3.7160407192933675,10.807098882393177,17,6,3.7160407192933675,10.807098882393177,0.2979627976816168,5.102271144897236,60.0,3,14.809690147672327,2,8.239860179611558,28,2.0765362433977863,4,7.535157278703908,False,,,141,4
all|q2_dark|r500|Z14|union_at_node|ovp_date|cal1,all,q2_dark,500.0,Z14,union_at_node,ovp_date,cal1,28,42,132,2.0765362433977863,7.84269427820877,60.71428571428571,5,20,3,2.0765362433977863,6.617261308875068,18,5,2.886126082898599,9.042992174252674,17,6,3.7160407192933675,10.807098882393177,17,6,3.7160407192933675,10.807098882393177,0.2979627976816168,5.102271144897236,60.0,3,14.809690147672327,2,8.239860179611558,28,2.0765362433977863,4,7.535157278703908,False,,,141,4
all|q2_dark|r500|Z14|perzone_dedup_ovp_pass|ovp_pass|cal1,all,q2_dark,500.0,Z14,perzone_dedup_ovp_pass,ovp_pass,cal1,28,42,132,2.0765362433977863,7.84269427820877,60.71428571428571,5,20,3,2.0765362433977863,6.617261308875068,18,5,2.886126082898599,9.042992174252674,17,6,3.7160407192933675,10.807098882393177,17,6,3.7160407192933675,10.807098882393177,0.2979627976816168,5.102271144897236,60.0,3,14.809690147672327,2,8.239860179611558,28,2.0765362433977863,4,7.535157278703908,False,,,141,4
all|q2_dark|r500|Z14|perzone_dedup_ovp_pass|ovp_pass_reach|cal1,all,q2_dark,500.0,Z14,perzone_dedup_ovp_pass,ovp_pass_reach,cal1,28,42,132,-0.736588267919025,13.85079309251783,53.57142857142857,5,20,3,0.3510670511292169,10.96176529500329,18,5,-0.37242386547724493,10.96176529500329,17,6,-0.8609628710736672,13.550775907439174,17,6,-0.8609628710736672,13.550775907439174,-2.492319908249385,2.7874455165908643,60.0,3,16.79046591787614,3,16.79046591787614,28,-0.736588267919025,3,8.278910262232131,False,,,141,4
latest|q2_dark|r500|Z14|union_at_node|ovp_pass|cal1,latest,q2_dark,500.0,Z14,union_at_node,ovp_pass,cal1,28,42,132,2.0765362433977863,7.84269427820877,60.71428571428571,5,20,3,2.0765362433977863,6.729919569134389,18,5,2.886126082898599,9.042992174252674,17,6,3.7160407192933675,10.807098882393177,17,6,3.7160407192933675,10.807098882393177,0.2979627976816168,5.102271144897236,60.0,3,14.809690147672327,2,8.08335640354887,28,2.0765362433977863,4,7.535157278703908,False,,,141,4
latest|q2_dark|r500|Z14|union_at_node|ovp_date|cal1,latest,q2_dark,500.0,Z14,union_at_node,ovp_date,cal1,28,42,132,2.0765362433977863,7.84269427820877,60.71428571428571,5,20,3,2.0765362433977863,6.729919569134389,18,5,2.886126082898599,9.042992174252674,17,6,3.7160407192933675,10.807098882393177,17,6,3.7160407192933675,10.807098882393177,0.2979627976816168,5.102271144897236,60.0,3,14.809690147672327,2,8.08335640354887,28,2.0765362433977863,4,7.535157278703908,False,,,141,4
latest|q2_dark|r500|Z14|perzone_dedup_ovp_pass|ovp_pass|cal1,latest,q2_dark,500.0,Z14,perzone_dedup_ovp_pass,ovp_pass,cal1,28,42,132,2.0765362433977863,7.84269427820877,60.71428571428571,5,20,3,2.0765362433977863,6.729919569134389,18,5,2.886126082898599,9.042992174252674,17,6,3.7160407192933675,10.807098882393177,17,6,3.7160407192933675,10.807098882393177,0.2979627976816168,5.102271144897236,60.0,3,14.809690147672327,2,8.08335640354887,28,2.0765362433977863,4,7.535157278703908,False,,,141,4
latest|q2_dark|r500|Z14|perzone_dedup_ovp_pass|ovp_pass_reach|cal1,latest,q2_dark,500.0,Z14,perzone_dedup_ovp_pass,ovp_pass_reach,cal1,28,42,132,-0.736588267919025,13.85079309251783,53.57142857142857,5,20,3,0.3510670511292169,11.193797793393834,18,5,-0.37242386547724493,11.304058181720835,17,6,-0.8609628710736672,13.550775907439174,17,6,-0.8609628710736672,13.550775907439174,-2.492319908249385,2.7874455165908643,60.0,3,16.79046591787614,3,16.79046591787614,28,-0.736588267919025,3,8.278910262232131,False,,,141,4
all|q2_dark|r500|Z14|union_at_node|ovp_pass|sameday,all,q2_dark,500.0,Z14,union_at_node,ovp_pass,sameday,12,58,132,1.1974119189866794,7.957657039968632,58.333333333333336,2,9,1,2.096861040291742,4.051379851445571,8,2,1.9497880841275794,8.186651767692679,8,2,1.9497880841275794,8.186651767692679,8,2,1.9497880841275794,8.186651767692679,-9.255431982778406,14.16386310151003,50.0,2,8.239860179611558,2,8.239860179611558,12,1.1974119189866794,1,-13.582741721467162,False,,,141,20
all|q2_dark|r500|Z14|union_at_node|ovp_date|sameday,all,q2_dark,500.0,Z14,union_at_node,ovp_date,sameday,12,58,132,1.1974119189866794,7.957657039968632,58.333333333333336,2,9,1,2.096861040291742,4.051379851445571,8,2,1.9497880841275794,8.186651767692679,8,2,1.9497880841275794,8.186651767692679,8,2,1.9497880841275794,8.186651767692679,-9.255431982778406,14.16386310151003,50.0,2,8.239860179611558,2,8.239860179611558,12,1.1974119189866794,1,-13.582741721467162,False,,,141,20
all|q2_dark|r500|Z14|perzone_dedup_ovp_pass|ovp_pass|sameday,all,q2_dark,500.0,Z14,perzone_dedup_ovp_pass,ovp_pass,sameday,12,58,132,1.1974119189866794,7.957657039968632,58.333333333333336,2,9,1,2.096861040291742,4.051379851445571,8,2,1.9497880841275794,8.186651767692679,8,2,1.9497880841275794,8.186651767692679,8,2,1.9497880841275794,8.186651767692679,-9.255431982778406,14.16386310151003,50.0,2,8.239860179611558,2,8.239860179611558,12,1.1974119189866794,1,-13.582741721467162,False,,,141,20
all|q2_dark|r500|Z14|perzone_dedup_ovp_pass|ovp_pass_reach|sameday,all,q2_dark,500.0,Z14,perzone_dedup_ovp_pass,ovp_pass_reach,sameday,12,58,132,-1.6766413896615262,13.05384841860692,50.0,2,9,1,-0.8609628710736672,8.372754682567408,8,2,-3.684635703451722,13.05384841860692,8,2,-3.684635703451722,13.05384841860692,8,2,-3.684635703451722,13.05384841860692,-160.83994404704364,234.76618754817636,50.0,2,8.239860179611558,2,8.239860179611558,12,-1.6766413896615262,1,-13.582741721467162,False,,,141,20
latest|q2_dark|r500|Z14|union_at_node|ovp_pass|sameday,latest,q2_dark,500.0,Z14,union_at_node,ovp_pass,sameday,12,58,132,1.1974119189866794,9.671387997372749,58.333333333333336,2,9,1,2.096861040291742,6.12068658440665,8,2,1.9497880841275794,9.671387997372749,8,2,1.9497880841275794,9.671387997372749,8,2,1.9497880841275794,9.671387997372749,-9.255431982778406,14.16386310151003,50.0,2,8.08335640354887,2,8.08335640354887,12,1.1974119189866794,1,-13.582741721467162,False,,,141,20
latest|q2_dark|r500|Z14|union_at_node|ovp_date|sameday,latest,q2_dark,500.0,Z14,union_at_node,ovp_date,sameday,12,58,132,1.1974119189866794,9.671387997372749,58.333333333333336,2,9,1,2.096861040291742,6.12068658440665,8,2,1.9497880841275794,9.671387997372749,8,2,1.9497880841275794,9.671387997372749,8,2,1.9497880841275794,9.671387997372749,-9.255431982778406,14.16386310151003,50.0,2,8.08335640354887,2,8.08335640354887,12,1.1974119189866794,1,-13.582741721467162,False,,,141,20
latest|q2_dark|r500|Z14|perzone_dedup_ovp_pass|ovp_pass|sameday,latest,q2_dark,500.0,Z14,perzone_dedup_ovp_pass,ovp_pass,sameday,12,58,132,1.1974119189866794,9.671387997372749,58.333333333333336,2,9,1,2.096861040291742,6.12068658440665,8,2,1.9497880841275794,9.671387997372749,8,2,1.9497880841275794,9.671387997372749,8,2,1.9497880841275794,9.671387997372749,-9.255431982778406,14.16386310151003,50.0,2,8.08335640354887,2,8.08335640354887,12,1.1974119189866794,1,-13.582741721467162,False,,,141,20
latest|q2_dark|r500|Z14|perzone_dedup_ovp_pass|ovp_pass_reach|sameday,latest,q2_dark,500.0,Z14,perzone_dedup_ovp_pass,ovp_pass_reach,sameday,12,58,132,-1.6766413896615262,14.683632819495198,50.0,2,9,1,-0.8609628710736672,10.505956315397006,8,2,-3.8411394795144105,14.683632819495198,8,2,-3.8411394795144105,14.683632819495198,8,2,-3.8411394795144105,14.683632819495198,-160.83994404704364,234.76618754817636,50.0,2,8.08335640354887,2,8.08335640354887,12,-1.6766413896615262,1,-13.582741721467162,False,,,141,20
all|q2_dark|r500|Z14|union_at_crossing|ovp_pass|cal1,all,q2_dark,500.0,Z14,union_at_crossing,ovp_pass,cal1,28,42,130,2.0765362433977863,7.84269427820877,60.71428571428571,5,20,3,2.0765362433977863,6.617261308875068,18,5,2.886126082898599,9.042992174252674,17,6,3.7160407192933675,10.807098882393177,17,6,3.7160407192933675,10.807098882393177,0.2979627976816168,5.102271144897236,60.0,3,14.809690147672327,2,8.239860179611558,28,2.0765362433977863,4,7.535157278703908,False,,,143,4
all|q2_dark|r500|Z14|union_at_crossing|ovp_date|cal1,all,q2_dark,500.0,Z14,union_at_crossing,ovp_date,cal1,28,42,130,2.0765362433977863,7.84269427820877,60.71428571428571,5,20,3,2.0765362433977863,6.617261308875068,18,5,2.886126082898599,9.042992174252674,17,6,3.7160407192933675,10.807098882393177,17,6,3.7160407192933675,10.807098882393177,0.2979627976816168,5.102271144897236,60.0,3,14.809690147672327,2,8.239860179611558,28,2.0765362433977863,4,7.535157278703908,False,,,143,4
latest|q2_dark|r500|Z14|union_at_crossing|ovp_pass|cal1,latest,q2_dark,500.0,Z14,union_at_crossing,ovp_pass,cal1,28,42,130,2.0765362433977863,7.84269427820877,60.71428571428571,5,20,3,2.0765362433977863,6.729919569134389,18,5,2.886126082898599,9.042992174252674,17,6,3.7160407192933675,10.807098882393177,17,6,3.7160407192933675,10.807098882393177,0.2979627976816168,5.102271144897236,60.0,3,14.809690147672327,2,8.08335640354887,28,2.0765362433977863,4,7.535157278703908,False,,,143,4
latest|q2_dark|r500|Z14|union_at_crossing|ovp_date|cal1,latest,q2_dark,500.0,Z14,union_at_crossing,ovp_date,cal1,28,42,130,2.0765362433977863,7.84269427820877,60.71428571428571,5,20,3,2.0765362433977863,6.729919569134389,18,5,2.886126082898599,9.042992174252674,17,6,3.7160407192933675,10.807098882393177,17,6,3.7160407192933675,10.807098882393177,0.2979627976816168,5.102271144897236,60.0,3,14.809690147672327,2,8.08335640354887,28,2.0765362433977863,4,7.535157278703908,False,,,143,4
all|q2_dark|r500|Z14|union_at_crossing|ovp_pass|sameday,all,q2_dark,500.0,Z14,union_at_crossing,ovp_pass,sameday,12,58,130,1.1974119189866794,7.957657039968632,58.333333333333336,2,9,1,2.096861040291742,4.051379851445571,8,2,1.9497880841275794,8.186651767692679,8,2,1.9497880841275794,8.186651767692679,8,2,1.9497880841275794,8.186651767692679,-9.255431982778406,14.16386310151003,50.0,2,8.239860179611558,2,8.239860179611558,12,1.1974119189866794,1,-13.582741721467162,False,,,143,20
all|q2_dark|r500|Z14|union_at_crossing|ovp_date|sameday,all,q2_dark,500.0,Z14,union_at_crossing,ovp_date,sameday,12,58,130,1.1974119189866794,7.957657039968632,58.333333333333336,2,9,1,2.096861040291742,4.051379851445571,8,2,1.9497880841275794,8.186651767692679,8,2,1.9497880841275794,8.186651767692679,8,2,1.9497880841275794,8.186651767692679,-9.255431982778406,14.16386310151003,50.0,2,8.239860179611558,2,8.239860179611558,12,1.1974119189866794,1,-13.582741721467162,False,,,143,20
latest|q2_dark|r500|Z14|union_at_crossing|ovp_pass|sameday,latest,q2_dark,500.0,Z14,union_at_crossing,ovp_pass,sameday,12,58,130,1.1974119189866794,9.671387997372749,58.333333333333336,2,9,1,2.096861040291742,6.12068658440665,8,2,1.9497880841275794,9.671387997372749,8,2,1.9497880841275794,9.671387997372749,8,2,1.9497880841275794,9.671387997372749,-9.255431982778406,14.16386310151003,50.0,2,8.08335640354887,2,8.08335640354887,12,1.1974119189866794,1,-13.582741721467162,False,,,143,20
latest|q2_dark|r500|Z14|union_at_crossing|ovp_date|sameday,latest,q2_dark,500.0,Z14,union_at_crossing,ovp_date,sameday,12,58,130,1.1974119189866794,9.671387997372749,58.333333333333336,2,9,1,2.096861040291742,6.12068658440665,8,2,1.9497880841275794,9.671387997372749,8,2,1.9497880841275794,9.671387997372749,8,2,1.9497880841275794,9.671387997372749,-9.255431982778406,14.16386310151003,50.0,2,8.08335640354887,2,8.08335640354887,12,1.1974119189866794,1,-13.582741721467162,False,,,143,20
all|q1_nodark|r500|Z14|union_at_node|ovp_pass|cal1,all,q1_nodark,500.0,Z14,union_at_node,ovp_pass,cal1,27,41,129,3.5804945675671718,9.280490041918862,59.25925925925925,7,17,3,2.0562114465038306,5.594351962768639,15,5,2.0562114465038306,5.8953700638880076,14,6,1.8820150082644815,6.199715335925521,14,6,1.8820150082644815,6.199715335925521,14.568364522266286,19.058111841008575,42.857142857142854,3,14.809690147672327,2,8.239860179611558,27,3.5804945675671718,5,3.5804945675671718,False,,,146,5
all|q1_nodark|r500|Z14|union_at_node|ovp_date|cal1,all,q1_nodark,500.0,Z14,union_at_node,ovp_date,cal1,27,41,129,3.5804945675671718,9.280490041918862,59.25925925925925,7,17,3,2.0562114465038306,5.594351962768639,15,5,2.0562114465038306,5.8953700638880076,14,6,1.8820150082644815,6.199715335925521,14,6,1.8820150082644815,6.199715335925521,14.568364522266286,19.058111841008575,42.857142857142854,3,14.809690147672327,2,8.239860179611558,27,3.5804945675671718,5,3.5804945675671718,False,,,146,5
all|q1_nodark|r500|Z14|perzone_dedup_ovp_pass|ovp_pass|cal1,all,q1_nodark,500.0,Z14,perzone_dedup_ovp_pass,ovp_pass,cal1,27,41,129,3.5804945675671718,9.280490041918862,59.25925925925925,7,17,3,2.0562114465038306,5.594351962768639,15,5,2.0562114465038306,5.8953700638880076,14,6,1.8820150082644815,6.199715335925521,14,6,1.8820150082644815,6.199715335925521,14.568364522266286,19.058111841008575,42.857142857142854,3,14.809690147672327,2,8.239860179611558,27,3.5804945675671718,5,3.5804945675671718,False,,,146,5
all|q1_nodark|r500|Z14|perzone_dedup_ovp_pass|ovp_pass_reach|cal1,all,q1_nodark,500.0,Z14,perzone_dedup_ovp_pass,ovp_pass_reach,cal1,27,41,129,2.3833882847426935,9.709530827257295,55.55555555555556,7,17,3,2.3833882847426935,9.264590028863116,15,5,0.6333957594367945,6.881846225785612,14,6,1.6061575934980254,8.218165363494283,14,6,1.6061575934980254,8.218165363494283,-0.6122136647643828,33.34731911549467,42.857142857142854,3,16.79046591787614,3,16.79046591787614,27,2.3833882847426935,4,6.391059994940829,False,,,146,5
latest|q1_nodark|r500|Z14|union_at_node|ovp_pass|cal1,latest,q1_nodark,500.0,Z14,union_at_node,ovp_pass,cal1,27,41,129,3.5804945675671718,9.280490041918862,59.25925925925925,7,17,3,2.0562114465038306,5.8953700638880076,15,5,2.0562114465038306,6.180953672156607,14,6,1.8820150082644815,6.600770779393479,14,6,1.8820150082644815,6.600770779393479,14.568364522266286,19.058111841008575,42.857142857142854,3,14.809690147672327,2,8.08335640354887,27,3.5804945675671718,5,3.5804945675671718,False,,,146,5
latest|q1_nodark|r500|Z14|union_at_node|ovp_date|cal1,latest,q1_nodark,500.0,Z14,union_at_node,ovp_date,cal1,27,41,129,3.5804945675671718,9.280490041918862,59.25925925925925,7,17,3,2.0562114465038306,5.8953700638880076,15,5,2.0562114465038306,6.180953672156607,14,6,1.8820150082644815,6.600770779393479,14,6,1.8820150082644815,6.600770779393479,14.568364522266286,19.058111841008575,42.857142857142854,3,14.809690147672327,2,8.08335640354887,27,3.5804945675671718,5,3.5804945675671718,False,,,146,5
latest|q1_nodark|r500|Z14|perzone_dedup_ovp_pass|ovp_pass|cal1,latest,q1_nodark,500.0,Z14,perzone_dedup_ovp_pass,ovp_pass,cal1,27,41,129,3.5804945675671718,9.280490041918862,59.25925925925925,7,17,3,2.0562114465038306,5.8953700638880076,15,5,2.0562114465038306,6.180953672156607,14,6,1.8820150082644815,6.600770779393479,14,6,1.8820150082644815,6.600770779393479,14.568364522266286,19.058111841008575,42.857142857142854,3,14.809690147672327,2,8.08335640354887,27,3.5804945675671718,5,3.5804945675671718,False,,,146,5
latest|q1_nodark|r500|Z14|perzone_dedup_ovp_pass|ovp_pass_reach|cal1,latest,q1_nodark,500.0,Z14,perzone_dedup_ovp_pass,ovp_pass_reach,cal1,27,41,129,2.3833882847426935,9.709530827257295,55.55555555555556,7,17,3,2.3833882847426935,9.264590028863116,15,5,0.6333957594367945,7.102096833239216,14,6,1.6061575934980254,8.218165363494283,14,6,1.6061575934980254,8.218165363494283,-0.6122136647643828,33.34731911549467,42.857142857142854,3,16.79046591787614,3,16.79046591787614,27,2.3833882847426935,4,6.391059994940829,False,,,146,5
all|q2_dark|r500|Z1234|perzone_dedup_exact|ovp_pass|sameday,all,q2_dark,500.0,Z1234,perzone_dedup_exact,ovp_pass,sameday,25,135,315,0.1835354489617913,7.916942422289669,64.0,6,15,4,3.0057616088818406,10.293809111675255,13,6,3.7160407192933675,12.63783391032679,13,6,3.7160407192933675,12.63783391032679,13,6,3.7160407192933675,12.63783391032679,-5.221736518659181,12.503150743787932,66.66666666666666,2,8.239860179611558,2,8.239860179611558,16,1.1974119189866794,1,-13.582741721467162,False,,,146,7
all|q2_dark|r500|Z1234|perzone_dedup_exact|ovp_date|sameday,all,q2_dark,500.0,Z1234,perzone_dedup_exact,ovp_date,sameday,25,135,315,0.1835354489617913,7.916942422289669,64.0,6,15,4,3.0057616088818406,10.293809111675255,13,6,3.7160407192933675,12.63783391032679,13,6,3.7160407192933675,12.63783391032679,13,6,3.7160407192933675,12.63783391032679,-5.221736518659181,12.503150743787932,66.66666666666666,2,8.239860179611558,2,8.239860179611558,16,1.1974119189866794,1,-13.582741721467162,False,,,146,7
latest|q2_dark|r500|Z1234|perzone_dedup_exact|ovp_pass|sameday,latest,q2_dark,500.0,Z1234,perzone_dedup_exact,ovp_pass,sameday,25,135,315,0.1835354489617913,8.800082675545214,64.0,6,15,4,3.0057616088818406,10.293809111675255,13,6,3.7160407192933675,12.63783391032679,13,6,3.7160407192933675,12.63783391032679,13,6,3.7160407192933675,12.63783391032679,-5.221736518659181,12.503150743787932,66.66666666666666,2,8.08335640354887,2,8.08335640354887,16,1.1974119189866794,1,-13.582741721467162,False,,,146,7
latest|q2_dark|r500|Z1234|perzone_dedup_exact|ovp_date|sameday,latest,q2_dark,500.0,Z1234,perzone_dedup_exact,ovp_date,sameday,25,135,315,0.1835354489617913,8.800082675545214,64.0,6,15,4,3.0057616088818406,10.293809111675255,13,6,3.7160407192933675,12.63783391032679,13,6,3.7160407192933675,12.63783391032679,13,6,3.7160407192933675,12.63783391032679,-5.221736518659181,12.503150743787932,66.66666666666666,2,8.08335640354887,2,8.08335640354887,16,1.1974119189866794,1,-13.582741721467162,False,,,146,7
all|q1_nodark|r500|Z14|union_at_node|ovp_pass|sameday,all,q1_nodark,500.0,Z14,union_at_node,ovp_pass,sameday,11,57,129,2.3833882847426935,6.079424343141576,63.63636363636363,2,8,1,1.2834618668522424,4.4059543584490495,7,2,0.1835354489617913,5.993986188085287,7,2,0.1835354489617913,5.993986188085287,7,2,0.1835354489617913,5.993986188085287,11.029783648332092,16.086893899097834,50.0,2,8.239860179611558,2,8.239860179611558,11,2.3833882847426935,2,-7.649934489555266,False,,,146,21
all|q1_nodark|r500|Z14|union_at_node|ovp_date|sameday,all,q1_nodark,500.0,Z14,union_at_node,ovp_date,sameday,11,57,129,2.3833882847426935,6.079424343141576,63.63636363636363,2,8,1,1.2834618668522424,4.4059543584490495,7,2,0.1835354489617913,5.993986188085287,7,2,0.1835354489617913,5.993986188085287,7,2,0.1835354489617913,5.993986188085287,11.029783648332092,16.086893899097834,50.0,2,8.239860179611558,2,8.239860179611558,11,2.3833882847426935,2,-7.649934489555266,False,,,146,21
all|q1_nodark|r500|Z14|perzone_dedup_ovp_pass|ovp_pass|sameday,all,q1_nodark,500.0,Z14,perzone_dedup_ovp_pass,ovp_pass,sameday,11,57,129,2.3833882847426935,6.079424343141576,63.63636363636363,2,8,1,1.2834618668522424,4.4059543584490495,7,2,0.1835354489617913,5.993986188085287,7,2,0.1835354489617913,5.993986188085287,7,2,0.1835354489617913,5.993986188085287,11.029783648332092,16.086893899097834,50.0,2,8.239860179611558,2,8.239860179611558,11,2.3833882847426935,2,-7.649934489555266,False,,,146,21
all|q1_nodark|r500|Z14|perzone_dedup_ovp_pass|ovp_pass_reach|sameday,all,q1_nodark,500.0,Z14,perzone_dedup_ovp_pass,ovp_pass_reach,sameday,11,57,129,2.3833882847426935,9.476385143804137,63.63636363636363,2,8,1,1.2497517124309354,5.9563488169056225,7,2,0.11611514011917734,6.114925979585313,7,2,0.11611514011917734,6.114925979585313,7,2,0.11611514011917734,6.114925979585313,9.693962511852305,18.067382316042764,50.0,2,8.239860179611558,2,8.239860179611558,11,2.3833882847426935,2,-8.795543824730823,False,,,146,21
latest|q1_nodark|r500|Z14|union_at_node|ovp_pass|sameday,latest,q1_nodark,500.0,Z14,union_at_node,ovp_pass,sameday,11,57,129,2.3833882847426935,6.079424343141576,63.63636363636363,2,8,1,1.2834618668522424,5.887652817462623,7,2,0.1835354489617913,8.957383106112434,7,2,0.1835354489617913,8.957383106112434,7,2,0.1835354489617913,8.957383106112434,11.029783648332092,16.086893899097834,50.0,2,8.08335640354887,2,8.08335640354887,11,2.3833882847426935,2,-7.649934489555266,False,,,146,21
latest|q1_nodark|r500|Z14|union_at_node|ovp_date|sameday,latest,q1_nodark,500.0,Z14,union_at_node,ovp_date,sameday,11,57,129,2.3833882847426935,6.079424343141576,63.63636363636363,2,8,1,1.2834618668522424,5.887652817462623,7,2,0.1835354489617913,8.957383106112434,7,2,0.1835354489617913,8.957383106112434,7,2,0.1835354489617913,8.957383106112434,11.029783648332092,16.086893899097834,50.0,2,8.08335640354887,2,8.08335640354887,11,2.3833882847426935,2,-7.649934489555266,False,,,146,21
latest|q1_nodark|r500|Z14|perzone_dedup_ovp_pass|ovp_pass|sameday,latest,q1_nodark,500.0,Z14,perzone_dedup_ovp_pass,ovp_pass,sameday,11,57,129,2.3833882847426935,6.079424343141576,63.63636363636363,2,8,1,1.2834618668522424,5.887652817462623,7,2,0.1835354489617913,8.957383106112434,7,2,0.1835354489617913,8.957383106112434,7,2,0.1835354489617913,8.957383106112434,11.029783648332092,16.086893899097834,50.0,2,8.08335640354887,2,8.08335640354887,11,2.3833882847426935,2,-7.649934489555266,False,,,146,21
latest|q1_nodark|r500|Z14|perzone_dedup_ovp_pass|ovp_pass_reach|sameday,latest,q1_nodark,500.0,Z14,perzone_dedup_ovp_pass,ovp_pass_reach,sameday,11,57,129,2.3833882847426935,9.476385143804137,63.63636363636363,2,8,1,1.2497517124309354,7.586133217793904,7,2,0.11611514011917734,9.057340456002494,7,2,0.11611514011917734,9.057340456002494,7,2,0.11611514011917734,9.057340456002494,9.693962511852305,18.067382316042764,50.0,2,8.08335640354887,2,8.08335640354887,11,2.3833882847426935,2,-8.795543824730823,False,,,146,21
all|q2_dark|r200|Z14|union_at_crossing|ovp_pass|cal1,all,q2_dark,200.0,Z14,union_at_crossing,ovp_pass,cal1,28,41,126,3.0745206542430736,9.601882216828358,57.14285714285714,5,20,3,3.0745206542430736,9.054061983919622,18,5,3.0745206542430736,9.601882216828358,17,6,2.856625765549481,9.55828231698271,17,6,2.856625765549481,9.55828231698271,1.1685525475328973,5.210563779018318,60.0,3,14.88283438533049,1,-8.002566554520385,27,3.2924155429366664,3,-0.049661549814494776,False,,,148,4
all|q2_dark|r200|Z14|union_at_crossing|ovp_date|cal1,all,q2_dark,200.0,Z14,union_at_crossing,ovp_date,cal1,28,41,126,3.0745206542430736,9.601882216828358,57.14285714285714,5,20,3,3.0745206542430736,9.054061983919622,18,5,3.0745206542430736,9.601882216828358,17,6,2.856625765549481,9.55828231698271,17,6,2.856625765549481,9.55828231698271,1.1685525475328973,5.210563779018318,60.0,3,14.88283438533049,1,-8.002566554520385,27,3.2924155429366664,3,-0.049661549814494776,False,,,148,4
all|q2_dark|r200|Z14|union_at_node|ovp_pass|cal1,all,q2_dark,200.0,Z14,union_at_node,ovp_pass,cal1,28,41,126,3.0745206542430736,9.601882216828358,57.14285714285714,5,20,3,3.0745206542430736,9.054061983919622,18,5,3.0745206542430736,9.601882216828358,17,6,2.856625765549481,9.55828231698271,17,6,2.856625765549481,9.55828231698271,1.1685525475328973,5.210563779018318,60.0,3,14.88283438533049,1,-8.002566554520385,27,3.2924155429366664,3,-0.049661549814494776,False,,,148,4
all|q2_dark|r200|Z14|union_at_node|ovp_date|cal1,all,q2_dark,200.0,Z14,union_at_node,ovp_date,cal1,28,41,126,3.0745206542430736,9.601882216828358,57.14285714285714,5,20,3,3.0745206542430736,9.054061983919622,18,5,3.0745206542430736,9.601882216828358,17,6,2.856625765549481,9.55828231698271,17,6,2.856625765549481,9.55828231698271,1.1685525475328973,5.210563779018318,60.0,3,14.88283438533049,1,-8.002566554520385,27,3.2924155429366664,3,-0.049661549814494776,False,,,148,4
all|q2_dark|r200|Z14|perzone_dedup_ovp_pass|ovp_pass|cal1,all,q2_dark,200.0,Z14,perzone_dedup_ovp_pass,ovp_pass,cal1,28,41,126,3.0745206542430736,9.601882216828358,57.14285714285714,5,20,3,3.0745206542430736,9.054061983919622,18,5,3.0745206542430736,9.601882216828358,17,6,2.856625765549481,9.55828231698271,17,6,2.856625765549481,9.55828231698271,1.1685525475328973,5.210563779018318,60.0,3,14.88283438533049,1,-8.002566554520385,27,3.2924155429366664,3,-0.049661549814494776,False,,,148,4
all|q2_dark|r200|Z14|perzone_dedup_ovp_pass|ovp_pass_reach|cal1,all,q2_dark,200.0,Z14,perzone_dedup_ovp_pass,ovp_pass_reach,cal1,28,41,126,0.24817722631853556,15.218322607725906,46.42857142857143,5,20,3,1.1059661735580484,12.80200415535962,18,5,-0.10781074975039218,14.568205875036025,17,6,-0.6939948008078289,14.768319828665005,17,6,-0.6939948008078289,14.768319828665005,-1.1885248831708495,16.801743594156182,40.0,3,20.986902552955655,2,6.492167999217635,28,0.24817722631853556,2,3.7583823603113853,False,,,148,4
latest|q2_dark|r200|Z14|union_at_crossing|ovp_pass|cal1,latest,q2_dark,200.0,Z14,union_at_crossing,ovp_pass,cal1,28,41,126,3.0745206542430736,9.601882216828358,57.14285714285714,5,20,3,3.0745206542430736,9.054061983919622,18,5,3.0745206542430736,9.601882216828358,17,6,2.856625765549481,9.55828231698271,17,6,2.856625765549481,9.55828231698271,1.1685525475328973,5.210563779018318,60.0,3,14.88283438533049,1,-8.318473462591136,27,3.2924155429366664,3,-0.049661549814494776,False,,,148,4
latest|q2_dark|r200|Z14|union_at_crossing|ovp_date|cal1,latest,q2_dark,200.0,Z14,union_at_crossing,ovp_date,cal1,28,41,126,3.0745206542430736,9.601882216828358,57.14285714285714,5,20,3,3.0745206542430736,9.054061983919622,18,5,3.0745206542430736,9.601882216828358,17,6,2.856625765549481,9.55828231698271,17,6,2.856625765549481,9.55828231698271,1.1685525475328973,5.210563779018318,60.0,3,14.88283438533049,1,-8.318473462591136,27,3.2924155429366664,3,-0.049661549814494776,False,,,148,4
latest|q2_dark|r200|Z14|union_at_node|ovp_pass|cal1,latest,q2_dark,200.0,Z14,union_at_node,ovp_pass,cal1,28,41,126,3.0745206542430736,9.601882216828358,57.14285714285714,5,20,3,3.0745206542430736,9.054061983919622,18,5,3.0745206542430736,9.601882216828358,17,6,2.856625765549481,9.55828231698271,17,6,2.856625765549481,9.55828231698271,1.1685525475328973,5.210563779018318,60.0,3,14.88283438533049,1,-8.318473462591136,27,3.2924155429366664,3,-0.049661549814494776,False,,,148,4
latest|q2_dark|r200|Z14|union_at_node|ovp_date|cal1,latest,q2_dark,200.0,Z14,union_at_node,ovp_date,cal1,28,41,126,3.0745206542430736,9.601882216828358,57.14285714285714,5,20,3,3.0745206542430736,9.054061983919622,18,5,3.0745206542430736,9.601882216828358,17,6,2.856625765549481,9.55828231698271,17,6,2.856625765549481,9.55828231698271,1.1685525475328973,5.210563779018318,60.0,3,14.88283438533049,1,-8.318473462591136,27,3.2924155429366664,3,-0.049661549814494776,False,,,148,4
latest|q2_dark|r200|Z14|perzone_dedup_ovp_pass|ovp_pass|cal1,latest,q2_dark,200.0,Z14,perzone_dedup_ovp_pass,ovp_pass,cal1,28,41,126,3.0745206542430736,9.601882216828358,57.14285714285714,5,20,3,3.0745206542430736,9.054061983919622,18,5,3.0745206542430736,9.601882216828358,17,6,2.856625765549481,9.55828231698271,17,6,2.856625765549481,9.55828231698271,1.1685525475328973,5.210563779018318,60.0,3,14.88283438533049,1,-8.318473462591136,27,3.2924155429366664,3,-0.049661549814494776,False,,,148,4
latest|q2_dark|r200|Z14|perzone_dedup_ovp_pass|ovp_pass_reach|cal1,latest,q2_dark,200.0,Z14,perzone_dedup_ovp_pass,ovp_pass_reach,cal1,28,41,126,0.24817722631853556,15.218322607725906,46.42857142857143,5,20,3,1.1059661735580484,13.036185946312468,18,5,-0.10781074975039218,14.568205875036025,17,6,-0.6939948008078289,14.768319828665005,17,6,-0.6939948008078289,14.768319828665005,-1.1885248831708495,16.801743594156182,40.0,3,20.986902552955655,2,6.33421454518226,28,0.24817722631853556,2,3.7583823603113853,False,,,148,4
all|q1_nodark|r500|Z14|union_at_crossing|ovp_pass|cal1,all,q1_nodark,500.0,Z14,union_at_crossing,ovp_pass,cal1,27,41,127,3.5804945675671718,9.280490041918862,59.25925925925925,7,17,3,2.0562114465038306,5.594351962768639,15,5,2.0562114465038306,5.8953700638880076,14,6,1.8820150082644815,6.199715335925521,14,6,1.8820150082644815,6.199715335925521,14.568364522266286,19.058111841008575,42.857142857142854,3,14.809690147672327,2,8.239860179611558,27,3.5804945675671718,5,3.5804945675671718,False,,,148,5
all|q1_nodark|r500|Z14|union_at_crossing|ovp_date|cal1,all,q1_nodark,500.0,Z14,union_at_crossing,ovp_date,cal1,27,41,127,3.5804945675671718,9.280490041918862,59.25925925925925,7,17,3,2.0562114465038306,5.594351962768639,15,5,2.0562114465038306,5.8953700638880076,14,6,1.8820150082644815,6.199715335925521,14,6,1.8820150082644815,6.199715335925521,14.568364522266286,19.058111841008575,42.857142857142854,3,14.809690147672327,2,8.239860179611558,27,3.5804945675671718,5,3.5804945675671718,False,,,148,5
latest|q1_nodark|r500|Z14|union_at_crossing|ovp_pass|cal1,latest,q1_nodark,500.0,Z14,union_at_crossing,ovp_pass,cal1,27,41,127,3.5804945675671718,9.280490041918862,59.25925925925925,7,17,3,2.0562114465038306,5.8953700638880076,15,5,2.0562114465038306,6.180953672156607,14,6,1.8820150082644815,6.600770779393479,14,6,1.8820150082644815,6.600770779393479,14.568364522266286,19.058111841008575,42.857142857142854,3,14.809690147672327,2,8.08335640354887,27,3.5804945675671718,5,3.5804945675671718,False,,,148,5
latest|q1_nodark|r500|Z14|union_at_crossing|ovp_date|cal1,latest,q1_nodark,500.0,Z14,union_at_crossing,ovp_date,cal1,27,41,127,3.5804945675671718,9.280490041918862,59.25925925925925,7,17,3,2.0562114465038306,5.8953700638880076,15,5,2.0562114465038306,6.180953672156607,14,6,1.8820150082644815,6.600770779393479,14,6,1.8820150082644815,6.600770779393479,14.568364522266286,19.058111841008575,42.857142857142854,3,14.809690147672327,2,8.08335640354887,27,3.5804945675671718,5,3.5804945675671718,False,,,148,5
all|q2_dark|r200|Z14|union_at_crossing|ovp_pass|sameday,all,q2_dark,200.0,Z14,union_at_crossing,ovp_pass,sameday,12,57,126,2.012589156541189,11.298240686711978,58.333333333333336,2,9,1,2.856625765549481,8.999380192719762,8,2,0.8228341429722619,10.455310624560456,8,2,0.8228341429722619,10.455310624560456,8,2,0.8228341429722619,10.455310624560456,-8.737954093808842,14.687386746453262,50.0,2,8.018949609555381,1,-8.002566554520385,11,2.856625765549481,1,-13.470137832332885,False,,,148,20
all|q2_dark|r200|Z14|union_at_crossing|ovp_date|sameday,all,q2_dark,200.0,Z14,union_at_crossing,ovp_date,sameday,12,57,126,2.012589156541189,11.298240686711978,58.333333333333336,2,9,1,2.856625765549481,8.999380192719762,8,2,0.8228341429722619,10.455310624560456,8,2,0.8228341429722619,10.455310624560456,8,2,0.8228341429722619,10.455310624560456,-8.737954093808842,14.687386746453262,50.0,2,8.018949609555381,1,-8.002566554520385,11,2.856625765549481,1,-13.470137832332885,False,,,148,20
all|q2_dark|r200|Z14|union_at_node|ovp_pass|sameday,all,q2_dark,200.0,Z14,union_at_node,ovp_pass,sameday,12,57,126,2.012589156541189,11.298240686711978,58.333333333333336,2,9,1,2.856625765549481,8.999380192719762,8,2,0.8228341429722619,10.455310624560456,8,2,0.8228341429722619,10.455310624560456,8,2,0.8228341429722619,10.455310624560456,-8.737954093808842,14.687386746453262,50.0,2,8.018949609555381,1,-8.002566554520385,11,2.856625765549481,1,-13.470137832332885,False,,,148,20
all|q2_dark|r200|Z14|union_at_node|ovp_date|sameday,all,q2_dark,200.0,Z14,union_at_node,ovp_date,sameday,12,57,126,2.012589156541189,11.298240686711978,58.333333333333336,2,9,1,2.856625765549481,8.999380192719762,8,2,0.8228341429722619,10.455310624560456,8,2,0.8228341429722619,10.455310624560456,8,2,0.8228341429722619,10.455310624560456,-8.737954093808842,14.687386746453262,50.0,2,8.018949609555381,1,-8.002566554520385,11,2.856625765549481,1,-13.470137832332885,False,,,148,20
all|q2_dark|r200|Z14|perzone_dedup_ovp_pass|ovp_pass|sameday,all,q2_dark,200.0,Z14,perzone_dedup_ovp_pass,ovp_pass,sameday,12,57,126,2.012589156541189,11.298240686711978,58.333333333333336,2,9,1,2.856625765549481,8.999380192719762,8,2,0.8228341429722619,10.455310624560456,8,2,0.8228341429722619,10.455310624560456,8,2,0.8228341429722619,10.455310624560456,-8.737954093808842,14.687386746453262,50.0,2,8.018949609555381,1,-8.002566554520385,11,2.856625765549481,1,-13.470137832332885,False,,,148,20
all|q2_dark|r200|Z14|perzone_dedup_ovp_pass|ovp_pass_reach|sameday,all,q2_dark,200.0,Z14,perzone_dedup_ovp_pass,ovp_pass_reach,sameday,12,57,126,0.27251708131910135,16.321749586738026,50.0,2,9,1,1.7335590458090522,14.434779815048424,8,2,0.9343865311563615,17.30303723306675,8,2,0.9343865311563615,17.30303723306675,8,2,0.9343865311563615,17.30303723306675,-81.9186940467941,119.69054880198784,50.0,2,8.018949609555381,1,-8.002566554520385,12,0.27251708131910135,1,-13.470137832332885,False,,,148,20
latest|q2_dark|r200|Z14|union_at_crossing|ovp_pass|sameday,latest,q2_dark,200.0,Z14,union_at_crossing,ovp_pass,sameday,12,57,126,2.012589156541189,11.661220710096352,58.333333333333336,2,9,1,2.856625765549481,8.999380192719762,8,2,0.8228341429722619,11.661220710096352,8,2,0.8228341429722619,11.661220710096352,8,2,0.8228341429722619,11.661220710096352,-8.737954093808842,14.687386746453262,50.0,2,7.860996155520006,1,-8.318473462591136,11,2.856625765549481,1,-13.470137832332885,False,,,148,20
latest|q2_dark|r200|Z14|union_at_crossing|ovp_date|sameday,latest,q2_dark,200.0,Z14,union_at_crossing,ovp_date,sameday,12,57,126,2.012589156541189,11.661220710096352,58.333333333333336,2,9,1,2.856625765549481,8.999380192719762,8,2,0.8228341429722619,11.661220710096352,8,2,0.8228341429722619,11.661220710096352,8,2,0.8228341429722619,11.661220710096352,-8.737954093808842,14.687386746453262,50.0,2,7.860996155520006,1,-8.318473462591136,11,2.856625765549481,1,-13.470137832332885,False,,,148,20
latest|q2_dark|r200|Z14|union_at_node|ovp_pass|sameday,latest,q2_dark,200.0,Z14,union_at_node,ovp_pass,sameday,12,57,126,2.012589156541189,11.661220710096352,58.333333333333336,2,9,1,2.856625765549481,8.999380192719762,8,2,0.8228341429722619,11.661220710096352,8,2,0.8228341429722619,11.661220710096352,8,2,0.8228341429722619,11.661220710096352,-8.737954093808842,14.687386746453262,50.0,2,7.860996155520006,1,-8.318473462591136,11,2.856625765549481,1,-13.470137832332885,False,,,148,20
latest|q2_dark|r200|Z14|union_at_node|ovp_date|sameday,latest,q2_dark,200.0,Z14,union_at_node,ovp_date,sameday,12,57,126,2.012589156541189,11.661220710096352,58.333333333333336,2,9,1,2.856625765549481,8.999380192719762,8,2,0.8228341429722619,11.661220710096352,8,2,0.8228341429722619,11.661220710096352,8,2,0.8228341429722619,11.661220710096352,-8.737954093808842,14.687386746453262,50.0,2,7.860996155520006,1,-8.318473462591136,11,2.856625765549481,1,-13.470137832332885,False,,,148,20
latest|q2_dark|r200|Z14|perzone_dedup_ovp_pass|ovp_pass|sameday,latest,q2_dark,200.0,Z14,perzone_dedup_ovp_pass,ovp_pass,sameday,12,57,126,2.012589156541189,11.661220710096352,58.333333333333336,2,9,1,2.856625765549481,8.999380192719762,8,2,0.8228341429722619,11.661220710096352,8,2,0.8228341429722619,11.661220710096352,8,2,0.8228341429722619,11.661220710096352,-8.737954093808842,14.687386746453262,50.0,2,7.860996155520006,1,-8.318473462591136,11,2.856625765549481,1,-13.470137832332885,False,,,148,20
latest|q2_dark|r200|Z14|perzone_dedup_ovp_pass|ovp_pass_reach|sameday,latest,q2_dark,200.0,Z14,perzone_dedup_ovp_pass,ovp_pass_reach,sameday,12,57,126,0.27251708131910135,16.555931377690875,50.0,2,9,1,1.7335590458090522,14.90314339695412,8,2,0.9343865311563615,17.537219024019596,8,2,0.9343865311563615,17.537219024019596,8,2,0.9343865311563615,17.537219024019596,-81.9186940467941,119.69054880198784,50.0,2,7.860996155520006,1,-8.318473462591136,12,0.27251708131910135,1,-13.470137832332885,False,,,148,20
all|q1_nodark|r500|Z14|union_at_crossing|ovp_pass|sameday,all,q1_nodark,500.0,Z14,union_at_crossing,ovp_pass,sameday,11,57,127,2.3833882847426935,6.079424343141576,63.63636363636363,2,8,1,1.2834618668522424,4.4059543584490495,7,2,0.1835354489617913,5.993986188085287,7,2,0.1835354489617913,5.993986188085287,7,2,0.1835354489617913,5.993986188085287,11.029783648332092,16.086893899097834,50.0,2,8.239860179611558,2,8.239860179611558,11,2.3833882847426935,2,-7.649934489555266,False,,,148,21
all|q1_nodark|r500|Z14|union_at_crossing|ovp_date|sameday,all,q1_nodark,500.0,Z14,union_at_crossing,ovp_date,sameday,11,57,127,2.3833882847426935,6.079424343141576,63.63636363636363,2,8,1,1.2834618668522424,4.4059543584490495,7,2,0.1835354489617913,5.993986188085287,7,2,0.1835354489617913,5.993986188085287,7,2,0.1835354489617913,5.993986188085287,11.029783648332092,16.086893899097834,50.0,2,8.239860179611558,2,8.239860179611558,11,2.3833882847426935,2,-7.649934489555266,False,,,148,21
latest|q1_nodark|r500|Z14|union_at_crossing|ovp_pass|sameday,latest,q1_nodark,500.0,Z14,union_at_crossing,ovp_pass,sameday,11,57,127,2.3833882847426935,6.079424343141576,63.63636363636363,2,8,1,1.2834618668522424,5.887652817462623,7,2,0.1835354489617913,8.957383106112434,7,2,0.1835354489617913,8.957383106112434,7,2,0.1835354489617913,8.957383106112434,11.029783648332092,16.086893899097834,50.0,2,8.08335640354887,2,8.08335640354887,11,2.3833882847426935,2,-7.649934489555266,False,,,148,21
latest|q1_nodark|r500|Z14|union_at_crossing|ovp_date|sameday,latest,q1_nodark,500.0,Z14,union_at_crossing,ovp_date,sameday,11,57,127,2.3833882847426935,6.079424343141576,63.63636363636363,2,8,1,1.2834618668522424,5.887652817462623,7,2,0.1835354489617913,8.957383106112434,7,2,0.1835354489617913,8.957383106112434,7,2,0.1835354489617913,8.957383106112434,11.029783648332092,16.086893899097834,50.0,2,8.08335640354887,2,8.08335640354887,11,2.3833882847426935,2,-7.649934489555266,False,,,148,21
all|q2_dark|r500|Z14|union_at_node|ovp_pass|h24,all,q2_dark,500.0,Z14,union_at_node,ovp_pass,h24,19,39,134,2.096861040291742,7.339152553862129,57.89473684210527,3,14,2,2.906450879792555,7.8476927487939525,13,3,3.7160407192933675,9.73974834594994,13,3,3.7160407192933675,9.73974834594994,13,3,3.7160407192933675,9.73974834594994,0.2979627976816168,5.102271144897236,66.66666666666666,3,14.809690147672327,2,8.239860179611558,19,2.096861040291742,2,-1.1407513502478484,False,,,151,13
all|q2_dark|r500|Z14|union_at_node|ovp_date|h24,all,q2_dark,500.0,Z14,union_at_node,ovp_date,h24,19,39,134,2.096861040291742,7.339152553862129,57.89473684210527,3,14,2,2.906450879792555,7.8476927487939525,13,3,3.7160407192933675,9.73974834594994,13,3,3.7160407192933675,9.73974834594994,13,3,3.7160407192933675,9.73974834594994,0.2979627976816168,5.102271144897236,66.66666666666666,3,14.809690147672327,2,8.239860179611558,19,2.096861040291742,2,-1.1407513502478484,False,,,151,13
all|q2_dark|r500|Z14|perzone_dedup_ovp_pass|ovp_pass|h24,all,q2_dark,500.0,Z14,perzone_dedup_ovp_pass,ovp_pass,h24,19,39,134,2.096861040291742,7.339152553862129,57.89473684210527,3,14,2,2.906450879792555,7.8476927487939525,13,3,3.7160407192933675,9.73974834594994,13,3,3.7160407192933675,9.73974834594994,13,3,3.7160407192933675,9.73974834594994,0.2979627976816168,5.102271144897236,66.66666666666666,3,14.809690147672327,2,8.239860179611558,19,2.096861040291742,2,-1.1407513502478484,False,,,151,13
all|q2_dark|r500|Z14|perzone_dedup_ovp_pass|ovp_pass_reach|h24,all,q2_dark,500.0,Z14,perzone_dedup_ovp_pass,ovp_pass_reach,h24,19,39,134,-0.6122136647643828,13.181980334165031,52.63157894736842,3,14,2,0.3747554497779859,10.96176529500329,13,3,0.11611514011917734,12.102160048044665,13,3,0.11611514011917734,12.102160048044665,13,3,0.11611514011917734,12.102160048044665,-2.492319908249385,2.7874455165908643,66.66666666666666,3,16.79046591787614,3,16.79046591787614,19,-0.6122136647643828,3,8.278910262232131,False,,,151,13
latest|q2_dark|r500|Z14|union_at_node|ovp_pass|h24,latest,q2_dark,500.0,Z14,union_at_node,ovp_pass,h24,19,39,134,2.096861040291742,7.339152553862129,57.89473684210527,3,14,2,2.906450879792555,7.8476927487939525,13,3,3.7160407192933675,9.73974834594994,13,3,3.7160407192933675,9.73974834594994,13,3,3.7160407192933675,9.73974834594994,0.2979627976816168,5.102271144897236,66.66666666666666,3,14.809690147672327,2,8.08335640354887,19,2.096861040291742,2,-1.1407513502478484,False,,,151,13
latest|q2_dark|r500|Z14|union_at_node|ovp_date|h24,latest,q2_dark,500.0,Z14,union_at_node,ovp_date,h24,19,39,134,2.096861040291742,7.339152553862129,57.89473684210527,3,14,2,2.906450879792555,7.8476927487939525,13,3,3.7160407192933675,9.73974834594994,13,3,3.7160407192933675,9.73974834594994,13,3,3.7160407192933675,9.73974834594994,0.2979627976816168,5.102271144897236,66.66666666666666,3,14.809690147672327,2,8.08335640354887,19,2.096861040291742,2,-1.1407513502478484,False,,,151,13
latest|q2_dark|r500|Z14|perzone_dedup_ovp_pass|ovp_pass|h24,latest,q2_dark,500.0,Z14,perzone_dedup_ovp_pass,ovp_pass,h24,19,39,134,2.096861040291742,7.339152553862129,57.89473684210527,3,14,2,2.906450879792555,7.8476927487939525,13,3,3.7160407192933675,9.73974834594994,13,3,3.7160407192933675,9.73974834594994,13,3,3.7160407192933675,9.73974834594994,0.2979627976816168,5.102271144897236,66.66666666666666,3,14.809690147672327,2,8.08335640354887,19,2.096861040291742,2,-1.1407513502478484,False,,,151,13
latest|q2_dark|r500|Z14|perzone_dedup_ovp_pass|ovp_pass_reach|h24,latest,q2_dark,500.0,Z14,perzone_dedup_ovp_pass,ovp_pass_reach,h24,19,39,134,-0.6122136647643828,13.181980334165031,52.63157894736842,3,14,2,0.3747554497779859,11.193797793393834,13,3,0.11611514011917734,12.102160048044665,13,3,0.11611514011917734,12.102160048044665,13,3,0.11611514011917734,12.102160048044665,-2.492319908249385,2.7874455165908643,66.66666666666666,3,16.79046591787614,3,16.79046591787614,19,-0.6122136647643828,3,8.278910262232131,False,,,151,13
all|q1_nodark|r200|Z14|union_at_crossing|ovp_pass|cal1,all,q1_nodark,200.0,Z14,union_at_crossing,ovp_pass,cal1,26,40,125,3.2220164018157416,8.120764607506766,65.38461538461539,6,17,3,2.5383962430698404,5.751455983209239,15,5,-0.049661549814494776,5.688564181694942,14,6,-0.33905293632154887,6.22605989743905,14,6,-0.33905293632154887,6.22605989743905,5.28176127003146,8.194590100056462,66.66666666666666,3,14.88283438533049,1,-8.002566554520385,26,3.2220164018157416,3,-1.3409076711411672,False,,,152,6
all|q1_nodark|r200|Z14|union_at_crossing|ovp_date|cal1,all,q1_nodark,200.0,Z14,union_at_crossing,ovp_date,cal1,26,40,125,3.2220164018157416,8.120764607506766,65.38461538461539,6,17,3,2.5383962430698404,5.751455983209239,15,5,-0.049661549814494776,5.688564181694942,14,6,-0.33905293632154887,6.22605989743905,14,6,-0.33905293632154887,6.22605989743905,5.28176127003146,8.194590100056462,66.66666666666666,3,14.88283438533049,1,-8.002566554520385,26,3.2220164018157416,3,-1.3409076711411672,False,,,152,6
all|q1_nodark|r200|Z14|union_at_node|ovp_pass|cal1,all,q1_nodark,200.0,Z14,union_at_node,ovp_pass,cal1,26,40,125,3.2220164018157416,8.120764607506766,65.38461538461539,6,17,3,2.5383962430698404,5.751455983209239,15,5,-0.049661549814494776,5.688564181694942,14,6,-0.33905293632154887,6.22605989743905,14,6,-0.33905293632154887,6.22605989743905,5.28176127003146,8.194590100056462,66.66666666666666,3,14.88283438533049,1,-8.002566554520385,26,3.2220164018157416,3,-1.3409076711411672,False,,,152,6
all|q1_nodark|r200|Z14|union_at_node|ovp_date|cal1,all,q1_nodark,200.0,Z14,union_at_node,ovp_date,cal1,26,40,125,3.2220164018157416,8.120764607506766,65.38461538461539,6,17,3,2.5383962430698404,5.751455983209239,15,5,-0.049661549814494776,5.688564181694942,14,6,-0.33905293632154887,6.22605989743905,14,6,-0.33905293632154887,6.22605989743905,5.28176127003146,8.194590100056462,66.66666666666666,3,14.88283438533049,1,-8.002566554520385,26,3.2220164018157416,3,-1.3409076711411672,False,,,152,6
all|q1_nodark|r200|Z14|perzone_dedup_ovp_pass|ovp_pass|cal1,all,q1_nodark,200.0,Z14,perzone_dedup_ovp_pass,ovp_pass,cal1,26,40,125,3.2220164018157416,8.120764607506766,65.38461538461539,6,17,3,2.5383962430698404,5.751455983209239,15,5,-0.049661549814494776,5.688564181694942,14,6,-0.33905293632154887,6.22605989743905,14,6,-0.33905293632154887,6.22605989743905,5.28176127003146,8.194590100056462,66.66666666666666,3,14.88283438533049,1,-8.002566554520385,26,3.2220164018157416,3,-1.3409076711411672,False,,,152,6
all|q1_nodark|r200|Z14|perzone_dedup_ovp_pass|ovp_pass_reach|cal1,all,q1_nodark,200.0,Z14,perzone_dedup_ovp_pass,ovp_pass_reach,cal1,26,40,125,2.673695552108857,10.102262623486787,53.84615384615385,6,17,3,1.209354908357696,8.412437219879706,15,5,0.4783733013070446,9.496190550493003,14,6,1.7220206975260943,11.1579251612319,14,6,1.7220206975260943,11.1579251612319,2.9492370116243727,8.310761431167588,50.0,3,20.986902552955655,2,6.492167999217635,26,2.673695552108857,3,-3.481415312400138,False,,,152,6
latest|q1_nodark|r200|Z14|union_at_crossing|ovp_pass|cal1,latest,q1_nodark,200.0,Z14,union_at_crossing,ovp_pass,cal1,26,40,125,3.2220164018157416,8.120764607506766,65.38461538461539,6,17,3,2.5383962430698404,7.226046394579741,15,5,-0.049661549814494776,5.688564181694942,14,6,-0.33905293632154887,6.22605989743905,14,6,-0.33905293632154887,6.22605989743905,5.28176127003146,8.194590100056462,66.66666666666666,3,14.88283438533049,1,-8.318473462591136,26,3.2220164018157416,3,-1.3409076711411672,False,,,152,6
latest|q1_nodark|r200|Z14|union_at_crossing|ovp_date|cal1,latest,q1_nodark,200.0,Z14,union_at_crossing,ovp_date,cal1,26,40,125,3.2220164018157416,8.120764607506766,65.38461538461539,6,17,3,2.5383962430698404,7.226046394579741,15,5,-0.049661549814494776,5.688564181694942,14,6,-0.33905293632154887,6.22605989743905,14,6,-0.33905293632154887,6.22605989743905,5.28176127003146,8.194590100056462,66.66666666666666,3,14.88283438533049,1,-8.318473462591136,26,3.2220164018157416,3,-1.3409076711411672,False,,,152,6
latest|q1_nodark|r200|Z14|union_at_node|ovp_pass|cal1,latest,q1_nodark,200.0,Z14,union_at_node,ovp_pass,cal1,26,40,125,3.2220164018157416,8.120764607506766,65.38461538461539,6,17,3,2.5383962430698404,7.226046394579741,15,5,-0.049661549814494776,5.688564181694942,14,6,-0.33905293632154887,6.22605989743905,14,6,-0.33905293632154887,6.22605989743905,5.28176127003146,8.194590100056462,66.66666666666666,3,14.88283438533049,1,-8.318473462591136,26,3.2220164018157416,3,-1.3409076711411672,False,,,152,6
latest|q1_nodark|r200|Z14|union_at_node|ovp_date|cal1,latest,q1_nodark,200.0,Z14,union_at_node,ovp_date,cal1,26,40,125,3.2220164018157416,8.120764607506766,65.38461538461539,6,17,3,2.5383962430698404,7.226046394579741,15,5,-0.049661549814494776,5.688564181694942,14,6,-0.33905293632154887,6.22605989743905,14,6,-0.33905293632154887,6.22605989743905,5.28176127003146,8.194590100056462,66.66666666666666,3,14.88283438533049,1,-8.318473462591136,26,3.2220164018157416,3,-1.3409076711411672,False,,,152,6
latest|q1_nodark|r200|Z14|perzone_dedup_ovp_pass|ovp_pass|cal1,latest,q1_nodark,200.0,Z14,perzone_dedup_ovp_pass,ovp_pass,cal1,26,40,125,3.2220164018157416,8.120764607506766,65.38461538461539,6,17,3,2.5383962430698404,7.226046394579741,15,5,-0.049661549814494776,5.688564181694942,14,6,-0.33905293632154887,6.22605989743905,14,6,-0.33905293632154887,6.22605989743905,5.28176127003146,8.194590100056462,66.66666666666666,3,14.88283438533049,1,-8.318473462591136,26,3.2220164018157416,3,-1.3409076711411672,False,,,152,6
latest|q1_nodark|r200|Z14|perzone_dedup_ovp_pass|ovp_pass_reach|cal1,latest,q1_nodark,200.0,Z14,perzone_dedup_ovp_pass,ovp_pass_reach,cal1,26,40,125,2.673695552108857,10.102262623486787,53.84615384615385,6,17,3,1.209354908357696,9.196483077423967,15,5,0.4783733013070446,10.280236408037261,14,6,1.7220206975260943,11.661220710096352,14,6,1.7220206975260943,11.661220710096352,2.9492370116243727,8.310761431167588,50.0,3,20.986902552955655,2,6.33421454518226,26,2.673695552108857,3,-3.481415312400138,False,,,152,6
all|q1_nodark|r200|Z14|union_at_crossing|ovp_pass|sameday,all,q1_nodark,200.0,Z14,union_at_crossing,ovp_pass,sameday,10,56,125,2.160084904113857,6.905081454052546,70.0,1,8,1,0.9053547947768248,6.905081454052546,7,2,-1.3409076711411672,9.876575460498028,7,2,-1.3409076711411672,9.876575460498028,7,2,-1.3409076711411672,9.876575460498028,1.1685525475328973,0.0,100.0,2,8.018949609555381,1,-8.002566554520385,10,2.160084904113857,2,-7.405522751737026,False,,,152,22
all|q1_nodark|r200|Z14|union_at_crossing|ovp_date|sameday,all,q1_nodark,200.0,Z14,union_at_crossing,ovp_date,sameday,10,56,125,2.160084904113857,6.905081454052546,70.0,1,8,1,0.9053547947768248,6.905081454052546,7,2,-1.3409076711411672,9.876575460498028,7,2,-1.3409076711411672,9.876575460498028,7,2,-1.3409076711411672,9.876575460498028,1.1685525475328973,0.0,100.0,2,8.018949609555381,1,-8.002566554520385,10,2.160084904113857,2,-7.405522751737026,False,,,152,22
all|q1_nodark|r200|Z14|union_at_node|ovp_pass|sameday,all,q1_nodark,200.0,Z14,union_at_node,ovp_pass,sameday,10,56,125,2.160084904113857,6.905081454052546,70.0,1,8,1,0.9053547947768248,6.905081454052546,7,2,-1.3409076711411672,9.876575460498028,7,2,-1.3409076711411672,9.876575460498028,7,2,-1.3409076711411672,9.876575460498028,1.1685525475328973,0.0,100.0,2,8.018949609555381,1,-8.002566554520385,10,2.160084904113857,2,-7.405522751737026,False,,,152,22
all|q1_nodark|r200|Z14|union_at_node|ovp_date|sameday,all,q1_nodark,200.0,Z14,union_at_node,ovp_date,sameday,10,56,125,2.160084904113857,6.905081454052546,70.0,1,8,1,0.9053547947768248,6.905081454052546,7,2,-1.3409076711411672,9.876575460498028,7,2,-1.3409076711411672,9.876575460498028,7,2,-1.3409076711411672,9.876575460498028,1.1685525475328973,0.0,100.0,2,8.018949609555381,1,-8.002566554520385,10,2.160084904113857,2,-7.405522751737026,False,,,152,22
all|q1_nodark|r200|Z14|perzone_dedup_ovp_pass|ovp_pass|sameday,all,q1_nodark,200.0,Z14,perzone_dedup_ovp_pass,ovp_pass,sameday,10,56,125,2.160084904113857,6.905081454052546,70.0,1,8,1,0.9053547947768248,6.905081454052546,7,2,-1.3409076711411672,9.876575460498028,7,2,-1.3409076711411672,9.876575460498028,7,2,-1.3409076711411672,9.876575460498028,1.1685525475328973,0.0,100.0,2,8.018949609555381,1,-8.002566554520385,10,2.160084904113857,2,-7.405522751737026,False,,,152,22
all|q1_nodark|r200|Z14|perzone_dedup_ovp_pass|ovp_pass_reach|sameday,all,q1_nodark,200.0,Z14,perzone_dedup_ovp_pass,ovp_pass_reach,sameday,10,56,125,0.010415012593423256,9.610280143528898,70.0,1,8,1,-1.0589384651135791,10.455310624560456,7,2,-3.3272318385848543,13.978969999274893,7,2,-3.3272318385848543,13.978969999274893,7,2,-3.3272318385848543,13.978969999274893,-1.1885248831708495,0.0,100.0,2,8.018949609555381,1,-8.002566554520385,10,0.010415012593423256,2,-8.475776572366511,False,,,152,22
latest|q1_nodark|r200|Z14|union_at_crossing|ovp_pass|sameday,latest,q1_nodark,200.0,Z14,union_at_crossing,ovp_pass,sameday,10,56,125,2.160084904113857,7.876809748635595,70.0,1,8,1,0.9053547947768248,7.876809748635595,7,2,-1.3409076711411672,10.344939042403723,7,2,-1.3409076711411672,10.344939042403723,7,2,-1.3409076711411672,10.344939042403723,1.1685525475328973,0.0,100.0,2,7.860996155520006,1,-8.318473462591136,10,2.160084904113857,2,-7.405522751737026,False,,,152,22
latest|q1_nodark|r200|Z14|union_at_crossing|ovp_date|sameday,latest,q1_nodark,200.0,Z14,union_at_crossing,ovp_date,sameday,10,56,125,2.160084904113857,7.876809748635595,70.0,1,8,1,0.9053547947768248,7.876809748635595,7,2,-1.3409076711411672,10.344939042403723,7,2,-1.3409076711411672,10.344939042403723,7,2,-1.3409076711411672,10.344939042403723,1.1685525475328973,0.0,100.0,2,7.860996155520006,1,-8.318473462591136,10,2.160084904113857,2,-7.405522751737026,False,,,152,22
latest|q1_nodark|r200|Z14|union_at_node|ovp_pass|sameday,latest,q1_nodark,200.0,Z14,union_at_node,ovp_pass,sameday,10,56,125,2.160084904113857,7.876809748635595,70.0,1,8,1,0.9053547947768248,7.876809748635595,7,2,-1.3409076711411672,10.344939042403723,7,2,-1.3409076711411672,10.344939042403723,7,2,-1.3409076711411672,10.344939042403723,1.1685525475328973,0.0,100.0,2,7.860996155520006,1,-8.318473462591136,10,2.160084904113857,2,-7.405522751737026,False,,,152,22
latest|q1_nodark|r200|Z14|union_at_node|ovp_date|sameday,latest,q1_nodark,200.0,Z14,union_at_node,ovp_date,sameday,10,56,125,2.160084904113857,7.876809748635595,70.0,1,8,1,0.9053547947768248,7.876809748635595,7,2,-1.3409076711411672,10.344939042403723,7,2,-1.3409076711411672,10.344939042403723,7,2,-1.3409076711411672,10.344939042403723,1.1685525475328973,0.0,100.0,2,7.860996155520006,1,-8.318473462591136,10,2.160084904113857,2,-7.405522751737026,False,,,152,22
latest|q1_nodark|r200|Z14|perzone_dedup_ovp_pass|ovp_pass|sameday,latest,q1_nodark,200.0,Z14,perzone_dedup_ovp_pass,ovp_pass,sameday,10,56,125,2.160084904113857,7.876809748635595,70.0,1,8,1,0.9053547947768248,7.876809748635595,7,2,-1.3409076711411672,10.344939042403723,7,2,-1.3409076711411672,10.344939042403723,7,2,-1.3409076711411672,10.344939042403723,1.1685525475328973,0.0,100.0,2,7.860996155520006,1,-8.318473462591136,10,2.160084904113857,2,-7.405522751737026,False,,,152,22
latest|q1_nodark|r200|Z14|perzone_dedup_ovp_pass|ovp_pass_reach|sameday,latest,q1_nodark,200.0,Z14,perzone_dedup_ovp_pass,ovp_pass_reach,sameday,10,56,125,0.010415012593423256,10.582008438111949,70.0,1,8,1,-1.0589384651135791,11.269197781324221,7,2,-3.3272318385848543,15.037872426330829,7,2,-3.3272318385848543,15.037872426330829,7,2,-3.3272318385848543,15.037872426330829,-1.1885248831708495,0.0,100.0,2,7.860996155520006,1,-8.318473462591136,10,0.010415012593423256,2,-8.475776572366511,False,,,152,22
all|q2_dark|r500|Z14|union_at_crossing|ovp_pass|h24,all,q2_dark,500.0,Z14,union_at_crossing,ovp_pass,h24,19,39,132,2.096861040291742,7.339152553862129,57.89473684210527,3,14,2,2.906450879792555,7.8476927487939525,13,3,3.7160407192933675,9.73974834594994,13,3,3.7160407192933675,9.73974834594994,13,3,3.7160407192933675,9.73974834594994,0.2979627976816168,5.102271144897236,66.66666666666666,3,14.809690147672327,2,8.239860179611558,19,2.096861040291742,2,-1.1407513502478484,False,,,153,13
all|q2_dark|r500|Z14|union_at_crossing|ovp_date|h24,all,q2_dark,500.0,Z14,union_at_crossing,ovp_date,h24,19,39,132,2.096861040291742,7.339152553862129,57.89473684210527,3,14,2,2.906450879792555,7.8476927487939525,13,3,3.7160407192933675,9.73974834594994,13,3,3.7160407192933675,9.73974834594994,13,3,3.7160407192933675,9.73974834594994,0.2979627976816168,5.102271144897236,66.66666666666666,3,14.809690147672327,2,8.239860179611558,19,2.096861040291742,2,-1.1407513502478484,False,,,153,13
latest|q2_dark|r500|Z14|union_at_crossing|ovp_pass|h24,latest,q2_dark,500.0,Z14,union_at_crossing,ovp_pass,h24,19,39,132,2.096861040291742,7.339152553862129,57.89473684210527,3,14,2,2.906450879792555,7.8476927487939525,13,3,3.7160407192933675,9.73974834594994,13,3,3.7160407192933675,9.73974834594994,13,3,3.7160407192933675,9.73974834594994,0.2979627976816168,5.102271144897236,66.66666666666666,3,14.809690147672327,2,8.08335640354887,19,2.096861040291742,2,-1.1407513502478484,False,,,153,13
latest|q2_dark|r500|Z14|union_at_crossing|ovp_date|h24,latest,q2_dark,500.0,Z14,union_at_crossing,ovp_date,h24,19,39,132,2.096861040291742,7.339152553862129,57.89473684210527,3,14,2,2.906450879792555,7.8476927487939525,13,3,3.7160407192933675,9.73974834594994,13,3,3.7160407192933675,9.73974834594994,13,3,3.7160407192933675,9.73974834594994,0.2979627976816168,5.102271144897236,66.66666666666666,3,14.809690147672327,2,8.08335640354887,19,2.096861040291742,2,-1.1407513502478484,False,,,153,13
all|q1_nodark|r500|Z14|union_at_node|ovp_pass|h24,all,q1_nodark,500.0,Z14,union_at_node,ovp_pass,h24,18,37,133,3.061392911000782,7.948261014522361,61.111111111111114,4,12,2,1.2834618668522424,5.193012817970068,11,3,0.1835354489617913,5.993986188085287,11,3,0.1835354489617913,5.993986188085287,11,3,0.1835354489617913,5.993986188085287,12.809821234606433,16.086893899097834,50.0,3,14.809690147672327,2,8.239860179611558,18,3.061392911000782,2,-7.649934489555266,False,,,155,14
all|q1_nodark|r500|Z14|union_at_node|ovp_date|h24,all,q1_nodark,500.0,Z14,union_at_node,ovp_date,h24,18,37,133,3.061392911000782,7.948261014522361,61.111111111111114,4,12,2,1.2834618668522424,5.193012817970068,11,3,0.1835354489617913,5.993986188085287,11,3,0.1835354489617913,5.993986188085287,11,3,0.1835354489617913,5.993986188085287,12.809821234606433,16.086893899097834,50.0,3,14.809690147672327,2,8.239860179611558,18,3.061392911000782,2,-7.649934489555266,False,,,155,14
all|q1_nodark|r500|Z14|perzone_dedup_ovp_pass|ovp_pass|h24,all,q1_nodark,500.0,Z14,perzone_dedup_ovp_pass,ovp_pass,h24,18,37,133,3.061392911000782,7.948261014522361,61.111111111111114,4,12,2,1.2834618668522424,5.193012817970068,11,3,0.1835354489617913,5.993986188085287,11,3,0.1835354489617913,5.993986188085287,11,3,0.1835354489617913,5.993986188085287,12.809821234606433,16.086893899097834,50.0,3,14.809690147672327,2,8.239860179611558,18,3.061392911000782,2,-7.649934489555266,False,,,155,14
all|q1_nodark|r500|Z14|perzone_dedup_ovp_pass|ovp_pass_reach|h24,all,q1_nodark,500.0,Z14,perzone_dedup_ovp_pass,ovp_pass_reach,h24,18,37,133,2.481153856150975,11.474554661162358,55.55555555555556,4,12,2,2.481153856150975,6.991971529512414,11,3,2.5789194275592564,9.766279616143974,11,3,2.5789194275592564,9.766279616143974,11,3,2.5789194275592564,9.766279616143974,10.634015633594807,18.067382316042764,50.0,3,16.79046591787614,3,16.79046591787614,18,2.481153856150975,3,-4.008345927994483,False,,,155,14
latest|q1_nodark|r500|Z14|union_at_node|ovp_pass|h24,latest,q1_nodark,500.0,Z14,union_at_node,ovp_pass,h24,18,37,133,3.061392911000782,7.948261014522361,61.111111111111114,4,12,2,1.2834618668522424,5.7556217293412395,11,3,0.1835354489617913,7.267085006007955,11,3,0.1835354489617913,7.267085006007955,11,3,0.1835354489617913,7.267085006007955,12.809821234606433,16.086893899097834,50.0,3,14.809690147672327,2,8.08335640354887,18,3.061392911000782,2,-7.649934489555266,False,,,155,14
latest|q1_nodark|r500|Z14|union_at_node|ovp_date|h24,latest,q1_nodark,500.0,Z14,union_at_node,ovp_date,h24,18,37,133,3.061392911000782,7.948261014522361,61.111111111111114,4,12,2,1.2834618668522424,5.7556217293412395,11,3,0.1835354489617913,7.267085006007955,11,3,0.1835354489617913,7.267085006007955,11,3,0.1835354489617913,7.267085006007955,12.809821234606433,16.086893899097834,50.0,3,14.809690147672327,2,8.08335640354887,18,3.061392911000782,2,-7.649934489555266,False,,,155,14
latest|q1_nodark|r500|Z14|perzone_dedup_ovp_pass|ovp_pass|h24,latest,q1_nodark,500.0,Z14,perzone_dedup_ovp_pass,ovp_pass,h24,18,37,133,3.061392911000782,7.948261014522361,61.111111111111114,4,12,2,1.2834618668522424,5.7556217293412395,11,3,0.1835354489617913,7.267085006007955,11,3,0.1835354489617913,7.267085006007955,11,3,0.1835354489617913,7.267085006007955,12.809821234606433,16.086893899097834,50.0,3,14.809690147672327,2,8.08335640354887,18,3.061392911000782,2,-7.649934489555266,False,,,155,14
latest|q1_nodark|r500|Z14|perzone_dedup_ovp_pass|ovp_pass_reach|h24,latest,q1_nodark,500.0,Z14,perzone_dedup_ovp_pass,ovp_pass_reach,h24,18,37,133,2.481153856150975,11.7065871595529,55.55555555555556,4,12,2,2.481153856150975,7.586133217793904,11,3,2.5789194275592564,9.766279616143974,11,3,2.5789194275592564,9.766279616143974,11,3,2.5789194275592564,9.766279616143974,10.634015633594807,18.067382316042764,50.0,3,16.79046591787614,3,16.79046591787614,18,2.481153856150975,3,-4.008345927994483,False,,,155,14
all|q1_nodark|r500|Z14|union_at_crossing|ovp_pass|h24,all,q1_nodark,500.0,Z14,union_at_crossing,ovp_pass,h24,18,37,131,3.061392911000782,7.948261014522361,61.111111111111114,4,12,2,1.2834618668522424,5.193012817970068,11,3,0.1835354489617913,5.993986188085287,11,3,0.1835354489617913,5.993986188085287,11,3,0.1835354489617913,5.993986188085287,12.809821234606433,16.086893899097834,50.0,3,14.809690147672327,2,8.239860179611558,18,3.061392911000782,2,-7.649934489555266,False,,,157,14
all|q1_nodark|r500|Z14|union_at_crossing|ovp_date|h24,all,q1_nodark,500.0,Z14,union_at_crossing,ovp_date,h24,18,37,131,3.061392911000782,7.948261014522361,61.111111111111114,4,12,2,1.2834618668522424,5.193012817970068,11,3,0.1835354489617913,5.993986188085287,11,3,0.1835354489617913,5.993986188085287,11,3,0.1835354489617913,5.993986188085287,12.809821234606433,16.086893899097834,50.0,3,14.809690147672327,2,8.239860179611558,18,3.061392911000782,2,-7.649934489555266,False,,,157,14
latest|q1_nodark|r500|Z14|union_at_crossing|ovp_pass|h24,latest,q1_nodark,500.0,Z14,union_at_crossing,ovp_pass,h24,18,37,131,3.061392911000782,7.948261014522361,61.111111111111114,4,12,2,1.2834618668522424,5.7556217293412395,11,3,0.1835354489617913,7.267085006007955,11,3,0.1835354489617913,7.267085006007955,11,3,0.1835354489617913,7.267085006007955,12.809821234606433,16.086893899097834,50.0,3,14.809690147672327,2,8.08335640354887,18,3.061392911000782,2,-7.649934489555266,False,,,157,14
latest|q1_nodark|r500|Z14|union_at_crossing|ovp_date|h24,latest,q1_nodark,500.0,Z14,union_at_crossing,ovp_date,h24,18,37,131,3.061392911000782,7.948261014522361,61.111111111111114,4,12,2,1.2834618668522424,5.7556217293412395,11,3,0.1835354489617913,7.267085006007955,11,3,0.1835354489617913,7.267085006007955,11,3,0.1835354489617913,7.267085006007955,12.809821234606433,16.086893899097834,50.0,3,14.809690147672327,2,8.08335640354887,18,3.061392911000782,2,-7.649934489555266,False,,,157,14
all|q2_dark|r200|Z14|union_at_crossing|ovp_pass|h24,all,q2_dark,200.0,Z14,union_at_crossing,ovp_pass,h24,19,38,128,2.856625765549481,8.999380192719762,57.89473684210527,3,14,2,3.243275238561294,9.304257530629815,13,3,2.856625765549481,8.999380192719762,13,3,2.856625765549481,8.999380192719762,13,3,2.856625765549481,8.999380192719762,1.1685525475328973,5.210563779018318,66.66666666666666,3,14.88283438533049,1,-8.002566554520385,18,3.243275238561294,1,-13.470137832332885,False,,,158,13
all|q2_dark|r200|Z14|union_at_crossing|ovp_date|h24,all,q2_dark,200.0,Z14,union_at_crossing,ovp_date,h24,19,38,128,2.856625765549481,8.999380192719762,57.89473684210527,3,14,2,3.243275238561294,9.304257530629815,13,3,2.856625765549481,8.999380192719762,13,3,2.856625765549481,8.999380192719762,13,3,2.856625765549481,8.999380192719762,1.1685525475328973,5.210563779018318,66.66666666666666,3,14.88283438533049,1,-8.002566554520385,18,3.243275238561294,1,-13.470137832332885,False,,,158,13
all|q2_dark|r200|Z14|union_at_node|ovp_pass|h24,all,q2_dark,200.0,Z14,union_at_node,ovp_pass,h24,19,38,128,2.856625765549481,8.999380192719762,57.89473684210527,3,14,2,3.243275238561294,9.304257530629815,13,3,2.856625765549481,8.999380192719762,13,3,2.856625765549481,8.999380192719762,13,3,2.856625765549481,8.999380192719762,1.1685525475328973,5.210563779018318,66.66666666666666,3,14.88283438533049,1,-8.002566554520385,18,3.243275238561294,1,-13.470137832332885,False,,,158,13
all|q2_dark|r200|Z14|union_at_node|ovp_date|h24,all,q2_dark,200.0,Z14,union_at_node,ovp_date,h24,19,38,128,2.856625765549481,8.999380192719762,57.89473684210527,3,14,2,3.243275238561294,9.304257530629815,13,3,2.856625765549481,8.999380192719762,13,3,2.856625765549481,8.999380192719762,13,3,2.856625765549481,8.999380192719762,1.1685525475328973,5.210563779018318,66.66666666666666,3,14.88283438533049,1,-8.002566554520385,18,3.243275238561294,1,-13.470137832332885,False,,,158,13
all|q2_dark|r200|Z14|perzone_dedup_ovp_pass|ovp_pass|h24,all,q2_dark,200.0,Z14,perzone_dedup_ovp_pass,ovp_pass,h24,19,38,128,2.856625765549481,8.999380192719762,57.89473684210527,3,14,2,3.243275238561294,9.304257530629815,13,3,2.856625765549481,8.999380192719762,13,3,2.856625765549481,8.999380192719762,13,3,2.856625765549481,8.999380192719762,1.1685525475328973,5.210563779018318,66.66666666666666,3,14.88283438533049,1,-8.002566554520385,18,3.243275238561294,1,-13.470137832332885,False,,,158,13
all|q2_dark|r200|Z14|perzone_dedup_ovp_pass|ovp_pass_reach|h24,all,q2_dark,200.0,Z14,perzone_dedup_ovp_pass,ovp_pass_reach,h24,19,38,128,0.017981151330026535,13.71274428202542,52.63157894736842,3,14,2,3.4647819733533147,13.237269530794741,13,3,5.196004900897577,13.837988271632828,13,3,5.196004900897577,13.837988271632828,13,3,5.196004900897577,13.837988271632828,-1.1885248831708495,1.7887658467509986,66.66666666666666,3,20.986902552955655,2,6.492167999217635,19,0.017981151330026535,2,3.7583823603113853,False,,,158,13
latest|q2_dark|r200|Z14|union_at_crossing|ovp_pass|h24,latest,q2_dark,200.0,Z14,union_at_crossing,ovp_pass,h24,19,38,128,2.856625765549481,8.999380192719762,57.89473684210527,3,14,2,3.243275238561294,9.304257530629815,13,3,2.856625765549481,8.999380192719762,13,3,2.856625765549481,8.999380192719762,13,3,2.856625765549481,8.999380192719762,1.1685525475328973,5.210563779018318,66.66666666666666,3,14.88283438533049,1,-8.318473462591136,18,3.243275238561294,1,-13.470137832332885,False,,,158,13
latest|q2_dark|r200|Z14|union_at_crossing|ovp_date|h24,latest,q2_dark,200.0,Z14,union_at_crossing,ovp_date,h24,19,38,128,2.856625765549481,8.999380192719762,57.89473684210527,3,14,2,3.243275238561294,9.304257530629815,13,3,2.856625765549481,8.999380192719762,13,3,2.856625765549481,8.999380192719762,13,3,2.856625765549481,8.999380192719762,1.1685525475328973,5.210563779018318,66.66666666666666,3,14.88283438533049,1,-8.318473462591136,18,3.243275238561294,1,-13.470137832332885,False,,,158,13
latest|q2_dark|r200|Z14|union_at_node|ovp_pass|h24,latest,q2_dark,200.0,Z14,union_at_node,ovp_pass,h24,19,38,128,2.856625765549481,8.999380192719762,57.89473684210527,3,14,2,3.243275238561294,9.304257530629815,13,3,2.856625765549481,8.999380192719762,13,3,2.856625765549481,8.999380192719762,13,3,2.856625765549481,8.999380192719762,1.1685525475328973,5.210563779018318,66.66666666666666,3,14.88283438533049,1,-8.318473462591136,18,3.243275238561294,1,-13.470137832332885,False,,,158,13
latest|q2_dark|r200|Z14|union_at_node|ovp_date|h24,latest,q2_dark,200.0,Z14,union_at_node,ovp_date,h24,19,38,128,2.856625765549481,8.999380192719762,57.89473684210527,3,14,2,3.243275238561294,9.304257530629815,13,3,2.856625765549481,8.999380192719762,13,3,2.856625765549481,8.999380192719762,13,3,2.856625765549481,8.999380192719762,1.1685525475328973,5.210563779018318,66.66666666666666,3,14.88283438533049,1,-8.318473462591136,18,3.243275238561294,1,-13.470137832332885,False,,,158,13
latest|q2_dark|r200|Z14|perzone_dedup_ovp_pass|ovp_pass|h24,latest,q2_dark,200.0,Z14,perzone_dedup_ovp_pass,ovp_pass,h24,19,38,128,2.856625765549481,8.999380192719762,57.89473684210527,3,14,2,3.243275238561294,9.304257530629815,13,3,2.856625765549481,8.999380192719762,13,3,2.856625765549481,8.999380192719762,13,3,2.856625765549481,8.999380192719762,1.1685525475328973,5.210563779018318,66.66666666666666,3,14.88283438533049,1,-8.318473462591136,18,3.243275238561294,1,-13.470137832332885,False,,,158,13
latest|q2_dark|r200|Z14|perzone_dedup_ovp_pass|ovp_pass_reach|h24,latest,q2_dark,200.0,Z14,perzone_dedup_ovp_pass,ovp_pass_reach,h24,19,38,128,0.017981151330026535,13.71274428202542,52.63157894736842,3,14,2,3.4647819733533147,13.237269530794741,13,3,5.196004900897577,13.837988271632828,13,3,5.196004900897577,13.837988271632828,13,3,5.196004900897577,13.837988271632828,-1.1885248831708495,1.7887658467509986,66.66666666666666,3,20.986902552955655,2,6.33421454518226,19,0.017981151330026535,2,3.7583823603113853,False,,,158,13
all|q1_dark|r500|Z14|union_at_node|ovp_pass|cal1,all,q1_dark,500.0,Z14,union_at_node,ovp_pass,cal1,23,38,121,2.3833882847426935,7.026909253201037,65.21739130434783,4,16,3,2.219799865623262,5.307091639326008,14,5,2.818353007035501,7.715609900462339,13,6,3.5804945675671718,9.535849737036669,13,6,3.5804945675671718,9.535849737036669,1.9363526787584906,4.51866428549076,75.0,3,14.809690147672327,2,8.239860179611558,23,2.3833882847426935,4,8.436070131880058,False,,,161,9
all|q1_dark|r500|Z14|union_at_node|ovp_date|cal1,all,q1_dark,500.0,Z14,union_at_node,ovp_date,cal1,23,38,121,2.3833882847426935,7.026909253201037,65.21739130434783,4,16,3,2.219799865623262,5.307091639326008,14,5,2.818353007035501,7.715609900462339,13,6,3.5804945675671718,9.535849737036669,13,6,3.5804945675671718,9.535849737036669,1.9363526787584906,4.51866428549076,75.0,3,14.809690147672327,2,8.239860179611558,23,2.3833882847426935,4,8.436070131880058,False,,,161,9
all|q1_dark|r500|Z14|perzone_dedup_ovp_pass|ovp_pass|cal1,all,q1_dark,500.0,Z14,perzone_dedup_ovp_pass,ovp_pass,cal1,23,38,121,2.3833882847426935,7.026909253201037,65.21739130434783,4,16,3,2.219799865623262,5.307091639326008,14,5,2.818353007035501,7.715609900462339,13,6,3.5804945675671718,9.535849737036669,13,6,3.5804945675671718,9.535849737036669,1.9363526787584906,4.51866428549076,75.0,3,14.809690147672327,2,8.239860179611558,23,2.3833882847426935,4,8.436070131880058,False,,,161,9
all|q1_dark|r500|Z14|perzone_dedup_ovp_pass|ovp_pass_reach|cal1,all,q1_dark,500.0,Z14,perzone_dedup_ovp_pass,ovp_pass_reach,cal1,23,38,121,0.6333957594367945,7.102096833239216,60.86956521739131,4,16,3,2.481153856150975,7.6778470778870425,14,5,1.6061575934980254,6.8860739720419035,13,6,2.5789194275592564,9.554484501202952,13,6,2.5789194275592564,9.554484501202952,-2.2132668715782344,1.3937227582954321,75.0,3,16.79046591787614,3,16.79046591787614,23,0.6333957594367945,3,16.79046591787614,False,,,161,9
latest|q1_dark|r500|Z14|union_at_node|ovp_pass|cal1,latest,q1_dark,500.0,Z14,union_at_node,ovp_pass,cal1,23,38,121,2.3833882847426935,7.026909253201037,65.21739130434783,4,16,3,2.219799865623262,6.038161868022308,14,5,2.818353007035501,7.715609900462339,13,6,3.5804945675671718,9.535849737036669,13,6,3.5804945675671718,9.535849737036669,1.9363526787584906,4.51866428549076,75.0,3,14.809690147672327,2,8.08335640354887,23,2.3833882847426935,4,8.436070131880058,False,,,161,9
latest|q1_dark|r500|Z14|union_at_node|ovp_date|cal1,latest,q1_dark,500.0,Z14,union_at_node,ovp_date,cal1,23,38,121,2.3833882847426935,7.026909253201037,65.21739130434783,4,16,3,2.219799865623262,6.038161868022308,14,5,2.818353007035501,7.715609900462339,13,6,3.5804945675671718,9.535849737036669,13,6,3.5804945675671718,9.535849737036669,1.9363526787584906,4.51866428549076,75.0,3,14.809690147672327,2,8.08335640354887,23,2.3833882847426935,4,8.436070131880058,False,,,161,9
latest|q1_dark|r500|Z14|perzone_dedup_ovp_pass|ovp_pass|cal1,latest,q1_dark,500.0,Z14,perzone_dedup_ovp_pass,ovp_pass,cal1,23,38,121,2.3833882847426935,7.026909253201037,65.21739130434783,4,16,3,2.219799865623262,6.038161868022308,14,5,2.818353007035501,7.715609900462339,13,6,3.5804945675671718,9.535849737036669,13,6,3.5804945675671718,9.535849737036669,1.9363526787584906,4.51866428549076,75.0,3,14.809690147672327,2,8.08335640354887,23,2.3833882847426935,4,8.436070131880058,False,,,161,9
latest|q1_dark|r500|Z14|perzone_dedup_ovp_pass|ovp_pass_reach|cal1,latest,q1_dark,500.0,Z14,perzone_dedup_ovp_pass,ovp_pass_reach,cal1,23,38,121,0.6333957594367945,8.290420209802194,60.86956521739131,4,16,3,2.481153856150975,7.6778470778870425,14,5,1.6061575934980254,7.480235660323394,13,6,2.5789194275592564,9.554484501202952,13,6,2.5789194275592564,9.554484501202952,-2.2132668715782344,1.3937227582954321,75.0,3,16.79046591787614,3,16.79046591787614,23,0.6333957594367945,3,16.79046591787614,False,,,161,9
all|q1_nodark|r200|Z14|union_at_crossing|ovp_pass|h24,all,q1_nodark,200.0,Z14,union_at_crossing,ovp_pass,h24,17,36,129,3.1516172606948167,6.660617463940029,70.58823529411765,3,12,2,1.2615864689331069,6.366205760779066,11,3,-0.628444322828603,6.763555613183159,11,3,-0.628444322828603,6.763555613183159,11,3,-0.628444322828603,6.763555613183159,4.683029668144201,1.7753589459161006,100.0,3,14.88283438533049,1,-8.002566554520385,17,3.1516172606948167,2,-7.405522751737026,False,,,161,15
all|q1_nodark|r200|Z14|union_at_crossing|ovp_date|h24,all,q1_nodark,200.0,Z14,union_at_crossing,ovp_date,h24,17,36,129,3.1516172606948167,6.660617463940029,70.58823529411765,3,12,2,1.2615864689331069,6.366205760779066,11,3,-0.628444322828603,6.763555613183159,11,3,-0.628444322828603,6.763555613183159,11,3,-0.628444322828603,6.763555613183159,4.683029668144201,1.7753589459161006,100.0,3,14.88283438533049,1,-8.002566554520385,17,3.1516172606948167,2,-7.405522751737026,False,,,161,15
all|q1_nodark|r200|Z14|union_at_node|ovp_pass|h24,all,q1_nodark,200.0,Z14,union_at_node,ovp_pass,h24,17,36,129,3.1516172606948167,6.660617463940029,70.58823529411765,3,12,2,1.2615864689331069,6.366205760779066,11,3,-0.628444322828603,6.763555613183159,11,3,-0.628444322828603,6.763555613183159,11,3,-0.628444322828603,6.763555613183159,4.683029668144201,1.7753589459161006,100.0,3,14.88283438533049,1,-8.002566554520385,17,3.1516172606948167,2,-7.405522751737026,False,,,161,15
all|q1_nodark|r200|Z14|union_at_node|ovp_date|h24,all,q1_nodark,200.0,Z14,union_at_node,ovp_date,h24,17,36,129,3.1516172606948167,6.660617463940029,70.58823529411765,3,12,2,1.2615864689331069,6.366205760779066,11,3,-0.628444322828603,6.763555613183159,11,3,-0.628444322828603,6.763555613183159,11,3,-0.628444322828603,6.763555613183159,4.683029668144201,1.7753589459161006,100.0,3,14.88283438533049,1,-8.002566554520385,17,3.1516172606948167,2,-7.405522751737026,False,,,161,15
all|q1_nodark|r200|Z14|perzone_dedup_ovp_pass|ovp_pass|h24,all,q1_nodark,200.0,Z14,perzone_dedup_ovp_pass,ovp_pass,h24,17,36,129,3.1516172606948167,6.660617463940029,70.58823529411765,3,12,2,1.2615864689331069,6.366205760779066,11,3,-0.628444322828603,6.763555613183159,11,3,-0.628444322828603,6.763555613183159,11,3,-0.628444322828603,6.763555613183159,4.683029668144201,1.7753589459161006,100.0,3,14.88283438533049,1,-8.002566554520385,17,3.1516172606948167,2,-7.405522751737026,False,,,161,15
all|q1_nodark|r200|Z14|perzone_dedup_ovp_pass|ovp_pass_reach|h24,all,q1_nodark,200.0,Z14,perzone_dedup_ovp_pass,ovp_pass_reach,h24,17,36,129,1.209354908357696,7.253026488257869,64.70588235294117,3,12,2,2.673695552108857,9.011271158581765,11,3,4.138036195860018,11.296598806146505,11,3,4.138036195860018,11.296598806146505,11,3,4.138036195860018,11.296598806146505,0.017981151330026535,1.7887658467509986,100.0,3,20.986902552955655,2,6.492167999217635,17,1.209354908357696,3,-3.481415312400138,False,,,161,15
latest|q1_nodark|r200|Z14|union_at_crossing|ovp_pass|h24,latest,q1_nodark,200.0,Z14,union_at_crossing,ovp_pass,h24,17,36,129,3.1516172606948167,6.660617463940029,70.58823529411765,3,12,2,1.2615864689331069,6.366205760779066,11,3,-0.628444322828603,6.763555613183159,11,3,-0.628444322828603,6.763555613183159,11,3,-0.628444322828603,6.763555613183159,4.683029668144201,1.7753589459161006,100.0,3,14.88283438533049,1,-8.318473462591136,17,3.1516172606948167,2,-7.405522751737026,False,,,161,15
latest|q1_nodark|r200|Z14|union_at_crossing|ovp_date|h24,latest,q1_nodark,200.0,Z14,union_at_crossing,ovp_date,h24,17,36,129,3.1516172606948167,6.660617463940029,70.58823529411765,3,12,2,1.2615864689331069,6.366205760779066,11,3,-0.628444322828603,6.763555613183159,11,3,-0.628444322828603,6.763555613183159,11,3,-0.628444322828603,6.763555613183159,4.683029668144201,1.7753589459161006,100.0,3,14.88283438533049,1,-8.318473462591136,17,3.1516172606948167,2,-7.405522751737026,False,,,161,15
latest|q1_nodark|r200|Z14|union_at_node|ovp_pass|h24,latest,q1_nodark,200.0,Z14,union_at_node,ovp_pass,h24,17,36,129,3.1516172606948167,6.660617463940029,70.58823529411765,3,12,2,1.2615864689331069,6.366205760779066,11,3,-0.628444322828603,6.763555613183159,11,3,-0.628444322828603,6.763555613183159,11,3,-0.628444322828603,6.763555613183159,4.683029668144201,1.7753589459161006,100.0,3,14.88283438533049,1,-8.318473462591136,17,3.1516172606948167,2,-7.405522751737026,False,,,161,15
latest|q1_nodark|r200|Z14|union_at_node|ovp_date|h24,latest,q1_nodark,200.0,Z14,union_at_node,ovp_date,h24,17,36,129,3.1516172606948167,6.660617463940029,70.58823529411765,3,12,2,1.2615864689331069,6.366205760779066,11,3,-0.628444322828603,6.763555613183159,11,3,-0.628444322828603,6.763555613183159,11,3,-0.628444322828603,6.763555613183159,4.683029668144201,1.7753589459161006,100.0,3,14.88283438533049,1,-8.318473462591136,17,3.1516172606948167,2,-7.405522751737026,False,,,161,15
latest|q1_nodark|r200|Z14|perzone_dedup_ovp_pass|ovp_pass|h24,latest,q1_nodark,200.0,Z14,perzone_dedup_ovp_pass,ovp_pass,h24,17,36,129,3.1516172606948167,6.660617463940029,70.58823529411765,3,12,2,1.2615864689331069,6.366205760779066,11,3,-0.628444322828603,6.763555613183159,11,3,-0.628444322828603,6.763555613183159,11,3,-0.628444322828603,6.763555613183159,4.683029668144201,1.7753589459161006,100.0,3,14.88283438533049,1,-8.318473462591136,17,3.1516172606948167,2,-7.405522751737026,False,,,161,15
latest|q1_nodark|r200|Z14|perzone_dedup_ovp_pass|ovp_pass_reach|h24,latest,q1_nodark,200.0,Z14,perzone_dedup_ovp_pass,ovp_pass_reach,h24,17,36,129,1.209354908357696,8.412437219879706,64.70588235294117,3,12,2,2.673695552108857,9.011271158581765,11,3,4.138036195860018,11.296598806146505,11,3,4.138036195860018,11.296598806146505,11,3,4.138036195860018,11.296598806146505,0.017981151330026535,1.7887658467509986,100.0,3,20.986902552955655,2,6.33421454518226,17,1.209354908357696,3,-3.481415312400138,False,,,161,15
all|q1_dark|r500|Z14|union_at_node|ovp_pass|sameday,all,q1_dark,500.0,Z14,union_at_node,ovp_pass,sameday,9,52,121,2.3833882847426935,3.3359692966448424,66.66666666666666,1,7,1,2.3833882847426935,3.2615018143287653,6,2,2.1930696074809575,7.957657039968632,6,2,2.1930696074809575,7.957657039968632,6,2,2.1930696074809575,7.957657039968632,0.1333078202581106,0.0,100.0,2,8.239860179611558,2,8.239860179611558,9,2.3833882847426935,1,-13.582741721467162,False,,,161,23
all|q1_dark|r500|Z14|union_at_node|ovp_date|sameday,all,q1_dark,500.0,Z14,union_at_node,ovp_date,sameday,9,52,121,2.3833882847426935,3.3359692966448424,66.66666666666666,1,7,1,2.3833882847426935,3.2615018143287653,6,2,2.1930696074809575,7.957657039968632,6,2,2.1930696074809575,7.957657039968632,6,2,2.1930696074809575,7.957657039968632,0.1333078202581106,0.0,100.0,2,8.239860179611558,2,8.239860179611558,9,2.3833882847426935,1,-13.582741721467162,False,,,161,23
all|q1_dark|r500|Z14|perzone_dedup_ovp_pass|ovp_pass|sameday,all,q1_dark,500.0,Z14,perzone_dedup_ovp_pass,ovp_pass,sameday,9,52,121,2.3833882847426935,3.3359692966448424,66.66666666666666,1,7,1,2.3833882847426935,3.2615018143287653,6,2,2.1930696074809575,7.957657039968632,6,2,2.1930696074809575,7.957657039968632,6,2,2.1930696074809575,7.957657039968632,0.1333078202581106,0.0,100.0,2,8.239860179611558,2,8.239860179611558,9,2.3833882847426935,1,-13.582741721467162,False,,,161,23
all|q1_dark|r500|Z14|perzone_dedup_ovp_pass|ovp_pass_reach|sameday,all,q1_dark,500.0,Z14,perzone_dedup_ovp_pass,ovp_pass_reach,sameday,9,52,121,2.3833882847426935,7.228724966930056,66.66666666666666,1,7,1,2.3833882847426935,3.3614591642188247,6,2,1.3475172838392169,7.809571098093924,6,2,1.3475172838392169,7.809571098093924,6,2,1.3475172838392169,7.809571098093924,-2.492319908249385,0.0,100.0,2,8.239860179611558,2,8.239860179611558,9,2.3833882847426935,1,-13.582741721467162,False,,,161,23
latest|q1_dark|r500|Z14|union_at_node|ovp_pass|sameday,latest,q1_dark,500.0,Z14,union_at_node,ovp_pass,sameday,9,52,121,2.3833882847426935,5.695881291783669,66.66666666666666,1,7,1,2.3833882847426935,5.695881291783669,6,2,2.1930696074809575,9.671387997372749,6,2,2.1930696074809575,9.671387997372749,6,2,2.1930696074809575,9.671387997372749,0.1333078202581106,0.0,100.0,2,8.08335640354887,2,8.08335640354887,9,2.3833882847426935,1,-13.582741721467162,False,,,161,23
latest|q1_dark|r500|Z14|union_at_node|ovp_date|sameday,latest,q1_dark,500.0,Z14,union_at_node,ovp_date,sameday,9,52,121,2.3833882847426935,5.695881291783669,66.66666666666666,1,7,1,2.3833882847426935,5.695881291783669,6,2,2.1930696074809575,9.671387997372749,6,2,2.1930696074809575,9.671387997372749,6,2,2.1930696074809575,9.671387997372749,0.1333078202581106,0.0,100.0,2,8.08335640354887,2,8.08335640354887,9,2.3833882847426935,1,-13.582741721467162,False,,,161,23
latest|q1_dark|r500|Z14|perzone_dedup_ovp_pass|ovp_pass|sameday,latest,q1_dark,500.0,Z14,perzone_dedup_ovp_pass,ovp_pass,sameday,9,52,121,2.3833882847426935,5.695881291783669,66.66666666666666,1,7,1,2.3833882847426935,5.695881291783669,6,2,2.1930696074809575,9.671387997372749,6,2,2.1930696074809575,9.671387997372749,6,2,2.1930696074809575,9.671387997372749,0.1333078202581106,0.0,100.0,2,8.08335640354887,2,8.08335640354887,9,2.3833882847426935,1,-13.582741721467162,False,,,161,23
latest|q1_dark|r500|Z14|perzone_dedup_ovp_pass|ovp_pass_reach|sameday,latest,q1_dark,500.0,Z14,perzone_dedup_ovp_pass,ovp_pass_reach,sameday,9,52,121,2.3833882847426935,7.228724966930056,66.66666666666666,1,7,1,2.3833882847426935,5.695881291783669,6,2,1.3475172838392169,9.671387997372749,6,2,1.3475172838392169,9.671387997372749,6,2,1.3475172838392169,9.671387997372749,-2.492319908249385,0.0,100.0,2,8.08335640354887,2,8.08335640354887,9,2.3833882847426935,1,-13.582741721467162,False,,,161,23
all|q1_dark|r500|Z14|union_at_crossing|ovp_pass|cal1,all,q1_dark,500.0,Z14,union_at_crossing,ovp_pass,cal1,23,38,119,2.3833882847426935,7.026909253201037,65.21739130434783,4,16,3,2.219799865623262,5.307091639326008,14,5,2.818353007035501,7.715609900462339,13,6,3.5804945675671718,9.535849737036669,13,6,3.5804945675671718,9.535849737036669,1.9363526787584906,4.51866428549076,75.0,3,14.809690147672327,2,8.239860179611558,23,2.3833882847426935,4,8.436070131880058,False,,,163,9
all|q1_dark|r500|Z14|union_at_crossing|ovp_date|cal1,all,q1_dark,500.0,Z14,union_at_crossing,ovp_date,cal1,23,38,119,2.3833882847426935,7.026909253201037,65.21739130434783,4,16,3,2.219799865623262,5.307091639326008,14,5,2.818353007035501,7.715609900462339,13,6,3.5804945675671718,9.535849737036669,13,6,3.5804945675671718,9.535849737036669,1.9363526787584906,4.51866428549076,75.0,3,14.809690147672327,2,8.239860179611558,23,2.3833882847426935,4,8.436070131880058,False,,,163,9
latest|q1_dark|r500|Z14|union_at_crossing|ovp_pass|cal1,latest,q1_dark,500.0,Z14,union_at_crossing,ovp_pass,cal1,23,38,119,2.3833882847426935,7.026909253201037,65.21739130434783,4,16,3,2.219799865623262,6.038161868022308,14,5,2.818353007035501,7.715609900462339,13,6,3.5804945675671718,9.535849737036669,13,6,3.5804945675671718,9.535849737036669,1.9363526787584906,4.51866428549076,75.0,3,14.809690147672327,2,8.08335640354887,23,2.3833882847426935,4,8.436070131880058,False,,,163,9
latest|q1_dark|r500|Z14|union_at_crossing|ovp_date|cal1,latest,q1_dark,500.0,Z14,union_at_crossing,ovp_date,cal1,23,38,119,2.3833882847426935,7.026909253201037,65.21739130434783,4,16,3,2.219799865623262,6.038161868022308,14,5,2.818353007035501,7.715609900462339,13,6,3.5804945675671718,9.535849737036669,13,6,3.5804945675671718,9.535849737036669,1.9363526787584906,4.51866428549076,75.0,3,14.809690147672327,2,8.08335640354887,23,2.3833882847426935,4,8.436070131880058,False,,,163,9
all|q1_dark|r500|Z14|union_at_crossing|ovp_pass|sameday,all,q1_dark,500.0,Z14,union_at_crossing,ovp_pass,sameday,9,52,119,2.3833882847426935,3.3359692966448424,66.66666666666666,1,7,1,2.3833882847426935,3.2615018143287653,6,2,2.1930696074809575,7.957657039968632,6,2,2.1930696074809575,7.957657039968632,6,2,2.1930696074809575,7.957657039968632,0.1333078202581106,0.0,100.0,2,8.239860179611558,2,8.239860179611558,9,2.3833882847426935,1,-13.582741721467162,False,,,163,23
all|q1_dark|r500|Z14|union_at_crossing|ovp_date|sameday,all,q1_dark,500.0,Z14,union_at_crossing,ovp_date,sameday,9,52,119,2.3833882847426935,3.3359692966448424,66.66666666666666,1,7,1,2.3833882847426935,3.2615018143287653,6,2,2.1930696074809575,7.957657039968632,6,2,2.1930696074809575,7.957657039968632,6,2,2.1930696074809575,7.957657039968632,0.1333078202581106,0.0,100.0,2,8.239860179611558,2,8.239860179611558,9,2.3833882847426935,1,-13.582741721467162,False,,,163,23
latest|q1_dark|r500|Z14|union_at_crossing|ovp_pass|sameday,latest,q1_dark,500.0,Z14,union_at_crossing,ovp_pass,sameday,9,52,119,2.3833882847426935,5.695881291783669,66.66666666666666,1,7,1,2.3833882847426935,5.695881291783669,6,2,2.1930696074809575,9.671387997372749,6,2,2.1930696074809575,9.671387997372749,6,2,2.1930696074809575,9.671387997372749,0.1333078202581106,0.0,100.0,2,8.08335640354887,2,8.08335640354887,9,2.3833882847426935,1,-13.582741721467162,False,,,163,23
latest|q1_dark|r500|Z14|union_at_crossing|ovp_date|sameday,latest,q1_dark,500.0,Z14,union_at_crossing,ovp_date,sameday,9,52,119,2.3833882847426935,5.695881291783669,66.66666666666666,1,7,1,2.3833882847426935,5.695881291783669,6,2,2.1930696074809575,9.671387997372749,6,2,2.1930696074809575,9.671387997372749,6,2,2.1930696074809575,9.671387997372749,0.1333078202581106,0.0,100.0,2,8.08335640354887,2,8.08335640354887,9,2.3833882847426935,1,-13.582741721467162,False,,,163,23
all|q1_dark|r200|Z1234|perzone_concat|ovp_pass|h24,all,q1_dark,200.0,Z1234,perzone_concat,ovp_pass,h24,44,99,365,1.4292384463992391,6.905081454052546,68.18181818181817,9,26,9,2.426104589935507,8.092720326977226,24,11,0.5360737981737973,6.1517884377484355,24,11,0.5360737981737973,6.1517884377484355,24,11,0.5360737981737973,6.1517884377484355,2.9821904204233363,2.704715255427245,88.88888888888889,3,14.88283438533049,1,-8.002566554520385,27,1.1578849736222807,2,-13.470137832332885,False,,,165,12
all|q1_dark|r200|Z1234|perzone_concat|ovp_date|h24,all,q1_dark,200.0,Z1234,perzone_concat,ovp_date,h24,44,99,365,1.4292384463992391,6.905081454052546,68.18181818181817,9,26,9,2.426104589935507,8.092720326977226,24,11,0.5360737981737973,6.1517884377484355,24,11,0.5360737981737973,6.1517884377484355,24,11,0.5360737981737973,6.1517884377484355,2.9821904204233363,2.704715255427245,88.88888888888889,3,14.88283438533049,1,-8.002566554520385,27,1.1578849736222807,2,-13.470137832332885,False,,,165,12
latest|q1_dark|r200|Z1234|perzone_concat|ovp_pass|h24,latest,q1_dark,200.0,Z1234,perzone_concat,ovp_pass,h24,44,99,365,1.4292384463992391,7.475994345207475,68.18181818181817,9,26,9,2.426104589935507,8.092720326977226,24,11,0.5360737981737973,6.1517884377484355,24,11,0.5360737981737973,6.1517884377484355,24,11,0.5360737981737973,6.1517884377484355,2.9821904204233363,2.704715255427245,88.88888888888889,3,14.88283438533049,1,-8.318473462591136,27,1.1578849736222807,2,-13.470137832332885,False,,,165,12
latest|q1_dark|r200|Z1234|perzone_concat|ovp_date|h24,latest,q1_dark,200.0,Z1234,perzone_concat,ovp_date,h24,44,99,365,1.4292384463992391,7.475994345207475,68.18181818181817,9,26,9,2.426104589935507,8.092720326977226,24,11,0.5360737981737973,6.1517884377484355,24,11,0.5360737981737973,6.1517884377484355,24,11,0.5360737981737973,6.1517884377484355,2.9821904204233363,2.704715255427245,88.88888888888889,3,14.88283438533049,1,-8.318473462591136,27,1.1578849736222807,2,-13.470137832332885,False,,,165,12
all|q1_dark|r200|Z14|union_at_crossing|ovp_pass|cal1,all,q1_dark,200.0,Z14,union_at_crossing,ovp_pass,cal1,23,37,116,3.1516172606948167,8.899996241867717,65.21739130434783,4,16,3,2.8450067518823285,6.797577032434374,14,5,1.6213769965610858,6.905081454052546,13,6,-0.049661549814494776,5.905452273912442,13,6,-0.049661549814494776,5.905452273912442,2.9204573208832407,4.81331513054455,75.0,3,14.88283438533049,1,-8.002566554520385,23,3.1516172606948167,3,-0.049661549814494776,False,,,167,9
all|q1_dark|r200|Z14|union_at_crossing|ovp_date|cal1,all,q1_dark,200.0,Z14,union_at_crossing,ovp_date,cal1,23,37,116,3.1516172606948167,8.899996241867717,65.21739130434783,4,16,3,2.8450067518823285,6.797577032434374,14,5,1.6213769965610858,6.905081454052546,13,6,-0.049661549814494776,5.905452273912442,13,6,-0.049661549814494776,5.905452273912442,2.9204573208832407,4.81331513054455,75.0,3,14.88283438533049,1,-8.002566554520385,23,3.1516172606948167,3,-0.049661549814494776,False,,,167,9
all|q1_dark|r200|Z14|union_at_node|ovp_pass|cal1,all,q1_dark,200.0,Z14,union_at_node,ovp_pass,cal1,23,37,116,3.1516172606948167,8.899996241867717,65.21739130434783,4,16,3,2.8450067518823285,6.797577032434374,14,5,1.6213769965610858,6.905081454052546,13,6,-0.049661549814494776,5.905452273912442,13,6,-0.049661549814494776,5.905452273912442,2.9204573208832407,4.81331513054455,75.0,3,14.88283438533049,1,-8.002566554520385,23,3.1516172606948167,3,-0.049661549814494776,False,,,167,9
all|q1_dark|r200|Z14|union_at_node|ovp_date|cal1,all,q1_dark,200.0,Z14,union_at_node,ovp_date,cal1,23,37,116,3.1516172606948167,8.899996241867717,65.21739130434783,4,16,3,2.8450067518823285,6.797577032434374,14,5,1.6213769965610858,6.905081454052546,13,6,-0.049661549814494776,5.905452273912442,13,6,-0.049661549814494776,5.905452273912442,2.9204573208832407,4.81331513054455,75.0,3,14.88283438533049,1,-8.002566554520385,23,3.1516172606948167,3,-0.049661549814494776,False,,,167,9
all|q1_dark|r200|Z14|perzone_dedup_ovp_pass|ovp_pass|cal1,all,q1_dark,200.0,Z14,perzone_dedup_ovp_pass,ovp_pass,cal1,23,37,116,3.1516172606948167,8.899996241867717,65.21739130434783,4,16,3,2.8450067518823285,6.797577032434374,14,5,1.6213769965610858,6.905081454052546,13,6,-0.049661549814494776,5.905452273912442,13,6,-0.049661549814494776,5.905452273912442,2.9204573208832407,4.81331513054455,75.0,3,14.88283438533049,1,-8.002566554520385,23,3.1516172606948167,3,-0.049661549814494776,False,,,167,9
all|q1_dark|r200|Z14|perzone_dedup_ovp_pass|ovp_pass_reach|cal1,all,q1_dark,200.0,Z14,perzone_dedup_ovp_pass,ovp_pass_reach,cal1,23,37,116,1.209354908357696,13.24664701523596,52.17391304347826,4,16,3,2.673695552108857,9.294125837322158,14,5,2.308204748583531,12.027001635329656,13,6,4.138036195860018,15.406532673721513,13,6,4.138036195860018,15.406532673721513,-0.5852718659204115,8.400871797078091,50.0,3,20.986902552955655,2,6.492167999217635,23,1.209354908357696,3,20.986902552955655,False,,,167,9
latest|q1_dark|r200|Z14|union_at_crossing|ovp_pass|cal1,latest,q1_dark,200.0,Z14,union_at_crossing,ovp_pass,cal1,23,37,116,3.1516172606948167,8.899996241867717,65.21739130434783,4,16,3,2.8450067518823285,7.608440577858334,14,5,1.6213769965610858,7.447451429949043,13,6,-0.049661549814494776,5.905452273912442,13,6,-0.049661549814494776,5.905452273912442,2.9204573208832407,4.81331513054455,75.0,3,14.88283438533049,1,-8.318473462591136,23,3.1516172606948167,3,-0.049661549814494776,False,,,167,9
latest|q1_dark|r200|Z14|union_at_crossing|ovp_date|cal1,latest,q1_dark,200.0,Z14,union_at_crossing,ovp_date,cal1,23,37,116,3.1516172606948167,8.899996241867717,65.21739130434783,4,16,3,2.8450067518823285,7.608440577858334,14,5,1.6213769965610858,7.447451429949043,13,6,-0.049661549814494776,5.905452273912442,13,6,-0.049661549814494776,5.905452273912442,2.9204573208832407,4.81331513054455,75.0,3,14.88283438533049,1,-8.318473462591136,23,3.1516172606948167,3,-0.049661549814494776,False,,,167,9
latest|q1_dark|r200|Z14|union_at_node|ovp_pass|cal1,latest,q1_dark,200.0,Z14,union_at_node,ovp_pass,cal1,23,37,116,3.1516172606948167,8.899996241867717,65.21739130434783,4,16,3,2.8450067518823285,7.608440577858334,14,5,1.6213769965610858,7.447451429949043,13,6,-0.049661549814494776,5.905452273912442,13,6,-0.049661549814494776,5.905452273912442,2.9204573208832407,4.81331513054455,75.0,3,14.88283438533049,1,-8.318473462591136,23,3.1516172606948167,3,-0.049661549814494776,False,,,167,9
latest|q1_dark|r200|Z14|union_at_node|ovp_date|cal1,latest,q1_dark,200.0,Z14,union_at_node,ovp_date,cal1,23,37,116,3.1516172606948167,8.899996241867717,65.21739130434783,4,16,3,2.8450067518823285,7.608440577858334,14,5,1.6213769965610858,7.447451429949043,13,6,-0.049661549814494776,5.905452273912442,13,6,-0.049661549814494776,5.905452273912442,2.9204573208832407,4.81331513054455,75.0,3,14.88283438533049,1,-8.318473462591136,23,3.1516172606948167,3,-0.049661549814494776,False,,,167,9
latest|q1_dark|r200|Z14|perzone_dedup_ovp_pass|ovp_pass|cal1,latest,q1_dark,200.0,Z14,perzone_dedup_ovp_pass,ovp_pass,cal1,23,37,116,3.1516172606948167,8.899996241867717,65.21739130434783,4,16,3,2.8450067518823285,7.608440577858334,14,5,1.6213769965610858,7.447451429949043,13,6,-0.049661549814494776,5.905452273912442,13,6,-0.049661549814494776,5.905452273912442,2.9204573208832407,4.81331513054455,75.0,3,14.88283438533049,1,-8.318473462591136,23,3.1516172606948167,3,-0.049661549814494776,False,,,167,9
latest|q1_dark|r200|Z14|perzone_dedup_ovp_pass|ovp_pass_reach|cal1,latest,q1_dark,200.0,Z14,perzone_dedup_ovp_pass,ovp_pass_reach,cal1,23,37,116,1.209354908357696,13.24664701523596,52.17391304347826,4,16,3,2.673695552108857,9.294125837322158,14,5,2.308204748583531,12.261183426282503,13,6,4.138036195860018,15.406532673721513,13,6,4.138036195860018,15.406532673721513,-0.5852718659204115,8.400871797078091,50.0,3,20.986902552955655,2,6.33421454518226,23,1.209354908357696,3,20.986902552955655,False,,,167,9
all|q1_dark|r200|Z14|union_at_crossing|ovp_pass|sameday,all,q1_dark,200.0,Z14,union_at_crossing,ovp_pass,sameday,9,51,116,3.1516172606948167,9.436734583422238,66.66666666666666,1,7,1,3.1516172606948167,9.436734583422238,6,2,0.3600692120063975,10.455310624560456,6,2,0.3600692120063975,10.455310624560456,6,2,0.3600692120063975,10.455310624560456,1.1578849736222807,0.0,100.0,2,8.018949609555381,1,-8.002566554520385,9,3.1516172606948167,1,-13.470137832332885,False,,,167,23
all|q1_dark|r200|Z14|union_at_crossing|ovp_date|sameday,all,q1_dark,200.0,Z14,union_at_crossing,ovp_date,sameday,9,51,116,3.1516172606948167,9.436734583422238,66.66666666666666,1,7,1,3.1516172606948167,9.436734583422238,6,2,0.3600692120063975,10.455310624560456,6,2,0.3600692120063975,10.455310624560456,6,2,0.3600692120063975,10.455310624560456,1.1578849736222807,0.0,100.0,2,8.018949609555381,1,-8.002566554520385,9,3.1516172606948167,1,-13.470137832332885,False,,,167,23
all|q1_dark|r200|Z14|union_at_node|ovp_pass|sameday,all,q1_dark,200.0,Z14,union_at_node,ovp_pass,sameday,9,51,116,3.1516172606948167,9.436734583422238,66.66666666666666,1,7,1,3.1516172606948167,9.436734583422238,6,2,0.3600692120063975,10.455310624560456,6,2,0.3600692120063975,10.455310624560456,6,2,0.3600692120063975,10.455310624560456,1.1578849736222807,0.0,100.0,2,8.018949609555381,1,-8.002566554520385,9,3.1516172606948167,1,-13.470137832332885,False,,,167,23
all|q1_dark|r200|Z14|union_at_node|ovp_date|sameday,all,q1_dark,200.0,Z14,union_at_node,ovp_date,sameday,9,51,116,3.1516172606948167,9.436734583422238,66.66666666666666,1,7,1,3.1516172606948167,9.436734583422238,6,2,0.3600692120063975,10.455310624560456,6,2,0.3600692120063975,10.455310624560456,6,2,0.3600692120063975,10.455310624560456,1.1578849736222807,0.0,100.0,2,8.018949609555381,1,-8.002566554520385,9,3.1516172606948167,1,-13.470137832332885,False,,,167,23
all|q1_dark|r200|Z14|perzone_dedup_ovp_pass|ovp_pass|sameday,all,q1_dark,200.0,Z14,perzone_dedup_ovp_pass,ovp_pass,sameday,9,51,116,3.1516172606948167,9.436734583422238,66.66666666666666,1,7,1,3.1516172606948167,9.436734583422238,6,2,0.3600692120063975,10.455310624560456,6,2,0.3600692120063975,10.455310624560456,6,2,0.3600692120063975,10.455310624560456,1.1578849736222807,0.0,100.0,2,8.018949609555381,1,-8.002566554520385,9,3.1516172606948167,1,-13.470137832332885,False,,,167,23
all|q1_dark|r200|Z14|perzone_dedup_ovp_pass|ovp_pass_reach|sameday,all,q1_dark,200.0,Z14,perzone_dedup_ovp_pass,ovp_pass_reach,sameday,9,51,116,1.209354908357696,8.412437219879706,66.66666666666666,1,7,1,1.209354908357696,8.412437219879706,6,2,1.3871112071708769,11.035015990371374,6,2,1.3871112071708769,11.035015990371374,6,2,1.3871112071708769,11.035015990371374,-1.1885248831708495,0.0,100.0,2,8.018949609555381,1,-8.002566554520385,9,1.209354908357696,1,-13.470137832332885,False,,,167,23
latest|q1_dark|r200|Z14|union_at_crossing|ovp_pass|sameday,latest,q1_dark,200.0,Z14,union_at_crossing,ovp_pass,sameday,9,51,116,3.1516172606948167,9.436734583422238,66.66666666666666,1,7,1,3.1516172606948167,9.436734583422238,6,2,0.3600692120063975,11.661220710096352,6,2,0.3600692120063975,11.661220710096352,6,2,0.3600692120063975,11.661220710096352,1.1578849736222807,0.0,100.0,2,7.860996155520006,1,-8.318473462591136,9,3.1516172606948167,1,-13.470137832332885,False,,,167,23
latest|q1_dark|r200|Z14|union_at_crossing|ovp_date|sameday,latest,q1_dark,200.0,Z14,union_at_crossing,ovp_date,sameday,9,51,116,3.1516172606948167,9.436734583422238,66.66666666666666,1,7,1,3.1516172606948167,9.436734583422238,6,2,0.3600692120063975,11.661220710096352,6,2,0.3600692120063975,11.661220710096352,6,2,0.3600692120063975,11.661220710096352,1.1578849736222807,0.0,100.0,2,7.860996155520006,1,-8.318473462591136,9,3.1516172606948167,1,-13.470137832332885,False,,,167,23
latest|q1_dark|r200|Z14|union_at_node|ovp_pass|sameday,latest,q1_dark,200.0,Z14,union_at_node,ovp_pass,sameday,9,51,116,3.1516172606948167,9.436734583422238,66.66666666666666,1,7,1,3.1516172606948167,9.436734583422238,6,2,0.3600692120063975,11.661220710096352,6,2,0.3600692120063975,11.661220710096352,6,2,0.3600692120063975,11.661220710096352,1.1578849736222807,0.0,100.0,2,7.860996155520006,1,-8.318473462591136,9,3.1516172606948167,1,-13.470137832332885,False,,,167,23
latest|q1_dark|r200|Z14|union_at_node|ovp_date|sameday,latest,q1_dark,200.0,Z14,union_at_node,ovp_date,sameday,9,51,116,3.1516172606948167,9.436734583422238,66.66666666666666,1,7,1,3.1516172606948167,9.436734583422238,6,2,0.3600692120063975,11.661220710096352,6,2,0.3600692120063975,11.661220710096352,6,2,0.3600692120063975,11.661220710096352,1.1578849736222807,0.0,100.0,2,7.860996155520006,1,-8.318473462591136,9,3.1516172606948167,1,-13.470137832332885,False,,,167,23
latest|q1_dark|r200|Z14|perzone_dedup_ovp_pass|ovp_pass|sameday,latest,q1_dark,200.0,Z14,perzone_dedup_ovp_pass,ovp_pass,sameday,9,51,116,3.1516172606948167,9.436734583422238,66.66666666666666,1,7,1,3.1516172606948167,9.436734583422238,6,2,0.3600692120063975,11.661220710096352,6,2,0.3600692120063975,11.661220710096352,6,2,0.3600692120063975,11.661220710096352,1.1578849736222807,0.0,100.0,2,7.860996155520006,1,-8.318473462591136,9,3.1516172606948167,1,-13.470137832332885,False,,,167,23
latest|q1_dark|r200|Z14|perzone_dedup_ovp_pass|ovp_pass_reach|sameday,latest,q1_dark,200.0,Z14,perzone_dedup_ovp_pass,ovp_pass_reach,sameday,9,51,116,1.209354908357696,9.196483077423967,66.66666666666666,1,7,1,1.209354908357696,9.196483077423967,6,2,1.778117119629341,11.661220710096352,6,2,1.778117119629341,11.661220710096352,6,2,1.778117119629341,11.661220710096352,-1.1885248831708495,0.0,100.0,2,7.860996155520006,1,-8.318473462591136,9,1.209354908357696,1,-13.470137832332885,False,,,167,23
all|q1_dark|r500|Z14|union_at_node|ovp_pass|h24,all,q1_dark,500.0,Z14,union_at_node,ovp_pass,h24,15,34,125,2.3833882847426935,6.380442444260946,66.66666666666666,2,11,2,2.3833882847426935,6.380442444260946,10,3,2.1930696074809575,6.788564732282773,10,3,2.1930696074809575,6.788564732282773,10,3,2.1930696074809575,6.788564732282773,1.9363526787584906,2.6731943072126634,100.0,3,14.809690147672327,2,8.239860179611558,15,2.3833882847426935,1,-13.582741721467162,False,,,169,17
all|q1_dark|r500|Z14|union_at_node|ovp_date|h24,all,q1_dark,500.0,Z14,union_at_node,ovp_date,h24,15,34,125,2.3833882847426935,6.380442444260946,66.66666666666666,2,11,2,2.3833882847426935,6.380442444260946,10,3,2.1930696074809575,6.788564732282773,10,3,2.1930696074809575,6.788564732282773,10,3,2.1930696074809575,6.788564732282773,1.9363526787584906,2.6731943072126634,100.0,3,14.809690147672327,2,8.239860179611558,15,2.3833882847426935,1,-13.582741721467162,False,,,169,17
all|q1_dark|r500|Z14|perzone_dedup_ovp_pass|ovp_pass|h24,all,q1_dark,500.0,Z14,perzone_dedup_ovp_pass,ovp_pass,h24,15,34,125,2.3833882847426935,6.380442444260946,66.66666666666666,2,11,2,2.3833882847426935,6.380442444260946,10,3,2.1930696074809575,6.788564732282773,10,3,2.1930696074809575,6.788564732282773,10,3,2.1930696074809575,6.788564732282773,1.9363526787584906,2.6731943072126634,100.0,3,14.809690147672327,2,8.239860179611558,15,2.3833882847426935,1,-13.582741721467162,False,,,169,17
all|q1_dark|r500|Z14|perzone_dedup_ovp_pass|ovp_pass_reach|h24,all,q1_dark,500.0,Z14,perzone_dedup_ovp_pass,ovp_pass_reach,h24,15,34,125,2.3833882847426935,7.228724966930056,60.0,2,11,2,2.5789194275592564,4.217663442880855,10,3,3.302788987004579,9.342727837367724,10,3,3.302788987004579,9.342727837367724,10,3,3.302788987004579,9.342727837367724,-1.552266786506884,1.3937227582954321,100.0,3,16.79046591787614,3,16.79046591787614,15,2.3833882847426935,2,1.6038620982044893,False,,,169,17
latest|q1_dark|r500|Z14|union_at_node|ovp_pass|h24,latest,q1_dark,500.0,Z14,union_at_node,ovp_pass,h24,15,34,125,2.3833882847426935,6.380442444260946,66.66666666666666,2,11,2,2.3833882847426935,6.380442444260946,10,3,2.1930696074809575,6.788564732282773,10,3,2.1930696074809575,6.788564732282773,10,3,2.1930696074809575,6.788564732282773,1.9363526787584906,2.6731943072126634,100.0,3,14.809690147672327,2,8.08335640354887,15,2.3833882847426935,1,-13.582741721467162,False,,,169,17
latest|q1_dark|r500|Z14|union_at_node|ovp_date|h24,latest,q1_dark,500.0,Z14,union_at_node,ovp_date,h24,15,34,125,2.3833882847426935,6.380442444260946,66.66666666666666,2,11,2,2.3833882847426935,6.380442444260946,10,3,2.1930696074809575,6.788564732282773,10,3,2.1930696074809575,6.788564732282773,10,3,2.1930696074809575,6.788564732282773,1.9363526787584906,2.6731943072126634,100.0,3,14.809690147672327,2,8.08335640354887,15,2.3833882847426935,1,-13.582741721467162,False,,,169,17
latest|q1_dark|r500|Z14|perzone_dedup_ovp_pass|ovp_pass|h24,latest,q1_dark,500.0,Z14,perzone_dedup_ovp_pass,ovp_pass,h24,15,34,125,2.3833882847426935,6.380442444260946,66.66666666666666,2,11,2,2.3833882847426935,6.380442444260946,10,3,2.1930696074809575,6.788564732282773,10,3,2.1930696074809575,6.788564732282773,10,3,2.1930696074809575,6.788564732282773,1.9363526787584906,2.6731943072126634,100.0,3,14.809690147672327,2,8.08335640354887,15,2.3833882847426935,1,-13.582741721467162,False,,,169,17
latest|q1_dark|r500|Z14|perzone_dedup_ovp_pass|ovp_pass_reach|h24,latest,q1_dark,500.0,Z14,perzone_dedup_ovp_pass,ovp_pass_reach,h24,15,34,125,2.3833882847426935,7.228724966930056,60.0,2,11,2,2.5789194275592564,5.405986819443833,10,3,4.001306936961946,9.342727837367724,10,3,4.001306936961946,9.342727837367724,10,3,4.001306936961946,9.342727837367724,-1.552266786506884,1.3937227582954321,100.0,3,16.79046591787614,3,16.79046591787614,15,2.3833882847426935,2,1.6038620982044893,False,,,169,17
all|q1_dark|r500|Z14|union_at_crossing|ovp_pass|h24,all,q1_dark,500.0,Z14,union_at_crossing,ovp_pass,h24,15,34,123,2.3833882847426935,6.380442444260946,66.66666666666666,2,11,2,2.3833882847426935,6.380442444260946,10,3,2.1930696074809575,6.788564732282773,10,3,2.1930696074809575,6.788564732282773,10,3,2.1930696074809575,6.788564732282773,1.9363526787584906,2.6731943072126634,100.0,3,14.809690147672327,2,8.239860179611558,15,2.3833882847426935,1,-13.582741721467162,False,,,171,17
all|q1_dark|r500|Z14|union_at_crossing|ovp_date|h24,all,q1_dark,500.0,Z14,union_at_crossing,ovp_date,h24,15,34,123,2.3833882847426935,6.380442444260946,66.66666666666666,2,11,2,2.3833882847426935,6.380442444260946,10,3,2.1930696074809575,6.788564732282773,10,3,2.1930696074809575,6.788564732282773,10,3,2.1930696074809575,6.788564732282773,1.9363526787584906,2.6731943072126634,100.0,3,14.809690147672327,2,8.239860179611558,15,2.3833882847426935,1,-13.582741721467162,False,,,171,17
latest|q1_dark|r500|Z14|union_at_crossing|ovp_pass|h24,latest,q1_dark,500.0,Z14,union_at_crossing,ovp_pass,h24,15,34,123,2.3833882847426935,6.380442444260946,66.66666666666666,2,11,2,2.3833882847426935,6.380442444260946,10,3,2.1930696074809575,6.788564732282773,10,3,2.1930696074809575,6.788564732282773,10,3,2.1930696074809575,6.788564732282773,1.9363526787584906,2.6731943072126634,100.0,3,14.809690147672327,2,8.08335640354887,15,2.3833882847426935,1,-13.582741721467162,False,,,171,17
latest|q1_dark|r500|Z14|union_at_crossing|ovp_date|h24,latest,q1_dark,500.0,Z14,union_at_crossing,ovp_date,h24,15,34,123,2.3833882847426935,6.380442444260946,66.66666666666666,2,11,2,2.3833882847426935,6.380442444260946,10,3,2.1930696074809575,6.788564732282773,10,3,2.1930696074809575,6.788564732282773,10,3,2.1930696074809575,6.788564732282773,1.9363526787584906,2.6731943072126634,100.0,3,14.809690147672327,2,8.08335640354887,15,2.3833882847426935,1,-13.582741721467162,False,,,171,17
all|q1_dark|r200|Z14|union_at_crossing|ovp_pass|h24,all,q1_dark,200.0,Z14,union_at_crossing,ovp_pass,h24,15,33,120,3.1516172606948167,8.899996241867717,66.66666666666666,2,11,2,3.1516172606948167,8.899996241867717,10,3,1.5793890512998399,6.905081454052546,10,3,1.5793890512998399,6.905081454052546,10,3,1.5793890512998399,6.905081454052546,2.9204573208832407,2.613189762049099,100.0,3,14.88283438533049,1,-8.002566554520385,15,3.1516172606948167,1,-13.470137832332885,False,,,175,17
all|q1_dark|r200|Z14|union_at_crossing|ovp_date|h24,all,q1_dark,200.0,Z14,union_at_crossing,ovp_date,h24,15,33,120,3.1516172606948167,8.899996241867717,66.66666666666666,2,11,2,3.1516172606948167,8.899996241867717,10,3,1.5793890512998399,6.905081454052546,10,3,1.5793890512998399,6.905081454052546,10,3,1.5793890512998399,6.905081454052546,2.9204573208832407,2.613189762049099,100.0,3,14.88283438533049,1,-8.002566554520385,15,3.1516172606948167,1,-13.470137832332885,False,,,175,17
all|q1_dark|r200|Z14|union_at_node|ovp_pass|h24,all,q1_dark,200.0,Z14,union_at_node,ovp_pass,h24,15,33,120,3.1516172606948167,8.899996241867717,66.66666666666666,2,11,2,3.1516172606948167,8.899996241867717,10,3,1.5793890512998399,6.905081454052546,10,3,1.5793890512998399,6.905081454052546,10,3,1.5793890512998399,6.905081454052546,2.9204573208832407,2.613189762049099,100.0,3,14.88283438533049,1,-8.002566554520385,15,3.1516172606948167,1,-13.470137832332885,False,,,175,17
all|q1_dark|r200|Z14|union_at_node|ovp_date|h24,all,q1_dark,200.0,Z14,union_at_node,ovp_date,h24,15,33,120,3.1516172606948167,8.899996241867717,66.66666666666666,2,11,2,3.1516172606948167,8.899996241867717,10,3,1.5793890512998399,6.905081454052546,10,3,1.5793890512998399,6.905081454052546,10,3,1.5793890512998399,6.905081454052546,2.9204573208832407,2.613189762049099,100.0,3,14.88283438533049,1,-8.002566554520385,15,3.1516172606948167,1,-13.470137832332885,False,,,175,17
all|q1_dark|r200|Z14|perzone_dedup_ovp_pass|ovp_pass|h24,all,q1_dark,200.0,Z14,perzone_dedup_ovp_pass,ovp_pass,h24,15,33,120,3.1516172606948167,8.899996241867717,66.66666666666666,2,11,2,3.1516172606948167,8.899996241867717,10,3,1.5793890512998399,6.905081454052546,10,3,1.5793890512998399,6.905081454052546,10,3,1.5793890512998399,6.905081454052546,2.9204573208832407,2.613189762049099,100.0,3,14.88283438533049,1,-8.002566554520385,15,3.1516172606948167,1,-13.470137832332885,False,,,175,17
all|q1_dark|r200|Z14|perzone_dedup_ovp_pass|ovp_pass_reach|h24,all,q1_dark,200.0,Z14,perzone_dedup_ovp_pass,ovp_pass_reach,h24,15,33,120,1.209354908357696,8.412437219879706,60.0,2,11,2,4.138036195860018,11.068006387867966,10,3,5.119745224393313,13.237269530794741,10,3,5.119745224393313,13.237269530794741,10,3,5.119745224393313,13.237269530794741,-0.5852718659204115,0.8943829233754993,100.0,3,20.986902552955655,2,6.492167999217635,15,1.209354908357696,2,3.7583823603113853,False,,,175,17
latest|q1_dark|r200|Z14|union_at_crossing|ovp_pass|h24,latest,q1_dark,200.0,Z14,union_at_crossing,ovp_pass,h24,15,33,120,3.1516172606948167,8.899996241867717,66.66666666666666,2,11,2,3.1516172606948167,8.899996241867717,10,3,1.5793890512998399,7.876809748635595,10,3,1.5793890512998399,7.876809748635595,10,3,1.5793890512998399,7.876809748635595,2.9204573208832407,2.613189762049099,100.0,3,14.88283438533049,1,-8.318473462591136,15,3.1516172606948167,1,-13.470137832332885,False,,,175,17
latest|q1_dark|r200|Z14|union_at_crossing|ovp_date|h24,latest,q1_dark,200.0,Z14,union_at_crossing,ovp_date,h24,15,33,120,3.1516172606948167,8.899996241867717,66.66666666666666,2,11,2,3.1516172606948167,8.899996241867717,10,3,1.5793890512998399,7.876809748635595,10,3,1.5793890512998399,7.876809748635595,10,3,1.5793890512998399,7.876809748635595,2.9204573208832407,2.613189762049099,100.0,3,14.88283438533049,1,-8.318473462591136,15,3.1516172606948167,1,-13.470137832332885,False,,,175,17
latest|q1_dark|r200|Z14|union_at_node|ovp_pass|h24,latest,q1_dark,200.0,Z14,union_at_node,ovp_pass,h24,15,33,120,3.1516172606948167,8.899996241867717,66.66666666666666,2,11,2,3.1516172606948167,8.899996241867717,10,3,1.5793890512998399,7.876809748635595,10,3,1.5793890512998399,7.876809748635595,10,3,1.5793890512998399,7.876809748635595,2.9204573208832407,2.613189762049099,100.0,3,14.88283438533049,1,-8.318473462591136,15,3.1516172606948167,1,-13.470137832332885,False,,,175,17
latest|q1_dark|r200|Z14|union_at_node|ovp_date|h24,latest,q1_dark,200.0,Z14,union_at_node,ovp_date,h24,15,33,120,3.1516172606948167,8.899996241867717,66.66666666666666,2,11,2,3.1516172606948167,8.899996241867717,10,3,1.5793890512998399,7.876809748635595,10,3,1.5793890512998399,7.876809748635595,10,3,1.5793890512998399,7.876809748635595,2.9204573208832407,2.613189762049099,100.0,3,14.88283438533049,1,-8.318473462591136,15,3.1516172606948167,1,-13.470137832332885,False,,,175,17
latest|q1_dark|r200|Z14|perzone_dedup_ovp_pass|ovp_pass|h24,latest,q1_dark,200.0,Z14,perzone_dedup_ovp_pass,ovp_pass,h24,15,33,120,3.1516172606948167,8.899996241867717,66.66666666666666,2,11,2,3.1516172606948167,8.899996241867717,10,3,1.5793890512998399,7.876809748635595,10,3,1.5793890512998399,7.876809748635595,10,3,1.5793890512998399,7.876809748635595,2.9204573208832407,2.613189762049099,100.0,3,14.88283438533049,1,-8.318473462591136,15,3.1516172606948167,1,-13.470137832332885,False,,,175,17
latest|q1_dark|r200|Z14|perzone_dedup_ovp_pass|ovp_pass_reach|h24,latest,q1_dark,200.0,Z14,perzone_dedup_ovp_pass,ovp_pass_reach,h24,15,33,120,1.209354908357696,9.196483077423967,60.0,2,11,2,4.138036195860018,11.068006387867966,10,3,5.510751136851777,13.237269530794741,10,3,5.510751136851777,13.237269530794741,10,3,5.510751136851777,13.237269530794741,-0.5852718659204115,0.8943829233754993,100.0,3,20.986902552955655,2,6.33421454518226,15,1.209354908357696,2,3.7583823603113853,False,,,175,17
all|q1_dark|r500|Z1234|perzone_concat|ovp_pass|h24,all,q1_dark,500.0,Z1234,perzone_concat,ovp_pass,h24,45,101,377,0.1835354489617913,7.267085006007955,66.66666666666666,9,26,10,1.5971513778511248,6.595345123963659,24,12,0.49722495996067373,6.802008937001011,24,12,0.49722495996067373,6.802008937001011,24,12,0.49722495996067373,6.802008937001011,0.1333078202581106,5.346388614425327,100.0,3,14.809690147672327,2,8.239860179611558,27,0.1835354489617913,2,-13.582741721467162,False,,,180,13
all|q1_dark|r500|Z1234|perzone_concat|ovp_date|h24,all,q1_dark,500.0,Z1234,perzone_concat,ovp_date,h24,45,101,377,0.1835354489617913,7.267085006007955,66.66666666666666,9,26,10,1.5971513778511248,6.595345123963659,24,12,0.49722495996067373,6.802008937001011,24,12,0.49722495996067373,6.802008937001011,24,12,0.49722495996067373,6.802008937001011,0.1333078202581106,5.346388614425327,100.0,3,14.809690147672327,2,8.239860179611558,27,0.1835354489617913,2,-13.582741721467162,False,,,180,13
latest|q1_dark|r500|Z1234|perzone_concat|ovp_pass|h24,latest,q1_dark,500.0,Z1234,perzone_concat,ovp_pass,h24,45,101,377,0.1835354489617913,7.400541596533196,66.66666666666666,9,26,10,1.5971513778511248,6.728450626952384,24,12,0.49722495996067373,7.333813301270576,24,12,0.49722495996067373,7.333813301270576,24,12,0.49722495996067373,7.333813301270576,0.1333078202581106,5.346388614425327,100.0,3,14.809690147672327,2,8.08335640354887,27,0.1835354489617913,2,-13.582741721467162,False,,,180,13
latest|q1_dark|r500|Z1234|perzone_concat|ovp_date|h24,latest,q1_dark,500.0,Z1234,perzone_concat,ovp_date,h24,45,101,377,0.1835354489617913,7.400541596533196,66.66666666666666,9,26,10,1.5971513778511248,6.728450626952384,24,12,0.49722495996067373,7.333813301270576,24,12,0.49722495996067373,7.333813301270576,24,12,0.49722495996067373,7.333813301270576,0.1333078202581106,5.346388614425327,100.0,3,14.809690147672327,2,8.08335640354887,27,0.1835354489617913,2,-13.582741721467162,False,,,180,13
all|q1_dark|r200|Z1234|perzone_concat|ovp_pass|cal1,all,q1_dark,200.0,Z1234,perzone_concat,ovp_pass,cal1,68,110,355,1.8391193518298543,8.049727308001993,64.70588235294117,14,41,13,2.5383962430698404,7.990834761136926,37,17,1.7005919191761976,7.285444412086734,35,19,0.7732595127698971,6.4694835106117,35,19,0.7732595127698971,6.4694835106117,2.0700376970228085,5.752608364704523,78.57142857142857,3,14.88283438533049,1,-8.002566554520385,44,3.139863782245156,5,-0.049661549814494776,False,,,190,36
all|q1_dark|r200|Z1234|perzone_concat|ovp_date|cal1,all,q1_dark,200.0,Z1234,perzone_concat,ovp_date,cal1,68,110,355,1.8391193518298543,8.049727308001993,64.70588235294117,14,41,13,2.5383962430698404,7.990834761136926,37,17,1.7005919191761976,7.285444412086734,35,19,0.7732595127698971,6.4694835106117,35,19,0.7732595127698971,6.4694835106117,2.0700376970228085,5.752608364704523,78.57142857142857,3,14.88283438533049,1,-8.002566554520385,44,3.139863782245156,5,-0.049661549814494776,False,,,190,36
latest|q1_dark|r200|Z1234|perzone_concat|ovp_pass|cal1,latest,q1_dark,200.0,Z1234,perzone_concat,ovp_pass,cal1,68,110,355,1.8391193518298543,8.049727308001993,64.70588235294117,14,41,13,2.5383962430698404,7.990834761136926,37,17,1.7005919191761976,7.844346536349681,35,19,0.7732595127698971,6.4694835106117,35,19,0.7732595127698971,6.4694835106117,2.0700376970228085,5.752608364704523,78.57142857142857,3,14.88283438533049,1,-8.318473462591136,44,3.139863782245156,5,-0.049661549814494776,False,,,190,36
latest|q1_dark|r200|Z1234|perzone_concat|ovp_date|cal1,latest,q1_dark,200.0,Z1234,perzone_concat,ovp_date,cal1,68,110,355,1.8391193518298543,8.049727308001993,64.70588235294117,14,41,13,2.5383962430698404,7.990834761136926,37,17,1.7005919191761976,7.844346536349681,35,19,0.7732595127698971,6.4694835106117,35,19,0.7732595127698971,6.4694835106117,2.0700376970228085,5.752608364704523,78.57142857142857,3,14.88283438533049,1,-8.318473462591136,44,3.139863782245156,5,-0.049661549814494776,False,,,190,36
all|q1_nodark|r200|Z1234|perzone_concat|ovp_pass|h24,all,q1_nodark,200.0,Z1234,perzone_concat,ovp_pass,h24,49,106,384,1.1685525475328973,6.985922724934418,69.38775510204081,11,28,10,0.5360737981737973,5.297985446436788,26,12,-0.628444322828603,6.546667520965658,26,12,-0.628444322828603,6.546667520965658,26,12,-0.628444322828603,6.546667520965658,4.683029668144201,4.886161253631668,90.9090909090909,3,14.88283438533049,1,-8.002566554520385,31,1.1685525475328973,4,-7.405522751737026,False,,,196,17
all|q1_nodark|r200|Z1234|perzone_concat|ovp_date|h24,all,q1_nodark,200.0,Z1234,perzone_concat,ovp_date,h24,49,106,384,1.1685525475328973,6.985922724934418,69.38775510204081,11,28,10,0.5360737981737973,5.297985446436788,26,12,-0.628444322828603,6.546667520965658,26,12,-0.628444322828603,6.546667520965658,26,12,-0.628444322828603,6.546667520965658,4.683029668144201,4.886161253631668,90.9090909090909,3,14.88283438533049,1,-8.002566554520385,31,1.1685525475328973,4,-7.405522751737026,False,,,196,17
latest|q1_nodark|r200|Z1234|perzone_concat|ovp_pass|h24,latest,q1_nodark,200.0,Z1234,perzone_concat,ovp_pass,h24,49,106,384,1.1685525475328973,6.985922724934418,69.38775510204081,11,28,10,0.5360737981737973,5.297985446436788,26,12,-0.628444322828603,6.546667520965658,26,12,-0.628444322828603,6.546667520965658,26,12,-0.628444322828603,6.546667520965658,4.683029668144201,4.886161253631668,90.9090909090909,3,14.88283438533049,1,-8.318473462591136,31,1.1685525475328973,4,-7.405522751737026,False,,,196,17
latest|q1_nodark|r200|Z1234|perzone_concat|ovp_date|h24,latest,q1_nodark,200.0,Z1234,perzone_concat,ovp_date,h24,49,106,384,1.1685525475328973,6.985922724934418,69.38775510204081,11,28,10,0.5360737981737973,5.297985446436788,26,12,-0.628444322828603,6.546667520965658,26,12,-0.628444322828603,6.546667520965658,26,12,-0.628444322828603,6.546667520965658,4.683029668144201,4.886161253631668,90.9090909090909,3,14.88283438533049,1,-8.318473462591136,31,1.1685525475328973,4,-7.405522751737026,False,,,196,17
all|q1_dark|r200|Z1234|perzone_concat|ovp_pass|sameday,all,q1_dark,200.0,Z1234,perzone_concat,ovp_pass,sameday,25,153,355,1.1578849736222807,7.329335813496596,72.0,5,15,5,3.1516172606948167,9.436734583422238,13,7,-0.6676125816575507,10.035818488954472,13,7,-0.6676125816575507,10.035818488954472,13,7,-0.6676125816575507,10.035818488954472,1.1578849736222807,3.9954406932925144,100.0,2,8.018949609555381,1,-8.002566554520385,16,2.1547511171585487,2,-13.470137832332885,False,,,204,7
all|q1_dark|r200|Z1234|perzone_concat|ovp_date|sameday,all,q1_dark,200.0,Z1234,perzone_concat,ovp_date,sameday,25,153,355,1.1578849736222807,7.329335813496596,72.0,5,15,5,3.1516172606948167,9.436734583422238,13,7,-0.6676125816575507,10.035818488954472,13,7,-0.6676125816575507,10.035818488954472,13,7,-0.6676125816575507,10.035818488954472,1.1578849736222807,3.9954406932925144,100.0,2,8.018949609555381,1,-8.002566554520385,16,2.1547511171585487,2,-13.470137832332885,False,,,204,7
latest|q1_dark|r200|Z1234|perzone_concat|ovp_pass|sameday,latest,q1_dark,200.0,Z1234,perzone_concat,ovp_pass,sameday,25,153,355,1.1578849736222807,7.6665442783282165,72.0,5,15,5,3.1516172606948167,9.436734583422238,13,7,-0.6676125816575507,11.343166342072134,13,7,-0.6676125816575507,11.343166342072134,13,7,-0.6676125816575507,11.343166342072134,1.1578849736222807,3.9954406932925144,100.0,2,7.860996155520006,1,-8.318473462591136,16,2.1547511171585487,2,-13.470137832332885,False,,,204,7
latest|q1_dark|r200|Z1234|perzone_concat|ovp_date|sameday,latest,q1_dark,200.0,Z1234,perzone_concat,ovp_date,sameday,25,153,355,1.1578849736222807,7.6665442783282165,72.0,5,15,5,3.1516172606948167,9.436734583422238,13,7,-0.6676125816575507,11.343166342072134,13,7,-0.6676125816575507,11.343166342072134,13,7,-0.6676125816575507,11.343166342072134,1.1578849736222807,3.9954406932925144,100.0,2,7.860996155520006,1,-8.318473462591136,16,2.1547511171585487,2,-13.470137832332885,False,,,204,7
all|q1_dark|r500|Z1234|perzone_concat|ovp_pass|cal1,all,q1_dark,500.0,Z1234,perzone_concat,ovp_pass,cal1,69,112,367,0.1835354489617913,7.267085006007955,63.76811594202898,14,41,14,2.0562114465038306,7.27594758174816,37,18,2.0562114465038306,8.34623600255541,35,20,0.8109144709595562,6.499958706613469,35,20,0.8109144709595562,6.499958706613469,0.1333078202581106,6.249775447476871,85.71428571428571,3,14.809690147672327,2,8.239860179611558,44,2.0562114465038306,8,9.851634084282423,False,,,205,37
all|q1_dark|r500|Z1234|perzone_concat|ovp_date|cal1,all,q1_dark,500.0,Z1234,perzone_concat,ovp_date,cal1,69,112,367,0.1835354489617913,7.267085006007955,63.76811594202898,14,41,14,2.0562114465038306,7.27594758174816,37,18,2.0562114465038306,8.34623600255541,35,20,0.8109144709595562,6.499958706613469,35,20,0.8109144709595562,6.499958706613469,0.1333078202581106,6.249775447476871,85.71428571428571,3,14.809690147672327,2,8.239860179611558,44,2.0562114465038306,8,9.851634084282423,False,,,205,37
latest|q1_dark|r500|Z1234|perzone_concat|ovp_pass|cal1,latest,q1_dark,500.0,Z1234,perzone_concat,ovp_pass,cal1,69,112,367,0.1835354489617913,7.400541596533196,63.76811594202898,14,41,14,2.0562114465038306,7.27594758174816,37,18,2.0562114465038306,8.34623600255541,35,20,0.8109144709595562,7.039728744991676,35,20,0.8109144709595562,7.039728744991676,0.1333078202581106,6.249775447476871,85.71428571428571,3,14.809690147672327,2,8.08335640354887,44,2.0562114465038306,8,9.851634084282423,False,,,205,37
latest|q1_dark|r500|Z1234|perzone_concat|ovp_date|cal1,latest,q1_dark,500.0,Z1234,perzone_concat,ovp_date,cal1,69,112,367,0.1835354489617913,7.400541596533196,63.76811594202898,14,41,14,2.0562114465038306,7.27594758174816,37,18,2.0562114465038306,8.34623600255541,35,20,0.8109144709595562,7.039728744991676,35,20,0.8109144709595562,7.039728744991676,0.1333078202581106,6.249775447476871,85.71428571428571,3,14.809690147672327,2,8.08335640354887,44,2.0562114465038306,8,9.851634084282423,False,,,205,37
all|q1_nodark|r500|Z1234|perzone_concat|ovp_pass|h24,all,q1_nodark,500.0,Z1234,perzone_concat,ovp_pass,h24,51,108,393,0.1835354489617913,7.916942422289669,60.78431372549019,13,28,10,0.1835354489617913,6.688330806492872,26,12,-0.766795904340789,7.957657039968632,26,12,-0.766795904340789,7.957657039968632,26,12,-0.766795904340789,7.957657039968632,3.7393975372588706,8.436352481617575,69.23076923076923,3,14.809690147672327,2,8.239860179611558,33,2.3833882847426935,4,-7.649934489555266,False,,,209,19
all|q1_nodark|r500|Z1234|perzone_concat|ovp_date|h24,all,q1_nodark,500.0,Z1234,perzone_concat,ovp_date,h24,51,108,393,0.1835354489617913,7.916942422289669,60.78431372549019,13,28,10,0.1835354489617913,6.688330806492872,26,12,-0.766795904340789,7.957657039968632,26,12,-0.766795904340789,7.957657039968632,26,12,-0.766795904340789,7.957657039968632,3.7393975372588706,8.436352481617575,69.23076923076923,3,14.809690147672327,2,8.239860179611558,33,2.3833882847426935,4,-7.649934489555266,False,,,209,19
latest|q1_nodark|r500|Z1234|perzone_concat|ovp_pass|h24,latest,q1_nodark,500.0,Z1234,perzone_concat,ovp_pass,h24,51,108,393,0.1835354489617913,8.800082675545214,60.78431372549019,13,28,10,0.1835354489617913,7.267085006007955,26,12,-0.766795904340789,8.67604627041436,26,12,-0.766795904340789,8.67604627041436,26,12,-0.766795904340789,8.67604627041436,3.7393975372588706,8.436352481617575,69.23076923076923,3,14.809690147672327,2,8.08335640354887,33,2.3833882847426935,4,-7.649934489555266,False,,,209,19
latest|q1_nodark|r500|Z1234|perzone_concat|ovp_date|h24,latest,q1_nodark,500.0,Z1234,perzone_concat,ovp_date,h24,51,108,393,0.1835354489617913,8.800082675545214,60.78431372549019,13,28,10,0.1835354489617913,7.267085006007955,26,12,-0.766795904340789,8.67604627041436,26,12,-0.766795904340789,8.67604627041436,26,12,-0.766795904340789,8.67604627041436,3.7393975372588706,8.436352481617575,69.23076923076923,3,14.809690147672327,2,8.08335640354887,33,2.3833882847426935,4,-7.649934489555266,False,,,209,19
all|q2_dark|r200|Z1234|perzone_concat|ovp_pass|h24,all,q2_dark,200.0,Z1234,perzone_concat,ovp_pass,h24,52,116,391,1.1685525475328973,7.497940045912406,63.46153846153846,11,32,9,2.2786088423628392,7.874043131625988,30,11,0.5360737981737973,6.1517884377484355,30,11,0.5360737981737973,6.1517884377484355,30,11,0.5360737981737973,6.1517884377484355,1.1685525475328973,5.210563779018318,72.72727272727273,3,14.88283438533049,1,-8.002566554520385,34,1.1685525475328973,2,-13.470137832332885,False,,,216,20
all|q2_dark|r200|Z1234|perzone_concat|ovp_date|h24,all,q2_dark,200.0,Z1234,perzone_concat,ovp_date,h24,52,116,391,1.1685525475328973,7.497940045912406,63.46153846153846,11,32,9,2.2786088423628392,7.874043131625988,30,11,0.5360737981737973,6.1517884377484355,30,11,0.5360737981737973,6.1517884377484355,30,11,0.5360737981737973,6.1517884377484355,1.1685525475328973,5.210563779018318,72.72727272727273,3,14.88283438533049,1,-8.002566554520385,34,1.1685525475328973,2,-13.470137832332885,False,,,216,20
latest|q2_dark|r200|Z1234|perzone_concat|ovp_pass|h24,latest,q2_dark,200.0,Z1234,perzone_concat,ovp_pass,h24,52,116,391,1.1685525475328973,8.374505482234685,63.46153846153846,11,32,9,2.2786088423628392,7.876809748635595,30,11,0.5360737981737973,6.1517884377484355,30,11,0.5360737981737973,6.1517884377484355,30,11,0.5360737981737973,6.1517884377484355,1.1685525475328973,5.210563779018318,72.72727272727273,3,14.88283438533049,1,-8.318473462591136,34,1.1685525475328973,2,-13.470137832332885,False,,,216,20
latest|q2_dark|r200|Z1234|perzone_concat|ovp_date|h24,latest,q2_dark,200.0,Z1234,perzone_concat,ovp_date,h24,52,116,391,1.1685525475328973,8.374505482234685,63.46153846153846,11,32,9,2.2786088423628392,7.876809748635595,30,11,0.5360737981737973,6.1517884377484355,30,11,0.5360737981737973,6.1517884377484355,30,11,0.5360737981737973,6.1517884377484355,1.1685525475328973,5.210563779018318,72.72727272727273,3,14.88283438533049,1,-8.318473462591136,34,1.1685525475328973,2,-13.470137832332885,False,,,216,20
all|q1_dark|r500|Z1234|perzone_concat|ovp_pass|sameday,all,q1_dark,500.0,Z1234,perzone_concat,ovp_pass,sameday,26,155,367,0.15842163460995096,7.276851938530807,69.23076923076923,5,15,6,2.3833882847426935,9.371078421306557,13,8,0.1835354489617913,7.400541596533196,13,8,0.1835354489617913,7.400541596533196,13,8,0.1835354489617913,7.400541596533196,0.1333078202581106,7.1531622805284165,100.0,2,8.239860179611558,2,8.239860179611558,16,1.2834618668522424,2,-13.582741721467162,False,,,217,6
all|q1_dark|r500|Z1234|perzone_concat|ovp_date|sameday,all,q1_dark,500.0,Z1234,perzone_concat,ovp_date,sameday,26,155,367,0.15842163460995096,7.276851938530807,69.23076923076923,5,15,6,2.3833882847426935,9.371078421306557,13,8,0.1835354489617913,7.400541596533196,13,8,0.1835354489617913,7.400541596533196,13,8,0.1835354489617913,7.400541596533196,0.1333078202581106,7.1531622805284165,100.0,2,8.239860179611558,2,8.239860179611558,16,1.2834618668522424,2,-13.582741721467162,False,,,217,6
latest|q1_dark|r500|Z1234|perzone_concat|ovp_pass|sameday,latest,q1_dark,500.0,Z1234,perzone_concat,ovp_pass,sameday,26,155,367,0.15842163460995096,7.621508268253393,69.23076923076923,5,15,6,2.3833882847426935,9.371078421306557,13,8,0.1835354489617913,8.957383106112434,13,8,0.1835354489617913,8.957383106112434,13,8,0.1835354489617913,8.957383106112434,0.1333078202581106,7.1531622805284165,100.0,2,8.08335640354887,2,8.08335640354887,16,1.2834618668522424,2,-13.582741721467162,False,,,217,6
latest|q1_dark|r500|Z1234|perzone_concat|ovp_date|sameday,latest,q1_dark,500.0,Z1234,perzone_concat,ovp_date,sameday,26,155,367,0.15842163460995096,7.621508268253393,69.23076923076923,5,15,6,2.3833882847426935,9.371078421306557,13,8,0.1835354489617913,8.957383106112434,13,8,0.1835354489617913,8.957383106112434,13,8,0.1835354489617913,8.957383106112434,0.1333078202581106,7.1531622805284165,100.0,2,8.08335640354887,2,8.08335640354887,16,1.2834618668522424,2,-13.582741721467162,False,,,217,6
all|q1_nodark|r200|Z1234|perzone_concat|ovp_pass|cal1,all,q1_nodark,200.0,Z1234,perzone_concat,ovp_pass,cal1,76,115,375,1.8391193518298543,8.049727308001993,63.1578947368421,18,44,14,1.8391193518298543,6.954086842184523,40,18,0.3617989814777012,5.8594521269178905,38,20,-0.33905293632154887,6.182372119454175,38,20,-0.33905293632154887,6.182372119454175,4.683029668144201,8.978793243982045,72.22222222222221,3,14.88283438533049,1,-8.002566554520385,50,3.2220164018157416,5,-1.3409076711411672,False,,,223,44
all|q1_nodark|r200|Z1234|perzone_concat|ovp_date|cal1,all,q1_nodark,200.0,Z1234,perzone_concat,ovp_date,cal1,76,115,375,1.8391193518298543,8.049727308001993,63.1578947368421,18,44,14,1.8391193518298543,6.954086842184523,40,18,0.3617989814777012,5.8594521269178905,38,20,-0.33905293632154887,6.182372119454175,38,20,-0.33905293632154887,6.182372119454175,4.683029668144201,8.978793243982045,72.22222222222221,3,14.88283438533049,1,-8.002566554520385,50,3.2220164018157416,5,-1.3409076711411672,False,,,223,44
latest|q1_nodark|r200|Z1234|perzone_concat|ovp_pass|cal1,latest,q1_nodark,200.0,Z1234,perzone_concat,ovp_pass,cal1,76,115,375,1.8391193518298543,8.049727308001993,63.1578947368421,18,44,14,1.8391193518298543,7.222456012961784,40,18,0.3617989814777012,5.8594521269178905,38,20,-0.33905293632154887,6.182372119454175,38,20,-0.33905293632154887,6.182372119454175,4.683029668144201,8.978793243982045,72.22222222222221,3,14.88283438533049,1,-8.318473462591136,50,3.2220164018157416,5,-1.3409076711411672,False,,,223,44
latest|q1_nodark|r200|Z1234|perzone_concat|ovp_date|cal1,latest,q1_nodark,200.0,Z1234,perzone_concat,ovp_date,cal1,76,115,375,1.8391193518298543,8.049727308001993,63.1578947368421,18,44,14,1.8391193518298543,7.222456012961784,40,18,0.3617989814777012,5.8594521269178905,38,20,-0.33905293632154887,6.182372119454175,38,20,-0.33905293632154887,6.182372119454175,4.683029668144201,8.978793243982045,72.22222222222221,3,14.88283438533049,1,-8.318473462591136,50,3.2220164018157416,5,-1.3409076711411672,False,,,223,44
all|q1_nodark|r200|Z1234|perzone_concat|ovp_pass|sameday,all,q1_nodark,200.0,Z1234,perzone_concat,ovp_pass,sameday,28,163,375,-1.004260126399359,6.8026363017661975,71.42857142857143,5,17,6,-0.6676125816575507,6.821626473722957,15,8,-1.3409076711411672,7.819853773391366,15,8,-1.3409076711411672,7.819853773391366,15,8,-1.3409076711411672,7.819853773391366,1.1685525475328973,4.011256438372395,100.0,2,8.018949609555381,1,-8.002566554520385,18,1.1685525475328973,4,-7.405522751737026,False,,,231,4
all|q1_nodark|r200|Z1234|perzone_concat|ovp_date|sameday,all,q1_nodark,200.0,Z1234,perzone_concat,ovp_date,sameday,28,163,375,-1.004260126399359,6.8026363017661975,71.42857142857143,5,17,6,-0.6676125816575507,6.821626473722957,15,8,-1.3409076711411672,7.819853773391366,15,8,-1.3409076711411672,7.819853773391366,15,8,-1.3409076711411672,7.819853773391366,1.1685525475328973,4.011256438372395,100.0,2,8.018949609555381,1,-8.002566554520385,18,1.1685525475328973,4,-7.405522751737026,False,,,231,4
latest|q1_nodark|r200|Z1234|perzone_concat|ovp_pass|sameday,latest,q1_nodark,200.0,Z1234,perzone_concat,ovp_pass,sameday,28,163,375,-1.004260126399359,6.8026363017661975,71.42857142857143,5,17,6,-0.6676125816575507,6.821626473722957,15,8,-1.3409076711411672,7.819853773391366,15,8,-1.3409076711411672,7.819853773391366,15,8,-1.3409076711411672,7.819853773391366,1.1685525475328973,4.011256438372395,100.0,2,7.860996155520006,1,-8.318473462591136,18,1.1685525475328973,4,-7.405522751737026,False,,,231,4
latest|q1_nodark|r200|Z1234|perzone_concat|ovp_date|sameday,latest,q1_nodark,200.0,Z1234,perzone_concat,ovp_date,sameday,28,163,375,-1.004260126399359,6.8026363017661975,71.42857142857143,5,17,6,-0.6676125816575507,6.821626473722957,15,8,-1.3409076711411672,7.819853773391366,15,8,-1.3409076711411672,7.819853773391366,15,8,-1.3409076711411672,7.819853773391366,1.1685525475328973,4.011256438372395,100.0,2,7.860996155520006,1,-8.318473462591136,18,1.1685525475328973,4,-7.405522751737026,False,,,231,4
all|q2_dark|r500|Z1234|perzone_concat|ovp_pass|h24,all,q2_dark,500.0,Z1234,perzone_concat,ovp_pass,h24,53,118,408,0.1835354489617913,7.400541596533196,60.37735849056604,11,32,10,1.453887755625649,6.385880362016179,30,12,0.49722495996067373,6.323326253895472,30,12,0.49722495996067373,6.323326253895472,30,12,0.49722495996067373,6.323326253895472,0.2979627976816168,7.397279750056507,81.81818181818183,3,14.809690147672327,2,8.239860179611558,35,0.2979627976816168,4,-1.1407513502478484,False,,,236,21
all|q2_dark|r500|Z1234|perzone_concat|ovp_date|h24,all,q2_dark,500.0,Z1234,perzone_concat,ovp_date,h24,53,118,408,0.1835354489617913,7.400541596533196,60.37735849056604,11,32,10,1.453887755625649,6.385880362016179,30,12,0.49722495996067373,6.323326253895472,30,12,0.49722495996067373,6.323326253895472,30,12,0.49722495996067373,6.323326253895472,0.2979627976816168,7.397279750056507,81.81818181818183,3,14.809690147672327,2,8.239860179611558,35,0.2979627976816168,4,-1.1407513502478484,False,,,236,21
latest|q2_dark|r500|Z1234|perzone_concat|ovp_pass|h24,latest,q2_dark,500.0,Z1234,perzone_concat,ovp_pass,h24,53,118,408,0.1835354489617913,7.916942422289669,60.37735849056604,11,32,10,1.453887755625649,6.729919569134389,30,12,0.49722495996067373,7.220135170762436,30,12,0.49722495996067373,7.220135170762436,30,12,0.49722495996067373,7.220135170762436,0.2979627976816168,7.397279750056507,81.81818181818183,3,14.809690147672327,2,8.08335640354887,35,0.2979627976816168,4,-1.1407513502478484,False,,,236,21
latest|q2_dark|r500|Z1234|perzone_concat|ovp_date|h24,latest,q2_dark,500.0,Z1234,perzone_concat,ovp_date,h24,53,118,408,0.1835354489617913,7.916942422289669,60.37735849056604,11,32,10,1.453887755625649,6.729919569134389,30,12,0.49722495996067373,7.220135170762436,30,12,0.49722495996067373,7.220135170762436,30,12,0.49722495996067373,7.220135170762436,0.2979627976816168,7.397279750056507,81.81818181818183,3,14.809690147672327,2,8.08335640354887,35,0.2979627976816168,4,-1.1407513502478484,False,,,236,21
all|q1_nodark|r500|Z1234|perzone_concat|ovp_pass|cal1,all,q1_nodark,500.0,Z1234,perzone_concat,ovp_pass,cal1,78,117,384,0.1835354489617913,8.80451086875968,57.692307692307686,20,44,14,0.1835354489617913,6.051781397531538,40,18,0.1835354489617913,6.885638555628816,38,20,-0.24309335760221984,7.518158424240619,38,20,-0.24309335760221984,7.518158424240619,4.932240492157325,14.277288673462868,60.0,3,14.809690147672327,2,8.239860179611558,52,2.694574946812267,10,4.996058519969537,False,,,236,46
all|q1_nodark|r500|Z1234|perzone_concat|ovp_date|cal1,all,q1_nodark,500.0,Z1234,perzone_concat,ovp_date,cal1,78,117,384,0.1835354489617913,8.80451086875968,57.692307692307686,20,44,14,0.1835354489617913,6.051781397531538,40,18,0.1835354489617913,6.885638555628816,38,20,-0.24309335760221984,7.518158424240619,38,20,-0.24309335760221984,7.518158424240619,4.932240492157325,14.277288673462868,60.0,3,14.809690147672327,2,8.239860179611558,52,2.694574946812267,10,4.996058519969537,False,,,236,46
latest|q1_nodark|r500|Z1234|perzone_concat|ovp_pass|cal1,latest,q1_nodark,500.0,Z1234,perzone_concat,ovp_pass,cal1,78,117,384,0.1835354489617913,8.843323792034754,57.692307692307686,20,44,14,0.1835354489617913,6.306884356113733,40,18,0.1835354489617913,7.267085006007955,38,20,-0.24309335760221984,7.899604874619757,38,20,-0.24309335760221984,7.899604874619757,4.932240492157325,14.277288673462868,60.0,3,14.809690147672327,2,8.08335640354887,52,2.694574946812267,10,4.996058519969537,False,,,236,46
latest|q1_nodark|r500|Z1234|perzone_concat|ovp_date|cal1,latest,q1_nodark,500.0,Z1234,perzone_concat,ovp_date,cal1,78,117,384,0.1835354489617913,8.843323792034754,57.692307692307686,20,44,14,0.1835354489617913,6.306884356113733,40,18,0.1835354489617913,7.267085006007955,38,20,-0.24309335760221984,7.899604874619757,38,20,-0.24309335760221984,7.899604874619757,4.932240492157325,14.277288673462868,60.0,3,14.809690147672327,2,8.08335640354887,52,2.694574946812267,10,4.996058519969537,False,,,236,46
all|q1_nodark|r500|Z1234|perzone_concat|ovp_pass|sameday,all,q1_nodark,500.0,Z1234,perzone_concat,ovp_pass,sameday,30,165,384,0.18142890683598978,7.310962520333131,66.66666666666666,7,17,6,0.1835354489617913,5.993986188085287,15,8,0.1835354489617913,6.10957660697779,15,8,0.1835354489617913,6.10957660697779,15,8,0.1835354489617913,6.10957660697779,0.17932236471018825,8.793836356833786,71.42857142857143,2,8.239860179611558,2,8.239860179611558,20,1.2834618668522424,4,-7.649934489555266,False,,,240,2
all|q1_nodark|r500|Z1234|perzone_concat|ovp_date|sameday,all,q1_nodark,500.0,Z1234,perzone_concat,ovp_date,sameday,30,165,384,0.18142890683598978,7.310962520333131,66.66666666666666,7,17,6,0.1835354489617913,5.993986188085287,15,8,0.1835354489617913,6.10957660697779,15,8,0.1835354489617913,6.10957660697779,15,8,0.1835354489617913,6.10957660697779,0.17932236471018825,8.793836356833786,71.42857142857143,2,8.239860179611558,2,8.239860179611558,20,1.2834618668522424,4,-7.649934489555266,False,,,240,2
latest|q1_nodark|r500|Z1234|perzone_concat|ovp_pass|sameday,latest,q1_nodark,500.0,Z1234,perzone_concat,ovp_pass,sameday,30,165,384,0.18142890683598978,7.655618850055719,66.66666666666666,7,17,6,0.1835354489617913,6.10957660697779,15,8,0.1835354489617913,7.400541596533196,15,8,0.1835354489617913,7.400541596533196,15,8,0.1835354489617913,7.400541596533196,0.17932236471018825,8.793836356833786,71.42857142857143,2,8.08335640354887,2,8.08335640354887,20,1.2834618668522424,4,-7.649934489555266,False,,,240,2
latest|q1_nodark|r500|Z1234|perzone_concat|ovp_date|sameday,latest,q1_nodark,500.0,Z1234,perzone_concat,ovp_date,sameday,30,165,384,0.18142890683598978,7.655618850055719,66.66666666666666,7,17,6,0.1835354489617913,6.10957660697779,15,8,0.1835354489617913,7.400541596533196,15,8,0.1835354489617913,7.400541596533196,15,8,0.1835354489617913,7.400541596533196,0.17932236471018825,8.793836356833786,71.42857142857143,2,8.08335640354887,2,8.08335640354887,20,1.2834618668522424,4,-7.649934489555266,False,,,240,2
all|q2_dark|r200|Z1234|perzone_concat|ovp_pass|cal1,all,q2_dark,200.0,Z1234,perzone_concat,ovp_pass,cal1,78,125,386,1.8391193518298543,8.36313483773038,60.256410256410255,16,49,13,2.856625765549481,8.462641851165241,45,17,1.977646784483511,8.255108079654304,43,19,1.7005919191761976,7.844346536349681,43,19,1.7005919191761976,7.844346536349681,1.1685525475328973,7.138607360039795,68.75,3,14.88283438533049,1,-8.002566554520385,53,3.128110303795495,5,-0.049661549814494776,False,,,246,46
all|q2_dark|r200|Z1234|perzone_concat|ovp_date|cal1,all,q2_dark,200.0,Z1234,perzone_concat,ovp_date,cal1,78,125,386,1.8391193518298543,8.36313483773038,60.256410256410255,16,49,13,2.856625765549481,8.462641851165241,45,17,1.977646784483511,8.255108079654304,43,19,1.7005919191761976,7.844346536349681,43,19,1.7005919191761976,7.844346536349681,1.1685525475328973,7.138607360039795,68.75,3,14.88283438533049,1,-8.002566554520385,53,3.128110303795495,5,-0.049661549814494776,False,,,246,46
latest|q2_dark|r200|Z1234|perzone_concat|ovp_pass|cal1,latest,q2_dark,200.0,Z1234,perzone_concat,ovp_pass,cal1,78,125,386,1.8391193518298543,8.469668340495454,60.256410256410255,16,49,13,2.856625765549481,8.462641851165241,45,17,1.977646784483511,8.255108079654304,43,19,1.7005919191761976,7.844346536349681,43,19,1.7005919191761976,7.844346536349681,1.1685525475328973,7.138607360039795,68.75,3,14.88283438533049,1,-8.318473462591136,53,3.128110303795495,5,-0.049661549814494776,False,,,246,46
latest|q2_dark|r200|Z1234|perzone_concat|ovp_date|cal1,latest,q2_dark,200.0,Z1234,perzone_concat,ovp_date,cal1,78,125,386,1.8391193518298543,8.469668340495454,60.256410256410255,16,49,13,2.856625765549481,8.462641851165241,45,17,1.977646784483511,8.255108079654304,43,19,1.7005919191761976,7.844346536349681,43,19,1.7005919191761976,7.844346536349681,1.1685525475328973,7.138607360039795,68.75,3,14.88283438533049,1,-8.318473462591136,53,3.128110303795495,5,-0.049661549814494776,False,,,246,46
all|q2_dark|r200|Z1234|perzone_concat|ovp_pass|sameday,all,q2_dark,200.0,Z1234,perzone_concat,ovp_pass,sameday,31,172,386,-1.2109574796049571,7.1104534140322055,67.74193548387096,7,19,5,-0.6676125816575507,6.542151842304067,17,7,-1.2109574796049571,7.1104534140322055,17,7,-1.2109574796049571,7.1104534140322055,17,7,-1.2109574796049571,7.1104534140322055,-1.5370028540402814,5.055394502688877,71.42857142857143,2,8.018949609555381,1,-8.002566554520385,21,1.1685525475328973,2,-13.470137832332885,False,,Z1,248,1
all|q2_dark|r200|Z1234|perzone_concat|ovp_date|sameday,all,q2_dark,200.0,Z1234,perzone_concat,ovp_date,sameday,31,172,386,-1.2109574796049571,7.1104534140322055,67.74193548387096,7,19,5,-0.6676125816575507,6.542151842304067,17,7,-1.2109574796049571,7.1104534140322055,17,7,-1.2109574796049571,7.1104534140322055,17,7,-1.2109574796049571,7.1104534140322055,-1.5370028540402814,5.055394502688877,71.42857142857143,2,8.018949609555381,1,-8.002566554520385,21,1.1685525475328973,2,-13.470137832332885,False,,Z1,248,1
latest|q2_dark|r200|Z1234|perzone_concat|ovp_pass|sameday,latest,q2_dark,200.0,Z1234,perzone_concat,ovp_pass,sameday,31,172,386,-1.2109574796049571,7.1104534140322055,67.74193548387096,7,19,5,-0.6676125816575507,6.542151842304067,17,7,-1.2109574796049571,7.1104534140322055,17,7,-1.2109574796049571,7.1104534140322055,17,7,-1.2109574796049571,7.1104534140322055,-1.5370028540402814,5.055394502688877,71.42857142857143,2,7.860996155520006,1,-8.318473462591136,21,1.1685525475328973,2,-13.470137832332885,False,,Z1,248,1
latest|q2_dark|r200|Z1234|perzone_concat|ovp_date|sameday,latest,q2_dark,200.0,Z1234,perzone_concat,ovp_date,sameday,31,172,386,-1.2109574796049571,7.1104534140322055,67.74193548387096,7,19,5,-0.6676125816575507,6.542151842304067,17,7,-1.2109574796049571,7.1104534140322055,17,7,-1.2109574796049571,7.1104534140322055,17,7,-1.2109574796049571,7.1104534140322055,-1.5370028540402814,5.055394502688877,71.42857142857143,2,7.860996155520006,1,-8.318473462591136,21,1.1685525475328973,2,-13.470137832332885,False,,Z1,248,1
all|q1_dark|r500|Z1234|perzone_dedup_ovp_pass|ovp_date|h24,all,q1_dark,500.0,Z1234,perzone_dedup_ovp_pass,ovp_date,h24,11,8,74,0.1835354489617913,10.486047262100621,54.54545454545454,0,11,0,0.1835354489617913,10.486047262100621,11,0,0.1835354489617913,10.486047262100621,11,0,0.1835354489617913,10.486047262100621,11,0,0.1835354489617913,10.486047262100621,,,,3,14.809690147672327,2,8.239860179611558,8,-0.868312868160892,1,-13.582741721467162,False,,,250,21
all|q1_dark|r500|Z123_master|perzone_dedup_ovp_pass|ovp_date|h24,all,q1_dark,500.0,Z123_master,perzone_dedup_ovp_pass,ovp_date,h24,11,8,74,0.1835354489617913,10.486047262100621,54.54545454545454,0,11,0,0.1835354489617913,10.486047262100621,11,0,0.1835354489617913,10.486047262100621,11,0,0.1835354489617913,10.486047262100621,11,0,0.1835354489617913,10.486047262100621,,,,3,14.809690147672327,2,8.239860179611558,8,-0.868312868160892,1,-13.582741721467162,False,,,250,21
all|q2_dark|r500|Z1234|perzone_dedup_ovp_pass|ovp_date|h24,all,q2_dark,500.0,Z1234,perzone_dedup_ovp_pass,ovp_date,h24,11,7,75,0.1835354489617913,20.409882532877965,45.45454545454545,1,10,0,2.204979597108725,15.80303242408011,10,0,2.204979597108725,15.80303242408011,10,0,2.204979597108725,15.80303242408011,10,0,2.204979597108725,15.80303242408011,-18.80882676323843,0.0,0.0,3,14.809690147672327,2,8.239860179611558,9,-1.9201611852835754,1,-13.582741721467162,False,,,250,21
all|q2_dark|r500|Z123_master|perzone_dedup_ovp_pass|ovp_date|h24,all,q2_dark,500.0,Z123_master,perzone_dedup_ovp_pass,ovp_date,h24,11,7,75,0.1835354489617913,20.409882532877965,45.45454545454545,1,10,0,2.204979597108725,15.80303242408011,10,0,2.204979597108725,15.80303242408011,10,0,2.204979597108725,15.80303242408011,10,0,2.204979597108725,15.80303242408011,-18.80882676323843,0.0,0.0,3,14.809690147672327,2,8.239860179611558,9,-1.9201611852835754,1,-13.582741721467162,False,,,250,21
latest|q1_dark|r500|Z1234|perzone_dedup_ovp_pass|ovp_date|h24,latest,q1_dark,500.0,Z1234,perzone_dedup_ovp_pass,ovp_date,h24,11,8,74,0.1835354489617913,10.486047262100621,54.54545454545454,0,11,0,0.1835354489617913,10.486047262100621,11,0,0.1835354489617913,10.486047262100621,11,0,0.1835354489617913,10.486047262100621,11,0,0.1835354489617913,10.486047262100621,,,,3,14.809690147672327,2,8.08335640354887,8,-0.868312868160892,1,-13.582741721467162,False,,,250,21
latest|q1_dark|r500|Z123_master|perzone_dedup_ovp_pass|ovp_date|h24,latest,q1_dark,500.0,Z123_master,perzone_dedup_ovp_pass,ovp_date,h24,11,8,74,0.1835354489617913,10.486047262100621,54.54545454545454,0,11,0,0.1835354489617913,10.486047262100621,11,0,0.1835354489617913,10.486047262100621,11,0,0.1835354489617913,10.486047262100621,11,0,0.1835354489617913,10.486047262100621,,,,3,14.809690147672327,2,8.08335640354887,8,-0.868312868160892,1,-13.582741721467162,False,,,250,21
latest|q2_dark|r500|Z1234|perzone_dedup_ovp_pass|ovp_date|h24,latest,q2_dark,500.0,Z1234,perzone_dedup_ovp_pass,ovp_date,h24,11,7,75,0.1835354489617913,20.409882532877965,45.45454545454545,1,10,0,3.204371516044091,16.035064922470653,10,0,3.204371516044091,16.035064922470653,10,0,3.204371516044091,16.035064922470653,10,0,3.204371516044091,16.035064922470653,-18.80882676323843,0.0,0.0,3,14.809690147672327,2,8.08335640354887,9,-1.9201611852835754,1,-13.582741721467162,False,,,250,21
latest|q2_dark|r500|Z123_master|perzone_dedup_ovp_pass|ovp_date|h24,latest,q2_dark,500.0,Z123_master,perzone_dedup_ovp_pass,ovp_date,h24,11,7,75,0.1835354489617913,20.409882532877965,45.45454545454545,1,10,0,3.204371516044091,16.035064922470653,10,0,3.204371516044091,16.035064922470653,10,0,3.204371516044091,16.035064922470653,10,0,3.204371516044091,16.035064922470653,-18.80882676323843,0.0,0.0,3,14.809690147672327,2,8.08335640354887,9,-1.9201611852835754,1,-13.582741721467162,False,,,250,21
all|q1_nodark|r500|Z1234|perzone_dedup_ovp_pass|ovp_date|h24,all,q1_nodark,500.0,Z1234,perzone_dedup_ovp_pass,ovp_date,h24,10,8,75,-0.868312868160892,8.644217262010208,60.0,0,10,0,-0.868312868160892,8.644217262010208,10,0,-0.868312868160892,8.644217262010208,10,0,-0.868312868160892,8.644217262010208,10,0,-0.868312868160892,8.644217262010208,,,,2,4.1506908059212755,1,-6.5083085358297765,7,-1.9201611852835754,1,-13.582741721467162,False,,,250,22
all|q1_nodark|r500|Z123_master|perzone_dedup_ovp_pass|ovp_date|h24,all,q1_nodark,500.0,Z123_master,perzone_dedup_ovp_pass,ovp_date,h24,10,8,75,-0.868312868160892,8.644217262010208,60.0,0,10,0,-0.868312868160892,8.644217262010208,10,0,-0.868312868160892,8.644217262010208,10,0,-0.868312868160892,8.644217262010208,10,0,-0.868312868160892,8.644217262010208,,,,2,4.1506908059212755,1,-6.5083085358297765,7,-1.9201611852835754,1,-13.582741721467162,False,,,250,22
latest|q1_nodark|r500|Z1234|perzone_dedup_ovp_pass|ovp_date|h24,latest,q1_nodark,500.0,Z1234,perzone_dedup_ovp_pass,ovp_date,h24,10,8,75,-0.868312868160892,9.721715184106527,60.0,0,10,0,-0.868312868160892,9.721715184106527,10,0,-0.868312868160892,9.721715184106527,10,0,-0.868312868160892,9.721715184106527,10,0,-0.868312868160892,9.721715184106527,,,,2,3.994187029858587,1,-6.821316087955154,7,-1.9201611852835754,1,-13.582741721467162,False,,,250,22
latest|q1_nodark|r500|Z123_master|perzone_dedup_ovp_pass|ovp_date|h24,latest,q1_nodark,500.0,Z123_master,perzone_dedup_ovp_pass,ovp_date,h24,10,8,75,-0.868312868160892,9.721715184106527,60.0,0,10,0,-0.868312868160892,9.721715184106527,10,0,-0.868312868160892,9.721715184106527,10,0,-0.868312868160892,9.721715184106527,10,0,-0.868312868160892,9.721715184106527,,,,2,3.994187029858587,1,-6.821316087955154,7,-1.9201611852835754,1,-13.582741721467162,False,,,250,22
all|q1_dark|r200|Z1234|perzone_dedup_ovp_pass|ovp_date|h24,all,q1_dark,200.0,Z1234,perzone_dedup_ovp_pass,ovp_date,h24,11,10,71,-0.628444322828603,10.932873620706236,54.54545454545454,0,11,0,-0.628444322828603,10.932873620706236,11,0,-0.628444322828603,10.932873620706236,11,0,-0.628444322828603,10.932873620706236,11,0,-0.628444322828603,10.932873620706236,,,,3,14.88283438533049,1,-8.002566554520385,8,-1.7398961433249927,1,-13.470137832332885,False,,,251,21
all|q1_dark|r200|Z123_master|perzone_dedup_ovp_pass|ovp_date|h24,all,q1_dark,200.0,Z123_master,perzone_dedup_ovp_pass,ovp_date,h24,11,10,71,-0.628444322828603,10.932873620706236,54.54545454545454,0,11,0,-0.628444322828603,10.932873620706236,11,0,-0.628444322828603,10.932873620706236,11,0,-0.628444322828603,10.932873620706236,11,0,-0.628444322828603,10.932873620706236,,,,3,14.88283438533049,1,-8.002566554520385,8,-1.7398961433249927,1,-13.470137832332885,False,,,251,21
all|q2_dark|r200|Z1234|perzone_dedup_ovp_pass|ovp_date|h24,all,q2_dark,200.0,Z1234,perzone_dedup_ovp_pass,ovp_date,h24,11,10,71,-0.628444322828603,19.039094797191048,45.45454545454545,1,10,0,2.7365049650490025,16.910157842379512,10,0,2.7365049650490025,16.910157842379512,10,0,2.7365049650490025,16.910157842379512,10,0,2.7365049650490025,16.910157842379512,-18.64446073515058,0.0,0.0,3,14.88283438533049,1,-8.002566554520385,8,-1.7398961433249927,1,-13.470137832332885,False,,,251,21
all|q2_dark|r200|Z123_master|perzone_dedup_ovp_pass|ovp_date|h24,all,q2_dark,200.0,Z123_master,perzone_dedup_ovp_pass,ovp_date,h24,11,10,71,-0.628444322828603,19.039094797191048,45.45454545454545,1,10,0,2.7365049650490025,16.910157842379512,10,0,2.7365049650490025,16.910157842379512,10,0,2.7365049650490025,16.910157842379512,10,0,2.7365049650490025,16.910157842379512,-18.64446073515058,0.0,0.0,3,14.88283438533049,1,-8.002566554520385,8,-1.7398961433249927,1,-13.470137832332885,False,,,251,21
latest|q1_dark|r200|Z1234|perzone_dedup_ovp_pass|ovp_date|h24,latest,q1_dark,200.0,Z1234,perzone_dedup_ovp_pass,ovp_date,h24,11,10,71,-0.628444322828603,11.921204217580774,54.54545454545454,0,11,0,-0.628444322828603,11.921204217580774,11,0,-0.628444322828603,11.921204217580774,11,0,-0.628444322828603,11.921204217580774,11,0,-0.628444322828603,11.921204217580774,,,,3,14.88283438533049,1,-8.318473462591136,8,-1.7398961433249927,1,-13.470137832332885,False,,,251,21
latest|q1_dark|r200|Z123_master|perzone_dedup_ovp_pass|ovp_date|h24,latest,q1_dark,200.0,Z123_master,perzone_dedup_ovp_pass,ovp_date,h24,11,10,71,-0.628444322828603,11.921204217580774,54.54545454545454,0,11,0,-0.628444322828603,11.921204217580774,11,0,-0.628444322828603,11.921204217580774,11,0,-0.628444322828603,11.921204217580774,11,0,-0.628444322828603,11.921204217580774,,,,3,14.88283438533049,1,-8.318473462591136,8,-1.7398961433249927,1,-13.470137832332885,False,,,251,21
latest|q2_dark|r200|Z1234|perzone_dedup_ovp_pass|ovp_date|h24,latest,q2_dark,200.0,Z1234,perzone_dedup_ovp_pass,ovp_date,h24,11,10,71,-0.628444322828603,19.039094797191048,45.45454545454545,1,10,0,3.39192672046722,16.98162982959434,10,0,3.39192672046722,16.98162982959434,10,0,3.39192672046722,16.98162982959434,10,0,3.39192672046722,16.98162982959434,-18.64446073515058,0.0,0.0,3,14.88283438533049,1,-8.318473462591136,8,-1.7398961433249927,1,-13.470137832332885,False,,,251,21
latest|q2_dark|r200|Z123_master|perzone_dedup_ovp_pass|ovp_date|h24,latest,q2_dark,200.0,Z123_master,perzone_dedup_ovp_pass,ovp_date,h24,11,10,71,-0.628444322828603,19.039094797191048,45.45454545454545,1,10,0,3.39192672046722,16.98162982959434,10,0,3.39192672046722,16.98162982959434,10,0,3.39192672046722,16.98162982959434,10,0,3.39192672046722,16.98162982959434,-18.64446073515058,0.0,0.0,3,14.88283438533049,1,-8.318473462591136,8,-1.7398961433249927,1,-13.470137832332885,False,,,251,21
all|q1_nodark|r200|Z1234|perzone_dedup_ovp_pass|ovp_date|h24,all,q1_nodark,200.0,Z1234,perzone_dedup_ovp_pass,ovp_date,h24,10,9,73,-1.7398961433249927,10.455310624560456,60.0,0,10,0,-1.7398961433249927,10.455310624560456,10,0,-1.7398961433249927,10.455310624560456,10,0,-1.7398961433249927,10.455310624560456,10,0,-1.7398961433249927,10.455310624560456,,,,2,3.4401339154050525,1,-8.002566554520385,7,-2.8513479638213823,1,-13.470137832332885,False,,,251,22
all|q1_nodark|r200|Z123_master|perzone_dedup_ovp_pass|ovp_date|h24,all,q1_nodark,200.0,Z123_master,perzone_dedup_ovp_pass,ovp_date,h24,10,9,73,-1.7398961433249927,10.455310624560456,60.0,0,10,0,-1.7398961433249927,10.455310624560456,10,0,-1.7398961433249927,10.455310624560456,10,0,-1.7398961433249927,10.455310624560456,10,0,-1.7398961433249927,10.455310624560456,,,,2,3.4401339154050525,1,-8.002566554520385,7,-2.8513479638213823,1,-13.470137832332885,False,,,251,22
latest|q1_nodark|r200|Z1234|perzone_dedup_ovp_pass|ovp_date|h24,latest,q1_nodark,200.0,Z1234,perzone_dedup_ovp_pass,ovp_date,h24,10,9,73,-1.7398961433249927,11.661220710096352,60.0,0,10,0,-1.7398961433249927,11.661220710096352,10,0,-1.7398961433249927,11.661220710096352,10,0,-1.7398961433249927,11.661220710096352,10,0,-1.7398961433249927,11.661220710096352,,,,2,3.282180461369677,1,-8.318473462591136,7,-2.8513479638213823,1,-13.470137832332885,False,,,251,22
latest|q1_nodark|r200|Z123_master|perzone_dedup_ovp_pass|ovp_date|h24,latest,q1_nodark,200.0,Z123_master,perzone_dedup_ovp_pass,ovp_date,h24,10,9,73,-1.7398961433249927,11.661220710096352,60.0,0,10,0,-1.7398961433249927,11.661220710096352,10,0,-1.7398961433249927,11.661220710096352,10,0,-1.7398961433249927,11.661220710096352,10,0,-1.7398961433249927,11.661220710096352,,,,2,3.282180461369677,1,-8.318473462591136,7,-2.8513479638213823,1,-13.470137832332885,False,,,251,22
all|q1_dark|r200|Z1234|perzone_dedup_ovp_pass|ovp_date|cal1,all,q1_dark,200.0,Z1234,perzone_dedup_ovp_pass,ovp_date,cal1,12,10,63,0.07240759497064708,10.455310624560456,58.333333333333336,1,11,0,-0.628444322828603,9.977747628414676,11,0,-0.628444322828603,9.977747628414676,11,0,-0.628444322828603,9.977747628414676,11,0,-0.628444322828603,9.977747628414676,14.351046924963562,0.0,0.0,3,14.88283438533049,1,-8.002566554520385,10,-1.7398961433249927,1,-13.470137832332885,False,,,258,20
all|q1_dark|r200|Z123_master|perzone_dedup_ovp_pass|ovp_date|cal1,all,q1_dark,200.0,Z123_master,perzone_dedup_ovp_pass,ovp_date,cal1,12,10,63,0.07240759497064708,10.455310624560456,58.333333333333336,1,11,0,-0.628444322828603,9.977747628414676,11,0,-0.628444322828603,9.977747628414676,11,0,-0.628444322828603,9.977747628414676,11,0,-0.628444322828603,9.977747628414676,14.351046924963562,0.0,0.0,3,14.88283438533049,1,-8.002566554520385,10,-1.7398961433249927,1,-13.470137832332885,False,,,258,20
all|q2_dark|r200|Z1234|perzone_dedup_ovp_pass|ovp_date|cal1,all,q2_dark,200.0,Z1234,perzone_dedup_ovp_pass,ovp_date,cal1,12,10,63,-1.9894826040273372,10.455310624560456,58.333333333333336,1,11,0,-1.1276172442332921,10.192799847431644,11,0,-1.1276172442332921,10.192799847431644,11,0,-1.1276172442332921,10.192799847431644,11,0,-1.1276172442332921,10.192799847431644,-18.64446073515058,0.0,0.0,3,14.88283438533049,1,-8.002566554520385,9,-2.8513479638213823,1,-13.470137832332885,False,,,258,20
all|q2_dark|r200|Z123_master|perzone_dedup_ovp_pass|ovp_date|cal1,all,q2_dark,200.0,Z123_master,perzone_dedup_ovp_pass,ovp_date,cal1,12,10,63,-1.9894826040273372,10.455310624560456,58.333333333333336,1,11,0,-1.1276172442332921,10.192799847431644,11,0,-1.1276172442332921,10.192799847431644,11,0,-1.1276172442332921,10.192799847431644,11,0,-1.1276172442332921,10.192799847431644,-18.64446073515058,0.0,0.0,3,14.88283438533049,1,-8.002566554520385,9,-2.8513479638213823,1,-13.470137832332885,False,,,258,20
latest|q1_dark|r200|Z1234|perzone_dedup_ovp_pass|ovp_date|cal1,latest,q1_dark,200.0,Z1234,perzone_dedup_ovp_pass,ovp_date,cal1,12,10,63,0.07240759497064708,11.661220710096352,58.333333333333336,1,11,0,-0.628444322828603,11.40123720261193,11,0,-0.628444322828603,11.40123720261193,11,0,-0.628444322828603,11.40123720261193,11,0,-0.628444322828603,11.40123720261193,14.351046924963562,0.0,0.0,3,14.88283438533049,1,-8.318473462591136,10,-1.7398961433249927,1,-13.470137832332885,False,,,258,20
latest|q1_dark|r200|Z123_master|perzone_dedup_ovp_pass|ovp_date|cal1,latest,q1_dark,200.0,Z123_master,perzone_dedup_ovp_pass,ovp_date,cal1,12,10,63,0.07240759497064708,11.661220710096352,58.333333333333336,1,11,0,-0.628444322828603,11.40123720261193,11,0,-0.628444322828603,11.40123720261193,11,0,-0.628444322828603,11.40123720261193,11,0,-0.628444322828603,11.40123720261193,14.351046924963562,0.0,0.0,3,14.88283438533049,1,-8.318473462591136,10,-1.7398961433249927,1,-13.470137832332885,False,,,258,20
latest|q2_dark|r200|Z1234|perzone_dedup_ovp_pass|ovp_date|cal1,latest,q2_dark,200.0,Z1234,perzone_dedup_ovp_pass,ovp_date,cal1,12,10,63,-1.9894826040273372,11.661220710096352,58.333333333333336,1,11,0,-1.1276172442332921,10.66116342933734,11,0,-1.1276172442332921,10.66116342933734,11,0,-1.1276172442332921,10.66116342933734,11,0,-1.1276172442332921,10.66116342933734,-18.64446073515058,0.0,0.0,3,14.88283438533049,1,-8.318473462591136,9,-2.8513479638213823,1,-13.470137832332885,False,,,258,20
latest|q2_dark|r200|Z123_master|perzone_dedup_ovp_pass|ovp_date|cal1,latest,q2_dark,200.0,Z123_master,perzone_dedup_ovp_pass,ovp_date,cal1,12,10,63,-1.9894826040273372,11.661220710096352,58.333333333333336,1,11,0,-1.1276172442332921,10.66116342933734,11,0,-1.1276172442332921,10.66116342933734,11,0,-1.1276172442332921,10.66116342933734,11,0,-1.1276172442332921,10.66116342933734,-18.64446073515058,0.0,0.0,3,14.88283438533049,1,-8.318473462591136,9,-2.8513479638213823,1,-13.470137832332885,False,,,258,20
all|q1_dark|r500|Z1234|perzone_dedup_ovp_pass|ovp_date|cal1,all,q1_dark,500.0,Z1234,perzone_dedup_ovp_pass,ovp_date,cal1,11,8,66,0.1835354489617913,9.921327891851977,54.54545454545454,1,10,0,-0.868312868160892,7.957657039968632,10,0,-0.868312868160892,7.957657039968632,10,0,-0.868312868160892,7.957657039968632,10,0,-0.868312868160892,7.957657039968632,13.291645696192944,0.0,0.0,3,14.809690147672327,2,8.239860179611558,10,-0.868312868160892,2,-0.14554801263710893,False,,,258,21
all|q1_dark|r500|Z123_master|perzone_dedup_ovp_pass|ovp_date|cal1,all,q1_dark,500.0,Z123_master,perzone_dedup_ovp_pass,ovp_date,cal1,11,8,66,0.1835354489617913,9.921327891851977,54.54545454545454,1,10,0,-0.868312868160892,7.957657039968632,10,0,-0.868312868160892,7.957657039968632,10,0,-0.868312868160892,7.957657039968632,10,0,-0.868312868160892,7.957657039968632,13.291645696192944,0.0,0.0,3,14.809690147672327,2,8.239860179611558,10,-0.868312868160892,2,-0.14554801263710893,False,,,258,21
all|q2_dark|r500|Z1234|perzone_dedup_ovp_pass|ovp_date|cal1,all,q2_dark,500.0,Z1234,perzone_dedup_ovp_pass,ovp_date,cal1,11,7,67,-1.9201611852835754,9.112926818017469,54.54545454545454,1,10,0,-0.868312868160892,7.957657039968632,10,0,-0.868312868160892,7.957657039968632,10,0,-0.868312868160892,7.957657039968632,10,0,-0.868312868160892,7.957657039968632,-18.80882676323843,0.0,0.0,3,14.809690147672327,2,8.239860179611558,10,-2.386745362480447,1,-13.582741721467162,False,,,258,21
all|q2_dark|r500|Z123_master|perzone_dedup_ovp_pass|ovp_date|cal1,all,q2_dark,500.0,Z123_master,perzone_dedup_ovp_pass,ovp_date,cal1,11,7,67,-1.9201611852835754,9.112926818017469,54.54545454545454,1,10,0,-0.868312868160892,7.957657039968632,10,0,-0.868312868160892,7.957657039968632,10,0,-0.868312868160892,7.957657039968632,10,0,-0.868312868160892,7.957657039968632,-18.80882676323843,0.0,0.0,3,14.809690147672327,2,8.239860179611558,10,-2.386745362480447,1,-13.582741721467162,False,,,258,21
latest|q1_dark|r500|Z1234|perzone_dedup_ovp_pass|ovp_date|cal1,latest,q1_dark,500.0,Z1234,perzone_dedup_ovp_pass,ovp_date,cal1,11,8,66,0.1835354489617913,10.385392888633062,54.54545454545454,1,10,0,-0.868312868160892,9.671387997372749,10,0,-0.868312868160892,9.671387997372749,10,0,-0.868312868160892,9.671387997372749,10,0,-0.868312868160892,9.671387997372749,13.291645696192944,0.0,0.0,3,14.809690147672327,2,8.08335640354887,10,-0.868312868160892,2,-0.14554801263710893,False,,,258,21
latest|q1_dark|r500|Z123_master|perzone_dedup_ovp_pass|ovp_date|cal1,latest,q1_dark,500.0,Z123_master,perzone_dedup_ovp_pass,ovp_date,cal1,11,8,66,0.1835354489617913,10.385392888633062,54.54545454545454,1,10,0,-0.868312868160892,9.671387997372749,10,0,-0.868312868160892,9.671387997372749,10,0,-0.868312868160892,9.671387997372749,10,0,-0.868312868160892,9.671387997372749,13.291645696192944,0.0,0.0,3,14.809690147672327,2,8.08335640354887,10,-0.868312868160892,2,-0.14554801263710893,False,,,258,21
latest|q2_dark|r500|Z1234|perzone_dedup_ovp_pass|ovp_date|cal1,latest,q2_dark,500.0,Z1234,perzone_dedup_ovp_pass,ovp_date,cal1,11,7,67,-1.9201611852835754,12.076323736044616,54.54545454545454,1,10,0,-0.868312868160892,9.671387997372749,10,0,-0.868312868160892,9.671387997372749,10,0,-0.868312868160892,9.671387997372749,10,0,-0.868312868160892,9.671387997372749,-18.80882676323843,0.0,0.0,3,14.809690147672327,2,8.08335640354887,10,-2.386745362480447,1,-13.582741721467162,False,,,258,21
latest|q2_dark|r500|Z123_master|perzone_dedup_ovp_pass|ovp_date|cal1,latest,q2_dark,500.0,Z123_master,perzone_dedup_ovp_pass,ovp_date,cal1,11,7,67,-1.9201611852835754,12.076323736044616,54.54545454545454,1,10,0,-0.868312868160892,9.671387997372749,10,0,-0.868312868160892,9.671387997372749,10,0,-0.868312868160892,9.671387997372749,10,0,-0.868312868160892,9.671387997372749,-18.80882676323843,0.0,0.0,3,14.809690147672327,2,8.08335640354887,10,-2.386745362480447,1,-13.582741721467162,False,,,258,21
all|q2_dark|r200|Z1234|perzone_dedup_ovp_pass|ovp_date|sameday,all,q2_dark,200.0,Z1234,perzone_dedup_ovp_pass,ovp_date,sameday,6,16,63,-5.607969784988542,14.50842121280286,50.0,1,5,0,-3.2133730154566997,13.810162908105092,5,0,-3.2133730154566997,13.810162908105092,5,0,-3.2133730154566997,13.810162908105092,5,0,-3.2133730154566997,13.810162908105092,-18.64446073515058,0.0,0.0,2,8.018949609555381,1,-8.002566554520385,5,-3.2133730154566997,1,-13.470137832332885,False,,,258,26
all|q2_dark|r200|Z123_master|perzone_dedup_ovp_pass|ovp_date|sameday,all,q2_dark,200.0,Z123_master,perzone_dedup_ovp_pass,ovp_date,sameday,6,16,63,-5.607969784988542,14.50842121280286,50.0,1,5,0,-3.2133730154566997,13.810162908105092,5,0,-3.2133730154566997,13.810162908105092,5,0,-3.2133730154566997,13.810162908105092,5,0,-3.2133730154566997,13.810162908105092,-18.64446073515058,0.0,0.0,2,8.018949609555381,1,-8.002566554520385,5,-3.2133730154566997,1,-13.470137832332885,False,,,258,26
all|q2_dark|r500|Z1234|perzone_dedup_ovp_pass|ovp_date|sameday,all,q2_dark,500.0,Z1234,perzone_dedup_ovp_pass,ovp_date,sameday,6,12,67,-3.1623865434339926,13.201934360481626,50.0,1,5,0,0.1835354489617913,9.921327891851977,5,0,0.1835354489617913,9.921327891851977,5,0,0.1835354489617913,9.921327891851977,5,0,0.1835354489617913,9.921327891851977,-18.80882676323843,0.0,0.0,2,8.239860179611558,2,8.239860179611558,6,-3.1623865434339926,1,-13.582741721467162,False,,,258,26
all|q2_dark|r500|Z123_master|perzone_dedup_ovp_pass|ovp_date|sameday,all,q2_dark,500.0,Z123_master,perzone_dedup_ovp_pass,ovp_date,sameday,6,12,67,-3.1623865434339926,13.201934360481626,50.0,1,5,0,0.1835354489617913,9.921327891851977,5,0,0.1835354489617913,9.921327891851977,5,0,0.1835354489617913,9.921327891851977,5,0,0.1835354489617913,9.921327891851977,-18.80882676323843,0.0,0.0,2,8.239860179611558,2,8.239860179611558,6,-3.1623865434339926,1,-13.582741721467162,False,,,258,26
latest|q2_dark|r200|Z1234|perzone_dedup_ovp_pass|ovp_date|sameday,latest,q2_dark,200.0,Z1234,perzone_dedup_ovp_pass,ovp_date,sameday,6,16,63,-5.765923239023918,15.257994123898634,50.0,1,5,0,-3.2133730154566997,15.206679517500632,5,0,-3.2133730154566997,15.206679517500632,5,0,-3.2133730154566997,15.206679517500632,5,0,-3.2133730154566997,15.206679517500632,-18.64446073515058,0.0,0.0,2,7.860996155520006,1,-8.318473462591136,5,-3.2133730154566997,1,-13.470137832332885,False,,,258,26
latest|q2_dark|r200|Z123_master|perzone_dedup_ovp_pass|ovp_date|sameday,latest,q2_dark,200.0,Z123_master,perzone_dedup_ovp_pass,ovp_date,sameday,6,16,63,-5.765923239023918,15.257994123898634,50.0,1,5,0,-3.2133730154566997,15.206679517500632,5,0,-3.2133730154566997,15.206679517500632,5,0,-3.2133730154566997,15.206679517500632,5,0,-3.2133730154566997,15.206679517500632,-18.64446073515058,0.0,0.0,2,7.860996155520006,1,-8.318473462591136,5,-3.2133730154566997,1,-13.470137832332885,False,,,258,26
latest|q2_dark|r500|Z1234|perzone_dedup_ovp_pass|ovp_date|sameday,latest,q2_dark,500.0,Z1234,perzone_dedup_ovp_pass,ovp_date,sameday,6,12,67,-3.3188903194966812,14.683632819495198,50.0,1,5,0,0.1835354489617913,10.385392888633062,5,0,0.1835354489617913,10.385392888633062,5,0,0.1835354489617913,10.385392888633062,5,0,0.1835354489617913,10.385392888633062,-18.80882676323843,0.0,0.0,2,8.08335640354887,2,8.08335640354887,6,-3.3188903194966812,1,-13.582741721467162,False,,,258,26
latest|q2_dark|r500|Z123_master|perzone_dedup_ovp_pass|ovp_date|sameday,latest,q2_dark,500.0,Z123_master,perzone_dedup_ovp_pass,ovp_date,sameday,6,12,67,-3.3188903194966812,14.683632819495198,50.0,1,5,0,0.1835354489617913,10.385392888633062,5,0,0.1835354489617913,10.385392888633062,5,0,0.1835354489617913,10.385392888633062,5,0,0.1835354489617913,10.385392888633062,-18.80882676323843,0.0,0.0,2,8.08335640354887,2,8.08335640354887,6,-3.3188903194966812,1,-13.582741721467162,False,,,258,26
all|q1_dark|r200|Z1234|perzone_dedup_ovp_pass|ovp_date|sameday,all,q1_dark,200.0,Z1234,perzone_dedup_ovp_pass,ovp_date,sameday,5,17,63,-3.2133730154566997,13.810162908105092,60.0,0,5,0,-3.2133730154566997,13.810162908105092,5,0,-3.2133730154566997,13.810162908105092,5,0,-3.2133730154566997,13.810162908105092,5,0,-3.2133730154566997,13.810162908105092,,,,2,8.018949609555381,1,-8.002566554520385,5,-3.2133730154566997,1,-13.470137832332885,False,,,258,27
all|q1_dark|r200|Z123_master|perzone_dedup_ovp_pass|ovp_date|sameday,all,q1_dark,200.0,Z123_master,perzone_dedup_ovp_pass,ovp_date,sameday,5,17,63,-3.2133730154566997,13.810162908105092,60.0,0,5,0,-3.2133730154566997,13.810162908105092,5,0,-3.2133730154566997,13.810162908105092,5,0,-3.2133730154566997,13.810162908105092,5,0,-3.2133730154566997,13.810162908105092,,,,2,8.018949609555381,1,-8.002566554520385,5,-3.2133730154566997,1,-13.470137832332885,False,,,258,27
all|q1_dark|r500|Z1234|perzone_dedup_ovp_pass|ovp_date|sameday,all,q1_dark,500.0,Z1234,perzone_dedup_ovp_pass,ovp_date,sameday,5,14,66,0.1835354489617913,9.921327891851977,60.0,0,5,0,0.1835354489617913,9.921327891851977,5,0,0.1835354489617913,9.921327891851977,5,0,0.1835354489617913,9.921327891851977,5,0,0.1835354489617913,9.921327891851977,,,,2,8.239860179611558,2,8.239860179611558,5,0.1835354489617913,1,-13.582741721467162,False,,,258,27
all|q1_dark|r500|Z123_master|perzone_dedup_ovp_pass|ovp_date|sameday,all,q1_dark,500.0,Z123_master,perzone_dedup_ovp_pass,ovp_date,sameday,5,14,66,0.1835354489617913,9.921327891851977,60.0,0,5,0,0.1835354489617913,9.921327891851977,5,0,0.1835354489617913,9.921327891851977,5,0,0.1835354489617913,9.921327891851977,5,0,0.1835354489617913,9.921327891851977,,,,2,8.239860179611558,2,8.239860179611558,5,0.1835354489617913,1,-13.582741721467162,False,,,258,27
latest|q1_dark|r200|Z1234|perzone_dedup_ovp_pass|ovp_date|sameday,latest,q1_dark,200.0,Z1234,perzone_dedup_ovp_pass,ovp_date,sameday,5,17,63,-3.2133730154566997,15.206679517500632,60.0,0,5,0,-3.2133730154566997,15.206679517500632,5,0,-3.2133730154566997,15.206679517500632,5,0,-3.2133730154566997,15.206679517500632,5,0,-3.2133730154566997,15.206679517500632,,,,2,7.860996155520006,1,-8.318473462591136,5,-3.2133730154566997,1,-13.470137832332885,False,,,258,27
latest|q1_dark|r200|Z123_master|perzone_dedup_ovp_pass|ovp_date|sameday,latest,q1_dark,200.0,Z123_master,perzone_dedup_ovp_pass,ovp_date,sameday,5,17,63,-3.2133730154566997,15.206679517500632,60.0,0,5,0,-3.2133730154566997,15.206679517500632,5,0,-3.2133730154566997,15.206679517500632,5,0,-3.2133730154566997,15.206679517500632,5,0,-3.2133730154566997,15.206679517500632,,,,2,7.860996155520006,1,-8.318473462591136,5,-3.2133730154566997,1,-13.470137832332885,False,,,258,27
latest|q1_dark|r500|Z1234|perzone_dedup_ovp_pass|ovp_date|sameday,latest,q1_dark,500.0,Z1234,perzone_dedup_ovp_pass,ovp_date,sameday,5,14,66,0.1835354489617913,10.385392888633062,60.0,0,5,0,0.1835354489617913,10.385392888633062,5,0,0.1835354489617913,10.385392888633062,5,0,0.1835354489617913,10.385392888633062,5,0,0.1835354489617913,10.385392888633062,,,,2,8.08335640354887,2,8.08335640354887,5,0.1835354489617913,1,-13.582741721467162,False,,,258,27
latest|q1_dark|r500|Z123_master|perzone_dedup_ovp_pass|ovp_date|sameday,latest,q1_dark,500.0,Z123_master,perzone_dedup_ovp_pass,ovp_date,sameday,5,14,66,0.1835354489617913,10.385392888633062,60.0,0,5,0,0.1835354489617913,10.385392888633062,5,0,0.1835354489617913,10.385392888633062,5,0,0.1835354489617913,10.385392888633062,5,0,0.1835354489617913,10.385392888633062,,,,2,8.08335640354887,2,8.08335640354887,5,0.1835354489617913,1,-13.582741721467162,False,,,258,27
all|q1_nodark|r200|Z1234|perzone_dedup_ovp_pass|ovp_date|cal1,all,q1_nodark,200.0,Z1234,perzone_dedup_ovp_pass,ovp_date,cal1,8,11,64,2.7365049650490025,13.428374443207986,50.0,1,7,0,-0.628444322828603,9.977747628414676,7,0,-0.628444322828603,9.977747628414676,7,0,-0.628444322828603,9.977747628414676,7,0,-0.628444322828603,9.977747628414676,14.524281619747015,0.0,0.0,1,14.88283438533049,0,,7,-0.628444322828603,1,-13.470137832332885,False,,,260,24
all|q1_nodark|r200|Z123_master|perzone_dedup_ovp_pass|ovp_date|cal1,all,q1_nodark,200.0,Z123_master,perzone_dedup_ovp_pass,ovp_date,cal1,8,11,64,2.7365049650490025,13.428374443207986,50.0,1,7,0,-0.628444322828603,9.977747628414676,7,0,-0.628444322828603,9.977747628414676,7,0,-0.628444322828603,9.977747628414676,7,0,-0.628444322828603,9.977747628414676,14.524281619747015,0.0,0.0,1,14.88283438533049,0,,7,-0.628444322828603,1,-13.470137832332885,False,,,260,24
all|q1_nodark|r500|Z1234|perzone_dedup_ovp_pass|ovp_date|cal1,all,q1_nodark,500.0,Z1234,perzone_dedup_ovp_pass,ovp_date,cal1,8,9,66,1.1531312799860416,13.448377076340412,50.0,1,7,0,-1.9201611852835754,9.112926818017469,7,0,-1.9201611852835754,9.112926818017469,7,0,-1.9201611852835754,9.112926818017469,7,0,-1.9201611852835754,9.112926818017469,14.568364522266286,0.0,0.0,1,14.809690147672327,0,,7,-1.9201611852835754,2,0.49281140039956206,False,,,260,24
all|q1_nodark|r500|Z123_master|perzone_dedup_ovp_pass|ovp_date|cal1,all,q1_nodark,500.0,Z123_master,perzone_dedup_ovp_pass,ovp_date,cal1,8,9,66,1.1531312799860416,13.448377076340412,50.0,1,7,0,-1.9201611852835754,9.112926818017469,7,0,-1.9201611852835754,9.112926818017469,7,0,-1.9201611852835754,9.112926818017469,7,0,-1.9201611852835754,9.112926818017469,14.568364522266286,0.0,0.0,1,14.809690147672327,0,,7,-1.9201611852835754,2,0.49281140039956206,False,,,260,24
latest|q1_nodark|r200|Z1234|perzone_dedup_ovp_pass|ovp_date|cal1,latest,q1_nodark,200.0,Z1234,perzone_dedup_ovp_pass,ovp_date,cal1,8,11,64,3.39192672046722,13.428374443207986,50.0,1,7,0,-0.628444322828603,11.921204217580774,7,0,-0.628444322828603,11.921204217580774,7,0,-0.628444322828603,11.921204217580774,7,0,-0.628444322828603,11.921204217580774,14.524281619747015,0.0,0.0,1,14.88283438533049,0,,7,-0.628444322828603,1,-13.470137832332885,False,,,260,24
latest|q1_nodark|r200|Z123_master|perzone_dedup_ovp_pass|ovp_date|cal1,latest,q1_nodark,200.0,Z123_master,perzone_dedup_ovp_pass,ovp_date,cal1,8,11,64,3.39192672046722,13.428374443207986,50.0,1,7,0,-0.628444322828603,11.921204217580774,7,0,-0.628444322828603,11.921204217580774,7,0,-0.628444322828603,11.921204217580774,7,0,-0.628444322828603,11.921204217580774,14.524281619747015,0.0,0.0,1,14.88283438533049,0,,7,-0.628444322828603,1,-13.470137832332885,False,,,260,24
latest|q1_nodark|r500|Z1234|perzone_dedup_ovp_pass|ovp_date|cal1,latest,q1_nodark,500.0,Z1234,perzone_dedup_ovp_pass,ovp_date,cal1,8,9,66,2.1525231989214078,13.448377076340412,50.0,1,7,0,-1.9201611852835754,12.076323736044616,7,0,-1.9201611852835754,12.076323736044616,7,0,-1.9201611852835754,12.076323736044616,7,0,-1.9201611852835754,12.076323736044616,14.568364522266286,0.0,0.0,1,14.809690147672327,0,,7,-1.9201611852835754,2,0.49281140039956206,False,,,260,24
latest|q1_nodark|r500|Z123_master|perzone_dedup_ovp_pass|ovp_date|cal1,latest,q1_nodark,500.0,Z123_master,perzone_dedup_ovp_pass,ovp_date,cal1,8,9,66,2.1525231989214078,13.448377076340412,50.0,1,7,0,-1.9201611852835754,12.076323736044616,7,0,-1.9201611852835754,12.076323736044616,7,0,-1.9201611852835754,12.076323736044616,7,0,-1.9201611852835754,12.076323736044616,14.568364522266286,0.0,0.0,1,14.809690147672327,0,,7,-1.9201611852835754,2,0.49281140039956206,False,,,260,24
all|q1_nodark|r200|Z1234|perzone_dedup_ovp_pass|ovp_date|sameday,all,q1_nodark,200.0,Z1234,perzone_dedup_ovp_pass,ovp_date,sameday,2,17,64,-3.6843417897031383,14.50842121280286,50.0,0,2,0,-3.6843417897031383,14.50842121280286,2,0,-3.6843417897031383,14.50842121280286,2,0,-3.6843417897031383,14.50842121280286,2,0,-3.6843417897031383,14.50842121280286,,,,0,,0,,2,-3.6843417897031383,1,-13.470137832332885,False,,,260,30
all|q1_nodark|r200|Z123_master|perzone_dedup_ovp_pass|ovp_date|sameday,all,q1_nodark,200.0,Z123_master,perzone_dedup_ovp_pass,ovp_date,sameday,2,17,64,-3.6843417897031383,14.50842121280286,50.0,0,2,0,-3.6843417897031383,14.50842121280286,2,0,-3.6843417897031383,14.50842121280286,2,0,-3.6843417897031383,14.50842121280286,2,0,-3.6843417897031383,14.50842121280286,,,,0,,0,,2,-3.6843417897031383,1,-13.470137832332885,False,,,260,30
all|q1_nodark|r500|Z1234|perzone_dedup_ovp_pass|ovp_date|sameday,all,q1_nodark,500.0,Z1234,perzone_dedup_ovp_pass,ovp_date,sameday,2,15,66,-4.678158988105752,13.201934360481626,50.0,0,2,0,-4.678158988105752,13.201934360481626,2,0,-4.678158988105752,13.201934360481626,2,0,-4.678158988105752,13.201934360481626,2,0,-4.678158988105752,13.201934360481626,,,,0,,0,,2,-4.678158988105752,1,-13.582741721467162,False,,,260,30
all|q1_nodark|r500|Z123_master|perzone_dedup_ovp_pass|ovp_date|sameday,all,q1_nodark,500.0,Z123_master,perzone_dedup_ovp_pass,ovp_date,sameday,2,15,66,-4.678158988105752,13.201934360481626,50.0,0,2,0,-4.678158988105752,13.201934360481626,2,0,-4.678158988105752,13.201934360481626,2,0,-4.678158988105752,13.201934360481626,2,0,-4.678158988105752,13.201934360481626,,,,0,,0,,2,-4.678158988105752,1,-13.582741721467162,False,,,260,30
latest|q1_nodark|r200|Z1234|perzone_dedup_ovp_pass|ovp_date|sameday,latest,q1_nodark,200.0,Z1234,perzone_dedup_ovp_pass,ovp_date,sameday,2,17,64,-3.028920034284921,15.48014950738591,50.0,0,2,0,-3.028920034284921,15.48014950738591,2,0,-3.028920034284921,15.48014950738591,2,0,-3.028920034284921,15.48014950738591,2,0,-3.028920034284921,15.48014950738591,,,,0,,0,,2,-3.028920034284921,1,-13.470137832332885,False,,,260,30
latest|q1_nodark|r200|Z123_master|perzone_dedup_ovp_pass|ovp_date|sameday,latest,q1_nodark,200.0,Z123_master,perzone_dedup_ovp_pass,ovp_date,sameday,2,17,64,-3.028920034284921,15.48014950738591,50.0,0,2,0,-3.028920034284921,15.48014950738591,2,0,-3.028920034284921,15.48014950738591,2,0,-3.028920034284921,15.48014950738591,2,0,-3.028920034284921,15.48014950738591,,,,0,,0,,2,-3.028920034284921,1,-13.470137832332885,False,,,260,30
latest|q1_nodark|r500|Z1234|perzone_dedup_ovp_pass|ovp_date|sameday,latest,q1_nodark,500.0,Z1234,perzone_dedup_ovp_pass,ovp_date,sameday,2,15,66,-3.6787670691703855,14.683632819495198,50.0,0,2,0,-3.6787670691703855,14.683632819495198,2,0,-3.6787670691703855,14.683632819495198,2,0,-3.6787670691703855,14.683632819495198,2,0,-3.6787670691703855,14.683632819495198,,,,0,,0,,2,-3.6787670691703855,1,-13.582741721467162,False,,,260,30
latest|q1_nodark|r500|Z123_master|perzone_dedup_ovp_pass|ovp_date|sameday,latest,q1_nodark,500.0,Z123_master,perzone_dedup_ovp_pass,ovp_date,sameday,2,15,66,-3.6787670691703855,14.683632819495198,50.0,0,2,0,-3.6787670691703855,14.683632819495198,2,0,-3.6787670691703855,14.683632819495198,2,0,-3.6787670691703855,14.683632819495198,2,0,-3.6787670691703855,14.683632819495198,,,,0,,0,,2,-3.6787670691703855,1,-13.582741721467162,False,,,260,30
all|q2_dark|r500|Z1234|perzone_concat|ovp_pass|sameday,all,q2_dark,500.0,Z1234,perzone_concat,ovp_pass,sameday,32,174,403,-0.22611089183808275,6.706744014818952,65.625,7,19,6,0.1835354489617913,5.993986188085287,17,8,0.1835354489617913,6.10957660697779,17,8,0.1835354489617913,6.10957660697779,17,8,0.1835354489617913,6.10957660697779,-4.691434038994835,7.397279750056507,71.42857142857143,2,8.239860179611558,2,8.239860179611558,22,0.24074912332170406,2,-13.582741721467162,False,,,266,0
all|q2_dark|r500|Z1234|perzone_concat|ovp_date|sameday,all,q2_dark,500.0,Z1234,perzone_concat,ovp_date,sameday,32,174,403,-0.22611089183808275,6.706744014818952,65.625,7,19,6,0.1835354489617913,5.993986188085287,17,8,0.1835354489617913,6.10957660697779,17,8,0.1835354489617913,6.10957660697779,17,8,0.1835354489617913,6.10957660697779,-4.691434038994835,7.397279750056507,71.42857142857143,2,8.239860179611558,2,8.239860179611558,22,0.24074912332170406,2,-13.582741721467162,False,,,266,0
latest|q2_dark|r500|Z1234|perzone_concat|ovp_pass|sameday,latest,q2_dark,500.0,Z1234,perzone_concat,ovp_pass,sameday,32,174,403,-0.22611089183808275,7.051400344541539,65.625,7,19,6,0.1835354489617913,6.10957660697779,17,8,0.1835354489617913,7.400541596533196,17,8,0.1835354489617913,7.400541596533196,17,8,0.1835354489617913,7.400541596533196,-4.691434038994835,7.397279750056507,71.42857142857143,2,8.08335640354887,2,8.08335640354887,22,0.24074912332170406,2,-13.582741721467162,False,,,266,0
latest|q2_dark|r500|Z1234|perzone_concat|ovp_date|sameday,latest,q2_dark,500.0,Z1234,perzone_concat,ovp_date,sameday,32,174,403,-0.22611089183808275,7.051400344541539,65.625,7,19,6,0.1835354489617913,6.10957660697779,17,8,0.1835354489617913,7.400541596533196,17,8,0.1835354489617913,7.400541596533196,17,8,0.1835354489617913,7.400541596533196,-4.691434038994835,7.397279750056507,71.42857142857143,2,8.08335640354887,2,8.08335640354887,22,0.24074912332170406,2,-13.582741721467162,False,,,266,0
all|q2_dark|r500|Z1234|perzone_concat|ovp_pass|cal1,all,q2_dark,500.0,Z1234,perzone_concat,ovp_pass,cal1,79,127,403,0.1835354489617913,7.916942422289669,59.49367088607595,16,49,14,2.0562114465038306,7.278885466112171,45,18,2.0562114465038306,8.34623600255541,43,20,0.8109144709595562,7.039728744991676,43,20,0.8109144709595562,7.039728744991676,-0.21679856889877946,7.420321004314771,75.0,3,14.809690147672327,2,8.239860179611558,54,1.1770871220927237,8,8.856430746671684,False,,,266,47
all|q2_dark|r500|Z1234|perzone_concat|ovp_date|cal1,all,q2_dark,500.0,Z1234,perzone_concat,ovp_date,cal1,79,127,403,0.1835354489617913,7.916942422289669,59.49367088607595,16,49,14,2.0562114465038306,7.278885466112171,45,18,2.0562114465038306,8.34623600255541,43,20,0.8109144709595562,7.039728744991676,43,20,0.8109144709595562,7.039728744991676,-0.21679856889877946,7.420321004314771,75.0,3,14.809690147672327,2,8.239860179611558,54,1.1770871220927237,8,8.856430746671684,False,,,266,47
latest|q2_dark|r500|Z1234|perzone_concat|ovp_pass|cal1,latest,q2_dark,500.0,Z1234,perzone_concat,ovp_pass,cal1,79,127,403,0.1835354489617913,8.800082675545214,59.49367088607595,16,49,14,2.0562114465038306,7.278885466112171,45,18,2.0562114465038306,8.34623600255541,43,20,0.8109144709595562,8.027230968098548,43,20,0.8109144709595562,8.027230968098548,-0.21679856889877946,7.420321004314771,75.0,3,14.809690147672327,2,8.08335640354887,54,1.1770871220927237,8,8.856430746671684,False,,,266,47
latest|q2_dark|r500|Z1234|perzone_concat|ovp_date|cal1,latest,q2_dark,500.0,Z1234,perzone_concat,ovp_date,cal1,79,127,403,0.1835354489617913,8.800082675545214,59.49367088607595,16,49,14,2.0562114465038306,7.278885466112171,45,18,2.0562114465038306,8.34623600255541,43,20,0.8109144709595562,8.027230968098548,43,20,0.8109144709595562,8.027230968098548,-0.21679856889877946,7.420321004314771,75.0,3,14.809690147672327,2,8.08335640354887,54,1.1770871220927237,8,8.856430746671684,False,,,266,47
all|q2_dark|r500|Z14|perzone_dedup_ovp_pass|ovp_date|h24,all,q2_dark,500.0,Z14,perzone_dedup_ovp_pass,ovp_date,h24,9,5,39,-1.9201611852835754,9.112926818017469,55.55555555555556,1,8,0,-0.868312868160892,7.957657039968632,8,0,-0.868312868160892,7.957657039968632,8,0,-0.868312868160892,7.957657039968632,8,0,-0.868312868160892,7.957657039968632,-18.80882676323843,0.0,0.0,3,14.809690147672327,2,8.239860179611558,9,-1.9201611852835754,1,-13.582741721467162,False,,,290,23
latest|q2_dark|r500|Z14|perzone_dedup_ovp_pass|ovp_date|h24,latest,q2_dark,500.0,Z14,perzone_dedup_ovp_pass,ovp_date,h24,9,5,39,-1.9201611852835754,12.076323736044616,55.55555555555556,1,8,0,-0.868312868160892,9.671387997372749,8,0,-0.868312868160892,9.671387997372749,8,0,-0.868312868160892,9.671387997372749,8,0,-0.868312868160892,9.671387997372749,-18.80882676323843,0.0,0.0,3,14.809690147672327,2,8.08335640354887,9,-1.9201611852835754,1,-13.582741721467162,False,,,290,23
all|q1_dark|r500|Z14|perzone_dedup_ovp_pass|ovp_date|h24,all,q1_dark,500.0,Z14,perzone_dedup_ovp_pass,ovp_date,h24,8,7,38,-0.868312868160892,7.957657039968632,62.5,0,8,0,-0.868312868160892,7.957657039968632,8,0,-0.868312868160892,7.957657039968632,8,0,-0.868312868160892,7.957657039968632,8,0,-0.868312868160892,7.957657039968632,,,,3,14.809690147672327,2,8.239860179611558,8,-0.868312868160892,1,-13.582741721467162,False,,,290,24
latest|q1_dark|r500|Z14|perzone_dedup_ovp_pass|ovp_date|h24,latest,q1_dark,500.0,Z14,perzone_dedup_ovp_pass,ovp_date,h24,8,7,38,-0.868312868160892,9.671387997372749,62.5,0,8,0,-0.868312868160892,9.671387997372749,8,0,-0.868312868160892,9.671387997372749,8,0,-0.868312868160892,9.671387997372749,8,0,-0.868312868160892,9.671387997372749,,,,3,14.809690147672327,2,8.08335640354887,8,-0.868312868160892,1,-13.582741721467162,False,,,290,24
all|q1_nodark|r500|Z14|perzone_dedup_ovp_pass|ovp_date|h24,all,q1_nodark,500.0,Z14,perzone_dedup_ovp_pass,ovp_date,h24,7,7,39,-1.9201611852835754,6.802387261919797,71.42857142857143,0,7,0,-1.9201611852835754,6.802387261919797,7,0,-1.9201611852835754,6.802387261919797,7,0,-1.9201611852835754,6.802387261919797,7,0,-1.9201611852835754,6.802387261919797,,,,2,4.1506908059212755,1,-6.5083085358297765,7,-1.9201611852835754,1,-13.582741721467162,False,,,290,25
latest|q1_nodark|r500|Z14|perzone_dedup_ovp_pass|ovp_date|h24,latest,q1_nodark,500.0,Z14,perzone_dedup_ovp_pass,ovp_date,h24,7,7,39,-1.9201611852835754,7.266452258700881,71.42857142857143,0,7,0,-1.9201611852835754,7.266452258700881,7,0,-1.9201611852835754,7.266452258700881,7,0,-1.9201611852835754,7.266452258700881,7,0,-1.9201611852835754,7.266452258700881,,,,2,3.994187029858587,1,-6.821316087955154,7,-1.9201611852835754,1,-13.582741721467162,False,,,290,25
all|q2_dark|r200|Z14|perzone_dedup_ovp_pass|ovp_date|h24,all,q2_dark,200.0,Z14,perzone_dedup_ovp_pass,ovp_date,h24,9,5,38,-2.8513479638213823,13.27342456655057,55.55555555555556,1,8,0,-1.7398961433249927,10.455310624560456,8,0,-1.7398961433249927,10.455310624560456,8,0,-1.7398961433249927,10.455310624560456,8,0,-1.7398961433249927,10.455310624560456,-18.64446073515058,0.0,0.0,3,14.88283438533049,1,-8.002566554520385,8,-1.7398961433249927,1,-13.470137832332885,False,,,291,23
latest|q2_dark|r200|Z14|perzone_dedup_ovp_pass|ovp_date|h24,latest,q2_dark,200.0,Z14,perzone_dedup_ovp_pass,ovp_date,h24,9,5,38,-2.8513479638213823,15.216881155716669,55.55555555555556,1,8,0,-1.7398961433249927,11.661220710096352,8,0,-1.7398961433249927,11.661220710096352,8,0,-1.7398961433249927,11.661220710096352,8,0,-1.7398961433249927,11.661220710096352,-18.64446073515058,0.0,0.0,3,14.88283438533049,1,-8.318473462591136,8,-1.7398961433249927,1,-13.470137832332885,False,,,291,23
all|q1_dark|r200|Z14|perzone_dedup_ovp_pass|ovp_date|h24,all,q1_dark,200.0,Z14,perzone_dedup_ovp_pass,ovp_date,h24,8,7,37,-1.7398961433249927,10.455310624560456,62.5,0,8,0,-1.7398961433249927,10.455310624560456,8,0,-1.7398961433249927,10.455310624560456,8,0,-1.7398961433249927,10.455310624560456,8,0,-1.7398961433249927,10.455310624560456,,,,3,14.88283438533049,1,-8.002566554520385,8,-1.7398961433249927,1,-13.470137832332885,False,,,291,24
latest|q1_dark|r200|Z14|perzone_dedup_ovp_pass|ovp_date|h24,latest,q1_dark,200.0,Z14,perzone_dedup_ovp_pass,ovp_date,h24,8,7,37,-1.7398961433249927,11.661220710096352,62.5,0,8,0,-1.7398961433249927,11.661220710096352,8,0,-1.7398961433249927,11.661220710096352,8,0,-1.7398961433249927,11.661220710096352,8,0,-1.7398961433249927,11.661220710096352,,,,3,14.88283438533049,1,-8.318473462591136,8,-1.7398961433249927,1,-13.470137832332885,False,,,291,24
all|q1_nodark|r200|Z14|perzone_dedup_ovp_pass|ovp_date|h24,all,q1_nodark,200.0,Z14,perzone_dedup_ovp_pass,ovp_date,h24,7,7,38,-2.8513479638213823,7.637196682570341,71.42857142857143,0,7,0,-2.8513479638213823,7.637196682570341,7,0,-2.8513479638213823,7.637196682570341,7,0,-2.8513479638213823,7.637196682570341,7,0,-2.8513479638213823,7.637196682570341,,,,2,3.4401339154050525,1,-8.002566554520385,7,-2.8513479638213823,1,-13.470137832332885,False,,,291,25
latest|q1_nodark|r200|Z14|perzone_dedup_ovp_pass|ovp_date|h24,latest,q1_nodark,200.0,Z14,perzone_dedup_ovp_pass,ovp_date,h24,7,7,38,-2.8513479638213823,8.105560264476036,71.42857142857143,0,7,0,-2.8513479638213823,8.105560264476036,7,0,-2.8513479638213823,8.105560264476036,7,0,-2.8513479638213823,8.105560264476036,7,0,-2.8513479638213823,8.105560264476036,,,,2,3.282180461369677,1,-8.318473462591136,7,-2.8513479638213823,1,-13.470137832332885,False,,,291,25
all|q1_dark|r200|Z14|perzone_dedup_ovp_pass|ovp_date|cal1,all,q1_dark,200.0,Z14,perzone_dedup_ovp_pass,ovp_date,cal1,10,8,32,-1.7398961433249927,10.455310624560456,60.0,1,9,0,-2.8513479638213823,7.637196682570341,9,0,-2.8513479638213823,7.637196682570341,9,0,-2.8513479638213823,7.637196682570341,9,0,-2.8513479638213823,7.637196682570341,14.351046924963562,0.0,0.0,3,14.88283438533049,1,-8.002566554520385,10,-1.7398961433249927,1,-13.470137832332885,False,,,293,22
all|q1_dark|r500|Z14|perzone_dedup_ovp_pass|ovp_date|cal1,all,q1_dark,500.0,Z14,perzone_dedup_ovp_pass,ovp_date,cal1,10,7,33,-0.868312868160892,7.957657039968632,60.0,1,9,0,-1.9201611852835754,6.802387261919797,9,0,-1.9201611852835754,6.802387261919797,9,0,-1.9201611852835754,6.802387261919797,9,0,-1.9201611852835754,6.802387261919797,13.291645696192944,0.0,0.0,3,14.809690147672327,2,8.239860179611558,10,-0.868312868160892,2,-0.14554801263710893,False,,,293,22
all|q2_dark|r200|Z14|perzone_dedup_ovp_pass|ovp_date|cal1,all,q2_dark,200.0,Z14,perzone_dedup_ovp_pass,ovp_date,cal1,10,7,33,-3.032360489639041,10.455310624560456,60.0,1,9,0,-2.8513479638213823,7.637196682570341,9,0,-2.8513479638213823,7.637196682570341,9,0,-2.8513479638213823,7.637196682570341,9,0,-2.8513479638213823,7.637196682570341,-18.64446073515058,0.0,0.0,3,14.88283438533049,1,-8.002566554520385,9,-2.8513479638213823,1,-13.470137832332885,False,,,293,22
all|q2_dark|r500|Z14|perzone_dedup_ovp_pass|ovp_date|cal1,all,q2_dark,500.0,Z14,perzone_dedup_ovp_pass,ovp_date,cal1,10,6,34,-2.386745362480447,7.957657039968632,60.0,1,9,0,-1.9201611852835754,6.802387261919797,9,0,-1.9201611852835754,6.802387261919797,9,0,-1.9201611852835754,6.802387261919797,9,0,-1.9201611852835754,6.802387261919797,-18.80882676323843,0.0,0.0,3,14.809690147672327,2,8.239860179611558,10,-2.386745362480447,1,-13.582741721467162,False,,,293,22
latest|q1_dark|r200|Z14|perzone_dedup_ovp_pass|ovp_date|cal1,latest,q1_dark,200.0,Z14,perzone_dedup_ovp_pass,ovp_date,cal1,10,8,32,-1.7398961433249927,11.661220710096352,60.0,1,9,0,-2.8513479638213823,8.105560264476036,9,0,-2.8513479638213823,8.105560264476036,9,0,-2.8513479638213823,8.105560264476036,9,0,-2.8513479638213823,8.105560264476036,14.351046924963562,0.0,0.0,3,14.88283438533049,1,-8.318473462591136,10,-1.7398961433249927,1,-13.470137832332885,False,,,293,22
latest|q1_dark|r500|Z14|perzone_dedup_ovp_pass|ovp_date|cal1,latest,q1_dark,500.0,Z14,perzone_dedup_ovp_pass,ovp_date,cal1,10,7,33,-0.868312868160892,9.671387997372749,60.0,1,9,0,-1.9201611852835754,7.266452258700881,9,0,-1.9201611852835754,7.266452258700881,9,0,-1.9201611852835754,7.266452258700881,9,0,-1.9201611852835754,7.266452258700881,13.291645696192944,0.0,0.0,3,14.809690147672327,2,8.08335640354887,10,-0.868312868160892,2,-0.14554801263710893,False,,,293,22
latest|q2_dark|r200|Z14|perzone_dedup_ovp_pass|ovp_date|cal1,latest,q2_dark,200.0,Z14,perzone_dedup_ovp_pass,ovp_date,cal1,10,7,33,-3.032360489639041,11.656119890988334,60.0,1,9,0,-2.8513479638213823,8.105560264476036,9,0,-2.8513479638213823,8.105560264476036,9,0,-2.8513479638213823,8.105560264476036,9,0,-2.8513479638213823,8.105560264476036,-18.64446073515058,0.0,0.0,3,14.88283438533049,1,-8.318473462591136,9,-2.8513479638213823,1,-13.470137832332885,False,,,293,22
latest|q2_dark|r500|Z14|perzone_dedup_ovp_pass|ovp_date|cal1,latest,q2_dark,500.0,Z14,perzone_dedup_ovp_pass,ovp_date,cal1,10,6,34,-2.386745362480447,9.671387997372749,60.0,1,9,0,-1.9201611852835754,7.266452258700881,9,0,-1.9201611852835754,7.266452258700881,9,0,-1.9201611852835754,7.266452258700881,9,0,-1.9201611852835754,7.266452258700881,-18.80882676323843,0.0,0.0,3,14.809690147672327,2,8.08335640354887,10,-2.386745362480447,1,-13.582741721467162,False,,,293,22
all|q2_dark|r200|Z14|perzone_dedup_ovp_pass|ovp_date|sameday,all,q2_dark,200.0,Z14,perzone_dedup_ovp_pass,ovp_date,sameday,6,11,33,-5.607969784988542,14.50842121280286,50.0,1,5,0,-3.2133730154566997,13.810162908105092,5,0,-3.2133730154566997,13.810162908105092,5,0,-3.2133730154566997,13.810162908105092,5,0,-3.2133730154566997,13.810162908105092,-18.64446073515058,0.0,0.0,2,8.018949609555381,1,-8.002566554520385,5,-3.2133730154566997,1,-13.470137832332885,False,,,293,26
all|q2_dark|r500|Z14|perzone_dedup_ovp_pass|ovp_date|sameday,all,q2_dark,500.0,Z14,perzone_dedup_ovp_pass,ovp_date,sameday,6,10,34,-3.1623865434339926,13.201934360481626,50.0,1,5,0,0.1835354489617913,9.921327891851977,5,0,0.1835354489617913,9.921327891851977,5,0,0.1835354489617913,9.921327891851977,5,0,0.1835354489617913,9.921327891851977,-18.80882676323843,0.0,0.0,2,8.239860179611558,2,8.239860179611558,6,-3.1623865434339926,1,-13.582741721467162,False,,,293,26
latest|q2_dark|r200|Z14|perzone_dedup_ovp_pass|ovp_date|sameday,latest,q2_dark,200.0,Z14,perzone_dedup_ovp_pass,ovp_date,sameday,6,11,33,-5.765923239023918,15.257994123898634,50.0,1,5,0,-3.2133730154566997,15.206679517500632,5,0,-3.2133730154566997,15.206679517500632,5,0,-3.2133730154566997,15.206679517500632,5,0,-3.2133730154566997,15.206679517500632,-18.64446073515058,0.0,0.0,2,7.860996155520006,1,-8.318473462591136,5,-3.2133730154566997,1,-13.470137832332885,False,,,293,26
latest|q2_dark|r500|Z14|perzone_dedup_ovp_pass|ovp_date|sameday,latest,q2_dark,500.0,Z14,perzone_dedup_ovp_pass,ovp_date,sameday,6,10,34,-3.3188903194966812,14.683632819495198,50.0,1,5,0,0.1835354489617913,10.385392888633062,5,0,0.1835354489617913,10.385392888633062,5,0,0.1835354489617913,10.385392888633062,5,0,0.1835354489617913,10.385392888633062,-18.80882676323843,0.0,0.0,2,8.08335640354887,2,8.08335640354887,6,-3.3188903194966812,1,-13.582741721467162,False,,,293,26
all|q1_dark|r200|Z14|perzone_dedup_ovp_pass|ovp_date|sameday,all,q1_dark,200.0,Z14,perzone_dedup_ovp_pass,ovp_date,sameday,5,13,32,-3.2133730154566997,13.810162908105092,60.0,0,5,0,-3.2133730154566997,13.810162908105092,5,0,-3.2133730154566997,13.810162908105092,5,0,-3.2133730154566997,13.810162908105092,5,0,-3.2133730154566997,13.810162908105092,,,,2,8.018949609555381,1,-8.002566554520385,5,-3.2133730154566997,1,-13.470137832332885,False,,,293,27
all|q1_dark|r500|Z14|perzone_dedup_ovp_pass|ovp_date|sameday,all,q1_dark,500.0,Z14,perzone_dedup_ovp_pass,ovp_date,sameday,5,12,33,0.1835354489617913,9.921327891851977,60.0,0,5,0,0.1835354489617913,9.921327891851977,5,0,0.1835354489617913,9.921327891851977,5,0,0.1835354489617913,9.921327891851977,5,0,0.1835354489617913,9.921327891851977,,,,2,8.239860179611558,2,8.239860179611558,5,0.1835354489617913,1,-13.582741721467162,False,,,293,27
latest|q1_dark|r200|Z14|perzone_dedup_ovp_pass|ovp_date|sameday,latest,q1_dark,200.0,Z14,perzone_dedup_ovp_pass,ovp_date,sameday,5,13,32,-3.2133730154566997,15.206679517500632,60.0,0,5,0,-3.2133730154566997,15.206679517500632,5,0,-3.2133730154566997,15.206679517500632,5,0,-3.2133730154566997,15.206679517500632,5,0,-3.2133730154566997,15.206679517500632,,,,2,7.860996155520006,1,-8.318473462591136,5,-3.2133730154566997,1,-13.470137832332885,False,,,293,27
latest|q1_dark|r500|Z14|perzone_dedup_ovp_pass|ovp_date|sameday,latest,q1_dark,500.0,Z14,perzone_dedup_ovp_pass,ovp_date,sameday,5,12,33,0.1835354489617913,10.385392888633062,60.0,0,5,0,0.1835354489617913,10.385392888633062,5,0,0.1835354489617913,10.385392888633062,5,0,0.1835354489617913,10.385392888633062,5,0,0.1835354489617913,10.385392888633062,,,,2,8.08335640354887,2,8.08335640354887,5,0.1835354489617913,1,-13.582741721467162,False,,,293,27
all|q1_nodark|r200|Z14|perzone_dedup_ovp_pass|ovp_date|cal1,all,q1_nodark,200.0,Z14,perzone_dedup_ovp_pass,ovp_date,cal1,7,9,32,-0.628444322828603,9.977747628414676,57.14285714285714,1,6,0,-1.7398961433249927,7.18453251618402,6,0,-1.7398961433249927,7.18453251618402,6,0,-1.7398961433249927,7.18453251618402,6,0,-1.7398961433249927,7.18453251618402,14.524281619747015,0.0,0.0,1,14.88283438533049,0,,7,-0.628444322828603,1,-13.470137832332885,False,,,295,25
all|q1_nodark|r500|Z14|perzone_dedup_ovp_pass|ovp_date|cal1,all,q1_nodark,500.0,Z14,perzone_dedup_ovp_pass,ovp_date,cal1,7,8,33,-1.9201611852835754,9.112926818017469,57.14285714285714,1,6,0,-2.2996356972026177,5.781896378342435,6,0,-2.2996356972026177,5.781896378342435,6,0,-2.2996356972026177,5.781896378342435,6,0,-2.2996356972026177,5.781896378342435,14.568364522266286,0.0,0.0,1,14.809690147672327,0,,7,-1.9201611852835754,2,0.49281140039956206,False,,,295,25
latest|q1_nodark|r200|Z14|perzone_dedup_ovp_pass|ovp_date|cal1,latest,q1_nodark,200.0,Z14,perzone_dedup_ovp_pass,ovp_date,cal1,7,9,32,-0.628444322828603,11.921204217580774,57.14285714285714,1,6,0,-1.7398961433249927,8.156260810767069,6,0,-1.7398961433249927,8.156260810767069,6,0,-1.7398961433249927,8.156260810767069,6,0,-1.7398961433249927,8.156260810767069,14.524281619747015,0.0,0.0,1,14.88283438533049,0,,7,-0.628444322828603,1,-13.470137832332885,False,,,295,25
latest|q1_nodark|r500|Z14|perzone_dedup_ovp_pass|ovp_date|cal1,latest,q1_nodark,500.0,Z14,perzone_dedup_ovp_pass,ovp_date,cal1,7,8,33,-1.9201611852835754,12.076323736044616,57.14285714285714,1,6,0,-2.2996356972026177,7.263594837356009,6,0,-2.2996356972026177,7.263594837356009,6,0,-2.2996356972026177,7.263594837356009,6,0,-2.2996356972026177,7.263594837356009,14.568364522266286,0.0,0.0,1,14.809690147672327,0,,7,-1.9201611852835754,2,0.49281140039956206,False,,,295,25
all|q1_nodark|r200|Z14|perzone_dedup_ovp_pass|ovp_date|sameday,all,q1_nodark,200.0,Z14,perzone_dedup_ovp_pass,ovp_date,sameday,2,14,32,-3.6843417897031383,14.50842121280286,50.0,0,2,0,-3.6843417897031383,14.50842121280286,2,0,-3.6843417897031383,14.50842121280286,2,0,-3.6843417897031383,14.50842121280286,2,0,-3.6843417897031383,14.50842121280286,,,,0,,0,,2,-3.6843417897031383,1,-13.470137832332885,False,,,295,30
all|q1_nodark|r500|Z14|perzone_dedup_ovp_pass|ovp_date|sameday,all,q1_nodark,500.0,Z14,perzone_dedup_ovp_pass,ovp_date,sameday,2,13,33,-4.678158988105752,13.201934360481626,50.0,0,2,0,-4.678158988105752,13.201934360481626,2,0,-4.678158988105752,13.201934360481626,2,0,-4.678158988105752,13.201934360481626,2,0,-4.678158988105752,13.201934360481626,,,,0,,0,,2,-4.678158988105752,1,-13.582741721467162,False,,,295,30
latest|q1_nodark|r200|Z14|perzone_dedup_ovp_pass|ovp_date|sameday,latest,q1_nodark,200.0,Z14,perzone_dedup_ovp_pass,ovp_date,sameday,2,14,32,-3.028920034284921,15.48014950738591,50.0,0,2,0,-3.028920034284921,15.48014950738591,2,0,-3.028920034284921,15.48014950738591,2,0,-3.028920034284921,15.48014950738591,2,0,-3.028920034284921,15.48014950738591,,,,0,,0,,2,-3.028920034284921,1,-13.470137832332885,False,,,295,30
latest|q1_nodark|r500|Z14|perzone_dedup_ovp_pass|ovp_date|sameday,latest,q1_nodark,500.0,Z14,perzone_dedup_ovp_pass,ovp_date,sameday,2,13,33,-3.6787670691703855,14.683632819495198,50.0,0,2,0,-3.6787670691703855,14.683632819495198,2,0,-3.6787670691703855,14.683632819495198,2,0,-3.6787670691703855,14.683632819495198,2,0,-3.6787670691703855,14.683632819495198,,,,0,,0,,2,-3.6787670691703855,1,-13.582741721467162,False,,,295,30
all|q1_dark|r200|Z14|union_at_crossing|ovp_pass_reach|h24,all,q1_dark,200.0,Z14,union_at_crossing,ovp_pass_reach,h24,96,132,616,2.1783249031257945,6.830706631746601,69.79166666666666,31,40,25,2.8446588990592936,6.646234437343682,37,28,2.9490830973582405,6.818762345135687,37,28,2.9490830973582405,6.818762345135687,37,28,2.9490830973582405,6.818762345135687,2.1097861665698936,3.1925651993318733,100.0,4,16.96358938036111,2,6.492167999217635,96,2.1783249031257945,4,4.273914356746111,False,,,501,64
latest|q1_dark|r200|Z14|union_at_crossing|ovp_pass_reach|h24,latest,q1_dark,200.0,Z14,union_at_crossing,ovp_pass_reach,h24,96,132,616,2.1783249031257945,7.039994669115512,69.79166666666666,31,40,25,2.8446588990592936,6.711027097711683,37,28,2.9490830973582405,6.818762345135687,37,28,2.9490830973582405,6.818762345135687,37,28,2.9490830973582405,6.818762345135687,2.1097861665698936,3.1925651993318733,100.0,4,16.96358938036111,2,6.33421454518226,96,2.1783249031257945,4,4.273914356746111,False,,,501,64
all|q1_dark|r200|Z14|union_at_node|ovp_pass_reach|h24,all,q1_dark,200.0,Z14,union_at_node,ovp_pass_reach,h24,96,132,620,2.1783249031257945,6.830706631746601,69.79166666666666,31,40,25,2.8446588990592936,6.646234437343682,37,28,2.9490830973582405,6.818762345135687,37,28,2.9490830973582405,6.818762345135687,37,28,2.9490830973582405,6.818762345135687,2.1097861665698936,3.1925651993318733,100.0,4,16.96358938036111,2,6.492167999217635,96,2.1783249031257945,4,4.273914356746111,False,,,505,64
latest|q1_dark|r200|Z14|union_at_node|ovp_pass_reach|h24,latest,q1_dark,200.0,Z14,union_at_node,ovp_pass_reach,h24,96,132,620,2.1783249031257945,7.039994669115512,69.79166666666666,31,40,25,2.8446588990592936,6.711027097711683,37,28,2.9490830973582405,6.818762345135687,37,28,2.9490830973582405,6.818762345135687,37,28,2.9490830973582405,6.818762345135687,2.1097861665698936,3.1925651993318733,100.0,4,16.96358938036111,2,6.33421454518226,96,2.1783249031257945,4,4.273914356746111,False,,,505,64
all|q1_dark|r200|Z14|perzone_dedup_exact|ovp_pass_reach|h24,all,q1_dark,200.0,Z14,perzone_dedup_exact,ovp_pass_reach,h24,96,133,634,2.1783249031257945,6.830706631746601,69.79166666666666,31,40,25,2.8446588990592936,6.646234437343682,37,28,2.9490830973582405,6.818762345135687,37,28,2.9490830973582405,6.818762345135687,37,28,2.9490830973582405,6.818762345135687,2.1097861665698936,3.1925651993318733,100.0,4,16.96358938036111,2,6.492167999217635,96,2.1783249031257945,4,4.273914356746111,False,,,520,64
latest|q1_dark|r200|Z14|perzone_dedup_exact|ovp_pass_reach|h24,latest,q1_dark,200.0,Z14,perzone_dedup_exact,ovp_pass_reach,h24,96,133,634,2.1783249031257945,7.039994669115512,69.79166666666666,31,40,25,2.8446588990592936,6.711027097711683,37,28,2.9490830973582405,6.818762345135687,37,28,2.9490830973582405,6.818762345135687,37,28,2.9490830973582405,6.818762345135687,2.1097861665698936,3.1925651993318733,100.0,4,16.96358938036111,2,6.33421454518226,96,2.1783249031257945,4,4.273914356746111,False,,,520,64
all|q1_nodark|r200|Z14|union_at_crossing|ovp_pass_reach|h24,all,q1_nodark,200.0,Z14,union_at_crossing,ovp_pass_reach,h24,99,139,638,2.1151010931889758,6.779306578469008,70.70707070707071,32,42,25,2.649230419540327,6.390091639480583,39,28,2.7402347007603467,6.912930483083716,39,28,2.7402347007603467,6.912930483083716,39,28,2.7402347007603467,6.912930483083716,2.1124436298794347,3.1469376574632504,100.0,4,16.96358938036111,2,6.492167999217635,99,2.1151010931889758,5,3.5849776438485748,False,,,533,67
latest|q1_nodark|r200|Z14|union_at_crossing|ovp_pass_reach|h24,latest,q1_nodark,200.0,Z14,union_at_crossing,ovp_pass_reach,h24,99,139,638,2.1151010931889758,7.069577926248852,70.70707070707071,32,42,25,2.649230419540327,6.726917972189417,39,28,2.7402347007603467,6.9268006972077965,39,28,2.7402347007603467,6.9268006972077965,39,28,2.7402347007603467,6.9268006972077965,2.1124436298794347,3.1469376574632504,100.0,4,16.96358938036111,2,6.33421454518226,99,2.1151010931889758,5,3.5849776438485748,False,,,533,67
all|q1_dark|r200|Z14|union_at_crossing|ovp_pass_reach|sameday,all,q1_dark,200.0,Z14,union_at_crossing,ovp_pass_reach,sameday,40,246,594,2.9239225115153644,6.7459692754545495,65.0,15,13,12,2.5582261383203075,6.239277817666048,10,15,0.9793785554315093,6.989484999637447,10,15,0.9793785554315093,6.989484999637447,10,15,0.9793785554315093,6.989484999637447,0.4564349204063234,2.644031984283427,100.0,2,8.018949609555381,1,-8.002566554520385,40,2.9239225115153644,3,3.5849776438485748,False,,,537,8
latest|q1_dark|r200|Z14|union_at_crossing|ovp_pass_reach|sameday,latest,q1_dark,200.0,Z14,union_at_crossing,ovp_pass_reach,sameday,40,246,594,2.9239225115153644,6.700180811057221,65.0,15,13,12,2.5582261383203075,6.412600734337139,10,15,1.519084522247116,7.569190365448366,10,15,1.519084522247116,7.569190365448366,10,15,1.519084522247116,7.569190365448366,0.4564349204063234,2.644031984283427,100.0,2,7.860996155520006,1,-8.318473462591136,40,2.9239225115153644,3,3.5849776438485748,False,,,537,8
all|q1_nodark|r200|Z14|union_at_node|ovp_pass_reach|h24,all,q1_nodark,200.0,Z14,union_at_node,ovp_pass_reach,h24,99,139,642,2.1151010931889758,6.779306578469008,70.70707070707071,32,42,25,2.649230419540327,6.390091639480583,39,28,2.7402347007603467,6.912930483083716,39,28,2.7402347007603467,6.912930483083716,39,28,2.7402347007603467,6.912930483083716,2.1124436298794347,3.1469376574632504,100.0,4,16.96358938036111,2,6.492167999217635,99,2.1151010931889758,5,3.5849776438485748,False,,,537,67
latest|q1_nodark|r200|Z14|union_at_node|ovp_pass_reach|h24,latest,q1_nodark,200.0,Z14,union_at_node,ovp_pass_reach,h24,99,139,642,2.1151010931889758,7.069577926248852,70.70707070707071,32,42,25,2.649230419540327,6.726917972189417,39,28,2.7402347007603467,6.9268006972077965,39,28,2.7402347007603467,6.9268006972077965,39,28,2.7402347007603467,6.9268006972077965,2.1124436298794347,3.1469376574632504,100.0,4,16.96358938036111,2,6.33421454518226,99,2.1151010931889758,5,3.5849776438485748,False,,,537,67
all|q1_dark|r200|Z14|union_at_crossing|ovp_pass_reach|cal1,all,q1_dark,200.0,Z14,union_at_crossing,ovp_pass_reach,cal1,124,162,594,1.5644560360630777,7.3638164919421465,70.96774193548387,45,52,27,2.649230419540327,6.726917972189417,45,34,2.7402347007603467,7.243008407702746,43,36,2.7402347007603467,7.894816534538434,43,36,2.7402347007603467,7.894816534538434,1.3923625212667545,3.826423665819192,93.33333333333333,4,16.96358938036111,2,6.492167999217635,124,1.5644560360630777,6,5.784635793825732,False,,,537,92
latest|q1_dark|r200|Z14|union_at_crossing|ovp_pass_reach|cal1,latest,q1_dark,200.0,Z14,union_at_crossing,ovp_pass_reach,cal1,124,162,594,1.5644560360630777,7.535454740547566,70.96774193548387,45,52,27,2.649230419540327,7.054788537482557,45,34,2.7402347007603467,7.243008407702746,43,36,2.7402347007603467,7.894816534538434,43,36,2.7402347007603467,7.894816534538434,1.3923625212667545,3.826423665819192,93.33333333333333,4,16.96358938036111,2,6.33421454518226,124,1.5644560360630777,6,5.784635793825732,False,,,537,92
all|q1_dark|r200|Z14|union_at_node|ovp_pass_reach|sameday,all,q1_dark,200.0,Z14,union_at_node,ovp_pass_reach,sameday,40,246,598,2.9239225115153644,6.7459692754545495,65.0,15,13,12,2.5582261383203075,6.239277817666048,10,15,0.9793785554315093,6.989484999637447,10,15,0.9793785554315093,6.989484999637447,10,15,0.9793785554315093,6.989484999637447,0.4564349204063234,2.644031984283427,100.0,2,8.018949609555381,1,-8.002566554520385,40,2.9239225115153644,3,3.5849776438485748,False,,,541,8
latest|q1_dark|r200|Z14|union_at_node|ovp_pass_reach|sameday,latest,q1_dark,200.0,Z14,union_at_node,ovp_pass_reach,sameday,40,246,598,2.9239225115153644,6.700180811057221,65.0,15,13,12,2.5582261383203075,6.412600734337139,10,15,1.519084522247116,7.569190365448366,10,15,1.519084522247116,7.569190365448366,10,15,1.519084522247116,7.569190365448366,0.4564349204063234,2.644031984283427,100.0,2,7.860996155520006,1,-8.318473462591136,40,2.9239225115153644,3,3.5849776438485748,False,,,541,8
all|q1_dark|r200|Z14|union_at_node|ovp_pass_reach|cal1,all,q1_dark,200.0,Z14,union_at_node,ovp_pass_reach,cal1,124,162,598,1.5644560360630777,7.3638164919421465,70.96774193548387,45,52,27,2.649230419540327,6.726917972189417,45,34,2.7402347007603467,7.243008407702746,43,36,2.7402347007603467,7.894816534538434,43,36,2.7402347007603467,7.894816534538434,1.3923625212667545,3.826423665819192,93.33333333333333,4,16.96358938036111,2,6.492167999217635,124,1.5644560360630777,6,5.784635793825732,False,,,541,92
latest|q1_dark|r200|Z14|union_at_node|ovp_pass_reach|cal1,latest,q1_dark,200.0,Z14,union_at_node,ovp_pass_reach,cal1,124,162,598,1.5644560360630777,7.535454740547566,70.96774193548387,45,52,27,2.649230419540327,7.054788537482557,45,34,2.7402347007603467,7.243008407702746,43,36,2.7402347007603467,7.894816534538434,43,36,2.7402347007603467,7.894816534538434,1.3923625212667545,3.826423665819192,93.33333333333333,4,16.96358938036111,2,6.33421454518226,124,1.5644560360630777,6,5.784635793825732,False,,,541,92
all|q1_dark|r500|Z14|union_at_crossing|ovp_pass_reach|h24,all,q1_dark,500.0,Z14,union_at_crossing,ovp_pass_reach,h24,98,144,651,2.481153856150975,7.261854234309263,66.3265306122449,31,41,26,3.916371673251362,7.686181177868535,38,29,3.971515109850632,8.101350949334488,38,29,3.971515109850632,8.101350949334488,38,29,3.971515109850632,8.101350949334488,2.051931316271194,2.3445844622093834,100.0,5,16.606970920636144,4,12.579151992424364,98,2.481153856150975,5,4.220869527547233,False,,,550,66
latest|q1_dark|r500|Z14|union_at_crossing|ovp_pass_reach|h24,latest,q1_dark,500.0,Z14,union_at_crossing,ovp_pass_reach,h24,98,144,651,2.481153856150975,7.261854234309263,66.3265306122449,31,41,26,3.916371673251362,7.686181177868535,38,29,4.0686206003992975,8.101350949334488,38,29,4.0686206003992975,8.101350949334488,38,29,4.0686206003992975,8.101350949334488,2.051931316271194,2.3445844622093834,100.0,5,16.606970920636144,4,12.579151992424364,98,2.481153856150975,5,4.220869527547233,False,,,550,66
all|q1_nodark|r200|Z14|perzone_dedup_exact|ovp_pass_reach|h24,all,q1_nodark,200.0,Z14,perzone_dedup_exact,ovp_pass_reach,h24,99,140,656,2.1151010931889758,6.779306578469008,70.70707070707071,32,42,25,2.649230419540327,6.390091639480583,39,28,2.7402347007603467,6.912930483083716,39,28,2.7402347007603467,6.912930483083716,39,28,2.7402347007603467,6.912930483083716,2.1124436298794347,3.1469376574632504,100.0,4,16.96358938036111,2,6.492167999217635,99,2.1151010931889758,5,3.5849776438485748,False,,,552,67
latest|q1_nodark|r200|Z14|perzone_dedup_exact|ovp_pass_reach|h24,latest,q1_nodark,200.0,Z14,perzone_dedup_exact,ovp_pass_reach,h24,99,140,656,2.1151010931889758,7.069577926248852,70.70707070707071,32,42,25,2.649230419540327,6.726917972189417,39,28,2.7402347007603467,6.9268006972077965,39,28,2.7402347007603467,6.9268006972077965,39,28,2.7402347007603467,6.9268006972077965,2.1124436298794347,3.1469376574632504,100.0,4,16.96358938036111,2,6.33421454518226,99,2.1151010931889758,5,3.5849776438485748,False,,,552,67
all|q1_dark|r200|Z14|perzone_dedup_exact|ovp_pass_reach|sameday,all,q1_dark,200.0,Z14,perzone_dedup_exact,ovp_pass_reach,sameday,40,248,612,2.9239225115153644,6.7459692754545495,65.0,15,13,12,2.5582261383203075,6.239277817666048,10,15,0.9793785554315093,6.989484999637447,10,15,0.9793785554315093,6.989484999637447,10,15,0.9793785554315093,6.989484999637447,0.4564349204063234,2.644031984283427,100.0,2,8.018949609555381,1,-8.002566554520385,40,2.9239225115153644,3,3.5849776438485748,False,,,557,8
latest|q1_dark|r200|Z14|perzone_dedup_exact|ovp_pass_reach|sameday,latest,q1_dark,200.0,Z14,perzone_dedup_exact,ovp_pass_reach,sameday,40,248,612,2.9239225115153644,6.700180811057221,65.0,15,13,12,2.5582261383203075,6.412600734337139,10,15,1.519084522247116,7.569190365448366,10,15,1.519084522247116,7.569190365448366,10,15,1.519084522247116,7.569190365448366,0.4564349204063234,2.644031984283427,100.0,2,7.860996155520006,1,-8.318473462591136,40,2.9239225115153644,3,3.5849776438485748,False,,,557,8
all|q1_dark|r200|Z14|perzone_dedup_exact|ovp_pass_reach|cal1,all,q1_dark,200.0,Z14,perzone_dedup_exact,ovp_pass_reach,cal1,124,164,612,1.5644560360630777,7.3638164919421465,70.96774193548387,45,52,27,2.649230419540327,6.726917972189417,45,34,2.7402347007603467,7.243008407702746,43,36,2.7402347007603467,7.894816534538434,43,36,2.7402347007603467,7.894816534538434,1.3923625212667545,3.826423665819192,93.33333333333333,4,16.96358938036111,2,6.492167999217635,124,1.5644560360630777,6,5.784635793825732,False,,,557,92
latest|q1_dark|r200|Z14|perzone_dedup_exact|ovp_pass_reach|cal1,latest,q1_dark,200.0,Z14,perzone_dedup_exact,ovp_pass_reach,cal1,124,164,612,1.5644560360630777,7.535454740547566,70.96774193548387,45,52,27,2.649230419540327,7.054788537482557,45,34,2.7402347007603467,7.243008407702746,43,36,2.7402347007603467,7.894816534538434,43,36,2.7402347007603467,7.894816534538434,1.3923625212667545,3.826423665819192,93.33333333333333,4,16.96358938036111,2,6.33421454518226,124,1.5644560360630777,6,5.784635793825732,False,,,557,92
all|q1_dark|r500|Z14|union_at_node|ovp_pass_reach|h24,all,q1_dark,500.0,Z14,union_at_node,ovp_pass_reach,h24,98,144,659,2.481153856150975,7.261854234309263,66.3265306122449,31,41,26,3.916371673251362,7.686181177868535,38,29,3.971515109850632,8.101350949334488,38,29,3.971515109850632,8.101350949334488,38,29,3.971515109850632,8.101350949334488,2.051931316271194,2.3445844622093834,100.0,5,16.606970920636144,4,12.579151992424364,98,2.481153856150975,5,4.220869527547233,False,,,558,66
latest|q1_dark|r500|Z14|union_at_node|ovp_pass_reach|h24,latest,q1_dark,500.0,Z14,union_at_node,ovp_pass_reach,h24,98,144,659,2.481153856150975,7.261854234309263,66.3265306122449,31,41,26,3.916371673251362,7.686181177868535,38,29,4.0686206003992975,8.101350949334488,38,29,4.0686206003992975,8.101350949334488,38,29,4.0686206003992975,8.101350949334488,2.051931316271194,2.3445844622093834,100.0,5,16.606970920636144,4,12.579151992424364,98,2.481153856150975,5,4.220869527547233,False,,,558,66
all|q1_nodark|r200|Z14|union_at_crossing|ovp_pass_reach|sameday,all,q1_nodark,200.0,Z14,union_at_crossing,ovp_pass_reach,sameday,42,258,614,2.6929943358370068,6.403595162193818,66.66666666666666,15,15,12,1.2566299844143813,6.796033538778666,12,15,-0.1847952742855874,6.610482898967596,12,15,-0.1847952742855874,6.610482898967596,12,15,-0.1847952742855874,6.610482898967596,1.1593742437693066,2.75868604538278,100.0,2,8.018949609555381,1,-8.002566554520385,42,2.6929943358370068,4,0.051781165724218425,False,,,571,10
latest|q1_nodark|r200|Z14|union_at_crossing|ovp_pass_reach|sameday,latest,q1_nodark,200.0,Z14,union_at_crossing,ovp_pass_reach,sameday,42,258,614,2.6929943358370068,6.421303753587804,66.66666666666666,15,15,12,1.2566299844143813,6.796033538778666,12,15,0.3549106925300194,6.259734669009058,12,15,0.3549106925300194,6.259734669009058,12,15,0.3549106925300194,6.259734669009058,1.1593742437693066,2.75868604538278,100.0,2,7.860996155520006,1,-8.318473462591136,42,2.6929943358370068,4,0.051781165724218425,False,,,571,10
all|q1_nodark|r200|Z14|union_at_crossing|ovp_pass_reach|cal1,all,q1_nodark,200.0,Z14,union_at_crossing,ovp_pass_reach,cal1,130,170,614,1.7658540369320797,7.519799460435693,70.0,49,54,27,1.9074280613673444,7.51097693645115,47,34,1.2566299844143813,7.488521477254277,45,36,1.2566299844143813,7.488521477254277,45,36,1.2566299844143813,7.488521477254277,1.6844466002822855,3.9596570036793843,87.75510204081633,4,16.96358938036111,2,6.492167999217635,130,1.7658540369320797,6,4.273914356746111,False,,,571,98
latest|q1_nodark|r200|Z14|union_at_crossing|ovp_pass_reach|cal1,latest,q1_nodark,200.0,Z14,union_at_crossing,ovp_pass_reach,cal1,130,170,614,1.7658540369320797,7.569190365448366,70.0,49,54,27,1.9074280613673444,7.607331316587211,47,34,1.2566299844143813,7.931599445105626,45,36,1.2566299844143813,8.052075844338221,45,36,1.2566299844143813,8.052075844338221,1.6844466002822855,3.9596570036793843,87.75510204081633,4,16.96358938036111,2,6.33421454518226,130,1.7658540369320797,6,4.273914356746111,False,,,571,98
all|q1_dark|r500|Z14|perzone_dedup_exact|ovp_pass_reach|h24,all,q1_dark,500.0,Z14,perzone_dedup_exact,ovp_pass_reach,h24,98,146,673,2.481153856150975,7.261854234309263,66.3265306122449,31,41,26,3.916371673251362,7.686181177868535,38,29,3.971515109850632,8.101350949334488,38,29,3.971515109850632,8.101350949334488,38,29,3.971515109850632,8.101350949334488,2.051931316271194,2.3445844622093834,100.0,5,16.606970920636144,4,12.579151992424364,98,2.481153856150975,5,4.220869527547233,False,,,574,66
latest|q1_dark|r500|Z14|perzone_dedup_exact|ovp_pass_reach|h24,latest,q1_dark,500.0,Z14,perzone_dedup_exact,ovp_pass_reach,h24,98,146,673,2.481153856150975,7.261854234309263,66.3265306122449,31,41,26,3.916371673251362,7.686181177868535,38,29,4.0686206003992975,8.101350949334488,38,29,4.0686206003992975,8.101350949334488,38,29,4.0686206003992975,8.101350949334488,2.051931316271194,2.3445844622093834,100.0,5,16.606970920636144,4,12.579151992424364,98,2.481153856150975,5,4.220869527547233,False,,,574,66
all|q1_nodark|r200|Z14|union_at_node|ovp_pass_reach|sameday,all,q1_nodark,200.0,Z14,union_at_node,ovp_pass_reach,sameday,42,258,618,2.6929943358370068,6.403595162193818,66.66666666666666,15,15,12,1.2566299844143813,6.796033538778666,12,15,-0.1847952742855874,6.610482898967596,12,15,-0.1847952742855874,6.610482898967596,12,15,-0.1847952742855874,6.610482898967596,1.1593742437693066,2.75868604538278,100.0,2,8.018949609555381,1,-8.002566554520385,42,2.6929943358370068,4,0.051781165724218425,False,,,575,10
latest|q1_nodark|r200|Z14|union_at_node|ovp_pass_reach|sameday,latest,q1_nodark,200.0,Z14,union_at_node,ovp_pass_reach,sameday,42,258,618,2.6929943358370068,6.421303753587804,66.66666666666666,15,15,12,1.2566299844143813,6.796033538778666,12,15,0.3549106925300194,6.259734669009058,12,15,0.3549106925300194,6.259734669009058,12,15,0.3549106925300194,6.259734669009058,1.1593742437693066,2.75868604538278,100.0,2,7.860996155520006,1,-8.318473462591136,42,2.6929943358370068,4,0.051781165724218425,False,,,575,10
all|q1_nodark|r500|Z14|union_at_crossing|ovp_pass_reach|h24,all,q1_nodark,500.0,Z14,union_at_crossing,ovp_pass_reach,h24,102,149,667,2.70770858450744,7.085434382490911,65.68627450980392,33,43,26,3.8829911881247625,6.649233982579786,40,29,3.8996814306880623,7.16770758022416,40,29,3.8996814306880623,7.16770758022416,40,29,3.8996814306880623,7.16770758022416,2.093794815793082,2.765259947324225,93.93939393939394,5,16.606970920636144,4,12.579151992424364,102,2.70770858450744,6,3.9377800296365617,False,,,575,70
latest|q1_nodark|r500|Z14|union_at_crossing|ovp_pass_reach|h24,latest,q1_nodark,500.0,Z14,union_at_crossing,ovp_pass_reach,h24,102,149,667,2.70770858450744,7.085434382490911,65.68627450980392,33,43,26,3.8829911881247625,6.649233982579786,40,29,3.8996814306880623,7.16770758022416,40,29,3.8996814306880623,7.16770758022416,40,29,3.8996814306880623,7.16770758022416,2.093794815793082,2.765259947324225,93.93939393939394,5,16.606970920636144,4,12.579151992424364,102,2.70770858450744,6,3.9377800296365617,False,,,575,70
all|q1_nodark|r200|Z14|union_at_node|ovp_pass_reach|cal1,all,q1_nodark,200.0,Z14,union_at_node,ovp_pass_reach,cal1,130,170,618,1.7658540369320797,7.519799460435693,70.0,49,54,27,1.9074280613673444,7.51097693645115,47,34,1.2566299844143813,7.488521477254277,45,36,1.2566299844143813,7.488521477254277,45,36,1.2566299844143813,7.488521477254277,1.6844466002822855,3.9596570036793843,87.75510204081633,4,16.96358938036111,2,6.492167999217635,130,1.7658540369320797,6,4.273914356746111,False,,,575,98
latest|q1_nodark|r200|Z14|union_at_node|ovp_pass_reach|cal1,latest,q1_nodark,200.0,Z14,union_at_node,ovp_pass_reach,cal1,130,170,618,1.7658540369320797,7.569190365448366,70.0,49,54,27,1.9074280613673444,7.607331316587211,47,34,1.2566299844143813,7.931599445105626,45,36,1.2566299844143813,8.052075844338221,45,36,1.2566299844143813,8.052075844338221,1.6844466002822855,3.9596570036793843,87.75510204081633,4,16.96358938036111,2,6.33421454518226,130,1.7658540369320797,6,4.273914356746111,False,,,575,98
all|q1_nodark|r500|Z14|union_at_node|ovp_pass_reach|h24,all,q1_nodark,500.0,Z14,union_at_node,ovp_pass_reach,h24,102,149,675,2.70770858450744,7.085434382490911,65.68627450980392,33,43,26,3.8829911881247625,6.649233982579786,40,29,3.8996814306880623,7.16770758022416,40,29,3.8996814306880623,7.16770758022416,40,29,3.8996814306880623,7.16770758022416,2.093794815793082,2.765259947324225,93.93939393939394,5,16.606970920636144,4,12.579151992424364,102,2.70770858450744,6,3.9377800296365617,False,,,583,70
latest|q1_nodark|r500|Z14|union_at_node|ovp_pass_reach|h24,latest,q1_nodark,500.0,Z14,union_at_node,ovp_pass_reach,h24,102,149,675,2.70770858450744,7.085434382490911,65.68627450980392,33,43,26,3.8829911881247625,6.649233982579786,40,29,3.8996814306880623,7.16770758022416,40,29,3.8996814306880623,7.16770758022416,40,29,3.8996814306880623,7.16770758022416,2.093794815793082,2.765259947324225,93.93939393939394,5,16.606970920636144,4,12.579151992424364,102,2.70770858450744,6,3.9377800296365617,False,,,583,70
all|q1_dark|r500|Z14|union_at_crossing|ovp_pass_reach|sameday,all,q1_dark,500.0,Z14,union_at_crossing,ovp_pass_reach,sameday,41,266,624,2.5789194275592564,6.818571524090622,60.97560975609756,15,13,13,2.5789194275592564,3.5513962866686017,10,16,3.1168049796425734,4.398844081132356,10,16,3.1168049796425734,4.398844081132356,10,16,3.1168049796425734,4.398844081132356,1.028259454901459,1.9779350172817707,100.0,2,8.239860179611558,2,8.239860179611558,41,2.5789194275592564,3,3.6546905317258904,False,,,588,9
latest|q1_dark|r500|Z14|union_at_crossing|ovp_pass_reach|sameday,latest,q1_dark,500.0,Z14,union_at_crossing,ovp_pass_reach,sameday,41,266,624,2.5789194275592564,6.818571524090622,60.97560975609756,15,13,13,2.5789194275592564,3.6513536365586607,10,16,3.1168049796425734,4.528670228001247,10,16,3.1168049796425734,4.528670228001247,10,16,3.1168049796425734,4.528670228001247,1.028259454901459,1.9779350172817707,100.0,2,8.08335640354887,2,8.08335640354887,41,2.5789194275592564,3,3.6546905317258904,False,,,588,9
all|q1_dark|r500|Z14|union_at_crossing|ovp_pass_reach|cal1,all,q1_dark,500.0,Z14,union_at_crossing,ovp_pass_reach,cal1,131,176,624,2.093794815793082,7.222326920878859,69.46564885496184,49,53,29,3.662567165508257,7.81302021863427,46,36,3.8996814306880623,7.88009600212131,44,38,3.8996814306880623,8.270520819962913,44,38,3.8996814306880623,8.270520819962913,1.4306664035583339,3.2656718217974703,93.87755102040816,5,16.606970920636144,4,12.579151992424364,131,2.093794815793082,8,6.747115095743217,False,,,588,99
latest|q1_dark|r500|Z14|union_at_crossing|ovp_pass_reach|cal1,latest,q1_dark,500.0,Z14,union_at_crossing,ovp_pass_reach,cal1,131,176,624,2.093794815793082,7.222326920878859,69.46564885496184,49,53,29,3.662567165508257,7.81302021863427,46,36,3.8996814306880623,7.88009600212131,44,38,3.8996814306880623,8.270520819962913,44,38,3.8996814306880623,8.270520819962913,1.4306664035583339,3.2656718217974703,93.87755102040816,5,16.606970920636144,4,12.579151992424364,131,2.093794815793082,8,6.747115095743217,False,,,588,99
all|q1_nodark|r200|Z14|perzone_dedup_exact|ovp_pass_reach|sameday,all,q1_nodark,200.0,Z14,perzone_dedup_exact,ovp_pass_reach,sameday,42,260,632,2.6929943358370068,6.403595162193818,66.66666666666666,15,15,12,1.2566299844143813,6.796033538778666,12,15,-0.1847952742855874,6.610482898967596,12,15,-0.1847952742855874,6.610482898967596,12,15,-0.1847952742855874,6.610482898967596,1.1593742437693066,2.75868604538278,100.0,2,8.018949609555381,1,-8.002566554520385,42,2.6929943358370068,4,0.051781165724218425,False,,,591,10
latest|q1_nodark|r200|Z14|perzone_dedup_exact|ovp_pass_reach|sameday,latest,q1_nodark,200.0,Z14,perzone_dedup_exact,ovp_pass_reach,sameday,42,260,632,2.6929943358370068,6.421303753587804,66.66666666666666,15,15,12,1.2566299844143813,6.796033538778666,12,15,0.3549106925300194,6.259734669009058,12,15,0.3549106925300194,6.259734669009058,12,15,0.3549106925300194,6.259734669009058,1.1593742437693066,2.75868604538278,100.0,2,7.860996155520006,1,-8.318473462591136,42,2.6929943358370068,4,0.051781165724218425,False,,,591,10
all|q1_nodark|r200|Z14|perzone_dedup_exact|ovp_pass_reach|cal1,all,q1_nodark,200.0,Z14,perzone_dedup_exact,ovp_pass_reach,cal1,130,172,632,1.7658540369320797,7.519799460435693,70.0,49,54,27,1.9074280613673444,7.51097693645115,47,34,1.2566299844143813,7.488521477254277,45,36,1.2566299844143813,7.488521477254277,45,36,1.2566299844143813,7.488521477254277,1.6844466002822855,3.9596570036793843,87.75510204081633,4,16.96358938036111,2,6.492167999217635,130,1.7658540369320797,6,4.273914356746111,False,,,591,98
latest|q1_nodark|r200|Z14|perzone_dedup_exact|ovp_pass_reach|cal1,latest,q1_nodark,200.0,Z14,perzone_dedup_exact,ovp_pass_reach,cal1,130,172,632,1.7658540369320797,7.569190365448366,70.0,49,54,27,1.9074280613673444,7.607331316587211,47,34,1.2566299844143813,7.931599445105626,45,36,1.2566299844143813,8.052075844338221,45,36,1.2566299844143813,8.052075844338221,1.6844466002822855,3.9596570036793843,87.75510204081633,4,16.96358938036111,2,6.33421454518226,130,1.7658540369320797,6,4.273914356746111,False,,,591,98
all|q1_dark|r500|Z14|union_at_node|ovp_pass_reach|sameday,all,q1_dark,500.0,Z14,union_at_node,ovp_pass_reach,sameday,41,266,632,2.5789194275592564,6.818571524090622,60.97560975609756,15,13,13,2.5789194275592564,3.5513962866686017,10,16,3.1168049796425734,4.398844081132356,10,16,3.1168049796425734,4.398844081132356,10,16,3.1168049796425734,4.398844081132356,1.028259454901459,1.9779350172817707,100.0,2,8.239860179611558,2,8.239860179611558,41,2.5789194275592564,3,3.6546905317258904,False,,,596,9
latest|q1_dark|r500|Z14|union_at_node|ovp_pass_reach|sameday,latest,q1_dark,500.0,Z14,union_at_node,ovp_pass_reach,sameday,41,266,632,2.5789194275592564,6.818571524090622,60.97560975609756,15,13,13,2.5789194275592564,3.6513536365586607,10,16,3.1168049796425734,4.528670228001247,10,16,3.1168049796425734,4.528670228001247,10,16,3.1168049796425734,4.528670228001247,1.028259454901459,1.9779350172817707,100.0,2,8.08335640354887,2,8.08335640354887,41,2.5789194275592564,3,3.6546905317258904,False,,,596,9
all|q1_dark|r500|Z14|union_at_node|ovp_pass_reach|cal1,all,q1_dark,500.0,Z14,union_at_node,ovp_pass_reach,cal1,131,176,632,2.093794815793082,7.222326920878859,69.46564885496184,49,53,29,3.662567165508257,7.81302021863427,46,36,3.8996814306880623,7.88009600212131,44,38,3.8996814306880623,8.270520819962913,44,38,3.8996814306880623,8.270520819962913,1.4306664035583339,3.2656718217974703,93.87755102040816,5,16.606970920636144,4,12.579151992424364,131,2.093794815793082,8,6.747115095743217,False,,,596,99
latest|q1_dark|r500|Z14|union_at_node|ovp_pass_reach|cal1,latest,q1_dark,500.0,Z14,union_at_node,ovp_pass_reach,cal1,131,176,632,2.093794815793082,7.222326920878859,69.46564885496184,49,53,29,3.662567165508257,7.81302021863427,46,36,3.8996814306880623,7.88009600212131,44,38,3.8996814306880623,8.270520819962913,44,38,3.8996814306880623,8.270520819962913,1.4306664035583339,3.2656718217974703,93.87755102040816,5,16.606970920636144,4,12.579151992424364,131,2.093794815793082,8,6.747115095743217,False,,,596,99
all|q1_nodark|r500|Z14|perzone_dedup_exact|ovp_pass_reach|h24,all,q1_nodark,500.0,Z14,perzone_dedup_exact,ovp_pass_reach,h24,102,151,689,2.70770858450744,7.085434382490911,65.68627450980392,33,43,26,3.8829911881247625,6.649233982579786,40,29,3.8996814306880623,7.16770758022416,40,29,3.8996814306880623,7.16770758022416,40,29,3.8996814306880623,7.16770758022416,2.093794815793082,2.765259947324225,93.93939393939394,5,16.606970920636144,4,12.579151992424364,102,2.70770858450744,6,3.9377800296365617,False,,,599,70
latest|q1_nodark|r500|Z14|perzone_dedup_exact|ovp_pass_reach|h24,latest,q1_nodark,500.0,Z14,perzone_dedup_exact,ovp_pass_reach,h24,102,151,689,2.70770858450744,7.085434382490911,65.68627450980392,33,43,26,3.8829911881247625,6.649233982579786,40,29,3.8996814306880623,7.16770758022416,40,29,3.8996814306880623,7.16770758022416,40,29,3.8996814306880623,7.16770758022416,2.093794815793082,2.765259947324225,93.93939393939394,5,16.606970920636144,4,12.579151992424364,102,2.70770858450744,6,3.9377800296365617,False,,,599,70
all|q1_dark|r500|Z14|perzone_dedup_exact|ovp_pass_reach|sameday,all,q1_dark,500.0,Z14,perzone_dedup_exact,ovp_pass_reach,sameday,41,269,646,2.5789194275592564,6.818571524090622,60.97560975609756,15,13,13,2.5789194275592564,3.5513962866686017,10,16,3.1168049796425734,4.398844081132356,10,16,3.1168049796425734,4.398844081132356,10,16,3.1168049796425734,4.398844081132356,1.028259454901459,1.9779350172817707,100.0,2,8.239860179611558,2,8.239860179611558,41,2.5789194275592564,3,3.6546905317258904,False,,,613,9
latest|q1_dark|r500|Z14|perzone_dedup_exact|ovp_pass_reach|sameday,latest,q1_dark,500.0,Z14,perzone_dedup_exact,ovp_pass_reach,sameday,41,269,646,2.5789194275592564,6.818571524090622,60.97560975609756,15,13,13,2.5789194275592564,3.6513536365586607,10,16,3.1168049796425734,4.528670228001247,10,16,3.1168049796425734,4.528670228001247,10,16,3.1168049796425734,4.528670228001247,1.028259454901459,1.9779350172817707,100.0,2,8.08335640354887,2,8.08335640354887,41,2.5789194275592564,3,3.6546905317258904,False,,,613,9
all|q1_dark|r500|Z14|perzone_dedup_exact|ovp_pass_reach|cal1,all,q1_dark,500.0,Z14,perzone_dedup_exact,ovp_pass_reach,cal1,131,179,646,2.093794815793082,7.222326920878859,69.46564885496184,49,53,29,3.662567165508257,7.81302021863427,46,36,3.8996814306880623,7.88009600212131,44,38,3.8996814306880623,8.270520819962913,44,38,3.8996814306880623,8.270520819962913,1.4306664035583339,3.2656718217974703,93.87755102040816,5,16.606970920636144,4,12.579151992424364,131,2.093794815793082,8,6.747115095743217,False,,,613,99
latest|q1_dark|r500|Z14|perzone_dedup_exact|ovp_pass_reach|cal1,latest,q1_dark,500.0,Z14,perzone_dedup_exact,ovp_pass_reach,cal1,131,179,646,2.093794815793082,7.222326920878859,69.46564885496184,49,53,29,3.662567165508257,7.81302021863427,46,36,3.8996814306880623,7.88009600212131,44,38,3.8996814306880623,8.270520819962913,44,38,3.8996814306880623,8.270520819962913,1.4306664035583339,3.2656718217974703,93.87755102040816,5,16.606970920636144,4,12.579151992424364,131,2.093794815793082,8,6.747115095743217,False,,,613,99
all|q1_nodark|r500|Z14|union_at_crossing|ovp_pass_reach|sameday,all,q1_nodark,500.0,Z14,union_at_crossing,ovp_pass_reach,sameday,44,273,641,2.481153856150975,6.908073845825426,61.36363636363637,16,15,13,2.3833882847426935,3.2615018143287653,12,16,1.7359385856181575,3.5401900142165954,12,16,1.7359385856181575,3.5401900142165954,12,16,1.7359385856181575,3.5401900142165954,1.1090915957946201,2.1719413152288047,93.75,2,8.239860179611558,2,8.239860179611558,44,2.481153856150975,4,-0.17682769813429644,False,,,615,12
latest|q1_nodark|r500|Z14|union_at_crossing|ovp_pass_reach|sameday,latest,q1_nodark,500.0,Z14,union_at_crossing,ovp_pass_reach,sameday,44,273,641,2.481153856150975,6.908073845825426,61.36363636363637,16,15,13,2.3833882847426935,3.3614591642188247,12,16,1.7359385856181575,5.1699744151048765,12,16,1.7359385856181575,5.1699744151048765,12,16,1.7359385856181575,5.1699744151048765,1.1090915957946201,2.1719413152288047,93.75,2,8.08335640354887,2,8.08335640354887,44,2.481153856150975,4,-0.17682769813429644,False,,,615,12
all|q1_nodark|r500|Z14|union_at_crossing|ovp_pass_reach|cal1,all,q1_nodark,500.0,Z14,union_at_crossing,ovp_pass_reach,cal1,138,179,641,2.2657754897215554,7.473330849816012,67.3913043478261,53,56,29,3.6586288486170737,7.755370240914214,49,36,3.8829911881247625,7.735671085117232,47,38,3.8829911881247625,8.024520919125388,47,38,3.8829911881247625,8.024520919125388,1.6408464583779647,4.192848804357857,86.79245283018868,5,16.606970920636144,4,12.579151992424364,138,2.2657754897215554,10,6.747115095743217,False,,,615,106
latest|q1_nodark|r500|Z14|union_at_crossing|ovp_pass_reach|cal1,latest,q1_nodark,500.0,Z14,union_at_crossing,ovp_pass_reach,cal1,138,179,641,2.2657754897215554,7.473330849816012,67.3913043478261,53,56,29,3.6586288486170737,7.755370240914214,49,36,3.8829911881247625,7.735671085117232,47,38,3.8829911881247625,8.024520919125388,47,38,3.8829911881247625,8.024520919125388,1.6408464583779647,4.192848804357857,86.79245283018868,5,16.606970920636144,4,12.579151992424364,138,2.2657754897215554,10,6.747115095743217,False,,,615,106
all|q1_nodark|r500|Z14|union_at_node|ovp_pass_reach|sameday,all,q1_nodark,500.0,Z14,union_at_node,ovp_pass_reach,sameday,44,273,649,2.481153856150975,6.908073845825426,61.36363636363637,16,15,13,2.3833882847426935,3.2615018143287653,12,16,1.7359385856181575,3.5401900142165954,12,16,1.7359385856181575,3.5401900142165954,12,16,1.7359385856181575,3.5401900142165954,1.1090915957946201,2.1719413152288047,93.75,2,8.239860179611558,2,8.239860179611558,44,2.481153856150975,4,-0.17682769813429644,False,,,623,12
latest|q1_nodark|r500|Z14|union_at_node|ovp_pass_reach|sameday,latest,q1_nodark,500.0,Z14,union_at_node,ovp_pass_reach,sameday,44,273,649,2.481153856150975,6.908073845825426,61.36363636363637,16,15,13,2.3833882847426935,3.3614591642188247,12,16,1.7359385856181575,5.1699744151048765,12,16,1.7359385856181575,5.1699744151048765,12,16,1.7359385856181575,5.1699744151048765,1.1090915957946201,2.1719413152288047,93.75,2,8.08335640354887,2,8.08335640354887,44,2.481153856150975,4,-0.17682769813429644,False,,,623,12
all|q1_nodark|r500|Z14|union_at_node|ovp_pass_reach|cal1,all,q1_nodark,500.0,Z14,union_at_node,ovp_pass_reach,cal1,138,179,649,2.2657754897215554,7.473330849816012,67.3913043478261,53,56,29,3.6586288486170737,7.755370240914214,49,36,3.8829911881247625,7.735671085117232,47,38,3.8829911881247625,8.024520919125388,47,38,3.8829911881247625,8.024520919125388,1.6408464583779647,4.192848804357857,86.79245283018868,5,16.606970920636144,4,12.579151992424364,138,2.2657754897215554,10,6.747115095743217,False,,,623,106
latest|q1_nodark|r500|Z14|union_at_node|ovp_pass_reach|cal1,latest,q1_nodark,500.0,Z14,union_at_node,ovp_pass_reach,cal1,138,179,649,2.2657754897215554,7.473330849816012,67.3913043478261,53,56,29,3.6586288486170737,7.755370240914214,49,36,3.8829911881247625,7.735671085117232,47,38,3.8829911881247625,8.024520919125388,47,38,3.8829911881247625,8.024520919125388,1.6408464583779647,4.192848804357857,86.79245283018868,5,16.606970920636144,4,12.579151992424364,138,2.2657754897215554,10,6.747115095743217,False,,,623,106
all|q2_dark|r200|Z14|union_at_crossing|ovp_pass_reach|h24,all,q2_dark,200.0,Z14,union_at_crossing,ovp_pass_reach,h24,113,181,685,1.8472614735818738,7.59498167323632,66.3716814159292,37,51,25,2.7402347007603467,6.50912371233965,47,29,2.7402347007603467,7.243008407702746,47,29,2.7402347007603467,7.243008407702746,47,29,2.7402347007603467,7.243008407702746,1.6844466002822855,3.9596570036793843,86.48648648648648,4,16.96358938036111,2,6.492167999217635,113,1.8472614735818738,5,4.962851069643648,False,,,636,81
latest|q2_dark|r200|Z14|union_at_crossing|ovp_pass_reach|h24,latest,q2_dark,200.0,Z14,union_at_crossing,ovp_pass_reach,h24,113,181,685,1.8472614735818738,7.609284467406965,66.3716814159292,37,51,25,2.7402347007603467,6.912930483083716,47,29,2.7402347007603467,7.243008407702746,47,29,2.7402347007603467,7.243008407702746,47,29,2.7402347007603467,7.243008407702746,1.6844466002822855,3.9596570036793843,86.48648648648648,4,16.96358938036111,2,6.33421454518226,113,1.8472614735818738,5,4.962851069643648,False,,,636,81
all|q1_nodark|r500|Z14|perzone_dedup_exact|ovp_pass_reach|sameday,all,q1_nodark,500.0,Z14,perzone_dedup_exact,ovp_pass_reach,sameday,44,276,663,2.481153856150975,6.908073845825426,61.36363636363637,16,15,13,2.3833882847426935,3.2615018143287653,12,16,1.7359385856181575,3.5401900142165954,12,16,1.7359385856181575,3.5401900142165954,12,16,1.7359385856181575,3.5401900142165954,1.1090915957946201,2.1719413152288047,93.75,2,8.239860179611558,2,8.239860179611558,44,2.481153856150975,4,-0.17682769813429644,False,,,640,12
latest|q1_nodark|r500|Z14|perzone_dedup_exact|ovp_pass_reach|sameday,latest,q1_nodark,500.0,Z14,perzone_dedup_exact,ovp_pass_reach,sameday,44,276,663,2.481153856150975,6.908073845825426,61.36363636363637,16,15,13,2.3833882847426935,3.3614591642188247,12,16,1.7359385856181575,5.1699744151048765,12,16,1.7359385856181575,5.1699744151048765,12,16,1.7359385856181575,5.1699744151048765,1.1090915957946201,2.1719413152288047,93.75,2,8.08335640354887,2,8.08335640354887,44,2.481153856150975,4,-0.17682769813429644,False,,,640,12
all|q2_dark|r200|Z14|union_at_node|ovp_pass_reach|h24,all,q2_dark,200.0,Z14,union_at_node,ovp_pass_reach,h24,113,181,689,1.8472614735818738,7.59498167323632,66.3716814159292,37,51,25,2.7402347007603467,6.50912371233965,47,29,2.7402347007603467,7.243008407702746,47,29,2.7402347007603467,7.243008407702746,47,29,2.7402347007603467,7.243008407702746,1.6844466002822855,3.9596570036793843,86.48648648648648,4,16.96358938036111,2,6.492167999217635,113,1.8472614735818738,5,4.962851069643648,False,,,640,81
latest|q2_dark|r200|Z14|union_at_node|ovp_pass_reach|h24,latest,q2_dark,200.0,Z14,union_at_node,ovp_pass_reach,h24,113,181,689,1.8472614735818738,7.609284467406965,66.3716814159292,37,51,25,2.7402347007603467,6.912930483083716,47,29,2.7402347007603467,7.243008407702746,47,29,2.7402347007603467,7.243008407702746,47,29,2.7402347007603467,7.243008407702746,1.6844466002822855,3.9596570036793843,86.48648648648648,4,16.96358938036111,2,6.33421454518226,113,1.8472614735818738,5,4.962851069643648,False,,,640,81
all|q1_nodark|r500|Z14|perzone_dedup_exact|ovp_pass_reach|cal1,all,q1_nodark,500.0,Z14,perzone_dedup_exact,ovp_pass_reach,cal1,138,182,663,2.2657754897215554,7.473330849816012,67.3913043478261,53,56,29,3.6586288486170737,7.755370240914214,49,36,3.8829911881247625,7.735671085117232,47,38,3.8829911881247625,8.024520919125388,47,38,3.8829911881247625,8.024520919125388,1.6408464583779647,4.192848804357857,86.79245283018868,5,16.606970920636144,4,12.579151992424364,138,2.2657754897215554,10,6.747115095743217,False,,,640,106
latest|q1_nodark|r500|Z14|perzone_dedup_exact|ovp_pass_reach|cal1,latest,q1_nodark,500.0,Z14,perzone_dedup_exact,ovp_pass_reach,cal1,138,182,663,2.2657754897215554,7.473330849816012,67.3913043478261,53,56,29,3.6586288486170737,7.755370240914214,49,36,3.8829911881247625,7.735671085117232,47,38,3.8829911881247625,8.024520919125388,47,38,3.8829911881247625,8.024520919125388,1.6408464583779647,4.192848804357857,86.79245283018868,5,16.606970920636144,4,12.579151992424364,138,2.2657754897215554,10,6.747115095743217,False,,,640,106
all|q2_dark|r200|Z14|perzone_dedup_exact|ovp_pass_reach|h24,all,q2_dark,200.0,Z14,perzone_dedup_exact,ovp_pass_reach,h24,113,183,705,1.8472614735818738,7.59498167323632,66.3716814159292,37,51,25,2.7402347007603467,6.50912371233965,47,29,2.7402347007603467,7.243008407702746,47,29,2.7402347007603467,7.243008407702746,47,29,2.7402347007603467,7.243008407702746,1.6844466002822855,3.9596570036793843,86.48648648648648,4,16.96358938036111,2,6.492167999217635,113,1.8472614735818738,5,4.962851069643648,False,,,658,81
latest|q2_dark|r200|Z14|perzone_dedup_exact|ovp_pass_reach|h24,latest,q2_dark,200.0,Z14,perzone_dedup_exact,ovp_pass_reach,h24,113,183,705,1.8472614735818738,7.609284467406965,66.3716814159292,37,51,25,2.7402347007603467,6.912930483083716,47,29,2.7402347007603467,7.243008407702746,47,29,2.7402347007603467,7.243008407702746,47,29,2.7402347007603467,7.243008407702746,1.6844466002822855,3.9596570036793843,86.48648648648648,4,16.96358938036111,2,6.33421454518226,113,1.8472614735818738,5,4.962851069643648,False,,,658,81
all|q2_dark|r200|Z14|union_at_crossing|ovp_pass_reach|sameday,all,q2_dark,200.0,Z14,union_at_crossing,ovp_pass_reach,sameday,52,305,666,2.1756674398162534,7.78815845600519,57.692307692307686,21,19,12,1.7335590458090522,5.421455018205639,15,16,-1.2583509636423074,9.569228004766831,15,16,-1.2583509636423074,9.569228004766831,15,16,-1.2583509636423074,9.569228004766831,-1.1885248831708495,4.890075962345626,76.19047619047619,2,8.018949609555381,1,-8.002566554520385,52,2.1756674398162534,3,3.5849776438485748,False,,,680,20
latest|q2_dark|r200|Z14|union_at_crossing|ovp_pass_reach|sameday,latest,q2_dark,200.0,Z14,union_at_crossing,ovp_pass_reach,sameday,52,305,666,2.1756674398162534,7.961213294220496,57.692307692307686,21,19,12,1.7335590458090522,5.421455018205639,15,16,-1.0882466093629972,9.317031289112327,15,16,-1.0882466093629972,9.317031289112327,15,16,-1.0882466093629972,9.317031289112327,-1.1885248831708495,4.890075962345626,76.19047619047619,2,7.860996155520006,1,-8.318473462591136,52,2.1756674398162534,3,3.5849776438485748,False,,,680,20
all|q2_dark|r200|Z14|union_at_crossing|ovp_pass_reach|cal1,all,q2_dark,200.0,Z14,union_at_crossing,ovp_pass_reach,cal1,158,199,666,2.1124436298794347,9.413381981598594,61.39240506329114,53,67,38,2.7402347007603467,7.596284383803003,59,46,2.7402347007603467,8.750894306280783,57,48,2.7402347007603467,8.933206574021769,57,48,2.7402347007603467,8.933206574021769,0.6883313255855228,4.06708075866754,83.01886792452831,4,16.96358938036111,2,6.492167999217635,158,2.1124436298794347,7,6.606420518007816,False,,,680,126
latest|q2_dark|r200|Z14|union_at_crossing|ovp_pass_reach|cal1,latest,q2_dark,200.0,Z14,union_at_crossing,ovp_pass_reach,cal1,158,199,666,2.1124436298794347,9.413381981598594,61.39240506329114,53,67,38,2.7402347007603467,7.596284383803003,59,46,2.7402347007603467,8.750894306280783,57,48,2.7402347007603467,8.933206574021769,57,48,2.7402347007603467,8.933206574021769,0.6883313255855228,4.06708075866754,83.01886792452831,4,16.96358938036111,2,6.33421454518226,158,2.1124436298794347,7,6.606420518007816,False,,,680,126
all|q2_dark|r500|Z14|union_at_crossing|ovp_pass_reach|h24,all,q2_dark,500.0,Z14,union_at_crossing,ovp_pass_reach,h24,116,191,719,1.993852676000607,7.80875647590618,63.793103448275865,37,53,26,3.370432365028364,7.707111102429024,49,30,3.6546905317258904,8.128552260374775,49,30,3.6546905317258904,8.128552260374775,49,30,3.6546905317258904,8.128552260374775,1.700472942421527,2.8656566472789,86.48648648648648,5,16.606970920636144,4,12.579151992424364,116,1.993852676000607,8,6.249889894889682,False,,,683,84
latest|q2_dark|r500|Z14|union_at_crossing|ovp_pass_reach|h24,latest,q2_dark,500.0,Z14,union_at_crossing,ovp_pass_reach,h24,116,191,719,1.993852676000607,7.80875647590618,63.793103448275865,37,53,26,3.370432365028364,7.707111102429024,49,30,3.6546905317258904,8.128552260374775,49,30,3.6546905317258904,8.128552260374775,49,30,3.6546905317258904,8.128552260374775,1.700472942421527,2.8656566472789,86.48648648648648,5,16.606970920636144,4,12.579151992424364,116,1.993852676000607,8,6.249889894889682,False,,,683,84
all|q2_dark|r200|Z14|union_at_node|ovp_pass_reach|sameday,all,q2_dark,200.0,Z14,union_at_node,ovp_pass_reach,sameday,52,305,670,2.1756674398162534,7.78815845600519,57.692307692307686,21,19,12,1.7335590458090522,5.421455018205639,15,16,-1.2583509636423074,9.569228004766831,15,16,-1.2583509636423074,9.569228004766831,15,16,-1.2583509636423074,9.569228004766831,-1.1885248831708495,4.890075962345626,76.19047619047619,2,8.018949609555381,1,-8.002566554520385,52,2.1756674398162534,3,3.5849776438485748,False,,,684,20
latest|q2_dark|r200|Z14|union_at_node|ovp_pass_reach|sameday,latest,q2_dark,200.0,Z14,union_at_node,ovp_pass_reach,sameday,52,305,670,2.1756674398162534,7.961213294220496,57.692307692307686,21,19,12,1.7335590458090522,5.421455018205639,15,16,-1.0882466093629972,9.317031289112327,15,16,-1.0882466093629972,9.317031289112327,15,16,-1.0882466093629972,9.317031289112327,-1.1885248831708495,4.890075962345626,76.19047619047619,2,7.860996155520006,1,-8.318473462591136,52,2.1756674398162534,3,3.5849776438485748,False,,,684,20
all|q2_dark|r200|Z14|union_at_node|ovp_pass_reach|cal1,all,q2_dark,200.0,Z14,union_at_node,ovp_pass_reach,cal1,158,199,670,2.1124436298794347,9.413381981598594,61.39240506329114,53,67,38,2.7402347007603467,7.596284383803003,59,46,2.7402347007603467,8.750894306280783,57,48,2.7402347007603467,8.933206574021769,57,48,2.7402347007603467,8.933206574021769,0.6883313255855228,4.06708075866754,83.01886792452831,4,16.96358938036111,2,6.492167999217635,158,2.1124436298794347,7,6.606420518007816,False,,,684,126
latest|q2_dark|r200|Z14|union_at_node|ovp_pass_reach|cal1,latest,q2_dark,200.0,Z14,union_at_node,ovp_pass_reach,cal1,158,199,670,2.1124436298794347,9.413381981598594,61.39240506329114,53,67,38,2.7402347007603467,7.596284383803003,59,46,2.7402347007603467,8.750894306280783,57,48,2.7402347007603467,8.933206574021769,57,48,2.7402347007603467,8.933206574021769,0.6883313255855228,4.06708075866754,83.01886792452831,4,16.96358938036111,2,6.33421454518226,158,2.1124436298794347,7,6.606420518007816,False,,,684,126
all|q2_dark|r500|Z14|union_at_node|ovp_pass_reach|h24,all,q2_dark,500.0,Z14,union_at_node,ovp_pass_reach,h24,116,191,727,1.993852676000607,7.80875647590618,63.793103448275865,37,53,26,3.370432365028364,7.707111102429024,49,30,3.6546905317258904,8.128552260374775,49,30,3.6546905317258904,8.128552260374775,49,30,3.6546905317258904,8.128552260374775,1.700472942421527,2.8656566472789,86.48648648648648,5,16.606970920636144,4,12.579151992424364,116,1.993852676000607,8,6.249889894889682,False,,,691,84
latest|q2_dark|r500|Z14|union_at_node|ovp_pass_reach|h24,latest,q2_dark,500.0,Z14,union_at_node,ovp_pass_reach,h24,116,191,727,1.993852676000607,7.80875647590618,63.793103448275865,37,53,26,3.370432365028364,7.707111102429024,49,30,3.6546905317258904,8.128552260374775,49,30,3.6546905317258904,8.128552260374775,49,30,3.6546905317258904,8.128552260374775,1.700472942421527,2.8656566472789,86.48648648648648,5,16.606970920636144,4,12.579151992424364,116,1.993852676000607,8,6.249889894889682,False,,,691,84
all|q2_dark|r200|Z14|perzone_dedup_exact|ovp_pass_reach|sameday,all,q2_dark,200.0,Z14,perzone_dedup_exact,ovp_pass_reach,sameday,52,308,686,2.1756674398162534,7.78815845600519,57.692307692307686,21,19,12,1.7335590458090522,5.421455018205639,15,16,-1.2583509636423074,9.569228004766831,15,16,-1.2583509636423074,9.569228004766831,15,16,-1.2583509636423074,9.569228004766831,-1.1885248831708495,4.890075962345626,76.19047619047619,2,8.018949609555381,1,-8.002566554520385,52,2.1756674398162534,3,3.5849776438485748,False,,,703,20
latest|q2_dark|r200|Z14|perzone_dedup_exact|ovp_pass_reach|sameday,latest,q2_dark,200.0,Z14,perzone_dedup_exact,ovp_pass_reach,sameday,52,308,686,2.1756674398162534,7.961213294220496,57.692307692307686,21,19,12,1.7335590458090522,5.421455018205639,15,16,-1.0882466093629972,9.317031289112327,15,16,-1.0882466093629972,9.317031289112327,15,16,-1.0882466093629972,9.317031289112327,-1.1885248831708495,4.890075962345626,76.19047619047619,2,7.860996155520006,1,-8.318473462591136,52,2.1756674398162534,3,3.5849776438485748,False,,,703,20
all|q2_dark|r200|Z14|perzone_dedup_exact|ovp_pass_reach|cal1,all,q2_dark,200.0,Z14,perzone_dedup_exact,ovp_pass_reach,cal1,158,202,686,2.1124436298794347,9.413381981598594,61.39240506329114,53,67,38,2.7402347007603467,7.596284383803003,59,46,2.7402347007603467,8.750894306280783,57,48,2.7402347007603467,8.933206574021769,57,48,2.7402347007603467,8.933206574021769,0.6883313255855228,4.06708075866754,83.01886792452831,4,16.96358938036111,2,6.492167999217635,158,2.1124436298794347,7,6.606420518007816,False,,,703,126
latest|q2_dark|r200|Z14|perzone_dedup_exact|ovp_pass_reach|cal1,latest,q2_dark,200.0,Z14,perzone_dedup_exact,ovp_pass_reach,cal1,158,202,686,2.1124436298794347,9.413381981598594,61.39240506329114,53,67,38,2.7402347007603467,7.596284383803003,59,46,2.7402347007603467,8.750894306280783,57,48,2.7402347007603467,8.933206574021769,57,48,2.7402347007603467,8.933206574021769,0.6883313255855228,4.06708075866754,83.01886792452831,4,16.96358938036111,2,6.33421454518226,158,2.1124436298794347,7,6.606420518007816,False,,,703,126
all|q2_dark|r500|Z14|perzone_dedup_exact|ovp_pass_reach|h24,all,q2_dark,500.0,Z14,perzone_dedup_exact,ovp_pass_reach,h24,116,194,744,1.993852676000607,7.80875647590618,63.793103448275865,37,53,26,3.370432365028364,7.707111102429024,49,30,3.6546905317258904,8.128552260374775,49,30,3.6546905317258904,8.128552260374775,49,30,3.6546905317258904,8.128552260374775,1.700472942421527,2.8656566472789,86.48648648648648,5,16.606970920636144,4,12.579151992424364,116,1.993852676000607,8,6.249889894889682,False,,,711,84
latest|q2_dark|r500|Z14|perzone_dedup_exact|ovp_pass_reach|h24,latest,q2_dark,500.0,Z14,perzone_dedup_exact,ovp_pass_reach,h24,116,194,744,1.993852676000607,7.80875647590618,63.793103448275865,37,53,26,3.370432365028364,7.707111102429024,49,30,3.6546905317258904,8.128552260374775,49,30,3.6546905317258904,8.128552260374775,49,30,3.6546905317258904,8.128552260374775,1.700472942421527,2.8656566472789,86.48648648648648,5,16.606970920636144,4,12.579151992424364,116,1.993852676000607,8,6.249889894889682,False,,,711,84
all|q2_dark|r500|Z14|union_at_crossing|ovp_pass_reach|sameday,all,q2_dark,500.0,Z14,union_at_crossing,ovp_pass_reach,sameday,54,323,694,1.7170159941152896,8.415108752126448,55.55555555555556,21,20,13,0.9585472473854217,4.692750412280449,16,17,-0.14721822704153453,6.939358056529866,16,17,-0.14721822704153453,6.939358056529866,16,17,-0.14721822704153453,6.939358056529866,-0.06316820187013406,2.9636317614659884,76.19047619047619,2,8.239860179611558,2,8.239860179611558,54,1.7170159941152896,4,-4.964025594870636,False,,,728,22
latest|q2_dark|r500|Z14|union_at_crossing|ovp_pass_reach|sameday,latest,q2_dark,500.0,Z14,union_at_crossing,ovp_pass_reach,sameday,54,323,694,1.7170159941152896,8.425173857130694,55.55555555555556,21,20,13,0.9585472473854217,6.322534813168732,16,17,-0.14721822704153453,8.425173857130694,16,17,-0.14721822704153453,8.425173857130694,16,17,-0.14721822704153453,8.425173857130694,-0.06316820187013406,2.9636317614659884,76.19047619047619,2,8.08335640354887,2,8.08335640354887,54,1.7170159941152896,4,-4.964025594870636,False,,,728,22
all|q2_dark|r500|Z14|union_at_crossing|ovp_pass_reach|cal1,all,q2_dark,500.0,Z14,union_at_crossing,ovp_pass_reach,cal1,164,213,694,1.993852676000607,8.873504369028886,60.36585365853659,56,69,39,2.8364977414556236,8.20076516661145,61,47,3.370432365028364,8.713692125317017,59,49,3.370432365028364,9.961971178593645,59,49,3.370432365028364,9.961971178593645,0.8456175112038444,4.021888915527169,82.14285714285714,5,16.606970920636144,4,12.579151992424364,164,1.993852676000607,11,7.082607719114531,False,,,728,132
latest|q2_dark|r500|Z14|union_at_crossing|ovp_pass_reach|cal1,latest,q2_dark,500.0,Z14,union_at_crossing,ovp_pass_reach,cal1,164,213,694,1.993852676000607,8.873504369028886,60.36585365853659,56,69,39,2.8364977414556236,8.20076516661145,61,47,3.370432365028364,8.713692125317017,59,49,3.370432365028364,9.961971178593645,59,49,3.370432365028364,9.961971178593645,0.8456175112038444,4.021888915527169,82.14285714285714,5,16.606970920636144,4,12.579151992424364,164,1.993852676000607,11,7.082607719114531,False,,,728,132
all|q2_dark|r500|Z14|union_at_node|ovp_pass_reach|sameday,all,q2_dark,500.0,Z14,union_at_node,ovp_pass_reach,sameday,54,323,702,1.7170159941152896,8.415108752126448,55.55555555555556,21,20,13,0.9585472473854217,4.692750412280449,16,17,-0.14721822704153453,6.939358056529866,16,17,-0.14721822704153453,6.939358056529866,16,17,-0.14721822704153453,6.939358056529866,-0.06316820187013406,2.9636317614659884,76.19047619047619,2,8.239860179611558,2,8.239860179611558,54,1.7170159941152896,4,-4.964025594870636,False,,,736,22
latest|q2_dark|r500|Z14|union_at_node|ovp_pass_reach|sameday,latest,q2_dark,500.0,Z14,union_at_node,ovp_pass_reach,sameday,54,323,702,1.7170159941152896,8.425173857130694,55.55555555555556,21,20,13,0.9585472473854217,6.322534813168732,16,17,-0.14721822704153453,8.425173857130694,16,17,-0.14721822704153453,8.425173857130694,16,17,-0.14721822704153453,8.425173857130694,-0.06316820187013406,2.9636317614659884,76.19047619047619,2,8.08335640354887,2,8.08335640354887,54,1.7170159941152896,4,-4.964025594870636,False,,,736,22
all|q2_dark|r500|Z14|union_at_node|ovp_pass_reach|cal1,all,q2_dark,500.0,Z14,union_at_node,ovp_pass_reach,cal1,164,213,702,1.993852676000607,8.873504369028886,60.36585365853659,56,69,39,2.8364977414556236,8.20076516661145,61,47,3.370432365028364,8.713692125317017,59,49,3.370432365028364,9.961971178593645,59,49,3.370432365028364,9.961971178593645,0.8456175112038444,4.021888915527169,82.14285714285714,5,16.606970920636144,4,12.579151992424364,164,1.993852676000607,11,7.082607719114531,False,,,736,132
latest|q2_dark|r500|Z14|union_at_node|ovp_pass_reach|cal1,latest,q2_dark,500.0,Z14,union_at_node,ovp_pass_reach,cal1,164,213,702,1.993852676000607,8.873504369028886,60.36585365853659,56,69,39,2.8364977414556236,8.20076516661145,61,47,3.370432365028364,8.713692125317017,59,49,3.370432365028364,9.961971178593645,59,49,3.370432365028364,9.961971178593645,0.8456175112038444,4.021888915527169,82.14285714285714,5,16.606970920636144,4,12.579151992424364,164,1.993852676000607,11,7.082607719114531,False,,,736,132
all|q2_dark|r500|Z14|perzone_dedup_exact|ovp_pass_reach|sameday,all,q2_dark,500.0,Z14,perzone_dedup_exact,ovp_pass_reach,sameday,54,327,719,1.7170159941152896,8.415108752126448,55.55555555555556,21,20,13,0.9585472473854217,4.692750412280449,16,17,-0.14721822704153453,6.939358056529866,16,17,-0.14721822704153453,6.939358056529866,16,17,-0.14721822704153453,6.939358056529866,-0.06316820187013406,2.9636317614659884,76.19047619047619,2,8.239860179611558,2,8.239860179611558,54,1.7170159941152896,4,-4.964025594870636,False,,,757,22
latest|q2_dark|r500|Z14|perzone_dedup_exact|ovp_pass_reach|sameday,latest,q2_dark,500.0,Z14,perzone_dedup_exact,ovp_pass_reach,sameday,54,327,719,1.7170159941152896,8.425173857130694,55.55555555555556,21,20,13,0.9585472473854217,6.322534813168732,16,17,-0.14721822704153453,8.425173857130694,16,17,-0.14721822704153453,8.425173857130694,16,17,-0.14721822704153453,8.425173857130694,-0.06316820187013406,2.9636317614659884,76.19047619047619,2,8.08335640354887,2,8.08335640354887,54,1.7170159941152896,4,-4.964025594870636,False,,,757,22
all|q2_dark|r500|Z14|perzone_dedup_exact|ovp_pass_reach|cal1,all,q2_dark,500.0,Z14,perzone_dedup_exact,ovp_pass_reach,cal1,164,217,719,1.993852676000607,8.873504369028886,60.36585365853659,56,69,39,2.8364977414556236,8.20076516661145,61,47,3.370432365028364,8.713692125317017,59,49,3.370432365028364,9.961971178593645,59,49,3.370432365028364,9.961971178593645,0.8456175112038444,4.021888915527169,82.14285714285714,5,16.606970920636144,4,12.579151992424364,164,1.993852676000607,11,7.082607719114531,False,,,757,132
latest|q2_dark|r500|Z14|perzone_dedup_exact|ovp_pass_reach|cal1,latest,q2_dark,500.0,Z14,perzone_dedup_exact,ovp_pass_reach,cal1,164,217,719,1.993852676000607,8.873504369028886,60.36585365853659,56,69,39,2.8364977414556236,8.20076516661145,61,47,3.370432365028364,8.713692125317017,59,49,3.370432365028364,9.961971178593645,59,49,3.370432365028364,9.961971178593645,0.8456175112038444,4.021888915527169,82.14285714285714,5,16.606970920636144,4,12.579151992424364,164,1.993852676000607,11,7.082607719114531,False,,,757,132
all|q1_dark|r200|Z1234|union_at_crossing|ovp_pass_reach|h24,all,q1_dark,200.0,Z1234,union_at_crossing,ovp_pass_reach,h24,129,197,872,1.8472614735818738,8.23685258969852,68.9922480620155,38,49,42,2.7402347007603467,6.721344545628695,46,45,2.8446588990592936,6.98217647666572,46,45,2.8446588990592936,6.98217647666572,46,45,2.8446588990592936,6.98217647666572,1.9785238200758837,3.9567190284550566,97.36842105263158,4,16.96358938036111,2,6.492167999217635,96,2.1783249031257945,4,4.273914356746111,False,,,855,97
all|q1_dark|r200|Z1234|union_at_node|ovp_pass_reach|h24,all,q1_dark,200.0,Z1234,union_at_node,ovp_pass_reach,h24,129,197,872,1.8472614735818738,8.23685258969852,68.9922480620155,38,49,42,2.7402347007603467,6.721344545628695,46,45,2.8446588990592936,6.98217647666572,46,45,2.8446588990592936,6.98217647666572,46,45,2.8446588990592936,6.98217647666572,1.9785238200758837,3.9567190284550566,97.36842105263158,4,16.96358938036111,2,6.492167999217635,96,2.1783249031257945,4,4.273914356746111,False,,,855,97
all|q1_dark|r200|Z123_master|union_at_crossing|ovp_pass_reach|h24,all,q1_dark,200.0,Z123_master,union_at_crossing,ovp_pass_reach,h24,129,197,872,1.8472614735818738,8.23685258969852,68.9922480620155,38,49,42,2.7402347007603467,6.721344545628695,46,45,2.8446588990592936,6.98217647666572,46,45,2.8446588990592936,6.98217647666572,46,45,2.8446588990592936,6.98217647666572,1.9785238200758837,3.9567190284550566,97.36842105263158,4,16.96358938036111,2,6.492167999217635,96,2.1783249031257945,4,4.273914356746111,False,,,855,97
all|q1_dark|r200|Z123_master|union_at_node|ovp_pass_reach|h24,all,q1_dark,200.0,Z123_master,union_at_node,ovp_pass_reach,h24,129,197,872,1.8472614735818738,8.23685258969852,68.9922480620155,38,49,42,2.7402347007603467,6.721344545628695,46,45,2.8446588990592936,6.98217647666572,46,45,2.8446588990592936,6.98217647666572,46,45,2.8446588990592936,6.98217647666572,1.9785238200758837,3.9567190284550566,97.36842105263158,4,16.96358938036111,2,6.492167999217635,96,2.1783249031257945,4,4.273914356746111,False,,,855,97
latest|q1_dark|r200|Z1234|union_at_crossing|ovp_pass_reach|h24,latest,q1_dark,200.0,Z1234,union_at_crossing,ovp_pass_reach,h24,129,197,872,1.8472614735818738,8.250722803822601,68.9922480620155,38,49,42,2.7402347007603467,6.912930483083716,46,45,2.8446588990592936,6.98217647666572,46,45,2.8446588990592936,6.98217647666572,46,45,2.8446588990592936,6.98217647666572,1.9785238200758837,3.9567190284550566,97.36842105263158,4,16.96358938036111,2,6.33421454518226,96,2.1783249031257945,4,4.273914356746111,False,,,855,97
latest|q1_dark|r200|Z1234|union_at_node|ovp_pass_reach|h24,latest,q1_dark,200.0,Z1234,union_at_node,ovp_pass_reach,h24,129,197,872,1.8472614735818738,8.250722803822601,68.9922480620155,38,49,42,2.7402347007603467,6.912930483083716,46,45,2.8446588990592936,6.98217647666572,46,45,2.8446588990592936,6.98217647666572,46,45,2.8446588990592936,6.98217647666572,1.9785238200758837,3.9567190284550566,97.36842105263158,4,16.96358938036111,2,6.33421454518226,96,2.1783249031257945,4,4.273914356746111,False,,,855,97
latest|q1_dark|r200|Z123_master|union_at_crossing|ovp_pass_reach|h24,latest,q1_dark,200.0,Z123_master,union_at_crossing,ovp_pass_reach,h24,129,197,872,1.8472614735818738,8.250722803822601,68.9922480620155,38,49,42,2.7402347007603467,6.912930483083716,46,45,2.8446588990592936,6.98217647666572,46,45,2.8446588990592936,6.98217647666572,46,45,2.8446588990592936,6.98217647666572,1.9785238200758837,3.9567190284550566,97.36842105263158,4,16.96358938036111,2,6.33421454518226,96,2.1783249031257945,4,4.273914356746111,False,,,855,97
latest|q1_dark|r200|Z123_master|union_at_node|ovp_pass_reach|h24,latest,q1_dark,200.0,Z123_master,union_at_node,ovp_pass_reach,h24,129,197,872,1.8472614735818738,8.250722803822601,68.9922480620155,38,49,42,2.7402347007603467,6.912930483083716,46,45,2.8446588990592936,6.98217647666572,46,45,2.8446588990592936,6.98217647666572,46,45,2.8446588990592936,6.98217647666572,1.9785238200758837,3.9567190284550566,97.36842105263158,4,16.96358938036111,2,6.33421454518226,96,2.1783249031257945,4,4.273914356746111,False,,,855,97
all|q1_dark|r200|Z123_master|perzone_dedup_exact|ovp_pass_reach|h24,all,q1_dark,200.0,Z123_master,perzone_dedup_exact,ovp_pass_reach,h24,132,199,883,1.7739266963790357,8.378329687848513,68.93939393939394,38,52,42,2.649230419540327,7.212892392730032,49,45,2.7402347007603467,7.894816534538434,49,45,2.7402347007603467,7.894816534538434,49,45,2.7402347007603467,7.894816534538434,1.9785238200758837,3.9567190284550566,97.36842105263158,4,16.96358938036111,2,6.492167999217635,98,2.1124436298794347,4,4.273914356746111,False,,,871,100
latest|q1_dark|r200|Z123_master|perzone_dedup_exact|ovp_pass_reach|h24,latest,q1_dark,200.0,Z123_master,perzone_dedup_exact,ovp_pass_reach,h24,132,199,883,1.7739266963790357,8.385264794910553,68.93939393939394,38,52,42,2.649230419540327,7.219827499792072,49,45,2.7402347007603467,7.894816534538434,49,45,2.7402347007603467,7.894816534538434,49,45,2.7402347007603467,7.894816534538434,1.9785238200758837,3.9567190284550566,97.36842105263158,4,16.96358938036111,2,6.33421454518226,98,2.1124436298794347,4,4.273914356746111,False,,,871,100
all|q1_dark|r200|Z1234|perzone_dedup_exact|ovp_pass_reach|h24,all,q1_dark,200.0,Z1234,perzone_dedup_exact,ovp_pass_reach,h24,132,199,892,1.7739266963790357,8.378329687848513,68.93939393939394,38,52,42,2.649230419540327,7.212892392730032,49,45,2.7402347007603467,7.894816534538434,49,45,2.7402347007603467,7.894816534538434,49,45,2.7402347007603467,7.894816534538434,1.9785238200758837,3.9567190284550566,97.36842105263158,4,16.96358938036111,2,6.492167999217635,98,2.1124436298794347,4,4.273914356746111,False,,,880,100
latest|q1_dark|r200|Z1234|perzone_dedup_exact|ovp_pass_reach|h24,latest,q1_dark,200.0,Z1234,perzone_dedup_exact,ovp_pass_reach,h24,132,199,892,1.7739266963790357,8.385264794910553,68.93939393939394,38,52,42,2.649230419540327,7.219827499792072,49,45,2.7402347007603467,7.894816534538434,49,45,2.7402347007603467,7.894816534538434,49,45,2.7402347007603467,7.894816534538434,1.9785238200758837,3.9567190284550566,97.36842105263158,4,16.96358938036111,2,6.33421454518226,98,2.1124436298794347,4,4.273914356746111,False,,,880,100
all|q1_nodark|r200|Z1234|union_at_crossing|ovp_pass_reach|h24,all,q1_nodark,200.0,Z1234,union_at_crossing,ovp_pass_reach,h24,133,205,900,1.7005919191761976,8.141755079143215,68.42105263157895,39,51,43,2.5582261383203075,7.182776377757319,48,46,2.220413309968272,8.088107490862258,48,46,2.220413309968272,8.088107490862258,48,46,2.220413309968272,8.088107490862258,2.1097861665698936,3.654803482488144,97.43589743589743,4,16.96358938036111,2,6.492167999217635,99,2.1151010931889758,5,3.5849776438485748,False,,,895,101
all|q1_nodark|r200|Z1234|union_at_node|ovp_pass_reach|h24,all,q1_nodark,200.0,Z1234,union_at_node,ovp_pass_reach,h24,133,205,900,1.7005919191761976,8.141755079143215,68.42105263157895,39,51,43,2.5582261383203075,7.182776377757319,48,46,2.220413309968272,8.088107490862258,48,46,2.220413309968272,8.088107490862258,48,46,2.220413309968272,8.088107490862258,2.1097861665698936,3.654803482488144,97.43589743589743,4,16.96358938036111,2,6.492167999217635,99,2.1151010931889758,5,3.5849776438485748,False,,,895,101
all|q1_nodark|r200|Z123_master|union_at_crossing|ovp_pass_reach|h24,all,q1_nodark,200.0,Z123_master,union_at_crossing,ovp_pass_reach,h24,133,205,900,1.7005919191761976,8.141755079143215,68.42105263157895,39,51,43,2.5582261383203075,7.182776377757319,48,46,2.220413309968272,8.088107490862258,48,46,2.220413309968272,8.088107490862258,48,46,2.220413309968272,8.088107490862258,2.1097861665698936,3.654803482488144,97.43589743589743,4,16.96358938036111,2,6.492167999217635,99,2.1151010931889758,5,3.5849776438485748,False,,,895,101
all|q1_nodark|r200|Z123_master|union_at_node|ovp_pass_reach|h24,all,q1_nodark,200.0,Z123_master,union_at_node,ovp_pass_reach,h24,133,205,900,1.7005919191761976,8.141755079143215,68.42105263157895,39,51,43,2.5582261383203075,7.182776377757319,48,46,2.220413309968272,8.088107490862258,48,46,2.220413309968272,8.088107490862258,48,46,2.220413309968272,8.088107490862258,2.1097861665698936,3.654803482488144,97.43589743589743,4,16.96358938036111,2,6.492167999217635,99,2.1151010931889758,5,3.5849776438485748,False,,,895,101
latest|q1_nodark|r200|Z1234|union_at_crossing|ovp_pass_reach|h24,latest,q1_nodark,200.0,Z1234,union_at_crossing,ovp_pass_reach,h24,133,205,900,1.7005919191761976,8.454304871060376,68.42105263157895,39,51,43,2.5582261383203075,7.196646591881399,48,46,2.220413309968272,8.088107490862258,48,46,2.220413309968272,8.088107490862258,48,46,2.220413309968272,8.088107490862258,2.1097861665698936,3.654803482488144,97.43589743589743,4,16.96358938036111,2,6.33421454518226,99,2.1151010931889758,5,3.5849776438485748,False,,,895,101
latest|q1_nodark|r200|Z1234|union_at_node|ovp_pass_reach|h24,latest,q1_nodark,200.0,Z1234,union_at_node,ovp_pass_reach,h24,133,205,900,1.7005919191761976,8.454304871060376,68.42105263157895,39,51,43,2.5582261383203075,7.196646591881399,48,46,2.220413309968272,8.088107490862258,48,46,2.220413309968272,8.088107490862258,48,46,2.220413309968272,8.088107490862258,2.1097861665698936,3.654803482488144,97.43589743589743,4,16.96358938036111,2,6.33421454518226,99,2.1151010931889758,5,3.5849776438485748,False,,,895,101
latest|q1_nodark|r200|Z123_master|union_at_crossing|ovp_pass_reach|h24,latest,q1_nodark,200.0,Z123_master,union_at_crossing,ovp_pass_reach,h24,133,205,900,1.7005919191761976,8.454304871060376,68.42105263157895,39,51,43,2.5582261383203075,7.196646591881399,48,46,2.220413309968272,8.088107490862258,48,46,2.220413309968272,8.088107490862258,48,46,2.220413309968272,8.088107490862258,2.1097861665698936,3.654803482488144,97.43589743589743,4,16.96358938036111,2,6.33421454518226,99,2.1151010931889758,5,3.5849776438485748,False,,,895,101
latest|q1_nodark|r200|Z123_master|union_at_node|ovp_pass_reach|h24,latest,q1_nodark,200.0,Z123_master,union_at_node,ovp_pass_reach,h24,133,205,900,1.7005919191761976,8.454304871060376,68.42105263157895,39,51,43,2.5582261383203075,7.196646591881399,48,46,2.220413309968272,8.088107490862258,48,46,2.220413309968272,8.088107490862258,48,46,2.220413309968272,8.088107490862258,2.1097861665698936,3.654803482488144,97.43589743589743,4,16.96358938036111,2,6.33421454518226,99,2.1151010931889758,5,3.5849776438485748,False,,,895,101
all|q1_dark|r200|Z123_master|perzone_concat|ovp_pass_reach|h24,all,q1_dark,200.0,Z123_master,perzone_concat,ovp_pass_reach,h24,134,206,898,1.7739266963790357,8.298029975101795,69.40298507462687,38,53,43,2.7402347007603467,6.912930483083716,50,46,2.8446588990592936,7.41409315472257,50,46,2.8446588990592936,7.41409315472257,50,46,2.8446588990592936,7.41409315472257,1.9785238200758837,3.9567190284550566,97.36842105263158,4,16.96358938036111,2,6.492167999217635,98,2.1124436298794347,4,4.273914356746111,False,,,895,102
latest|q1_dark|r200|Z123_master|perzone_concat|ovp_pass_reach|h24,latest,q1_dark,200.0,Z123_master,perzone_concat,ovp_pass_reach,h24,134,206,898,1.7739266963790357,8.352513837441489,69.40298507462687,38,53,43,2.7402347007603467,6.9268006972077965,50,46,2.8446588990592936,7.41409315472257,50,46,2.8446588990592936,7.41409315472257,50,46,2.8446588990592936,7.41409315472257,1.9785238200758837,3.9567190284550566,97.36842105263158,4,16.96358938036111,2,6.33421454518226,98,2.1124436298794347,4,4.273914356746111,False,,,895,102
all|q1_dark|r200|Z1234|union_at_crossing|ovp_pass_reach|sameday,all,q1_dark,200.0,Z1234,union_at_crossing,ovp_pass_reach,sameday,58,348,847,1.163963395651102,7.57533501034478,72.41379310344827,20,17,21,2.5582261383203075,6.412600734337139,14,24,1.8223562408737237,6.923896078480525,14,24,1.8223562408737237,6.923896078480525,14,24,1.8223562408737237,6.923896078480525,-0.7756163530355131,3.537062545783835,100.0,2,8.018949609555381,1,-8.002566554520385,40,2.9239225115153644,3,3.5849776438485748,False,,,910,26
all|q1_dark|r200|Z1234|union_at_node|ovp_pass_reach|sameday,all,q1_dark,200.0,Z1234,union_at_node,ovp_pass_reach,sameday,58,348,847,1.163963395651102,7.57533501034478,72.41379310344827,20,17,21,2.5582261383203075,6.412600734337139,14,24,1.8223562408737237,6.923896078480525,14,24,1.8223562408737237,6.923896078480525,14,24,1.8223562408737237,6.923896078480525,-0.7756163530355131,3.537062545783835,100.0,2,8.018949609555381,1,-8.002566554520385,40,2.9239225115153644,3,3.5849776438485748,False,,,910,26
all|q1_dark|r200|Z123_master|union_at_crossing|ovp_pass_reach|sameday,all,q1_dark,200.0,Z123_master,union_at_crossing,ovp_pass_reach,sameday,58,348,847,1.163963395651102,7.57533501034478,72.41379310344827,20,17,21,2.5582261383203075,6.412600734337139,14,24,1.8223562408737237,6.923896078480525,14,24,1.8223562408737237,6.923896078480525,14,24,1.8223562408737237,6.923896078480525,-0.7756163530355131,3.537062545783835,100.0,2,8.018949609555381,1,-8.002566554520385,40,2.9239225115153644,3,3.5849776438485748,False,,,910,26
all|q1_dark|r200|Z123_master|union_at_node|ovp_pass_reach|sameday,all,q1_dark,200.0,Z123_master,union_at_node,ovp_pass_reach,sameday,58,348,847,1.163963395651102,7.57533501034478,72.41379310344827,20,17,21,2.5582261383203075,6.412600734337139,14,24,1.8223562408737237,6.923896078480525,14,24,1.8223562408737237,6.923896078480525,14,24,1.8223562408737237,6.923896078480525,-0.7756163530355131,3.537062545783835,100.0,2,8.018949609555381,1,-8.002566554520385,40,2.9239225115153644,3,3.5849776438485748,False,,,910,26
latest|q1_dark|r200|Z1234|union_at_crossing|ovp_pass_reach|sameday,latest,q1_dark,200.0,Z1234,union_at_crossing,ovp_pass_reach,sameday,58,348,847,1.163963395651102,8.040496550164464,72.41379310344827,20,17,21,2.5582261383203075,6.4514986509550925,14,24,1.8223562408737237,7.569190365448366,14,24,1.8223562408737237,7.569190365448366,14,24,1.8223562408737237,7.569190365448366,-0.7756163530355131,3.537062545783835,100.0,2,7.860996155520006,1,-8.318473462591136,40,2.9239225115153644,3,3.5849776438485748,False,,,910,26
latest|q1_dark|r200|Z1234|union_at_node|ovp_pass_reach|sameday,latest,q1_dark,200.0,Z1234,union_at_node,ovp_pass_reach,sameday,58,348,847,1.163963395651102,8.040496550164464,72.41379310344827,20,17,21,2.5582261383203075,6.4514986509550925,14,24,1.8223562408737237,7.569190365448366,14,24,1.8223562408737237,7.569190365448366,14,24,1.8223562408737237,7.569190365448366,-0.7756163530355131,3.537062545783835,100.0,2,7.860996155520006,1,-8.318473462591136,40,2.9239225115153644,3,3.5849776438485748,False,,,910,26
latest|q1_dark|r200|Z123_master|union_at_crossing|ovp_pass_reach|sameday,latest,q1_dark,200.0,Z123_master,union_at_crossing,ovp_pass_reach,sameday,58,348,847,1.163963395651102,8.040496550164464,72.41379310344827,20,17,21,2.5582261383203075,6.4514986509550925,14,24,1.8223562408737237,7.569190365448366,14,24,1.8223562408737237,7.569190365448366,14,24,1.8223562408737237,7.569190365448366,-0.7756163530355131,3.537062545783835,100.0,2,7.860996155520006,1,-8.318473462591136,40,2.9239225115153644,3,3.5849776438485748,False,,,910,26
latest|q1_dark|r200|Z123_master|union_at_node|ovp_pass_reach|sameday,latest,q1_dark,200.0,Z123_master,union_at_node,ovp_pass_reach,sameday,58,348,847,1.163963395651102,8.040496550164464,72.41379310344827,20,17,21,2.5582261383203075,6.4514986509550925,14,24,1.8223562408737237,7.569190365448366,14,24,1.8223562408737237,7.569190365448366,14,24,1.8223562408737237,7.569190365448366,-0.7756163530355131,3.537062545783835,100.0,2,7.860996155520006,1,-8.318473462591136,40,2.9239225115153644,3,3.5849776438485748,False,,,910,26
all|q1_dark|r200|Z1234|union_at_crossing|ovp_pass_reach|cal1,all,q1_dark,200.0,Z1234,union_at_crossing,ovp_pass_reach,cal1,174,232,847,1.1142012899234999,8.49383878756093,66.0919540229885,53,69,52,1.977646784483511,7.814798491722473,62,59,1.8391193518298543,7.9729267497816325,60,61,1.8391193518298543,8.045983495412615,60,61,1.8391193518298543,8.045983495412615,1.1685525475328973,4.139999610143109,92.45283018867924,4,16.96358938036111,2,6.492167999217635,124,1.5644560360630777,6,5.784635793825732,False,,,910,142
all|q1_dark|r200|Z1234|union_at_node|ovp_pass_reach|cal1,all,q1_dark,200.0,Z1234,union_at_node,ovp_pass_reach,cal1,174,232,847,1.1142012899234999,8.49383878756093,66.0919540229885,53,69,52,1.977646784483511,7.814798491722473,62,59,1.8391193518298543,7.9729267497816325,60,61,1.8391193518298543,8.045983495412615,60,61,1.8391193518298543,8.045983495412615,1.1685525475328973,4.139999610143109,92.45283018867924,4,16.96358938036111,2,6.492167999217635,124,1.5644560360630777,6,5.784635793825732,False,,,910,142
all|q1_dark|r200|Z123_master|union_at_crossing|ovp_pass_reach|cal1,all,q1_dark,200.0,Z123_master,union_at_crossing,ovp_pass_reach,cal1,174,232,847,1.1142012899234999,8.49383878756093,66.0919540229885,53,69,52,1.977646784483511,7.814798491722473,62,59,1.8391193518298543,7.9729267497816325,60,61,1.8391193518298543,8.045983495412615,60,61,1.8391193518298543,8.045983495412615,1.1685525475328973,4.139999610143109,92.45283018867924,4,16.96358938036111,2,6.492167999217635,124,1.5644560360630777,6,5.784635793825732,False,,,910,142
all|q1_dark|r200|Z123_master|union_at_node|ovp_pass_reach|cal1,all,q1_dark,200.0,Z123_master,union_at_node,ovp_pass_reach,cal1,174,232,847,1.1142012899234999,8.49383878756093,66.0919540229885,53,69,52,1.977646784483511,7.814798491722473,62,59,1.8391193518298543,7.9729267497816325,60,61,1.8391193518298543,8.045983495412615,60,61,1.8391193518298543,8.045983495412615,1.1685525475328973,4.139999610143109,92.45283018867924,4,16.96358938036111,2,6.492167999217635,124,1.5644560360630777,6,5.784635793825732,False,,,910,142
latest|q1_dark|r200|Z1234|union_at_crossing|ovp_pass_reach|cal1,latest,q1_dark,200.0,Z1234,union_at_crossing,ovp_pass_reach,cal1,174,232,847,1.1142012899234999,8.617664338049236,66.0919540229885,53,69,52,1.977646784483511,7.865013046561158,62,59,1.8391193518298543,8.045983495412615,60,61,1.8391193518298543,8.160355913429255,60,61,1.8391193518298543,8.160355913429255,1.1685525475328973,4.139999610143109,92.45283018867924,4,16.96358938036111,2,6.33421454518226,124,1.5644560360630777,6,5.784635793825732,False,,,910,142
latest|q1_dark|r200|Z1234|union_at_node|ovp_pass_reach|cal1,latest,q1_dark,200.0,Z1234,union_at_node,ovp_pass_reach,cal1,174,232,847,1.1142012899234999,8.617664338049236,66.0919540229885,53,69,52,1.977646784483511,7.865013046561158,62,59,1.8391193518298543,8.045983495412615,60,61,1.8391193518298543,8.160355913429255,60,61,1.8391193518298543,8.160355913429255,1.1685525475328973,4.139999610143109,92.45283018867924,4,16.96358938036111,2,6.33421454518226,124,1.5644560360630777,6,5.784635793825732,False,,,910,142
latest|q1_dark|r200|Z123_master|union_at_crossing|ovp_pass_reach|cal1,latest,q1_dark,200.0,Z123_master,union_at_crossing,ovp_pass_reach,cal1,174,232,847,1.1142012899234999,8.617664338049236,66.0919540229885,53,69,52,1.977646784483511,7.865013046561158,62,59,1.8391193518298543,8.045983495412615,60,61,1.8391193518298543,8.160355913429255,60,61,1.8391193518298543,8.160355913429255,1.1685525475328973,4.139999610143109,92.45283018867924,4,16.96358938036111,2,6.33421454518226,124,1.5644560360630777,6,5.784635793825732,False,,,910,142
latest|q1_dark|r200|Z123_master|union_at_node|ovp_pass_reach|cal1,latest,q1_dark,200.0,Z123_master,union_at_node,ovp_pass_reach,cal1,174,232,847,1.1142012899234999,8.617664338049236,66.0919540229885,53,69,52,1.977646784483511,7.865013046561158,62,59,1.8391193518298543,8.045983495412615,60,61,1.8391193518298543,8.160355913429255,60,61,1.8391193518298543,8.160355913429255,1.1685525475328973,4.139999610143109,92.45283018867924,4,16.96358938036111,2,6.33421454518226,124,1.5644560360630777,6,5.784635793825732,False,,,910,142
all|q1_nodark|r200|Z123_master|perzone_dedup_exact|ovp_pass_reach|h24,all,q1_nodark,200.0,Z123_master,perzone_dedup_exact,ovp_pass_reach,h24,137,207,911,1.7005919191761976,8.302354504636652,68.61313868613139,39,55,43,2.5582261383203075,7.512854302376347,52,46,2.220413309968272,8.193729038639152,52,46,2.220413309968272,8.193729038639152,52,46,2.220413309968272,8.193729038639152,2.1097861665698936,3.654803482488144,97.43589743589743,4,16.96358938036111,2,6.492167999217635,101,2.1097861665698936,5,3.5849776438485748,False,,,912,105
latest|q1_nodark|r200|Z123_master|perzone_dedup_exact|ovp_pass_reach|h24,latest,q1_nodark,200.0,Z123_master,perzone_dedup_exact,ovp_pass_reach,h24,137,207,911,1.7005919191761976,8.454304871060376,68.61313868613139,39,55,43,2.5582261383203075,7.512854302376347,52,46,2.220413309968272,8.193729038639152,52,46,2.220413309968272,8.193729038639152,52,46,2.220413309968272,8.193729038639152,2.1097861665698936,3.654803482488144,97.43589743589743,4,16.96358938036111,2,6.33421454518226,101,2.1097861665698936,5,3.5849776438485748,False,,,912,105
all|q1_nodark|r200|Z1234|perzone_dedup_exact|ovp_pass_reach|h24,all,q1_nodark,200.0,Z1234,perzone_dedup_exact,ovp_pass_reach,h24,137,207,920,1.7005919191761976,8.302354504636652,68.61313868613139,39,55,43,2.5582261383203075,7.512854302376347,52,46,2.220413309968272,8.193729038639152,52,46,2.220413309968272,8.193729038639152,52,46,2.220413309968272,8.193729038639152,2.1097861665698936,3.654803482488144,97.43589743589743,4,16.96358938036111,2,6.492167999217635,101,2.1097861665698936,5,3.5849776438485748,False,,,921,105
latest|q1_nodark|r200|Z1234|perzone_dedup_exact|ovp_pass_reach|h24,latest,q1_nodark,200.0,Z1234,perzone_dedup_exact,ovp_pass_reach,h24,137,207,920,1.7005919191761976,8.454304871060376,68.61313868613139,39,55,43,2.5582261383203075,7.512854302376347,52,46,2.220413309968272,8.193729038639152,52,46,2.220413309968272,8.193729038639152,52,46,2.220413309968272,8.193729038639152,2.1097861665698936,3.654803482488144,97.43589743589743,4,16.96358938036111,2,6.33421454518226,101,2.1097861665698936,5,3.5849776438485748,False,,,921,105
all|q1_dark|r200|Z123_master|perzone_dedup_exact|ovp_pass_reach|sameday,all,q1_dark,200.0,Z123_master,perzone_dedup_exact,ovp_pass_reach,sameday,60,352,858,0.807904582087815,7.296549017272372,73.33333333333333,20,19,21,1.209354908357696,7.253026488257869,16,24,-0.7832428475433417,7.497741271079543,16,24,-0.7832428475433417,7.497741271079543,16,24,-0.7832428475433417,7.497741271079543,-0.7756163530355131,3.537062545783835,100.0,2,8.018949609555381,1,-8.002566554520385,42,2.6929943358370068,3,3.5849776438485748,False,,,927,28
latest|q1_dark|r200|Z123_master|perzone_dedup_exact|ovp_pass_reach|sameday,latest,q1_dark,200.0,Z123_master,perzone_dedup_exact,ovp_pass_reach,sameday,60,352,858,0.807904582087815,7.296549017272372,73.33333333333333,20,19,21,1.209354908357696,7.574046512397141,16,24,-0.24353688072773494,6.738297051729648,16,24,-0.24353688072773494,6.738297051729648,16,24,-0.24353688072773494,6.738297051729648,-0.7756163530355131,3.537062545783835,100.0,2,7.860996155520006,1,-8.318473462591136,42,2.6929943358370068,3,3.5849776438485748,False,,,927,28
all|q1_dark|r200|Z123_master|perzone_dedup_exact|ovp_pass_reach|cal1,all,q1_dark,200.0,Z123_master,perzone_dedup_exact,ovp_pass_reach,cal1,177,235,858,1.069028336077693,8.481552540657832,66.10169491525424,53,72,52,1.8391193518298543,7.9729267497816325,65,59,1.7005919191761976,8.225560035027096,63,61,1.7005919191761976,8.302354504636652,63,61,1.7005919191761976,8.302354504636652,1.1685525475328973,4.139999610143109,92.45283018867924,4,16.96358938036111,2,6.492167999217635,126,1.4184139965553122,6,5.784635793825732,False,,,927,145
latest|q1_dark|r200|Z123_master|perzone_dedup_exact|ovp_pass_reach|cal1,latest,q1_dark,200.0,Z123_master,perzone_dedup_exact,ovp_pass_reach,cal1,177,235,858,1.069028336077693,8.620485395942039,66.10169491525424,53,72,52,1.8391193518298543,8.045983495412615,65,59,1.7005919191761976,8.302354504636652,63,61,1.7005919191761976,8.454304871060376,63,61,1.7005919191761976,8.454304871060376,1.1685525475328973,4.139999610143109,92.45283018867924,4,16.96358938036111,2,6.33421454518226,126,1.4184139965553122,6,5.784635793825732,False,,,927,145
all|q1_dark|r200|Z1234|perzone_dedup_exact|ovp_pass_reach|sameday,all,q1_dark,200.0,Z1234,perzone_dedup_exact,ovp_pass_reach,sameday,60,352,867,0.807904582087815,7.296549017272372,73.33333333333333,20,19,21,1.209354908357696,7.253026488257869,16,24,-0.7832428475433417,7.497741271079543,16,24,-0.7832428475433417,7.497741271079543,16,24,-0.7832428475433417,7.497741271079543,-0.7756163530355131,3.537062545783835,100.0,2,8.018949609555381,1,-8.002566554520385,42,2.6929943358370068,3,3.5849776438485748,False,,,936,28
latest|q1_dark|r200|Z1234|perzone_dedup_exact|ovp_pass_reach|sameday,latest,q1_dark,200.0,Z1234,perzone_dedup_exact,ovp_pass_reach,sameday,60,352,867,0.807904582087815,7.296549017272372,73.33333333333333,20,19,21,1.209354908357696,7.574046512397141,16,24,-0.24353688072773494,6.738297051729648,16,24,-0.24353688072773494,6.738297051729648,16,24,-0.24353688072773494,6.738297051729648,-0.7756163530355131,3.537062545783835,100.0,2,7.860996155520006,1,-8.318473462591136,42,2.6929943358370068,3,3.5849776438485748,False,,,936,28
all|q1_dark|r200|Z1234|perzone_dedup_exact|ovp_pass_reach|cal1,all,q1_dark,200.0,Z1234,perzone_dedup_exact,ovp_pass_reach,cal1,177,235,867,1.069028336077693,8.481552540657832,66.10169491525424,53,72,52,1.8391193518298543,7.9729267497816325,65,59,1.7005919191761976,8.225560035027096,63,61,1.7005919191761976,8.302354504636652,63,61,1.7005919191761976,8.302354504636652,1.1685525475328973,4.139999610143109,92.45283018867924,4,16.96358938036111,2,6.492167999217635,126,1.4184139965553122,6,5.784635793825732,False,,,936,145
latest|q1_dark|r200|Z1234|perzone_dedup_exact|ovp_pass_reach|cal1,latest,q1_dark,200.0,Z1234,perzone_dedup_exact,ovp_pass_reach,cal1,177,235,867,1.069028336077693,8.620485395942039,66.10169491525424,53,72,52,1.8391193518298543,8.045983495412615,65,59,1.7005919191761976,8.302354504636652,63,61,1.7005919191761976,8.454304871060376,63,61,1.7005919191761976,8.454304871060376,1.1685525475328973,4.139999610143109,92.45283018867924,4,16.96358938036111,2,6.33421454518226,126,1.4184139965553122,6,5.784635793825732,False,,,936,145
all|q1_nodark|r200|Z123_master|perzone_concat|ovp_pass_reach|h24,all,q1_nodark,200.0,Z123_master,perzone_concat,ovp_pass_reach,h24,138,214,928,1.6925192597292416,8.263957269831874,68.84057971014492,39,55,44,2.5582261383203075,7.512854302376347,52,47,2.220413309968272,8.193729038639152,52,47,2.220413309968272,8.193729038639152,52,47,2.220413309968272,8.193729038639152,2.1097861665698936,3.654803482488144,97.43589743589743,4,16.96358938036111,2,6.492167999217635,101,2.1097861665698936,5,3.5849776438485748,False,,,937,106
latest|q1_nodark|r200|Z123_master|perzone_concat|ovp_pass_reach|h24,latest,q1_nodark,200.0,Z123_master,perzone_concat,ovp_pass_reach,h24,138,214,928,1.6925192597292416,8.378329687848513,68.84057971014492,39,55,44,2.5582261383203075,7.512854302376347,52,47,2.220413309968272,8.193729038639152,52,47,2.220413309968272,8.193729038639152,52,47,2.220413309968272,8.193729038639152,2.1097861665698936,3.654803482488144,97.43589743589743,4,16.96358938036111,2,6.33421454518226,101,2.1097861665698936,5,3.5849776438485748,False,,,937,106
all|q1_dark|r500|Z1234|union_at_crossing|ovp_pass_reach|h24,all,q1_dark,500.0,Z1234,union_at_crossing,ovp_pass_reach,h24,135,218,933,2.2025856220158957,9.681305167286835,66.66666666666666,38,53,44,3.916371673251362,10.476268671341984,50,47,3.971515109850632,11.019907279771573,50,47,3.971515109850632,11.019907279771573,50,47,3.971515109850632,11.019907279771573,1.7866987435450454,3.523518619539189,100.0,5,16.606970920636144,4,12.579151992424364,98,2.481153856150975,5,4.220869527547233,False,,,943,103
all|q1_dark|r500|Z1234|union_at_node|ovp_pass_reach|h24,all,q1_dark,500.0,Z1234,union_at_node,ovp_pass_reach,h24,135,218,933,2.2025856220158957,9.681305167286835,66.66666666666666,38,53,44,3.916371673251362,10.476268671341984,50,47,3.971515109850632,11.019907279771573,50,47,3.971515109850632,11.019907279771573,50,47,3.971515109850632,11.019907279771573,1.7866987435450454,3.523518619539189,100.0,5,16.606970920636144,4,12.579151992424364,98,2.481153856150975,5,4.220869527547233,False,,,943,103
all|q1_dark|r500|Z123_master|union_at_crossing|ovp_pass_reach|h24,all,q1_dark,500.0,Z123_master,union_at_crossing,ovp_pass_reach,h24,135,218,933,2.2025856220158957,9.681305167286835,66.66666666666666,38,53,44,3.916371673251362,10.476268671341984,50,47,3.971515109850632,11.019907279771573,50,47,3.971515109850632,11.019907279771573,50,47,3.971515109850632,11.019907279771573,1.7866987435450454,3.523518619539189,100.0,5,16.606970920636144,4,12.579151992424364,98,2.481153856150975,5,4.220869527547233,False,,,943,103
all|q1_dark|r500|Z123_master|union_at_node|ovp_pass_reach|h24,all,q1_dark,500.0,Z123_master,union_at_node,ovp_pass_reach,h24,135,218,933,2.2025856220158957,9.681305167286835,66.66666666666666,38,53,44,3.916371673251362,10.476268671341984,50,47,3.971515109850632,11.019907279771573,50,47,3.971515109850632,11.019907279771573,50,47,3.971515109850632,11.019907279771573,1.7866987435450454,3.523518619539189,100.0,5,16.606970920636144,4,12.579151992424364,98,2.481153856150975,5,4.220869527547233,False,,,943,103
latest|q1_dark|r500|Z1234|union_at_crossing|ovp_pass_reach|h24,latest,q1_dark,500.0,Z1234,union_at_crossing,ovp_pass_reach,h24,135,218,933,2.2025856220158957,9.681305167286835,66.66666666666666,38,53,44,3.916371673251362,10.476268671341984,50,47,4.0686206003992975,11.13265498809123,50,47,4.0686206003992975,11.13265498809123,50,47,4.0686206003992975,11.13265498809123,1.7866987435450454,3.523518619539189,100.0,5,16.606970920636144,4,12.579151992424364,98,2.481153856150975,5,4.220869527547233,False,,,943,103
latest|q1_dark|r500|Z1234|union_at_node|ovp_pass_reach|h24,latest,q1_dark,500.0,Z1234,union_at_node,ovp_pass_reach,h24,135,218,933,2.2025856220158957,9.681305167286835,66.66666666666666,38,53,44,3.916371673251362,10.476268671341984,50,47,4.0686206003992975,11.13265498809123,50,47,4.0686206003992975,11.13265498809123,50,47,4.0686206003992975,11.13265498809123,1.7866987435450454,3.523518619539189,100.0,5,16.606970920636144,4,12.579151992424364,98,2.481153856150975,5,4.220869527547233,False,,,943,103
latest|q1_dark|r500|Z123_master|union_at_crossing|ovp_pass_reach|h24,latest,q1_dark,500.0,Z123_master,union_at_crossing,ovp_pass_reach,h24,135,218,933,2.2025856220158957,9.681305167286835,66.66666666666666,38,53,44,3.916371673251362,10.476268671341984,50,47,4.0686206003992975,11.13265498809123,50,47,4.0686206003992975,11.13265498809123,50,47,4.0686206003992975,11.13265498809123,1.7866987435450454,3.523518619539189,100.0,5,16.606970920636144,4,12.579151992424364,98,2.481153856150975,5,4.220869527547233,False,,,943,103
latest|q1_dark|r500|Z123_master|union_at_node|ovp_pass_reach|h24,latest,q1_dark,500.0,Z123_master,union_at_node,ovp_pass_reach,h24,135,218,933,2.2025856220158957,9.681305167286835,66.66666666666666,38,53,44,3.916371673251362,10.476268671341984,50,47,4.0686206003992975,11.13265498809123,50,47,4.0686206003992975,11.13265498809123,50,47,4.0686206003992975,11.13265498809123,1.7866987435450454,3.523518619539189,100.0,5,16.606970920636144,4,12.579151992424364,98,2.481153856150975,5,4.220869527547233,False,,,943,103
all|q1_dark|r200|Z123_master|perzone_concat|ovp_pass_reach|sameday,all,q1_dark,200.0,Z123_master,perzone_concat,ovp_pass_reach,sameday,61,361,873,0.4564349204063234,6.755538673126744,73.77049180327869,20,19,22,1.209354908357696,7.253026488257869,16,25,-0.7832428475433417,7.497741271079543,16,25,-0.7832428475433417,7.497741271079543,16,25,-0.7832428475433417,7.497741271079543,-0.7756163530355131,3.537062545783835,100.0,2,8.018949609555381,1,-8.002566554520385,42,2.6929943358370068,3,3.5849776438485748,False,,,952,29
latest|q1_dark|r200|Z123_master|perzone_concat|ovp_pass_reach|sameday,latest,q1_dark,200.0,Z123_master,perzone_concat,ovp_pass_reach,sameday,61,361,873,0.4564349204063234,6.755538673126744,73.77049180327869,20,19,22,1.209354908357696,7.574046512397141,16,25,-0.24353688072773494,6.738297051729648,16,25,-0.24353688072773494,6.738297051729648,16,25,-0.24353688072773494,6.738297051729648,-0.7756163530355131,3.537062545783835,100.0,2,7.860996155520006,1,-8.318473462591136,42,2.6929943358370068,3,3.5849776438485748,False,,,952,29
all|q1_dark|r200|Z123_master|perzone_concat|ovp_pass_reach|cal1,all,q1_dark,200.0,Z123_master,perzone_concat,ovp_pass_reach,cal1,182,240,873,0.5833523134462837,8.48196926840336,67.03296703296702,53,76,53,1.5323260567556396,7.993241866138424,69,60,1.3640601943350816,8.141026751726816,67,62,1.3640601943350816,8.183071162889636,67,62,1.3640601943350816,8.183071162889636,1.1685525475328973,4.139999610143109,92.45283018867924,4,16.96358938036111,2,6.492167999217635,129,1.209354908357696,6,5.784635793825732,False,,,952,150
latest|q1_dark|r200|Z123_master|perzone_concat|ovp_pass_reach|cal1,latest,q1_dark,200.0,Z123_master,perzone_concat,ovp_pass_reach,cal1,182,240,873,0.5833523134462837,8.486887814838584,67.03296703296702,53,76,53,1.5323260567556396,8.057394229617413,69,60,1.3640601943350816,8.183071162889636,67,62,1.3640601943350816,8.30092481690453,67,62,1.3640601943350816,8.30092481690453,1.1685525475328973,4.139999610143109,92.45283018867924,4,16.96358938036111,2,6.33421454518226,129,1.209354908357696,6,5.784635793825732,False,,,952,150
all|q1_nodark|r200|Z1234|union_at_crossing|ovp_pass_reach|sameday,all,q1_nodark,200.0,Z1234,union_at_crossing,ovp_pass_reach,sameday,61,361,874,1.1685525475328973,7.352953506744857,72.1311475409836,20,19,22,1.2566299844143813,6.796033538778666,16,25,0.658182411156627,6.259734669009058,16,25,0.658182411156627,6.259734669009058,16,25,0.658182411156627,6.259734669009058,-0.1530942907294719,3.452622141707092,100.0,2,8.018949609555381,1,-8.002566554520385,42,2.6929943358370068,4,0.051781165724218425,False,,,953,29
all|q1_nodark|r200|Z1234|union_at_node|ovp_pass_reach|sameday,all,q1_nodark,200.0,Z1234,union_at_node,ovp_pass_reach,sameday,61,361,874,1.1685525475328973,7.352953506744857,72.1311475409836,20,19,22,1.2566299844143813,6.796033538778666,16,25,0.658182411156627,6.259734669009058,16,25,0.658182411156627,6.259734669009058,16,25,0.658182411156627,6.259734669009058,-0.1530942907294719,3.452622141707092,100.0,2,8.018949609555381,1,-8.002566554520385,42,2.6929943358370068,4,0.051781165724218425,False,,,953,29
all|q1_nodark|r200|Z123_master|union_at_crossing|ovp_pass_reach|sameday,all,q1_nodark,200.0,Z123_master,union_at_crossing,ovp_pass_reach,sameday,61,361,874,1.1685525475328973,7.352953506744857,72.1311475409836,20,19,22,1.2566299844143813,6.796033538778666,16,25,0.658182411156627,6.259734669009058,16,25,0.658182411156627,6.259734669009058,16,25,0.658182411156627,6.259734669009058,-0.1530942907294719,3.452622141707092,100.0,2,8.018949609555381,1,-8.002566554520385,42,2.6929943358370068,4,0.051781165724218425,False,,,953,29
all|q1_nodark|r200|Z123_master|union_at_node|ovp_pass_reach|sameday,all,q1_nodark,200.0,Z123_master,union_at_node,ovp_pass_reach,sameday,61,361,874,1.1685525475328973,7.352953506744857,72.1311475409836,20,19,22,1.2566299844143813,6.796033538778666,16,25,0.658182411156627,6.259734669009058,16,25,0.658182411156627,6.259734669009058,16,25,0.658182411156627,6.259734669009058,-0.1530942907294719,3.452622141707092,100.0,2,8.018949609555381,1,-8.002566554520385,42,2.6929943358370068,4,0.051781165724218425,False,,,953,29
latest|q1_nodark|r200|Z1234|union_at_crossing|ovp_pass_reach|sameday,latest,q1_nodark,200.0,Z1234,union_at_crossing,ovp_pass_reach,sameday,61,361,874,1.1685525475328973,7.811324267104602,72.1311475409836,20,19,22,1.2566299844143813,6.796033538778666,16,25,0.658182411156627,6.259734669009058,16,25,0.658182411156627,6.259734669009058,16,25,0.658182411156627,6.259734669009058,-0.1530942907294719,3.452622141707092,100.0,2,7.860996155520006,1,-8.318473462591136,42,2.6929943358370068,4,0.051781165724218425,False,,,953,29
latest|q1_nodark|r200|Z1234|union_at_node|ovp_pass_reach|sameday,latest,q1_nodark,200.0,Z1234,union_at_node,ovp_pass_reach,sameday,61,361,874,1.1685525475328973,7.811324267104602,72.1311475409836,20,19,22,1.2566299844143813,6.796033538778666,16,25,0.658182411156627,6.259734669009058,16,25,0.658182411156627,6.259734669009058,16,25,0.658182411156627,6.259734669009058,-0.1530942907294719,3.452622141707092,100.0,2,7.860996155520006,1,-8.318473462591136,42,2.6929943358370068,4,0.051781165724218425,False,,,953,29
latest|q1_nodark|r200|Z123_master|union_at_crossing|ovp_pass_reach|sameday,latest,q1_nodark,200.0,Z123_master,union_at_crossing,ovp_pass_reach,sameday,61,361,874,1.1685525475328973,7.811324267104602,72.1311475409836,20,19,22,1.2566299844143813,6.796033538778666,16,25,0.658182411156627,6.259734669009058,16,25,0.658182411156627,6.259734669009058,16,25,0.658182411156627,6.259734669009058,-0.1530942907294719,3.452622141707092,100.0,2,7.860996155520006,1,-8.318473462591136,42,2.6929943358370068,4,0.051781165724218425,False,,,953,29
latest|q1_nodark|r200|Z123_master|union_at_node|ovp_pass_reach|sameday,latest,q1_nodark,200.0,Z123_master,union_at_node,ovp_pass_reach,sameday,61,361,874,1.1685525475328973,7.811324267104602,72.1311475409836,20,19,22,1.2566299844143813,6.796033538778666,16,25,0.658182411156627,6.259734669009058,16,25,0.658182411156627,6.259734669009058,16,25,0.658182411156627,6.259734669009058,-0.1530942907294719,3.452622141707092,100.0,2,7.860996155520006,1,-8.318473462591136,42,2.6929943358370068,4,0.051781165724218425,False,,,953,29
all|q1_nodark|r200|Z1234|union_at_crossing|ovp_pass_reach|cal1,all,q1_nodark,200.0,Z1234,union_at_crossing,ovp_pass_reach,cal1,182,240,874,1.1889537279452966,8.702282453709069,64.28571428571429,57,72,53,1.5323260567556396,7.630132417829243,65,60,1.3640601943350816,7.89279981510979,63,62,1.3640601943350816,8.183071162889636,63,62,1.3640601943350816,8.183071162889636,1.4444654718438699,4.420324939955842,87.71929824561403,4,16.96358938036111,2,6.492167999217635,130,1.7658540369320797,6,4.273914356746111,False,,,953,150
all|q1_nodark|r200|Z1234|union_at_node|ovp_pass_reach|cal1,all,q1_nodark,200.0,Z1234,union_at_node,ovp_pass_reach,cal1,182,240,874,1.1889537279452966,8.702282453709069,64.28571428571429,57,72,53,1.5323260567556396,7.630132417829243,65,60,1.3640601943350816,7.89279981510979,63,62,1.3640601943350816,8.183071162889636,63,62,1.3640601943350816,8.183071162889636,1.4444654718438699,4.420324939955842,87.71929824561403,4,16.96358938036111,2,6.492167999217635,130,1.7658540369320797,6,4.273914356746111,False,,,953,150
all|q1_nodark|r200|Z123_master|union_at_crossing|ovp_pass_reach|cal1,all,q1_nodark,200.0,Z123_master,union_at_crossing,ovp_pass_reach,cal1,182,240,874,1.1889537279452966,8.702282453709069,64.28571428571429,57,72,53,1.5323260567556396,7.630132417829243,65,60,1.3640601943350816,7.89279981510979,63,62,1.3640601943350816,8.183071162889636,63,62,1.3640601943350816,8.183071162889636,1.4444654718438699,4.420324939955842,87.71929824561403,4,16.96358938036111,2,6.492167999217635,130,1.7658540369320797,6,4.273914356746111,False,,,953,150
all|q1_nodark|r200|Z123_master|union_at_node|ovp_pass_reach|cal1,all,q1_nodark,200.0,Z123_master,union_at_node,ovp_pass_reach,cal1,182,240,874,1.1889537279452966,8.702282453709069,64.28571428571429,57,72,53,1.5323260567556396,7.630132417829243,65,60,1.3640601943350816,7.89279981510979,63,62,1.3640601943350816,8.183071162889636,63,62,1.3640601943350816,8.183071162889636,1.4444654718438699,4.420324939955842,87.71929824561403,4,16.96358938036111,2,6.492167999217635,130,1.7658540369320797,6,4.273914356746111,False,,,953,150
latest|q1_nodark|r200|Z1234|union_at_crossing|ovp_pass_reach|cal1,latest,q1_nodark,200.0,Z1234,union_at_crossing,ovp_pass_reach,cal1,182,240,874,1.1889537279452966,8.965236950820863,64.28571428571429,57,72,53,1.5323260567556396,7.788464521374994,65,60,1.3640601943350816,8.183071162889636,63,62,1.3640601943350816,8.30092481690453,63,62,1.3640601943350816,8.30092481690453,1.4444654718438699,4.420324939955842,87.71929824561403,4,16.96358938036111,2,6.33421454518226,130,1.7658540369320797,6,4.273914356746111,False,,,953,150
latest|q1_nodark|r200|Z1234|union_at_node|ovp_pass_reach|cal1,latest,q1_nodark,200.0,Z1234,union_at_node,ovp_pass_reach,cal1,182,240,874,1.1889537279452966,8.965236950820863,64.28571428571429,57,72,53,1.5323260567556396,7.788464521374994,65,60,1.3640601943350816,8.183071162889636,63,62,1.3640601943350816,8.30092481690453,63,62,1.3640601943350816,8.30092481690453,1.4444654718438699,4.420324939955842,87.71929824561403,4,16.96358938036111,2,6.33421454518226,130,1.7658540369320797,6,4.273914356746111,False,,,953,150
latest|q1_nodark|r200|Z123_master|union_at_crossing|ovp_pass_reach|cal1,latest,q1_nodark,200.0,Z123_master,union_at_crossing,ovp_pass_reach,cal1,182,240,874,1.1889537279452966,8.965236950820863,64.28571428571429,57,72,53,1.5323260567556396,7.788464521374994,65,60,1.3640601943350816,8.183071162889636,63,62,1.3640601943350816,8.30092481690453,63,62,1.3640601943350816,8.30092481690453,1.4444654718438699,4.420324939955842,87.71929824561403,4,16.96358938036111,2,6.33421454518226,130,1.7658540369320797,6,4.273914356746111,False,,,953,150
latest|q1_nodark|r200|Z123_master|union_at_node|ovp_pass_reach|cal1,latest,q1_nodark,200.0,Z123_master,union_at_node,ovp_pass_reach,cal1,182,240,874,1.1889537279452966,8.965236950820863,64.28571428571429,57,72,53,1.5323260567556396,7.788464521374994,65,60,1.3640601943350816,8.183071162889636,63,62,1.3640601943350816,8.30092481690453,63,62,1.3640601943350816,8.30092481690453,1.4444654718438699,4.420324939955842,87.71929824561403,4,16.96358938036111,2,6.33421454518226,130,1.7658540369320797,6,4.273914356746111,False,,,953,150
all|q1_dark|r500|Z123_master|perzone_dedup_exact|ovp_pass_reach|h24,all,q1_dark,500.0,Z123_master,perzone_dedup_exact,ovp_pass_reach,h24,138,221,945,2.148190218904489,9.763330636634032,66.66666666666666,38,56,44,3.8996814306880623,10.913406667045148,53,47,3.916371673251362,11.216599177796883,53,47,3.916371673251362,11.216599177796883,53,47,3.916371673251362,11.216599177796883,1.7866987435450454,3.523518619539189,100.0,5,16.606970920636144,4,12.579151992424364,100,2.372873315822943,5,4.220869527547233,False,,,961,106
latest|q1_dark|r500|Z123_master|perzone_dedup_exact|ovp_pass_reach|h24,latest,q1_dark,500.0,Z123_master,perzone_dedup_exact,ovp_pass_reach,h24,138,221,945,2.148190218904489,9.763330636634032,66.66666666666666,38,56,44,3.8996814306880623,10.913406667045148,53,47,3.916371673251362,11.216599177796883,53,47,3.916371673251362,11.216599177796883,53,47,3.916371673251362,11.216599177796883,1.7866987435450454,3.523518619539189,100.0,5,16.606970920636144,4,12.579151992424364,100,2.372873315822943,5,4.220869527547233,False,,,961,106
all|q1_nodark|r200|Z123_master|perzone_dedup_exact|ovp_pass_reach|sameday,all,q1_nodark,200.0,Z123_master,perzone_dedup_exact,ovp_pass_reach,sameday,63,366,885,1.1593742437693066,7.499945179078395,73.01587301587301,20,21,22,1.209354908357696,6.954535929295565,18,25,-0.7832428475433417,5.716879481187761,18,25,-0.7832428475433417,5.716879481187761,18,25,-0.7832428475433417,5.716879481187761,-0.1530942907294719,3.452622141707092,100.0,2,8.018949609555381,1,-8.002566554520385,44,2.3998874256914604,4,0.051781165724218425,False,,,971,31
latest|q1_nodark|r200|Z123_master|perzone_dedup_exact|ovp_pass_reach|sameday,latest,q1_nodark,200.0,Z123_master,perzone_dedup_exact,ovp_pass_reach,sameday,63,366,885,1.1593742437693066,7.797716513944702,73.01587301587301,20,21,22,1.209354908357696,6.954535929295565,18,25,-0.24353688072773494,5.716879481187761,18,25,-0.24353688072773494,5.716879481187761,18,25,-0.24353688072773494,5.716879481187761,-0.1530942907294719,3.452622141707092,100.0,2,7.860996155520006,1,-8.318473462591136,44,2.3998874256914604,4,0.051781165724218425,False,,,971,31
all|q1_nodark|r200|Z123_master|perzone_dedup_exact|ovp_pass_reach|cal1,all,q1_nodark,200.0,Z123_master,perzone_dedup_exact,ovp_pass_reach,cal1,186,243,885,1.1889537279452966,8.702282453709069,64.51612903225806,57,76,53,1.5323260567556396,7.993241866138424,69,60,1.3640601943350816,8.141026751726816,67,62,1.3640601943350816,8.183071162889636,67,62,1.3640601943350816,8.183071162889636,1.4444654718438699,4.420324939955842,87.71929824561403,4,16.96358938036111,2,6.492167999217635,132,1.5644560360630777,6,4.273914356746111,False,,,971,154
latest|q1_nodark|r200|Z123_master|perzone_dedup_exact|ovp_pass_reach|cal1,latest,q1_nodark,200.0,Z123_master,perzone_dedup_exact,ovp_pass_reach,cal1,186,243,885,1.1889537279452966,8.908845493923529,64.51612903225806,57,76,53,1.5323260567556396,8.057394229617413,69,60,1.3640601943350816,8.183071162889636,67,62,1.3640601943350816,8.30092481690453,67,62,1.3640601943350816,8.30092481690453,1.4444654718438699,4.420324939955842,87.71929824561403,4,16.96358938036111,2,6.33421454518226,132,1.5644560360630777,6,4.273914356746111,False,,,971,154
all|q1_dark|r500|Z1234|perzone_dedup_exact|ovp_pass_reach|h24,all,q1_dark,500.0,Z1234,perzone_dedup_exact,ovp_pass_reach,h24,138,222,958,2.148190218904489,9.763330636634032,66.66666666666666,38,56,44,3.8996814306880623,10.913406667045148,53,47,3.916371673251362,11.216599177796883,53,47,3.916371673251362,11.216599177796883,53,47,3.916371673251362,11.216599177796883,1.7866987435450454,3.523518619539189,100.0,5,16.606970920636144,4,12.579151992424364,100,2.372873315822943,5,4.220869527547233,False,,,975,106
latest|q1_dark|r500|Z1234|perzone_dedup_exact|ovp_pass_reach|h24,latest,q1_dark,500.0,Z1234,perzone_dedup_exact,ovp_pass_reach,h24,138,222,958,2.148190218904489,9.763330636634032,66.66666666666666,38,56,44,3.8996814306880623,10.913406667045148,53,47,3.916371673251362,11.216599177796883,53,47,3.916371673251362,11.216599177796883,53,47,3.916371673251362,11.216599177796883,1.7866987435450454,3.523518619539189,100.0,5,16.606970920636144,4,12.579151992424364,100,2.372873315822943,5,4.220869527547233,False,,,975,106
all|q1_nodark|r500|Z1234|union_at_crossing|ovp_pass_reach|h24,all,q1_nodark,500.0,Z1234,union_at_crossing,ovp_pass_reach,h24,140,224,954,2.324792682183663,9.617112210000794,65.0,40,56,44,3.8996814306880623,10.623824734153523,53,47,3.916371673251362,11.104922444373928,53,47,3.916371673251362,11.104922444373928,53,47,3.916371673251362,11.104922444373928,1.9624279304698788,3.7840547120739467,95.0,5,16.606970920636144,4,12.579151992424364,102,2.70770858450744,6,3.9377800296365617,False,,,975,108
all|q1_nodark|r500|Z1234|union_at_node|ovp_pass_reach|h24,all,q1_nodark,500.0,Z1234,union_at_node,ovp_pass_reach,h24,140,224,954,2.324792682183663,9.617112210000794,65.0,40,56,44,3.8996814306880623,10.623824734153523,53,47,3.916371673251362,11.104922444373928,53,47,3.916371673251362,11.104922444373928,53,47,3.916371673251362,11.104922444373928,1.9624279304698788,3.7840547120739467,95.0,5,16.606970920636144,4,12.579151992424364,102,2.70770858450744,6,3.9377800296365617,False,,,975,108
all|q1_nodark|r500|Z123_master|union_at_crossing|ovp_pass_reach|h24,all,q1_nodark,500.0,Z123_master,union_at_crossing,ovp_pass_reach,h24,140,224,954,2.324792682183663,9.617112210000794,65.0,40,56,44,3.8996814306880623,10.623824734153523,53,47,3.916371673251362,11.104922444373928,53,47,3.916371673251362,11.104922444373928,53,47,3.916371673251362,11.104922444373928,1.9624279304698788,3.7840547120739467,95.0,5,16.606970920636144,4,12.579151992424364,102,2.70770858450744,6,3.9377800296365617,False,,,975,108
all|q1_nodark|r500|Z123_master|union_at_node|ovp_pass_reach|h24,all,q1_nodark,500.0,Z123_master,union_at_node,ovp_pass_reach,h24,140,224,954,2.324792682183663,9.617112210000794,65.0,40,56,44,3.8996814306880623,10.623824734153523,53,47,3.916371673251362,11.104922444373928,53,47,3.916371673251362,11.104922444373928,53,47,3.916371673251362,11.104922444373928,1.9624279304698788,3.7840547120739467,95.0,5,16.606970920636144,4,12.579151992424364,102,2.70770858450744,6,3.9377800296365617,False,,,975,108
latest|q1_nodark|r500|Z1234|union_at_crossing|ovp_pass_reach|h24,latest,q1_nodark,500.0,Z1234,union_at_crossing,ovp_pass_reach,h24,140,224,954,2.324792682183663,9.617112210000794,65.0,40,56,44,3.8996814306880623,10.623824734153523,53,47,3.916371673251362,11.104922444373928,53,47,3.916371673251362,11.104922444373928,53,47,3.916371673251362,11.104922444373928,1.9624279304698788,3.7840547120739467,95.0,5,16.606970920636144,4,12.579151992424364,102,2.70770858450744,6,3.9377800296365617,False,,,975,108
latest|q1_nodark|r500|Z1234|union_at_node|ovp_pass_reach|h24,latest,q1_nodark,500.0,Z1234,union_at_node,ovp_pass_reach,h24,140,224,954,2.324792682183663,9.617112210000794,65.0,40,56,44,3.8996814306880623,10.623824734153523,53,47,3.916371673251362,11.104922444373928,53,47,3.916371673251362,11.104922444373928,53,47,3.916371673251362,11.104922444373928,1.9624279304698788,3.7840547120739467,95.0,5,16.606970920636144,4,12.579151992424364,102,2.70770858450744,6,3.9377800296365617,False,,,975,108
latest|q1_nodark|r500|Z123_master|union_at_crossing|ovp_pass_reach|h24,latest,q1_nodark,500.0,Z123_master,union_at_crossing,ovp_pass_reach,h24,140,224,954,2.324792682183663,9.617112210000794,65.0,40,56,44,3.8996814306880623,10.623824734153523,53,47,3.916371673251362,11.104922444373928,53,47,3.916371673251362,11.104922444373928,53,47,3.916371673251362,11.104922444373928,1.9624279304698788,3.7840547120739467,95.0,5,16.606970920636144,4,12.579151992424364,102,2.70770858450744,6,3.9377800296365617,False,,,975,108
latest|q1_nodark|r500|Z123_master|union_at_node|ovp_pass_reach|h24,latest,q1_nodark,500.0,Z123_master,union_at_node,ovp_pass_reach,h24,140,224,954,2.324792682183663,9.617112210000794,65.0,40,56,44,3.8996814306880623,10.623824734153523,53,47,3.916371673251362,11.104922444373928,53,47,3.916371673251362,11.104922444373928,53,47,3.916371673251362,11.104922444373928,1.9624279304698788,3.7840547120739467,95.0,5,16.606970920636144,4,12.579151992424364,102,2.70770858450744,6,3.9377800296365617,False,,,975,108
all|q1_nodark|r200|Z1234|perzone_dedup_exact|ovp_pass_reach|sameday,all,q1_nodark,200.0,Z1234,perzone_dedup_exact,ovp_pass_reach,sameday,63,366,894,1.1593742437693066,7.499945179078395,73.01587301587301,20,21,22,1.209354908357696,6.954535929295565,18,25,-0.7832428475433417,5.716879481187761,18,25,-0.7832428475433417,5.716879481187761,18,25,-0.7832428475433417,5.716879481187761,-0.1530942907294719,3.452622141707092,100.0,2,8.018949609555381,1,-8.002566554520385,44,2.3998874256914604,4,0.051781165724218425,False,,,980,31
latest|q1_nodark|r200|Z1234|perzone_dedup_exact|ovp_pass_reach|sameday,latest,q1_nodark,200.0,Z1234,perzone_dedup_exact,ovp_pass_reach,sameday,63,366,894,1.1593742437693066,7.797716513944702,73.01587301587301,20,21,22,1.209354908357696,6.954535929295565,18,25,-0.24353688072773494,5.716879481187761,18,25,-0.24353688072773494,5.716879481187761,18,25,-0.24353688072773494,5.716879481187761,-0.1530942907294719,3.452622141707092,100.0,2,7.860996155520006,1,-8.318473462591136,44,2.3998874256914604,4,0.051781165724218425,False,,,980,31
all|q1_nodark|r200|Z1234|perzone_dedup_exact|ovp_pass_reach|cal1,all,q1_nodark,200.0,Z1234,perzone_dedup_exact,ovp_pass_reach,cal1,186,243,894,1.1889537279452966,8.702282453709069,64.51612903225806,57,76,53,1.5323260567556396,7.993241866138424,69,60,1.3640601943350816,8.141026751726816,67,62,1.3640601943350816,8.183071162889636,67,62,1.3640601943350816,8.183071162889636,1.4444654718438699,4.420324939955842,87.71929824561403,4,16.96358938036111,2,6.492167999217635,132,1.5644560360630777,6,4.273914356746111,False,,,980,154
latest|q1_nodark|r200|Z1234|perzone_dedup_exact|ovp_pass_reach|cal1,latest,q1_nodark,200.0,Z1234,perzone_dedup_exact,ovp_pass_reach,cal1,186,243,894,1.1889537279452966,8.908845493923529,64.51612903225806,57,76,53,1.5323260567556396,8.057394229617413,69,60,1.3640601943350816,8.183071162889636,67,62,1.3640601943350816,8.30092481690453,67,62,1.3640601943350816,8.30092481690453,1.4444654718438699,4.420324939955842,87.71929824561403,4,16.96358938036111,2,6.33421454518226,132,1.5644560360630777,6,4.273914356746111,False,,,980,154
all|q1_dark|r500|Z123_master|perzone_concat|ovp_pass_reach|h24,all,q1_dark,500.0,Z123_master,perzone_concat,ovp_pass_reach,h24,141,229,962,2.2025856220158957,9.928645733637248,66.66666666666666,38,58,45,3.971515109850632,11.019907279771573,55,48,4.026658546449902,11.330417861013244,55,48,4.026658546449902,11.330417861013244,55,48,4.026658546449902,11.330417861013244,1.7866987435450454,3.523518619539189,100.0,5,16.606970920636144,4,12.579151992424364,100,2.372873315822943,5,4.220869527547233,False,,,989,109
latest|q1_dark|r500|Z123_master|perzone_concat|ovp_pass_reach|h24,latest,q1_dark,500.0,Z123_master,perzone_concat,ovp_pass_reach,h24,141,229,962,2.2025856220158957,9.928645733637248,66.66666666666666,38,58,45,4.0686206003992975,11.13265498809123,55,48,4.220869527547233,11.556370963152986,55,48,4.220869527547233,11.556370963152986,55,48,4.220869527547233,11.556370963152986,1.7866987435450454,3.523518619539189,100.0,5,16.606970920636144,4,12.579151992424364,100,2.372873315822943,5,4.220869527547233,False,,,989,109
all|q1_nodark|r500|Z123_master|perzone_dedup_exact|ovp_pass_reach|h24,all,q1_nodark,500.0,Z123_master,perzone_dedup_exact,ovp_pass_reach,h24,144,227,966,2.324792682183663,9.901491165516529,65.27777777777779,40,60,44,3.8996814306880623,10.913406667045148,57,47,3.916371673251362,11.216599177796883,57,47,3.916371673251362,11.216599177796883,57,47,3.916371673251362,11.216599177796883,1.9624279304698788,3.7840547120739467,95.0,5,16.606970920636144,4,12.579151992424364,104,2.481153856150975,6,3.9377800296365617,False,,,994,112
latest|q1_nodark|r500|Z123_master|perzone_dedup_exact|ovp_pass_reach|h24,latest,q1_nodark,500.0,Z123_master,perzone_dedup_exact,ovp_pass_reach,h24,144,227,966,2.324792682183663,9.901491165516529,65.27777777777779,40,60,44,3.8996814306880623,10.913406667045148,57,47,3.916371673251362,11.216599177796883,57,47,3.916371673251362,11.216599177796883,57,47,3.916371673251362,11.216599177796883,1.9624279304698788,3.7840547120739467,95.0,5,16.606970920636144,4,12.579151992424364,104,2.481153856150975,6,3.9377800296365617,False,,,994,112
all|q1_nodark|r200|Z123_master|perzone_concat|ovp_pass_reach|sameday,all,q1_nodark,200.0,Z123_master,perzone_concat,ovp_pass_reach,sameday,64,374,902,0.807904582087815,7.127741926102569,73.4375,20,21,23,1.209354908357696,6.954535929295565,18,26,-0.7832428475433417,5.716879481187761,18,26,-0.7832428475433417,5.716879481187761,18,26,-0.7832428475433417,5.716879481187761,-0.1530942907294719,3.452622141707092,100.0,2,8.018949609555381,1,-8.002566554520385,44,2.3998874256914604,4,0.051781165724218425,False,,,997,32
latest|q1_nodark|r200|Z123_master|perzone_concat|ovp_pass_reach|sameday,latest,q1_nodark,200.0,Z123_master,perzone_concat,ovp_pass_reach,sameday,64,374,902,0.807904582087815,7.127741926102569,73.4375,20,21,23,1.209354908357696,6.954535929295565,18,26,-0.24353688072773494,5.716879481187761,18,26,-0.24353688072773494,5.716879481187761,18,26,-0.24353688072773494,5.716879481187761,-0.1530942907294719,3.452622141707092,100.0,2,7.860996155520006,1,-8.318473462591136,44,2.3998874256914604,4,0.051781165724218425,False,,,997,32
all|q1_nodark|r200|Z123_master|perzone_concat|ovp_pass_reach|cal1,all,q1_nodark,200.0,Z123_master,perzone_concat,ovp_pass_reach,cal1,190,248,902,1.1142012899234999,8.640021472028058,65.26315789473685,57,79,54,1.2566299844143813,7.981750722498386,72,61,1.1628291602460372,8.036624116390863,70,63,1.1628291602460372,8.09686231600716,70,63,1.1628291602460372,8.09686231600716,1.4444654718438699,4.420324939955842,87.71929824561403,4,16.96358938036111,2,6.492167999217635,135,1.3923625212667545,6,4.273914356746111,False,,,997,158
latest|q1_nodark|r200|Z123_master|perzone_concat|ovp_pass_reach|cal1,latest,q1_nodark,200.0,Z123_master,perzone_concat,ovp_pass_reach,cal1,190,248,902,1.1142012899234999,8.813110418320184,65.26315789473685,57,79,54,1.2566299844143813,8.052075844338221,72,61,1.1628291602460372,8.13090674663391,70,63,1.1628291602460372,8.229828902278564,70,63,1.1628291602460372,8.229828902278564,1.4444654718438699,4.420324939955842,87.71929824561403,4,16.96358938036111,2,6.33421454518226,135,1.3923625212667545,6,4.273914356746111,False,,,997,158
all|q1_dark|r500|Z1234|union_at_crossing|ovp_pass_reach|sameday,all,q1_dark,500.0,Z1234,union_at_crossing,ovp_pass_reach,sameday,61,379,905,1.6408464583779647,9.238160156970993,67.21311475409836,20,18,23,3.1168049796425734,9.97607558978617,15,26,3.6546905317258904,11.255911132683844,15,26,3.6546905317258904,11.255911132683844,15,26,3.6546905317258904,11.255911132683844,-0.16944890690959724,3.032882226353083,100.0,2,8.239860179611558,2,8.239860179611558,41,2.5789194275592564,3,3.6546905317258904,False,,,1002,29
all|q1_dark|r500|Z1234|union_at_node|ovp_pass_reach|sameday,all,q1_dark,500.0,Z1234,union_at_node,ovp_pass_reach,sameday,61,379,905,1.6408464583779647,9.238160156970993,67.21311475409836,20,18,23,3.1168049796425734,9.97607558978617,15,26,3.6546905317258904,11.255911132683844,15,26,3.6546905317258904,11.255911132683844,15,26,3.6546905317258904,11.255911132683844,-0.16944890690959724,3.032882226353083,100.0,2,8.239860179611558,2,8.239860179611558,41,2.5789194275592564,3,3.6546905317258904,False,,,1002,29
all|q1_dark|r500|Z123_master|union_at_crossing|ovp_pass_reach|sameday,all,q1_dark,500.0,Z123_master,union_at_crossing,ovp_pass_reach,sameday,61,379,905,1.6408464583779647,9.238160156970993,67.21311475409836,20,18,23,3.1168049796425734,9.97607558978617,15,26,3.6546905317258904,11.255911132683844,15,26,3.6546905317258904,11.255911132683844,15,26,3.6546905317258904,11.255911132683844,-0.16944890690959724,3.032882226353083,100.0,2,8.239860179611558,2,8.239860179611558,41,2.5789194275592564,3,3.6546905317258904,False,,,1002,29
all|q1_dark|r500|Z123_master|union_at_node|ovp_pass_reach|sameday,all,q1_dark,500.0,Z123_master,union_at_node,ovp_pass_reach,sameday,61,379,905,1.6408464583779647,9.238160156970993,67.21311475409836,20,18,23,3.1168049796425734,9.97607558978617,15,26,3.6546905317258904,11.255911132683844,15,26,3.6546905317258904,11.255911132683844,15,26,3.6546905317258904,11.255911132683844,-0.16944890690959724,3.032882226353083,100.0,2,8.239860179611558,2,8.239860179611558,41,2.5789194275592564,3,3.6546905317258904,False,,,1002,29
latest|q1_dark|r500|Z1234|union_at_crossing|ovp_pass_reach|sameday,latest,q1_dark,500.0,Z1234,union_at_crossing,ovp_pass_reach,sameday,61,379,905,1.6408464583779647,9.238160156970993,67.21311475409836,20,18,23,3.1168049796425734,9.97607558978617,15,26,3.6546905317258904,11.255911132683844,15,26,3.6546905317258904,11.255911132683844,15,26,3.6546905317258904,11.255911132683844,-0.16944890690959724,3.032882226353083,100.0,2,8.08335640354887,2,8.08335640354887,41,2.5789194275592564,3,3.6546905317258904,False,,,1002,29
latest|q1_dark|r500|Z1234|union_at_node|ovp_pass_reach|sameday,latest,q1_dark,500.0,Z1234,union_at_node,ovp_pass_reach,sameday,61,379,905,1.6408464583779647,9.238160156970993,67.21311475409836,20,18,23,3.1168049796425734,9.97607558978617,15,26,3.6546905317258904,11.255911132683844,15,26,3.6546905317258904,11.255911132683844,15,26,3.6546905317258904,11.255911132683844,-0.16944890690959724,3.032882226353083,100.0,2,8.08335640354887,2,8.08335640354887,41,2.5789194275592564,3,3.6546905317258904,False,,,1002,29
latest|q1_dark|r500|Z123_master|union_at_crossing|ovp_pass_reach|sameday,latest,q1_dark,500.0,Z123_master,union_at_crossing,ovp_pass_reach,sameday,61,379,905,1.6408464583779647,9.238160156970993,67.21311475409836,20,18,23,3.1168049796425734,9.97607558978617,15,26,3.6546905317258904,11.255911132683844,15,26,3.6546905317258904,11.255911132683844,15,26,3.6546905317258904,11.255911132683844,-0.16944890690959724,3.032882226353083,100.0,2,8.08335640354887,2,8.08335640354887,41,2.5789194275592564,3,3.6546905317258904,False,,,1002,29
latest|q1_dark|r500|Z123_master|union_at_node|ovp_pass_reach|sameday,latest,q1_dark,500.0,Z123_master,union_at_node,ovp_pass_reach,sameday,61,379,905,1.6408464583779647,9.238160156970993,67.21311475409836,20,18,23,3.1168049796425734,9.97607558978617,15,26,3.6546905317258904,11.255911132683844,15,26,3.6546905317258904,11.255911132683844,15,26,3.6546905317258904,11.255911132683844,-0.16944890690959724,3.032882226353083,100.0,2,8.08335640354887,2,8.08335640354887,41,2.5789194275592564,3,3.6546905317258904,False,,,1002,29
all|q1_dark|r500|Z1234|union_at_crossing|ovp_pass_reach|cal1,all,q1_dark,500.0,Z1234,union_at_crossing,ovp_pass_reach,cal1,189,251,905,1.028259454901459,8.491581383816907,66.13756613756614,57,77,55,2.8364977414556236,9.170359705684701,70,62,3.245594136590757,9.582740732648801,68,64,3.245594136590757,9.94365684481648,68,64,3.245594136590757,9.94365684481648,1.028259454901459,4.392162899470145,94.73684210526315,5,16.606970920636144,4,12.579151992424364,131,2.093794815793082,8,6.747115095743217,False,,,1002,157
all|q1_dark|r500|Z1234|union_at_node|ovp_pass_reach|cal1,all,q1_dark,500.0,Z1234,union_at_node,ovp_pass_reach,cal1,189,251,905,1.028259454901459,8.491581383816907,66.13756613756614,57,77,55,2.8364977414556236,9.170359705684701,70,62,3.245594136590757,9.582740732648801,68,64,3.245594136590757,9.94365684481648,68,64,3.245594136590757,9.94365684481648,1.028259454901459,4.392162899470145,94.73684210526315,5,16.606970920636144,4,12.579151992424364,131,2.093794815793082,8,6.747115095743217,False,,,1002,157
all|q1_dark|r500|Z123_master|union_at_crossing|ovp_pass_reach|cal1,all,q1_dark,500.0,Z123_master,union_at_crossing,ovp_pass_reach,cal1,189,251,905,1.028259454901459,8.491581383816907,66.13756613756614,57,77,55,2.8364977414556236,9.170359705684701,70,62,3.245594136590757,9.582740732648801,68,64,3.245594136590757,9.94365684481648,68,64,3.245594136590757,9.94365684481648,1.028259454901459,4.392162899470145,94.73684210526315,5,16.606970920636144,4,12.579151992424364,131,2.093794815793082,8,6.747115095743217,False,,,1002,157
all|q1_dark|r500|Z123_master|union_at_node|ovp_pass_reach|cal1,all,q1_dark,500.0,Z123_master,union_at_node,ovp_pass_reach,cal1,189,251,905,1.028259454901459,8.491581383816907,66.13756613756614,57,77,55,2.8364977414556236,9.170359705684701,70,62,3.245594136590757,9.582740732648801,68,64,3.245594136590757,9.94365684481648,68,64,3.245594136590757,9.94365684481648,1.028259454901459,4.392162899470145,94.73684210526315,5,16.606970920636144,4,12.579151992424364,131,2.093794815793082,8,6.747115095743217,False,,,1002,157
latest|q1_dark|r500|Z1234|union_at_crossing|ovp_pass_reach|cal1,latest,q1_dark,500.0,Z1234,union_at_crossing,ovp_pass_reach,cal1,189,251,905,1.028259454901459,8.491581383816907,66.13756613756614,57,77,55,2.8364977414556236,9.170359705684701,70,62,3.245594136590757,9.582740732648801,68,64,3.245594136590757,9.94365684481648,68,64,3.245594136590757,9.94365684481648,1.028259454901459,4.392162899470145,94.73684210526315,5,16.606970920636144,4,12.579151992424364,131,2.093794815793082,8,6.747115095743217,False,,,1002,157
latest|q1_dark|r500|Z1234|union_at_node|ovp_pass_reach|cal1,latest,q1_dark,500.0,Z1234,union_at_node,ovp_pass_reach,cal1,189,251,905,1.028259454901459,8.491581383816907,66.13756613756614,57,77,55,2.8364977414556236,9.170359705684701,70,62,3.245594136590757,9.582740732648801,68,64,3.245594136590757,9.94365684481648,68,64,3.245594136590757,9.94365684481648,1.028259454901459,4.392162899470145,94.73684210526315,5,16.606970920636144,4,12.579151992424364,131,2.093794815793082,8,6.747115095743217,False,,,1002,157
latest|q1_dark|r500|Z123_master|union_at_crossing|ovp_pass_reach|cal1,latest,q1_dark,500.0,Z123_master,union_at_crossing,ovp_pass_reach,cal1,189,251,905,1.028259454901459,8.491581383816907,66.13756613756614,57,77,55,2.8364977414556236,9.170359705684701,70,62,3.245594136590757,9.582740732648801,68,64,3.245594136590757,9.94365684481648,68,64,3.245594136590757,9.94365684481648,1.028259454901459,4.392162899470145,94.73684210526315,5,16.606970920636144,4,12.579151992424364,131,2.093794815793082,8,6.747115095743217,False,,,1002,157
latest|q1_dark|r500|Z123_master|union_at_node|ovp_pass_reach|cal1,latest,q1_dark,500.0,Z123_master,union_at_node,ovp_pass_reach,cal1,189,251,905,1.028259454901459,8.491581383816907,66.13756613756614,57,77,55,2.8364977414556236,9.170359705684701,70,62,3.245594136590757,9.582740732648801,68,64,3.245594136590757,9.94365684481648,68,64,3.245594136590757,9.94365684481648,1.028259454901459,4.392162899470145,94.73684210526315,5,16.606970920636144,4,12.579151992424364,131,2.093794815793082,8,6.747115095743217,False,,,1002,157
all|q1_nodark|r500|Z1234|perzone_dedup_exact|ovp_pass_reach|h24,all,q1_nodark,500.0,Z1234,perzone_dedup_exact,ovp_pass_reach,h24,144,228,979,2.324792682183663,9.901491165516529,65.27777777777779,40,60,44,3.8996814306880623,10.913406667045148,57,47,3.916371673251362,11.216599177796883,57,47,3.916371673251362,11.216599177796883,57,47,3.916371673251362,11.216599177796883,1.9624279304698788,3.7840547120739467,95.0,5,16.606970920636144,4,12.579151992424364,104,2.481153856150975,6,3.9377800296365617,False,,,1008,112
latest|q1_nodark|r500|Z1234|perzone_dedup_exact|ovp_pass_reach|h24,latest,q1_nodark,500.0,Z1234,perzone_dedup_exact,ovp_pass_reach,h24,144,228,979,2.324792682183663,9.901491165516529,65.27777777777779,40,60,44,3.8996814306880623,10.913406667045148,57,47,3.916371673251362,11.216599177796883,57,47,3.916371673251362,11.216599177796883,57,47,3.916371673251362,11.216599177796883,1.9624279304698788,3.7840547120739467,95.0,5,16.606970920636144,4,12.579151992424364,104,2.481153856150975,6,3.9377800296365617,False,,,1008,112
all|q1_dark|r500|Z123_master|perzone_dedup_exact|ovp_pass_reach|sameday,all,q1_dark,500.0,Z123_master,perzone_dedup_exact,ovp_pass_reach,sameday,63,384,918,1.4306664035583339,8.926547207695409,68.25396825396825,20,20,23,2.481153856150975,9.928838327521195,17,26,2.5789194275592564,10.486598233735835,17,26,2.5789194275592564,10.486598233735835,17,26,2.5789194275592564,10.486598233735835,-0.16944890690959724,3.032882226353083,100.0,2,8.239860179611558,2,8.239860179611558,43,2.3833882847426935,3,3.6546905317258904,False,,,1022,31
latest|q1_dark|r500|Z123_master|perzone_dedup_exact|ovp_pass_reach|sameday,latest,q1_dark,500.0,Z123_master,perzone_dedup_exact,ovp_pass_reach,sameday,63,384,918,1.4306664035583339,8.926547207695409,68.25396825396825,20,20,23,2.481153856150975,9.928838327521195,17,26,2.5789194275592564,10.486598233735835,17,26,2.5789194275592564,10.486598233735835,17,26,2.5789194275592564,10.486598233735835,-0.16944890690959724,3.032882226353083,100.0,2,8.08335640354887,2,8.08335640354887,43,2.3833882847426935,3,3.6546905317258904,False,,,1022,31
all|q1_dark|r500|Z123_master|perzone_dedup_exact|ovp_pass_reach|cal1,all,q1_dark,500.0,Z123_master,perzone_dedup_exact,ovp_pass_reach,cal1,192,255,918,0.9195869629305076,8.5594641218922,66.14583333333334,57,80,55,2.70770858450744,9.368796915713668,73,62,2.8364977414556236,9.615578086516523,71,64,2.8364977414556236,9.86669755806211,71,64,2.8364977414556236,9.86669755806211,1.028259454901459,4.392162899470145,94.73684210526315,5,16.606970920636144,4,12.579151992424364,133,2.051931316271194,8,6.747115095743217,False,,,1022,160
latest|q1_dark|r500|Z123_master|perzone_dedup_exact|ovp_pass_reach|cal1,latest,q1_dark,500.0,Z123_master,perzone_dedup_exact,ovp_pass_reach,cal1,192,255,918,0.9195869629305076,8.5594641218922,66.14583333333334,57,80,55,2.70770858450744,9.368796915713668,73,62,2.8364977414556236,9.615578086516523,71,64,2.8364977414556236,9.86669755806211,71,64,2.8364977414556236,9.86669755806211,1.028259454901459,4.392162899470145,94.73684210526315,5,16.606970920636144,4,12.579151992424364,133,2.051931316271194,8,6.747115095743217,False,,,1022,160
all|q1_nodark|r500|Z123_master|perzone_concat|ovp_pass_reach|h24,all,q1_nodark,500.0,Z123_master,perzone_concat,ovp_pass_reach,h24,146,235,985,2.324792682183663,9.901491165516529,65.06849315068493,40,61,45,3.916371673251362,11.104922444373928,58,48,3.971515109850632,11.355264178507142,58,48,3.971515109850632,11.355264178507142,58,48,3.971515109850632,11.355264178507142,1.9624279304698788,3.7840547120739467,95.0,5,16.606970920636144,4,12.579151992424364,104,2.481153856150975,6,3.9377800296365617,False,,,1023,114
latest|q1_nodark|r500|Z123_master|perzone_concat|ovp_pass_reach|h24,latest,q1_nodark,500.0,Z123_master,perzone_concat,ovp_pass_reach,h24,146,235,985,2.324792682183663,9.901491165516529,65.06849315068493,40,61,45,3.916371673251362,11.104922444373928,58,48,4.0686206003992975,11.386485070474935,58,48,4.0686206003992975,11.386485070474935,58,48,4.0686206003992975,11.386485070474935,1.9624279304698788,3.7840547120739467,95.0,5,16.606970920636144,4,12.579151992424364,104,2.481153856150975,6,3.9377800296365617,False,,,1023,114
all|q2_dark|r200|Z1234|union_at_crossing|ovp_pass_reach|h24,all,q2_dark,200.0,Z1234,union_at_crossing,ovp_pass_reach,h24,146,260,964,1.6925192597292416,8.792124773916687,66.43835616438356,44,60,42,2.649230419540327,6.9334810124038775,56,46,2.220413309968272,7.848656639381561,56,46,2.220413309968272,7.848656639381561,56,46,2.220413309968272,7.848656639381561,1.5644560360630777,4.3750470121668394,86.36363636363636,4,16.96358938036111,2,6.492167999217635,113,1.8472614735818738,5,4.962851069643648,False,,,1027,114
all|q2_dark|r200|Z1234|union_at_node|ovp_pass_reach|h24,all,q2_dark,200.0,Z1234,union_at_node,ovp_pass_reach,h24,146,260,964,1.6925192597292416,8.792124773916687,66.43835616438356,44,60,42,2.649230419540327,6.9334810124038775,56,46,2.220413309968272,7.848656639381561,56,46,2.220413309968272,7.848656639381561,56,46,2.220413309968272,7.848656639381561,1.5644560360630777,4.3750470121668394,86.36363636363636,4,16.96358938036111,2,6.492167999217635,113,1.8472614735818738,5,4.962851069643648,False,,,1027,114
all|q2_dark|r200|Z123_master|union_at_crossing|ovp_pass_reach|h24,all,q2_dark,200.0,Z123_master,union_at_crossing,ovp_pass_reach,h24,146,260,964,1.6925192597292416,8.792124773916687,66.43835616438356,44,60,42,2.649230419540327,6.9334810124038775,56,46,2.220413309968272,7.848656639381561,56,46,2.220413309968272,7.848656639381561,56,46,2.220413309968272,7.848656639381561,1.5644560360630777,4.3750470121668394,86.36363636363636,4,16.96358938036111,2,6.492167999217635,113,1.8472614735818738,5,4.962851069643648,False,,,1027,114
all|q2_dark|r200|Z123_master|union_at_node|ovp_pass_reach|h24,all,q2_dark,200.0,Z123_master,union_at_node,ovp_pass_reach,h24,146,260,964,1.6925192597292416,8.792124773916687,66.43835616438356,44,60,42,2.649230419540327,6.9334810124038775,56,46,2.220413309968272,7.848656639381561,56,46,2.220413309968272,7.848656639381561,56,46,2.220413309968272,7.848656639381561,1.5644560360630777,4.3750470121668394,86.36363636363636,4,16.96358938036111,2,6.492167999217635,113,1.8472614735818738,5,4.962851069643648,False,,,1027,114
latest|q2_dark|r200|Z1234|union_at_crossing|ovp_pass_reach|h24,latest,q2_dark,200.0,Z1234,union_at_crossing,ovp_pass_reach,h24,146,260,964,1.6925192597292416,8.792124773916687,66.43835616438356,44,60,42,2.649230419540327,7.054788537482557,56,46,2.220413309968272,7.855591746443601,56,46,2.220413309968272,7.855591746443601,56,46,2.220413309968272,7.855591746443601,1.5644560360630777,4.3750470121668394,86.36363636363636,4,16.96358938036111,2,6.33421454518226,113,1.8472614735818738,5,4.962851069643648,False,,,1027,114
latest|q2_dark|r200|Z1234|union_at_node|ovp_pass_reach|h24,latest,q2_dark,200.0,Z1234,union_at_node,ovp_pass_reach,h24,146,260,964,1.6925192597292416,8.792124773916687,66.43835616438356,44,60,42,2.649230419540327,7.054788537482557,56,46,2.220413309968272,7.855591746443601,56,46,2.220413309968272,7.855591746443601,56,46,2.220413309968272,7.855591746443601,1.5644560360630777,4.3750470121668394,86.36363636363636,4,16.96358938036111,2,6.33421454518226,113,1.8472614735818738,5,4.962851069643648,False,,,1027,114
latest|q2_dark|r200|Z123_master|union_at_crossing|ovp_pass_reach|h24,latest,q2_dark,200.0,Z123_master,union_at_crossing,ovp_pass_reach,h24,146,260,964,1.6925192597292416,8.792124773916687,66.43835616438356,44,60,42,2.649230419540327,7.054788537482557,56,46,2.220413309968272,7.855591746443601,56,46,2.220413309968272,7.855591746443601,56,46,2.220413309968272,7.855591746443601,1.5644560360630777,4.3750470121668394,86.36363636363636,4,16.96358938036111,2,6.33421454518226,113,1.8472614735818738,5,4.962851069643648,False,,,1027,114
latest|q2_dark|r200|Z123_master|union_at_node|ovp_pass_reach|h24,latest,q2_dark,200.0,Z123_master,union_at_node,ovp_pass_reach,h24,146,260,964,1.6925192597292416,8.792124773916687,66.43835616438356,44,60,42,2.649230419540327,7.054788537482557,56,46,2.220413309968272,7.855591746443601,56,46,2.220413309968272,7.855591746443601,56,46,2.220413309968272,7.855591746443601,1.5644560360630777,4.3750470121668394,86.36363636363636,4,16.96358938036111,2,6.33421454518226,113,1.8472614735818738,5,4.962851069643648,False,,,1027,114
all|q1_dark|r500|Z1234|perzone_dedup_exact|ovp_pass_reach|sameday,all,q1_dark,500.0,Z1234,perzone_dedup_exact,ovp_pass_reach,sameday,63,385,931,1.4306664035583339,8.926547207695409,68.25396825396825,20,20,23,2.481153856150975,9.928838327521195,17,26,2.5789194275592564,10.486598233735835,17,26,2.5789194275592564,10.486598233735835,17,26,2.5789194275592564,10.486598233735835,-0.16944890690959724,3.032882226353083,100.0,2,8.239860179611558,2,8.239860179611558,43,2.3833882847426935,3,3.6546905317258904,False,,,1036,31
latest|q1_dark|r500|Z1234|perzone_dedup_exact|ovp_pass_reach|sameday,latest,q1_dark,500.0,Z1234,perzone_dedup_exact,ovp_pass_reach,sameday,63,385,931,1.4306664035583339,8.926547207695409,68.25396825396825,20,20,23,2.481153856150975,9.928838327521195,17,26,2.5789194275592564,10.486598233735835,17,26,2.5789194275592564,10.486598233735835,17,26,2.5789194275592564,10.486598233735835,-0.16944890690959724,3.032882226353083,100.0,2,8.08335640354887,2,8.08335640354887,43,2.3833882847426935,3,3.6546905317258904,False,,,1036,31
all|q1_dark|r500|Z1234|perzone_dedup_exact|ovp_pass_reach|cal1,all,q1_dark,500.0,Z1234,perzone_dedup_exact,ovp_pass_reach,cal1,192,256,931,0.9195869629305076,8.5594641218922,66.14583333333334,57,80,55,2.70770858450744,9.368796915713668,73,62,2.8364977414556236,9.615578086516523,71,64,2.8364977414556236,9.86669755806211,71,64,2.8364977414556236,9.86669755806211,1.028259454901459,4.392162899470145,94.73684210526315,5,16.606970920636144,4,12.579151992424364,133,2.051931316271194,8,6.747115095743217,False,,,1036,160
latest|q1_dark|r500|Z1234|perzone_dedup_exact|ovp_pass_reach|cal1,latest,q1_dark,500.0,Z1234,perzone_dedup_exact,ovp_pass_reach,cal1,192,256,931,0.9195869629305076,8.5594641218922,66.14583333333334,57,80,55,2.70770858450744,9.368796915713668,73,62,2.8364977414556236,9.615578086516523,71,64,2.8364977414556236,9.86669755806211,71,64,2.8364977414556236,9.86669755806211,1.028259454901459,4.392162899470145,94.73684210526315,5,16.606970920636144,4,12.579151992424364,133,2.051931316271194,8,6.747115095743217,False,,,1036,160
all|q1_nodark|r500|Z1234|union_at_crossing|ovp_pass_reach|sameday,all,q1_nodark,500.0,Z1234,union_at_crossing,ovp_pass_reach,sameday,65,387,928,1.6408464583779647,9.238160156970993,66.15384615384615,21,21,23,2.5789194275592564,9.660972893646392,18,26,3.1168049796425734,10.511095374413909,18,26,3.1168049796425734,10.511095374413909,18,26,3.1168049796425734,10.511095374413909,0.22865253377215566,3.10291702799204,95.23809523809523,2,8.239860179611558,2,8.239860179611558,44,2.481153856150975,4,-0.17682769813429644,False,,,1037,33
all|q1_nodark|r500|Z1234|union_at_node|ovp_pass_reach|sameday,all,q1_nodark,500.0,Z1234,union_at_node,ovp_pass_reach,sameday,65,387,928,1.6408464583779647,9.238160156970993,66.15384615384615,21,21,23,2.5789194275592564,9.660972893646392,18,26,3.1168049796425734,10.511095374413909,18,26,3.1168049796425734,10.511095374413909,18,26,3.1168049796425734,10.511095374413909,0.22865253377215566,3.10291702799204,95.23809523809523,2,8.239860179611558,2,8.239860179611558,44,2.481153856150975,4,-0.17682769813429644,False,,,1037,33
all|q1_nodark|r500|Z123_master|union_at_crossing|ovp_pass_reach|sameday,all,q1_nodark,500.0,Z123_master,union_at_crossing,ovp_pass_reach,sameday,65,387,928,1.6408464583779647,9.238160156970993,66.15384615384615,21,21,23,2.5789194275592564,9.660972893646392,18,26,3.1168049796425734,10.511095374413909,18,26,3.1168049796425734,10.511095374413909,18,26,3.1168049796425734,10.511095374413909,0.22865253377215566,3.10291702799204,95.23809523809523,2,8.239860179611558,2,8.239860179611558,44,2.481153856150975,4,-0.17682769813429644,False,,,1037,33
all|q1_nodark|r500|Z123_master|union_at_node|ovp_pass_reach|sameday,all,q1_nodark,500.0,Z123_master,union_at_node,ovp_pass_reach,sameday,65,387,928,1.6408464583779647,9.238160156970993,66.15384615384615,21,21,23,2.5789194275592564,9.660972893646392,18,26,3.1168049796425734,10.511095374413909,18,26,3.1168049796425734,10.511095374413909,18,26,3.1168049796425734,10.511095374413909,0.22865253377215566,3.10291702799204,95.23809523809523,2,8.239860179611558,2,8.239860179611558,44,2.481153856150975,4,-0.17682769813429644,False,,,1037,33
latest|q1_nodark|r500|Z1234|union_at_crossing|ovp_pass_reach|sameday,latest,q1_nodark,500.0,Z1234,union_at_crossing,ovp_pass_reach,sameday,65,387,928,1.6408464583779647,9.238160156970993,66.15384615384615,21,21,23,2.5789194275592564,9.660972893646392,18,26,3.1168049796425734,10.511095374413909,18,26,3.1168049796425734,10.511095374413909,18,26,3.1168049796425734,10.511095374413909,0.22865253377215566,3.10291702799204,95.23809523809523,2,8.08335640354887,2,8.08335640354887,44,2.481153856150975,4,-0.17682769813429644,False,,,1037,33
latest|q1_nodark|r500|Z1234|union_at_node|ovp_pass_reach|sameday,latest,q1_nodark,500.0,Z1234,union_at_node,ovp_pass_reach,sameday,65,387,928,1.6408464583779647,9.238160156970993,66.15384615384615,21,21,23,2.5789194275592564,9.660972893646392,18,26,3.1168049796425734,10.511095374413909,18,26,3.1168049796425734,10.511095374413909,18,26,3.1168049796425734,10.511095374413909,0.22865253377215566,3.10291702799204,95.23809523809523,2,8.08335640354887,2,8.08335640354887,44,2.481153856150975,4,-0.17682769813429644,False,,,1037,33
latest|q1_nodark|r500|Z123_master|union_at_crossing|ovp_pass_reach|sameday,latest,q1_nodark,500.0,Z123_master,union_at_crossing,ovp_pass_reach,sameday,65,387,928,1.6408464583779647,9.238160156970993,66.15384615384615,21,21,23,2.5789194275592564,9.660972893646392,18,26,3.1168049796425734,10.511095374413909,18,26,3.1168049796425734,10.511095374413909,18,26,3.1168049796425734,10.511095374413909,0.22865253377215566,3.10291702799204,95.23809523809523,2,8.08335640354887,2,8.08335640354887,44,2.481153856150975,4,-0.17682769813429644,False,,,1037,33
latest|q1_nodark|r500|Z123_master|union_at_node|ovp_pass_reach|sameday,latest,q1_nodark,500.0,Z123_master,union_at_node,ovp_pass_reach,sameday,65,387,928,1.6408464583779647,9.238160156970993,66.15384615384615,21,21,23,2.5789194275592564,9.660972893646392,18,26,3.1168049796425734,10.511095374413909,18,26,3.1168049796425734,10.511095374413909,18,26,3.1168049796425734,10.511095374413909,0.22865253377215566,3.10291702799204,95.23809523809523,2,8.08335640354887,2,8.08335640354887,44,2.481153856150975,4,-0.17682769813429644,False,,,1037,33
all|q1_nodark|r500|Z1234|union_at_crossing|ovp_pass_reach|cal1,all,q1_nodark,500.0,Z1234,union_at_crossing,ovp_pass_reach,cal1,198,254,928,1.5014996605902553,9.163345696664518,63.63636363636363,61,82,55,3.192788444517536,9.2287809874168,75,62,3.549079147579448,10.560374545812747,73,64,3.549079147579448,10.672051279235705,73,64,3.549079147579448,10.672051279235705,1.4912972273272374,4.944107713631385,88.52459016393442,5,16.606970920636144,4,12.579151992424364,138,2.2657754897215554,10,6.747115095743217,False,,,1037,166
all|q1_nodark|r500|Z1234|union_at_node|ovp_pass_reach|cal1,all,q1_nodark,500.0,Z1234,union_at_node,ovp_pass_reach,cal1,198,254,928,1.5014996605902553,9.163345696664518,63.63636363636363,61,82,55,3.192788444517536,9.2287809874168,75,62,3.549079147579448,10.560374545812747,73,64,3.549079147579448,10.672051279235705,73,64,3.549079147579448,10.672051279235705,1.4912972273272374,4.944107713631385,88.52459016393442,5,16.606970920636144,4,12.579151992424364,138,2.2657754897215554,10,6.747115095743217,False,,,1037,166
all|q1_nodark|r500|Z123_master|union_at_crossing|ovp_pass_reach|cal1,all,q1_nodark,500.0,Z123_master,union_at_crossing,ovp_pass_reach,cal1,198,254,928,1.5014996605902553,9.163345696664518,63.63636363636363,61,82,55,3.192788444517536,9.2287809874168,75,62,3.549079147579448,10.560374545812747,73,64,3.549079147579448,10.672051279235705,73,64,3.549079147579448,10.672051279235705,1.4912972273272374,4.944107713631385,88.52459016393442,5,16.606970920636144,4,12.579151992424364,138,2.2657754897215554,10,6.747115095743217,False,,,1037,166
all|q1_nodark|r500|Z123_master|union_at_node|ovp_pass_reach|cal1,all,q1_nodark,500.0,Z123_master,union_at_node,ovp_pass_reach,cal1,198,254,928,1.5014996605902553,9.163345696664518,63.63636363636363,61,82,55,3.192788444517536,9.2287809874168,75,62,3.549079147579448,10.560374545812747,73,64,3.549079147579448,10.672051279235705,73,64,3.549079147579448,10.672051279235705,1.4912972273272374,4.944107713631385,88.52459016393442,5,16.606970920636144,4,12.579151992424364,138,2.2657754897215554,10,6.747115095743217,False,,,1037,166
latest|q1_nodark|r500|Z1234|union_at_crossing|ovp_pass_reach|cal1,latest,q1_nodark,500.0,Z1234,union_at_crossing,ovp_pass_reach,cal1,198,254,928,1.5014996605902553,9.163345696664518,63.63636363636363,61,82,55,3.192788444517536,9.2287809874168,75,62,3.549079147579448,10.560374545812747,73,64,3.549079147579448,10.672051279235705,73,64,3.549079147579448,10.672051279235705,1.4912972273272374,4.944107713631385,88.52459016393442,5,16.606970920636144,4,12.579151992424364,138,2.2657754897215554,10,6.747115095743217,False,,,1037,166
latest|q1_nodark|r500|Z1234|union_at_node|ovp_pass_reach|cal1,latest,q1_nodark,500.0,Z1234,union_at_node,ovp_pass_reach,cal1,198,254,928,1.5014996605902553,9.163345696664518,63.63636363636363,61,82,55,3.192788444517536,9.2287809874168,75,62,3.549079147579448,10.560374545812747,73,64,3.549079147579448,10.672051279235705,73,64,3.549079147579448,10.672051279235705,1.4912972273272374,4.944107713631385,88.52459016393442,5,16.606970920636144,4,12.579151992424364,138,2.2657754897215554,10,6.747115095743217,False,,,1037,166
latest|q1_nodark|r500|Z123_master|union_at_crossing|ovp_pass_reach|cal1,latest,q1_nodark,500.0,Z123_master,union_at_crossing,ovp_pass_reach,cal1,198,254,928,1.5014996605902553,9.163345696664518,63.63636363636363,61,82,55,3.192788444517536,9.2287809874168,75,62,3.549079147579448,10.560374545812747,73,64,3.549079147579448,10.672051279235705,73,64,3.549079147579448,10.672051279235705,1.4912972273272374,4.944107713631385,88.52459016393442,5,16.606970920636144,4,12.579151992424364,138,2.2657754897215554,10,6.747115095743217,False,,,1037,166
latest|q1_nodark|r500|Z123_master|union_at_node|ovp_pass_reach|cal1,latest,q1_nodark,500.0,Z123_master,union_at_node,ovp_pass_reach,cal1,198,254,928,1.5014996605902553,9.163345696664518,63.63636363636363,61,82,55,3.192788444517536,9.2287809874168,75,62,3.549079147579448,10.560374545812747,73,64,3.549079147579448,10.672051279235705,73,64,3.549079147579448,10.672051279235705,1.4912972273272374,4.944107713631385,88.52459016393442,5,16.606970920636144,4,12.579151992424364,138,2.2657754897215554,10,6.747115095743217,False,,,1037,166
all|q2_dark|r200|Z123_master|perzone_dedup_exact|ovp_pass_reach|h24,all,q2_dark,200.0,Z123_master,perzone_dedup_exact,ovp_pass_reach,h24,149,262,979,1.6844466002822855,8.775929702361854,66.44295302013423,44,63,42,2.5582261383203075,7.326438489129401,59,46,1.7005919191761976,8.302354504636652,59,46,1.7005919191761976,8.302354504636652,59,46,1.7005919191761976,8.302354504636652,1.5644560360630777,4.3750470121668394,86.36363636363636,4,16.96358938036111,2,6.492167999217635,115,1.7335590458090522,5,4.962851069643648,False,,,1047,117
latest|q2_dark|r200|Z123_master|perzone_dedup_exact|ovp_pass_reach|h24,latest,q2_dark,200.0,Z123_master,perzone_dedup_exact,ovp_pass_reach,h24,149,262,979,1.6844466002822855,8.775929702361854,66.44295302013423,44,63,42,2.5582261383203075,7.326438489129401,59,46,1.7005919191761976,8.454304871060376,59,46,1.7005919191761976,8.454304871060376,59,46,1.7005919191761976,8.454304871060376,1.5644560360630777,4.3750470121668394,86.36363636363636,4,16.96358938036111,2,6.33421454518226,115,1.7335590458090522,5,4.962851069643648,False,,,1047,117
all|q1_dark|r500|Z123_master|perzone_concat|ovp_pass_reach|sameday,all,q1_dark,500.0,Z123_master,perzone_concat,ovp_pass_reach,sameday,64,395,934,1.3102950701230576,8.676910215072597,68.75,20,20,24,2.481153856150975,9.928838327521195,17,27,2.5789194275592564,10.486598233735835,17,27,2.5789194275592564,10.486598233735835,17,27,2.5789194275592564,10.486598233735835,-0.16944890690959724,3.032882226353083,100.0,2,8.239860179611558,2,8.239860179611558,43,2.3833882847426935,3,3.6546905317258904,False,,,1050,32
latest|q1_dark|r500|Z123_master|perzone_concat|ovp_pass_reach|sameday,latest,q1_dark,500.0,Z123_master,perzone_concat,ovp_pass_reach,sameday,64,395,934,1.3102950701230576,8.676910215072597,68.75,20,20,24,2.481153856150975,9.928838327521195,17,27,2.5789194275592564,10.486598233735835,17,27,2.5789194275592564,10.486598233735835,17,27,2.5789194275592564,10.486598233735835,-0.16944890690959724,3.032882226353083,100.0,2,8.08335640354887,2,8.08335640354887,43,2.3833882847426935,3,3.6546905317258904,False,,,1050,32
all|q1_dark|r500|Z123_master|perzone_concat|ovp_pass_reach|cal1,all,q1_dark,500.0,Z123_master,perzone_concat,ovp_pass_reach,cal1,198,261,934,0.736945019232893,8.428731613365843,66.66666666666666,57,85,56,2.5789194275592564,9.484811949879358,78,63,2.70770858450744,9.710591029632532,76,65,2.70770858450744,9.74542730529433,76,65,2.70770858450744,9.74542730529433,1.028259454901459,4.392162899470145,94.73684210526315,5,16.606970920636144,4,12.579151992424364,136,1.8040175104411027,8,6.747115095743217,False,,,1050,166
latest|q1_dark|r500|Z123_master|perzone_concat|ovp_pass_reach|cal1,latest,q1_dark,500.0,Z123_master,perzone_concat,ovp_pass_reach,cal1,198,261,934,0.736945019232893,8.428731613365843,66.66666666666666,57,85,56,2.5789194275592564,9.484811949879358,78,63,2.70770858450744,9.710591029632532,76,65,2.70770858450744,9.74542730529433,76,65,2.70770858450744,9.74542730529433,1.028259454901459,4.392162899470145,94.73684210526315,5,16.606970920636144,4,12.579151992424364,136,1.8040175104411027,8,6.747115095743217,False,,,1050,166
all|q2_dark|r200|Z1234|perzone_dedup_exact|ovp_pass_reach|h24,all,q2_dark,200.0,Z1234,perzone_dedup_exact,ovp_pass_reach,h24,149,263,988,1.6844466002822855,8.775929702361854,66.44295302013423,44,63,42,2.5582261383203075,7.326438489129401,59,46,1.7005919191761976,8.302354504636652,59,46,1.7005919191761976,8.302354504636652,59,46,1.7005919191761976,8.302354504636652,1.5644560360630777,4.3750470121668394,86.36363636363636,4,16.96358938036111,2,6.492167999217635,115,1.7335590458090522,5,4.962851069643648,False,,,1057,117
latest|q2_dark|r200|Z1234|perzone_dedup_exact|ovp_pass_reach|h24,latest,q2_dark,200.0,Z1234,perzone_dedup_exact,ovp_pass_reach,h24,149,263,988,1.6844466002822855,8.775929702361854,66.44295302013423,44,63,42,2.5582261383203075,7.326438489129401,59,46,1.7005919191761976,8.454304871060376,59,46,1.7005919191761976,8.454304871060376,59,46,1.7005919191761976,8.454304871060376,1.5644560360630777,4.3750470121668394,86.36363636363636,4,16.96358938036111,2,6.33421454518226,115,1.7335590458090522,5,4.962851069643648,False,,,1057,117
all|q1_nodark|r500|Z123_master|perzone_dedup_exact|ovp_pass_reach|sameday,all,q1_nodark,500.0,Z123_master,perzone_dedup_exact,ovp_pass_reach,sameday,67,393,941,1.4306664035583339,8.926547207695409,67.16417910447761,21,23,23,2.3833882847426935,9.476385143804137,20,26,1.7359385856181575,8.876635528678031,20,26,1.7359385856181575,8.876635528678031,20,26,1.7359385856181575,8.876635528678031,0.22865253377215566,3.10291702799204,95.23809523809523,2,8.239860179611558,2,8.239860179611558,46,2.372873315822943,4,-0.17682769813429644,False,,,1058,35
latest|q1_nodark|r500|Z123_master|perzone_dedup_exact|ovp_pass_reach|sameday,latest,q1_nodark,500.0,Z123_master,perzone_dedup_exact,ovp_pass_reach,sameday,67,393,941,1.4306664035583339,8.926547207695409,67.16417910447761,21,23,23,2.3833882847426935,9.476385143804137,20,26,1.7359385856181575,8.876635528678031,20,26,1.7359385856181575,8.876635528678031,20,26,1.7359385856181575,8.876635528678031,0.22865253377215566,3.10291702799204,95.23809523809523,2,8.08335640354887,2,8.08335640354887,46,2.372873315822943,4,-0.17682769813429644,False,,,1058,35
all|q1_nodark|r500|Z123_master|perzone_dedup_exact|ovp_pass_reach|cal1,all,q1_nodark,500.0,Z123_master,perzone_dedup_exact,ovp_pass_reach,cal1,202,258,941,1.5014996605902553,9.187425407887986,63.86138613861386,61,86,55,3.192788444517536,9.809304766081738,79,62,3.549079147579448,10.672051279235705,77,64,3.549079147579448,10.923170750781294,77,64,3.549079147579448,10.923170750781294,1.4912972273272374,4.944107713631385,88.52459016393442,5,16.606970920636144,4,12.579151992424364,140,2.223454791997437,10,6.747115095743217,False,,,1058,170
latest|q1_nodark|r500|Z123_master|perzone_dedup_exact|ovp_pass_reach|cal1,latest,q1_nodark,500.0,Z123_master,perzone_dedup_exact,ovp_pass_reach,cal1,202,258,941,1.5014996605902553,9.187425407887986,63.86138613861386,61,86,55,3.192788444517536,9.809304766081738,79,62,3.549079147579448,10.672051279235705,77,64,3.549079147579448,10.923170750781294,77,64,3.549079147579448,10.923170750781294,1.4912972273272374,4.944107713631385,88.52459016393442,5,16.606970920636144,4,12.579151992424364,140,2.223454791997437,10,6.747115095743217,False,,,1058,170
all|q1_nodark|r500|Z1234|perzone_dedup_exact|ovp_pass_reach|sameday,all,q1_nodark,500.0,Z1234,perzone_dedup_exact,ovp_pass_reach,sameday,67,394,954,1.4306664035583339,8.926547207695409,67.16417910447761,21,23,23,2.3833882847426935,9.476385143804137,20,26,1.7359385856181575,8.876635528678031,20,26,1.7359385856181575,8.876635528678031,20,26,1.7359385856181575,8.876635528678031,0.22865253377215566,3.10291702799204,95.23809523809523,2,8.239860179611558,2,8.239860179611558,46,2.372873315822943,4,-0.17682769813429644,False,,,1072,35
latest|q1_nodark|r500|Z1234|perzone_dedup_exact|ovp_pass_reach|sameday,latest,q1_nodark,500.0,Z1234,perzone_dedup_exact,ovp_pass_reach,sameday,67,394,954,1.4306664035583339,8.926547207695409,67.16417910447761,21,23,23,2.3833882847426935,9.476385143804137,20,26,1.7359385856181575,8.876635528678031,20,26,1.7359385856181575,8.876635528678031,20,26,1.7359385856181575,8.876635528678031,0.22865253377215566,3.10291702799204,95.23809523809523,2,8.08335640354887,2,8.08335640354887,46,2.372873315822943,4,-0.17682769813429644,False,,,1072,35
all|q1_nodark|r500|Z1234|perzone_dedup_exact|ovp_pass_reach|cal1,all,q1_nodark,500.0,Z1234,perzone_dedup_exact,ovp_pass_reach,cal1,202,259,954,1.5014996605902553,9.187425407887986,63.86138613861386,61,86,55,3.192788444517536,9.809304766081738,79,62,3.549079147579448,10.672051279235705,77,64,3.549079147579448,10.923170750781294,77,64,3.549079147579448,10.923170750781294,1.4912972273272374,4.944107713631385,88.52459016393442,5,16.606970920636144,4,12.579151992424364,140,2.223454791997437,10,6.747115095743217,False,,,1072,170
latest|q1_nodark|r500|Z1234|perzone_dedup_exact|ovp_pass_reach|cal1,latest,q1_nodark,500.0,Z1234,perzone_dedup_exact,ovp_pass_reach,cal1,202,259,954,1.5014996605902553,9.187425407887986,63.86138613861386,61,86,55,3.192788444517536,9.809304766081738,79,62,3.549079147579448,10.672051279235705,77,64,3.549079147579448,10.923170750781294,77,64,3.549079147579448,10.923170750781294,1.4912972273272374,4.944107713631385,88.52459016393442,5,16.606970920636144,4,12.579151992424364,140,2.223454791997437,10,6.747115095743217,False,,,1072,170
all|q2_dark|r200|Z123_master|perzone_concat|ovp_pass_reach|h24,all,q2_dark,200.0,Z123_master,perzone_concat,ovp_pass_reach,h24,154,272,995,1.5644560360630777,8.432764361001675,67.53246753246754,44,67,43,2.5582261383203075,6.954031541724039,63,47,1.7005919191761976,8.225560035027096,63,47,1.7005919191761976,8.225560035027096,63,47,1.7005919191761976,8.225560035027096,1.5644560360630777,4.3750470121668394,86.36363636363636,4,16.96358938036111,2,6.492167999217635,118,1.7090028230456689,5,4.962851069643648,False,,,1078,122
latest|q2_dark|r200|Z123_master|perzone_concat|ovp_pass_reach|h24,latest,q2_dark,200.0,Z123_master,perzone_concat,ovp_pass_reach,h24,154,272,995,1.5644560360630777,8.5180826592616,67.53246753246754,44,67,43,2.5582261383203075,7.182776377757319,63,47,1.7005919191761976,8.225560035027096,63,47,1.7005919191761976,8.225560035027096,63,47,1.7005919191761976,8.225560035027096,1.5644560360630777,4.3750470121668394,86.36363636363636,4,16.96358938036111,2,6.33421454518226,118,1.7090028230456689,5,4.962851069643648,False,,,1078,122
all|q1_nodark|r500|Z123_master|perzone_concat|ovp_pass_reach|sameday,all,q1_nodark,500.0,Z123_master,perzone_concat,ovp_pass_reach,sameday,68,403,959,1.3102950701230576,8.676910215072597,67.64705882352942,21,23,24,2.3833882847426935,9.476385143804137,20,27,1.7359385856181575,8.876635528678031,20,27,1.7359385856181575,8.876635528678031,20,27,1.7359385856181575,8.876635528678031,0.22865253377215566,3.10291702799204,95.23809523809523,2,8.239860179611558,2,8.239860179611558,46,2.372873315822943,4,-0.17682769813429644,False,,,1087,36
latest|q1_nodark|r500|Z123_master|perzone_concat|ovp_pass_reach|sameday,latest,q1_nodark,500.0,Z123_master,perzone_concat,ovp_pass_reach,sameday,68,403,959,1.3102950701230576,8.676910215072597,67.64705882352942,21,23,24,2.3833882847426935,9.476385143804137,20,27,1.7359385856181575,8.876635528678031,20,27,1.7359385856181575,8.876635528678031,20,27,1.7359385856181575,8.876635528678031,0.22865253377215566,3.10291702799204,95.23809523809523,2,8.08335640354887,2,8.08335640354887,46,2.372873315822943,4,-0.17682769813429644,False,,,1087,36
all|q1_nodark|r500|Z123_master|perzone_concat|ovp_pass_reach|cal1,all,q1_nodark,500.0,Z123_master,perzone_concat,ovp_pass_reach,cal1,207,264,959,1.4306664035583339,9.076626116129328,64.25120772946859,61,90,56,2.70770858450744,9.576949913605503,83,63,2.8364977414556236,9.936370109385706,81,65,2.8364977414556236,9.936370109385706,81,65,2.8364977414556236,9.936370109385706,1.4912972273272374,4.944107713631385,88.52459016393442,5,16.606970920636144,4,12.579151992424364,143,2.093794815793082,10,6.747115095743217,False,,,1087,175
latest|q1_nodark|r500|Z123_master|perzone_concat|ovp_pass_reach|cal1,latest,q1_nodark,500.0,Z123_master,perzone_concat,ovp_pass_reach,cal1,207,264,959,1.4306664035583339,9.076626116129328,64.25120772946859,61,90,56,2.70770858450744,9.576949913605503,83,63,2.8364977414556236,9.936370109385706,81,65,2.8364977414556236,9.936370109385706,81,65,2.8364977414556236,9.936370109385706,1.4912972273272374,4.944107713631385,88.52459016393442,5,16.606970920636144,4,12.579151992424364,143,2.093794815793082,10,6.747115095743217,False,,,1087,175
all|q2_dark|r200|Z1234|union_at_crossing|ovp_pass_reach|sameday,all,q2_dark,200.0,Z1234,union_at_crossing,ovp_pass_reach,sameday,70,421,944,-0.35144433198319724,7.4003518184850705,65.71428571428571,26,23,21,1.7335590458090522,5.421455018205639,19,25,-1.0882466093629972,9.317031289112327,19,25,-1.0882466093629972,9.317031289112327,19,25,-1.0882466093629972,9.317031289112327,-1.4319715373968478,5.231061952322761,80.76923076923077,2,8.018949609555381,1,-8.002566554520385,52,2.1756674398162534,3,3.5849776438485748,False,,,1092,38
all|q2_dark|r200|Z1234|union_at_node|ovp_pass_reach|sameday,all,q2_dark,200.0,Z1234,union_at_node,ovp_pass_reach,sameday,70,421,944,-0.35144433198319724,7.4003518184850705,65.71428571428571,26,23,21,1.7335590458090522,5.421455018205639,19,25,-1.0882466093629972,9.317031289112327,19,25,-1.0882466093629972,9.317031289112327,19,25,-1.0882466093629972,9.317031289112327,-1.4319715373968478,5.231061952322761,80.76923076923077,2,8.018949609555381,1,-8.002566554520385,52,2.1756674398162534,3,3.5849776438485748,False,,,1092,38
all|q2_dark|r200|Z123_master|union_at_crossing|ovp_pass_reach|sameday,all,q2_dark,200.0,Z123_master,union_at_crossing,ovp_pass_reach,sameday,70,421,944,-0.35144433198319724,7.4003518184850705,65.71428571428571,26,23,21,1.7335590458090522,5.421455018205639,19,25,-1.0882466093629972,9.317031289112327,19,25,-1.0882466093629972,9.317031289112327,19,25,-1.0882466093629972,9.317031289112327,-1.4319715373968478,5.231061952322761,80.76923076923077,2,8.018949609555381,1,-8.002566554520385,52,2.1756674398162534,3,3.5849776438485748,False,,,1092,38
all|q2_dark|r200|Z123_master|union_at_node|ovp_pass_reach|sameday,all,q2_dark,200.0,Z123_master,union_at_node,ovp_pass_reach,sameday,70,421,944,-0.35144433198319724,7.4003518184850705,65.71428571428571,26,23,21,1.7335590458090522,5.421455018205639,19,25,-1.0882466093629972,9.317031289112327,19,25,-1.0882466093629972,9.317031289112327,19,25,-1.0882466093629972,9.317031289112327,-1.4319715373968478,5.231061952322761,80.76923076923077,2,8.018949609555381,1,-8.002566554520385,52,2.1756674398162534,3,3.5849776438485748,False,,,1092,38
latest|q2_dark|r200|Z1234|union_at_crossing|ovp_pass_reach|sameday,latest,q2_dark,200.0,Z1234,union_at_crossing,ovp_pass_reach,sameday,70,421,944,-0.24353688072773494,7.560335405716419,65.71428571428571,26,23,21,1.7335590458090522,5.421455018205639,19,25,-0.5468085993543426,8.514295295473497,19,25,-0.5468085993543426,8.514295295473497,19,25,-0.5468085993543426,8.514295295473497,-1.4319715373968478,5.231061952322761,80.76923076923077,2,7.860996155520006,1,-8.318473462591136,52,2.1756674398162534,3,3.5849776438485748,False,,,1092,38
latest|q2_dark|r200|Z1234|union_at_node|ovp_pass_reach|sameday,latest,q2_dark,200.0,Z1234,union_at_node,ovp_pass_reach,sameday,70,421,944,-0.24353688072773494,7.560335405716419,65.71428571428571,26,23,21,1.7335590458090522,5.421455018205639,19,25,-0.5468085993543426,8.514295295473497,19,25,-0.5468085993543426,8.514295295473497,19,25,-0.5468085993543426,8.514295295473497,-1.4319715373968478,5.231061952322761,80.76923076923077,2,7.860996155520006,1,-8.318473462591136,52,2.1756674398162534,3,3.5849776438485748,False,,,1092,38
latest|q2_dark|r200|Z123_master|union_at_crossing|ovp_pass_reach|sameday,latest,q2_dark,200.0,Z123_master,union_at_crossing,ovp_pass_reach,sameday,70,421,944,-0.24353688072773494,7.560335405716419,65.71428571428571,26,23,21,1.7335590458090522,5.421455018205639,19,25,-0.5468085993543426,8.514295295473497,19,25,-0.5468085993543426,8.514295295473497,19,25,-0.5468085993543426,8.514295295473497,-1.4319715373968478,5.231061952322761,80.76923076923077,2,7.860996155520006,1,-8.318473462591136,52,2.1756674398162534,3,3.5849776438485748,False,,,1092,38
latest|q2_dark|r200|Z123_master|union_at_node|ovp_pass_reach|sameday,latest,q2_dark,200.0,Z123_master,union_at_node,ovp_pass_reach,sameday,70,421,944,-0.24353688072773494,7.560335405716419,65.71428571428571,26,23,21,1.7335590458090522,5.421455018205639,19,25,-0.5468085993543426,8.514295295473497,19,25,-0.5468085993543426,8.514295295473497,19,25,-0.5468085993543426,8.514295295473497,-1.4319715373968478,5.231061952322761,80.76923076923077,2,7.860996155520006,1,-8.318473462591136,52,2.1756674398162534,3,3.5849776438485748,False,,,1092,38
all|q2_dark|r200|Z1234|union_at_crossing|ovp_pass_reach|cal1,all,q2_dark,200.0,Z1234,union_at_crossing,ovp_pass_reach,cal1,209,282,944,1.1685525475328973,9.547662639980995,59.80861244019139,61,85,63,1.977646784483511,8.043543327755753,77,71,1.7005919191761976,8.784382795679404,75,73,1.7005919191761976,8.799866752153969,75,73,1.7005919191761976,8.799866752153969,0.4564349204063234,5.643823756893982,83.60655737704919,4,16.96358938036111,2,6.492167999217635,158,2.1124436298794347,7,6.606420518007816,False,,,1092,177
all|q2_dark|r200|Z1234|union_at_node|ovp_pass_reach|cal1,all,q2_dark,200.0,Z1234,union_at_node,ovp_pass_reach,cal1,209,282,944,1.1685525475328973,9.547662639980995,59.80861244019139,61,85,63,1.977646784483511,8.043543327755753,77,71,1.7005919191761976,8.784382795679404,75,73,1.7005919191761976,8.799866752153969,75,73,1.7005919191761976,8.799866752153969,0.4564349204063234,5.643823756893982,83.60655737704919,4,16.96358938036111,2,6.492167999217635,158,2.1124436298794347,7,6.606420518007816,False,,,1092,177
all|q2_dark|r200|Z123_master|union_at_crossing|ovp_pass_reach|cal1,all,q2_dark,200.0,Z123_master,union_at_crossing,ovp_pass_reach,cal1,209,282,944,1.1685525475328973,9.547662639980995,59.80861244019139,61,85,63,1.977646784483511,8.043543327755753,77,71,1.7005919191761976,8.784382795679404,75,73,1.7005919191761976,8.799866752153969,75,73,1.7005919191761976,8.799866752153969,0.4564349204063234,5.643823756893982,83.60655737704919,4,16.96358938036111,2,6.492167999217635,158,2.1124436298794347,7,6.606420518007816,False,,,1092,177
all|q2_dark|r200|Z123_master|union_at_node|ovp_pass_reach|cal1,all,q2_dark,200.0,Z123_master,union_at_node,ovp_pass_reach,cal1,209,282,944,1.1685525475328973,9.547662639980995,59.80861244019139,61,85,63,1.977646784483511,8.043543327755753,77,71,1.7005919191761976,8.784382795679404,75,73,1.7005919191761976,8.799866752153969,75,73,1.7005919191761976,8.799866752153969,0.4564349204063234,5.643823756893982,83.60655737704919,4,16.96358938036111,2,6.492167999217635,158,2.1124436298794347,7,6.606420518007816,False,,,1092,177
latest|q2_dark|r200|Z1234|union_at_crossing|ovp_pass_reach|cal1,latest,q2_dark,200.0,Z1234,union_at_crossing,ovp_pass_reach,cal1,209,282,944,1.1685525475328973,9.547662639980995,59.80861244019139,61,85,63,1.977646784483511,8.057413541879834,77,71,1.7005919191761976,8.784382795679404,75,73,1.7005919191761976,8.799866752153969,75,73,1.7005919191761976,8.799866752153969,0.4564349204063234,5.643823756893982,83.60655737704919,4,16.96358938036111,2,6.33421454518226,158,2.1124436298794347,7,6.606420518007816,False,,,1092,177
latest|q2_dark|r200|Z1234|union_at_node|ovp_pass_reach|cal1,latest,q2_dark,200.0,Z1234,union_at_node,ovp_pass_reach,cal1,209,282,944,1.1685525475328973,9.547662639980995,59.80861244019139,61,85,63,1.977646784483511,8.057413541879834,77,71,1.7005919191761976,8.784382795679404,75,73,1.7005919191761976,8.799866752153969,75,73,1.7005919191761976,8.799866752153969,0.4564349204063234,5.643823756893982,83.60655737704919,4,16.96358938036111,2,6.33421454518226,158,2.1124436298794347,7,6.606420518007816,False,,,1092,177
latest|q2_dark|r200|Z123_master|union_at_crossing|ovp_pass_reach|cal1,latest,q2_dark,200.0,Z123_master,union_at_crossing,ovp_pass_reach,cal1,209,282,944,1.1685525475328973,9.547662639980995,59.80861244019139,61,85,63,1.977646784483511,8.057413541879834,77,71,1.7005919191761976,8.784382795679404,75,73,1.7005919191761976,8.799866752153969,75,73,1.7005919191761976,8.799866752153969,0.4564349204063234,5.643823756893982,83.60655737704919,4,16.96358938036111,2,6.33421454518226,158,2.1124436298794347,7,6.606420518007816,False,,,1092,177
latest|q2_dark|r200|Z123_master|union_at_node|ovp_pass_reach|cal1,latest,q2_dark,200.0,Z123_master,union_at_node,ovp_pass_reach,cal1,209,282,944,1.1685525475328973,9.547662639980995,59.80861244019139,61,85,63,1.977646784483511,8.057413541879834,77,71,1.7005919191761976,8.784382795679404,75,73,1.7005919191761976,8.799866752153969,75,73,1.7005919191761976,8.799866752153969,0.4564349204063234,5.643823756893982,83.60655737704919,4,16.96358938036111,2,6.33421454518226,158,2.1124436298794347,7,6.606420518007816,False,,,1092,177
all|q2_dark|r200|Z123_master|perzone_dedup_exact|ovp_pass_reach|sameday,all,q2_dark,200.0,Z123_master,perzone_dedup_exact,ovp_pass_reach,sameday,72,425,959,-0.9254350556141322,6.549353171629846,66.66666666666666,26,25,21,0.059734837898872684,7.269360125184804,21,25,-1.2583509636423074,9.223554134549756,21,25,-1.2583509636423074,9.223554134549756,21,25,-1.2583509636423074,9.223554134549756,-1.4319715373968478,5.231061952322761,80.76923076923077,2,8.018949609555381,1,-8.002566554520385,54,1.9216726061894729,3,3.5849776438485748,False,,,1113,40
latest|q2_dark|r200|Z123_master|perzone_dedup_exact|ovp_pass_reach|sameday,latest,q2_dark,200.0,Z123_master,perzone_dedup_exact,ovp_pass_reach,sameday,72,425,959,-0.6547160506098049,6.6039787669147625,66.66666666666666,26,25,21,0.059734837898872684,7.269360125184804,21,25,-1.0882466093629972,8.97135741889525,21,25,-1.0882466093629972,8.97135741889525,21,25,-1.0882466093629972,8.97135741889525,-1.4319715373968478,5.231061952322761,80.76923076923077,2,7.860996155520006,1,-8.318473462591136,54,1.9216726061894729,3,3.5849776438485748,False,,,1113,40
all|q2_dark|r200|Z123_master|perzone_dedup_exact|ovp_pass_reach|cal1,all,q2_dark,200.0,Z123_master,perzone_dedup_exact,ovp_pass_reach,cal1,212,285,959,1.163963395651102,9.444362715661748,59.905660377358494,61,88,63,1.8556029151462816,8.378329687848513,80,71,1.3848101276269453,8.600162864573004,78,73,1.3848101276269453,8.648221003889084,78,73,1.3848101276269453,8.648221003889084,0.4564349204063234,5.643823756893982,83.60655737704919,4,16.96358938036111,2,6.492167999217635,160,1.9785238200758837,7,6.606420518007816,False,,,1113,180
latest|q2_dark|r200|Z123_master|perzone_dedup_exact|ovp_pass_reach|cal1,latest,q2_dark,200.0,Z123_master,perzone_dedup_exact,ovp_pass_reach,cal1,212,285,959,1.163963395651102,9.444362715661748,59.905660377358494,61,88,63,1.8556029151462816,8.385264794910553,80,71,1.3848101276269453,8.648221003889084,78,73,1.3848101276269453,8.764554191254382,78,73,1.3848101276269453,8.764554191254382,0.4564349204063234,5.643823756893982,83.60655737704919,4,16.96358938036111,2,6.33421454518226,160,1.9785238200758837,7,6.606420518007816,False,,,1113,180
all|q2_dark|r500|Z1234|union_at_crossing|ovp_pass_reach|h24,all,q2_dark,500.0,Z1234,union_at_crossing,ovp_pass_reach,h24,153,281,1028,1.7335590458090522,9.704137713468857,64.70588235294117,44,65,44,3.370432365028364,9.961971178593645,61,48,3.6546905317258904,10.828630717371219,61,48,3.6546905317258904,10.828630717371219,61,48,3.6546905317258904,10.828630717371219,1.576274276115619,3.5615405788597356,88.63636363636364,5,16.606970920636144,4,12.579151992424364,116,1.993852676000607,8,6.249889894889682,False,,,1119,121
all|q2_dark|r500|Z1234|union_at_node|ovp_pass_reach|h24,all,q2_dark,500.0,Z1234,union_at_node,ovp_pass_reach,h24,153,281,1028,1.7335590458090522,9.704137713468857,64.70588235294117,44,65,44,3.370432365028364,9.961971178593645,61,48,3.6546905317258904,10.828630717371219,61,48,3.6546905317258904,10.828630717371219,61,48,3.6546905317258904,10.828630717371219,1.576274276115619,3.5615405788597356,88.63636363636364,5,16.606970920636144,4,12.579151992424364,116,1.993852676000607,8,6.249889894889682,False,,,1119,121
all|q2_dark|r500|Z123_master|union_at_crossing|ovp_pass_reach|h24,all,q2_dark,500.0,Z123_master,union_at_crossing,ovp_pass_reach,h24,153,281,1028,1.7335590458090522,9.704137713468857,64.70588235294117,44,65,44,3.370432365028364,9.961971178593645,61,48,3.6546905317258904,10.828630717371219,61,48,3.6546905317258904,10.828630717371219,61,48,3.6546905317258904,10.828630717371219,1.576274276115619,3.5615405788597356,88.63636363636364,5,16.606970920636144,4,12.579151992424364,116,1.993852676000607,8,6.249889894889682,False,,,1119,121
all|q2_dark|r500|Z123_master|union_at_node|ovp_pass_reach|h24,all,q2_dark,500.0,Z123_master,union_at_node,ovp_pass_reach,h24,153,281,1028,1.7335590458090522,9.704137713468857,64.70588235294117,44,65,44,3.370432365028364,9.961971178593645,61,48,3.6546905317258904,10.828630717371219,61,48,3.6546905317258904,10.828630717371219,61,48,3.6546905317258904,10.828630717371219,1.576274276115619,3.5615405788597356,88.63636363636364,5,16.606970920636144,4,12.579151992424364,116,1.993852676000607,8,6.249889894889682,False,,,1119,121
latest|q2_dark|r500|Z1234|union_at_crossing|ovp_pass_reach|h24,latest,q2_dark,500.0,Z1234,union_at_crossing,ovp_pass_reach,h24,153,281,1028,1.7335590458090522,9.704137713468857,64.70588235294117,44,65,44,3.370432365028364,9.961971178593645,61,48,3.6546905317258904,10.828630717371219,61,48,3.6546905317258904,10.828630717371219,61,48,3.6546905317258904,10.828630717371219,1.576274276115619,3.5615405788597356,88.63636363636364,5,16.606970920636144,4,12.579151992424364,116,1.993852676000607,8,6.249889894889682,False,,,1119,121
latest|q2_dark|r500|Z1234|union_at_node|ovp_pass_reach|h24,latest,q2_dark,500.0,Z1234,union_at_node,ovp_pass_reach,h24,153,281,1028,1.7335590458090522,9.704137713468857,64.70588235294117,44,65,44,3.370432365028364,9.961971178593645,61,48,3.6546905317258904,10.828630717371219,61,48,3.6546905317258904,10.828630717371219,61,48,3.6546905317258904,10.828630717371219,1.576274276115619,3.5615405788597356,88.63636363636364,5,16.606970920636144,4,12.579151992424364,116,1.993852676000607,8,6.249889894889682,False,,,1119,121
latest|q2_dark|r500|Z123_master|union_at_crossing|ovp_pass_reach|h24,latest,q2_dark,500.0,Z123_master,union_at_crossing,ovp_pass_reach,h24,153,281,1028,1.7335590458090522,9.704137713468857,64.70588235294117,44,65,44,3.370432365028364,9.961971178593645,61,48,3.6546905317258904,10.828630717371219,61,48,3.6546905317258904,10.828630717371219,61,48,3.6546905317258904,10.828630717371219,1.576274276115619,3.5615405788597356,88.63636363636364,5,16.606970920636144,4,12.579151992424364,116,1.993852676000607,8,6.249889894889682,False,,,1119,121
latest|q2_dark|r500|Z123_master|union_at_node|ovp_pass_reach|h24,latest,q2_dark,500.0,Z123_master,union_at_node,ovp_pass_reach,h24,153,281,1028,1.7335590458090522,9.704137713468857,64.70588235294117,44,65,44,3.370432365028364,9.961971178593645,61,48,3.6546905317258904,10.828630717371219,61,48,3.6546905317258904,10.828630717371219,61,48,3.6546905317258904,10.828630717371219,1.576274276115619,3.5615405788597356,88.63636363636364,5,16.606970920636144,4,12.579151992424364,116,1.993852676000607,8,6.249889894889682,False,,,1119,121
all|q2_dark|r200|Z1234|perzone_dedup_exact|ovp_pass_reach|sameday,all,q2_dark,200.0,Z1234,perzone_dedup_exact,ovp_pass_reach,sameday,72,426,968,-0.9254350556141322,6.549353171629846,66.66666666666666,26,25,21,0.059734837898872684,7.269360125184804,21,25,-1.2583509636423074,9.223554134549756,21,25,-1.2583509636423074,9.223554134549756,21,25,-1.2583509636423074,9.223554134549756,-1.4319715373968478,5.231061952322761,80.76923076923077,2,8.018949609555381,1,-8.002566554520385,54,1.9216726061894729,3,3.5849776438485748,False,,,1123,40
latest|q2_dark|r200|Z1234|perzone_dedup_exact|ovp_pass_reach|sameday,latest,q2_dark,200.0,Z1234,perzone_dedup_exact,ovp_pass_reach,sameday,72,426,968,-0.6547160506098049,6.6039787669147625,66.66666666666666,26,25,21,0.059734837898872684,7.269360125184804,21,25,-1.0882466093629972,8.97135741889525,21,25,-1.0882466093629972,8.97135741889525,21,25,-1.0882466093629972,8.97135741889525,-1.4319715373968478,5.231061952322761,80.76923076923077,2,7.860996155520006,1,-8.318473462591136,54,1.9216726061894729,3,3.5849776438485748,False,,,1123,40
all|q2_dark|r200|Z1234|perzone_dedup_exact|ovp_pass_reach|cal1,all,q2_dark,200.0,Z1234,perzone_dedup_exact,ovp_pass_reach,cal1,212,286,968,1.163963395651102,9.444362715661748,59.905660377358494,61,88,63,1.8556029151462816,8.378329687848513,80,71,1.3848101276269453,8.600162864573004,78,73,1.3848101276269453,8.648221003889084,78,73,1.3848101276269453,8.648221003889084,0.4564349204063234,5.643823756893982,83.60655737704919,4,16.96358938036111,2,6.492167999217635,160,1.9785238200758837,7,6.606420518007816,False,,,1123,180
latest|q2_dark|r200|Z1234|perzone_dedup_exact|ovp_pass_reach|cal1,latest,q2_dark,200.0,Z1234,perzone_dedup_exact,ovp_pass_reach,cal1,212,286,968,1.163963395651102,9.444362715661748,59.905660377358494,61,88,63,1.8556029151462816,8.385264794910553,80,71,1.3848101276269453,8.648221003889084,78,73,1.3848101276269453,8.764554191254382,78,73,1.3848101276269453,8.764554191254382,0.4564349204063234,5.643823756893982,83.60655737704919,4,16.96358938036111,2,6.33421454518226,160,1.9785238200758837,7,6.606420518007816,False,,,1123,180
all|q2_dark|r500|Z123_master|perzone_dedup_exact|ovp_pass_reach|h24,all,q2_dark,500.0,Z123_master,perzone_dedup_exact,ovp_pass_reach,h24,156,285,1045,1.7170159941152896,9.794586623564129,64.74358974358975,44,68,44,3.103465053241994,10.031913956497648,64,48,3.5125614483771272,11.060074132225745,64,48,3.5125614483771272,11.060074132225745,64,48,3.5125614483771272,11.060074132225745,1.576274276115619,3.5615405788597356,88.63636363636364,5,16.606970920636144,4,12.579151992424364,118,1.904349290199292,8,6.249889894889682,False,,,1143,124
latest|q2_dark|r500|Z123_master|perzone_dedup_exact|ovp_pass_reach|h24,latest,q2_dark,500.0,Z123_master,perzone_dedup_exact,ovp_pass_reach,h24,156,285,1045,1.7170159941152896,9.794586623564129,64.74358974358975,44,68,44,3.103465053241994,10.031913956497648,64,48,3.5125614483771272,11.060074132225745,64,48,3.5125614483771272,11.060074132225745,64,48,3.5125614483771272,11.060074132225745,1.576274276115619,3.5615405788597356,88.63636363636364,5,16.606970920636144,4,12.579151992424364,118,1.904349290199292,8,6.249889894889682,False,,,1143,124
all|q2_dark|r200|Z123_master|perzone_concat|ovp_pass_reach|sameday,all,q2_dark,200.0,Z123_master,perzone_concat,ovp_pass_reach,sameday,76,437,975,-1.0882466093629972,6.177895774669487,68.42105263157895,26,28,22,-0.5142558857320623,7.098941201498139,24,26,-1.1732987865026523,8.076038206180616,24,26,-1.1732987865026523,8.076038206180616,24,26,-1.1732987865026523,8.076038206180616,-1.4319715373968478,5.231061952322761,80.76923076923077,2,8.018949609555381,1,-8.002566554520385,57,1.7335590458090522,3,3.5849776438485748,False,,,1145,44
latest|q2_dark|r200|Z123_master|perzone_concat|ovp_pass_reach|sameday,latest,q2_dark,200.0,Z123_master,perzone_concat,ovp_pass_reach,sameday,76,437,975,-0.9254350556141322,6.2026107700953474,68.42105263157895,26,28,22,-0.24353688072773494,6.738297051729648,24,26,-1.0882466093629972,7.949939848353364,24,26,-1.0882466093629972,7.949939848353364,24,26,-1.0882466093629972,7.949939848353364,-1.4319715373968478,5.231061952322761,80.76923076923077,2,7.860996155520006,1,-8.318473462591136,57,1.7335590458090522,3,3.5849776438485748,False,,,1145,44
all|q2_dark|r200|Z123_master|perzone_concat|ovp_pass_reach|cal1,all,q2_dark,200.0,Z123_master,perzone_concat,ovp_pass_reach,cal1,220,293,975,0.9935161772234302,9.198601206623769,61.36363636363637,61,95,64,1.7005919191761976,8.225560035027096,87,72,0.9180040183691673,7.990568334512911,85,74,0.9180040183691673,7.990568334512911,85,74,0.9180040183691673,7.990568334512911,0.4564349204063234,5.643823756893982,83.60655737704919,4,16.96358938036111,2,6.492167999217635,166,1.7090028230456689,7,6.606420518007816,False,,,1145,188
latest|q2_dark|r200|Z123_master|perzone_concat|ovp_pass_reach|cal1,latest,q2_dark,200.0,Z123_master,perzone_concat,ovp_pass_reach,cal1,220,293,975,0.9935161772234302,9.273870530046269,61.36363636363637,61,95,64,1.7005919191761976,8.225560035027096,87,72,0.9180040183691673,8.143283525745163,85,74,0.9180040183691673,8.143283525745163,85,74,0.9180040183691673,8.143283525745163,0.4564349204063234,5.643823756893982,83.60655737704919,4,16.96358938036111,2,6.33421454518226,166,1.7090028230456689,7,6.606420518007816,False,,,1145,188
all|q2_dark|r500|Z1234|perzone_dedup_exact|ovp_pass_reach|h24,all,q2_dark,500.0,Z1234,perzone_dedup_exact,ovp_pass_reach,h24,156,287,1058,1.7170159941152896,9.794586623564129,64.74358974358975,44,68,44,3.103465053241994,10.031913956497648,64,48,3.5125614483771272,11.060074132225745,64,48,3.5125614483771272,11.060074132225745,64,48,3.5125614483771272,11.060074132225745,1.576274276115619,3.5615405788597356,88.63636363636364,5,16.606970920636144,4,12.579151992424364,118,1.904349290199292,8,6.249889894889682,False,,,1158,124
latest|q2_dark|r500|Z1234|perzone_dedup_exact|ovp_pass_reach|h24,latest,q2_dark,500.0,Z1234,perzone_dedup_exact,ovp_pass_reach,h24,156,287,1058,1.7170159941152896,9.794586623564129,64.74358974358975,44,68,44,3.103465053241994,10.031913956497648,64,48,3.5125614483771272,11.060074132225745,64,48,3.5125614483771272,11.060074132225745,64,48,3.5125614483771272,11.060074132225745,1.576274276115619,3.5615405788597356,88.63636363636364,5,16.606970920636144,4,12.579151992424364,118,1.904349290199292,8,6.249889894889682,False,,,1158,124
all|q2_dark|r500|Z123_master|perzone_concat|ovp_pass_reach|h24,all,q2_dark,500.0,Z123_master,perzone_concat,ovp_pass_reach,h24,162,296,1063,1.6706597003997459,9.61491623049955,65.4320987654321,44,73,45,2.8364977414556236,9.995121759612902,69,49,3.370432365028364,10.407189559425467,69,49,3.370432365028364,10.407189559425467,69,49,3.370432365028364,10.407189559425467,1.576274276115619,3.5615405788597356,88.63636363636364,5,16.606970920636144,4,12.579151992424364,121,1.7351104762136416,8,6.249889894889682,False,,,1178,130
latest|q2_dark|r500|Z123_master|perzone_concat|ovp_pass_reach|h24,latest,q2_dark,500.0,Z123_master,perzone_concat,ovp_pass_reach,h24,162,296,1063,1.6706597003997459,9.61491623049955,65.4320987654321,44,73,45,2.8364977414556236,9.995121759612902,69,49,3.370432365028364,10.407189559425467,69,49,3.370432365028364,10.407189559425467,69,49,3.370432365028364,10.407189559425467,1.576274276115619,3.5615405788597356,88.63636363636364,5,16.606970920636144,4,12.579151992424364,121,1.7351104762136416,8,6.249889894889682,False,,,1178,130
all|q2_dark|r500|Z1234|union_at_crossing|ovp_pass_reach|sameday,all,q2_dark,500.0,Z1234,union_at_crossing,ovp_pass_reach,sameday,74,452,1004,0.20609399136697348,7.938398810189236,62.16216216216216,26,25,23,1.7335590458090522,8.40764159166354,21,27,0.11611514011917734,7.793007258258895,21,27,0.11611514011917734,7.793007258258895,21,27,0.11611514011917734,7.793007258258895,-0.9118903753401852,4.308054647917858,80.76923076923077,2,8.239860179611558,2,8.239860179611558,54,1.7170159941152896,4,-4.964025594870636,False,,,1187,42
all|q2_dark|r500|Z1234|union_at_node|ovp_pass_reach|sameday,all,q2_dark,500.0,Z1234,union_at_node,ovp_pass_reach,sameday,74,452,1004,0.20609399136697348,7.938398810189236,62.16216216216216,26,25,23,1.7335590458090522,8.40764159166354,21,27,0.11611514011917734,7.793007258258895,21,27,0.11611514011917734,7.793007258258895,21,27,0.11611514011917734,7.793007258258895,-0.9118903753401852,4.308054647917858,80.76923076923077,2,8.239860179611558,2,8.239860179611558,54,1.7170159941152896,4,-4.964025594870636,False,,,1187,42
all|q2_dark|r500|Z123_master|union_at_crossing|ovp_pass_reach|sameday,all,q2_dark,500.0,Z123_master,union_at_crossing,ovp_pass_reach,sameday,74,452,1004,0.20609399136697348,7.938398810189236,62.16216216216216,26,25,23,1.7335590458090522,8.40764159166354,21,27,0.11611514011917734,7.793007258258895,21,27,0.11611514011917734,7.793007258258895,21,27,0.11611514011917734,7.793007258258895,-0.9118903753401852,4.308054647917858,80.76923076923077,2,8.239860179611558,2,8.239860179611558,54,1.7170159941152896,4,-4.964025594870636,False,,,1187,42
all|q2_dark|r500|Z123_master|union_at_node|ovp_pass_reach|sameday,all,q2_dark,500.0,Z123_master,union_at_node,ovp_pass_reach,sameday,74,452,1004,0.20609399136697348,7.938398810189236,62.16216216216216,26,25,23,1.7335590458090522,8.40764159166354,21,27,0.11611514011917734,7.793007258258895,21,27,0.11611514011917734,7.793007258258895,21,27,0.11611514011917734,7.793007258258895,-0.9118903753401852,4.308054647917858,80.76923076923077,2,8.239860179611558,2,8.239860179611558,54,1.7170159941152896,4,-4.964025594870636,False,,,1187,42
latest|q2_dark|r500|Z1234|union_at_crossing|ovp_pass_reach|sameday,latest,q2_dark,500.0,Z1234,union_at_crossing,ovp_pass_reach,sameday,74,452,1004,0.20609399136697348,8.096815873986413,62.16216216216216,26,25,23,1.7335590458090522,8.40764159166354,21,27,0.11611514011917734,9.057340456002494,21,27,0.11611514011917734,9.057340456002494,21,27,0.11611514011917734,9.057340456002494,-0.9118903753401852,4.308054647917858,80.76923076923077,2,8.08335640354887,2,8.08335640354887,54,1.7170159941152896,4,-4.964025594870636,False,,,1187,42
latest|q2_dark|r500|Z1234|union_at_node|ovp_pass_reach|sameday,latest,q2_dark,500.0,Z1234,union_at_node,ovp_pass_reach,sameday,74,452,1004,0.20609399136697348,8.096815873986413,62.16216216216216,26,25,23,1.7335590458090522,8.40764159166354,21,27,0.11611514011917734,9.057340456002494,21,27,0.11611514011917734,9.057340456002494,21,27,0.11611514011917734,9.057340456002494,-0.9118903753401852,4.308054647917858,80.76923076923077,2,8.08335640354887,2,8.08335640354887,54,1.7170159941152896,4,-4.964025594870636,False,,,1187,42
latest|q2_dark|r500|Z123_master|union_at_crossing|ovp_pass_reach|sameday,latest,q2_dark,500.0,Z123_master,union_at_crossing,ovp_pass_reach,sameday,74,452,1004,0.20609399136697348,8.096815873986413,62.16216216216216,26,25,23,1.7335590458090522,8.40764159166354,21,27,0.11611514011917734,9.057340456002494,21,27,0.11611514011917734,9.057340456002494,21,27,0.11611514011917734,9.057340456002494,-0.9118903753401852,4.308054647917858,80.76923076923077,2,8.08335640354887,2,8.08335640354887,54,1.7170159941152896,4,-4.964025594870636,False,,,1187,42
latest|q2_dark|r500|Z123_master|union_at_node|ovp_pass_reach|sameday,latest,q2_dark,500.0,Z123_master,union_at_node,ovp_pass_reach,sameday,74,452,1004,0.20609399136697348,8.096815873986413,62.16216216216216,26,25,23,1.7335590458090522,8.40764159166354,21,27,0.11611514011917734,9.057340456002494,21,27,0.11611514011917734,9.057340456002494,21,27,0.11611514011917734,9.057340456002494,-0.9118903753401852,4.308054647917858,80.76923076923077,2,8.08335640354887,2,8.08335640354887,54,1.7170159941152896,4,-4.964025594870636,False,,,1187,42
all|q2_dark|r500|Z1234|union_at_crossing|ovp_pass_reach|cal1,all,q2_dark,500.0,Z1234,union_at_crossing,ovp_pass_reach,cal1,222,304,1004,0.9195869629305076,10.032692856409485,59.909909909909906,64,93,65,1.7351104762136416,8.84849889615087,85,73,0.8109144709595562,8.823116746162842,83,75,0.8109144709595562,8.823116746162842,83,75,0.8109144709595562,8.823116746162842,0.41838105698115413,4.403845335033997,84.375,5,16.606970920636144,4,12.579151992424364,164,1.993852676000607,11,7.082607719114531,False,,,1187,190
all|q2_dark|r500|Z1234|union_at_node|ovp_pass_reach|cal1,all,q2_dark,500.0,Z1234,union_at_node,ovp_pass_reach,cal1,222,304,1004,0.9195869629305076,10.032692856409485,59.909909909909906,64,93,65,1.7351104762136416,8.84849889615087,85,73,0.8109144709595562,8.823116746162842,83,75,0.8109144709595562,8.823116746162842,83,75,0.8109144709595562,8.823116746162842,0.41838105698115413,4.403845335033997,84.375,5,16.606970920636144,4,12.579151992424364,164,1.993852676000607,11,7.082607719114531,False,,,1187,190
all|q2_dark|r500|Z123_master|union_at_crossing|ovp_pass_reach|cal1,all,q2_dark,500.0,Z123_master,union_at_crossing,ovp_pass_reach,cal1,222,304,1004,0.9195869629305076,10.032692856409485,59.909909909909906,64,93,65,1.7351104762136416,8.84849889615087,85,73,0.8109144709595562,8.823116746162842,83,75,0.8109144709595562,8.823116746162842,83,75,0.8109144709595562,8.823116746162842,0.41838105698115413,4.403845335033997,84.375,5,16.606970920636144,4,12.579151992424364,164,1.993852676000607,11,7.082607719114531,False,,,1187,190
all|q2_dark|r500|Z123_master|union_at_node|ovp_pass_reach|cal1,all,q2_dark,500.0,Z123_master,union_at_node,ovp_pass_reach,cal1,222,304,1004,0.9195869629305076,10.032692856409485,59.909909909909906,64,93,65,1.7351104762136416,8.84849889615087,85,73,0.8109144709595562,8.823116746162842,83,75,0.8109144709595562,8.823116746162842,83,75,0.8109144709595562,8.823116746162842,0.41838105698115413,4.403845335033997,84.375,5,16.606970920636144,4,12.579151992424364,164,1.993852676000607,11,7.082607719114531,False,,,1187,190
latest|q2_dark|r500|Z1234|union_at_crossing|ovp_pass_reach|cal1,latest,q2_dark,500.0,Z1234,union_at_crossing,ovp_pass_reach,cal1,222,304,1004,0.9195869629305076,10.032692856409485,59.909909909909906,64,93,65,1.7351104762136416,8.84849889615087,85,73,0.8109144709595562,8.823116746162842,83,75,0.8109144709595562,8.823116746162842,83,75,0.8109144709595562,8.823116746162842,0.41838105698115413,4.403845335033997,84.375,5,16.606970920636144,4,12.579151992424364,164,1.993852676000607,11,7.082607719114531,False,,,1187,190
latest|q2_dark|r500|Z1234|union_at_node|ovp_pass_reach|cal1,latest,q2_dark,500.0,Z1234,union_at_node,ovp_pass_reach,cal1,222,304,1004,0.9195869629305076,10.032692856409485,59.909909909909906,64,93,65,1.7351104762136416,8.84849889615087,85,73,0.8109144709595562,8.823116746162842,83,75,0.8109144709595562,8.823116746162842,83,75,0.8109144709595562,8.823116746162842,0.41838105698115413,4.403845335033997,84.375,5,16.606970920636144,4,12.579151992424364,164,1.993852676000607,11,7.082607719114531,False,,,1187,190
latest|q2_dark|r500|Z123_master|union_at_crossing|ovp_pass_reach|cal1,latest,q2_dark,500.0,Z123_master,union_at_crossing,ovp_pass_reach,cal1,222,304,1004,0.9195869629305076,10.032692856409485,59.909909909909906,64,93,65,1.7351104762136416,8.84849889615087,85,73,0.8109144709595562,8.823116746162842,83,75,0.8109144709595562,8.823116746162842,83,75,0.8109144709595562,8.823116746162842,0.41838105698115413,4.403845335033997,84.375,5,16.606970920636144,4,12.579151992424364,164,1.993852676000607,11,7.082607719114531,False,,,1187,190
latest|q2_dark|r500|Z123_master|union_at_node|ovp_pass_reach|cal1,latest,q2_dark,500.0,Z123_master,union_at_node,ovp_pass_reach,cal1,222,304,1004,0.9195869629305076,10.032692856409485,59.909909909909906,64,93,65,1.7351104762136416,8.84849889615087,85,73,0.8109144709595562,8.823116746162842,83,75,0.8109144709595562,8.823116746162842,83,75,0.8109144709595562,8.823116746162842,0.41838105698115413,4.403845335033997,84.375,5,16.606970920636144,4,12.579151992424364,164,1.993852676000607,11,7.082607719114531,False,,,1187,190
all|q2_dark|r500|Z123_master|perzone_dedup_exact|ovp_pass_reach|sameday,all,q2_dark,500.0,Z123_master,perzone_dedup_exact,ovp_pass_reach,sameday,76,458,1022,0.14982529454048432,7.791176905039745,63.1578947368421,26,27,23,0.1835354489617913,6.935201947067232,23,27,-0.4105515942022464,6.908553101625589,23,27,-0.4105515942022464,6.908553101625589,23,27,-0.4105515942022464,6.908553101625589,-0.9118903753401852,4.308054647917858,80.76923076923077,2,8.239860179611558,2,8.239860179611558,56,1.6706597003997459,4,-4.964025594870636,False,,,1213,44
latest|q2_dark|r500|Z123_master|perzone_dedup_exact|ovp_pass_reach|sameday,latest,q2_dark,500.0,Z123_master,perzone_dedup_exact,ovp_pass_reach,sameday,76,458,1022,0.14982529454048432,7.8549748402742825,63.1578947368421,26,27,23,0.1835354489617913,7.789346551820592,23,27,-0.4105515942022464,7.012171157953953,23,27,-0.4105515942022464,7.012171157953953,23,27,-0.4105515942022464,7.012171157953953,-0.9118903753401852,4.308054647917858,80.76923076923077,2,8.08335640354887,2,8.08335640354887,56,1.6706597003997459,4,-4.964025594870636,False,,,1213,44
all|q2_dark|r500|Z123_master|perzone_dedup_exact|ovp_pass_reach|cal1,all,q2_dark,500.0,Z123_master,perzone_dedup_exact,ovp_pass_reach,cal1,225,309,1022,0.8109144709595562,10.02425130660398,60.0,64,96,65,1.7343347610113469,9.211952875855735,88,73,0.7221551151981753,8.639713097146837,86,75,0.7221551151981753,8.639713097146837,86,75,0.7221551151981753,8.639713097146837,0.41838105698115413,4.403845335033997,84.375,5,16.606970920636144,4,12.579151992424364,166,1.904349290199292,11,7.082607719114531,False,,,1213,193
latest|q2_dark|r500|Z123_master|perzone_dedup_exact|ovp_pass_reach|cal1,latest,q2_dark,500.0,Z123_master,perzone_dedup_exact,ovp_pass_reach,cal1,225,309,1022,0.8109144709595562,10.02425130660398,60.0,64,96,65,1.7343347610113469,9.211952875855735,88,73,0.7221551151981753,8.639713097146837,86,75,0.7221551151981753,8.639713097146837,86,75,0.7221551151981753,8.639713097146837,0.41838105698115413,4.403845335033997,84.375,5,16.606970920636144,4,12.579151992424364,166,1.904349290199292,11,7.082607719114531,False,,,1213,193
all|q2_dark|r500|Z1234|perzone_dedup_exact|ovp_pass_reach|sameday,all,q2_dark,500.0,Z1234,perzone_dedup_exact,ovp_pass_reach,sameday,76,460,1035,0.14982529454048432,7.791176905039745,63.1578947368421,26,27,23,0.1835354489617913,6.935201947067232,23,27,-0.4105515942022464,6.908553101625589,23,27,-0.4105515942022464,6.908553101625589,23,27,-0.4105515942022464,6.908553101625589,-0.9118903753401852,4.308054647917858,80.76923076923077,2,8.239860179611558,2,8.239860179611558,56,1.6706597003997459,4,-4.964025594870636,False,,,1228,44
latest|q2_dark|r500|Z1234|perzone_dedup_exact|ovp_pass_reach|sameday,latest,q2_dark,500.0,Z1234,perzone_dedup_exact,ovp_pass_reach,sameday,76,460,1035,0.14982529454048432,7.8549748402742825,63.1578947368421,26,27,23,0.1835354489617913,7.789346551820592,23,27,-0.4105515942022464,7.012171157953953,23,27,-0.4105515942022464,7.012171157953953,23,27,-0.4105515942022464,7.012171157953953,-0.9118903753401852,4.308054647917858,80.76923076923077,2,8.08335640354887,2,8.08335640354887,56,1.6706597003997459,4,-4.964025594870636,False,,,1228,44
all|q2_dark|r500|Z1234|perzone_dedup_exact|ovp_pass_reach|cal1,all,q2_dark,500.0,Z1234,perzone_dedup_exact,ovp_pass_reach,cal1,225,311,1035,0.8109144709595562,10.02425130660398,60.0,64,96,65,1.7343347610113469,9.211952875855735,88,73,0.7221551151981753,8.639713097146837,86,75,0.7221551151981753,8.639713097146837,86,75,0.7221551151981753,8.639713097146837,0.41838105698115413,4.403845335033997,84.375,5,16.606970920636144,4,12.579151992424364,166,1.904349290199292,11,7.082607719114531,False,,,1228,193
latest|q2_dark|r500|Z1234|perzone_dedup_exact|ovp_pass_reach|cal1,latest,q2_dark,500.0,Z1234,perzone_dedup_exact,ovp_pass_reach,cal1,225,311,1035,0.8109144709595562,10.02425130660398,60.0,64,96,65,1.7343347610113469,9.211952875855735,88,73,0.7221551151981753,8.639713097146837,86,75,0.7221551151981753,8.639713097146837,86,75,0.7221551151981753,8.639713097146837,0.41838105698115413,4.403845335033997,84.375,5,16.606970920636144,4,12.579151992424364,166,1.904349290199292,11,7.082607719114531,False,,,1228,193
all|q2_dark|r500|Z123_master|perzone_concat|ovp_pass_reach|sameday,all,q2_dark,500.0,Z123_master,perzone_concat,ovp_pass_reach,sameday,80,472,1039,-0.23685989803619023,6.804726455367316,65.0,26,30,24,-0.14721822704153453,6.316508125701552,26,28,-0.6357572326379568,6.626472250244987,26,28,-0.6357572326379568,6.626472250244987,26,28,-0.6357572326379568,6.626472250244987,-0.9118903753401852,4.308054647917858,80.76923076923077,2,8.239860179611558,2,8.239860179611558,59,1.4306664035583339,4,-4.964025594870636,False,,,1248,48
latest|q2_dark|r500|Z123_master|perzone_concat|ovp_pass_reach|sameday,latest,q2_dark,500.0,Z123_master,perzone_concat,ovp_pass_reach,sameday,80,472,1039,-0.23685989803619023,7.083245837363017,65.0,26,30,24,-0.14721822704153453,6.460476725989003,26,28,-0.6357572326379568,6.626472250244987,26,28,-0.6357572326379568,6.626472250244987,26,28,-0.6357572326379568,6.626472250244987,-0.9118903753401852,4.308054647917858,80.76923076923077,2,8.08335640354887,2,8.08335640354887,59,1.4306664035583339,4,-4.964025594870636,False,,,1248,48
all|q2_dark|r500|Z123_master|perzone_concat|ovp_pass_reach|cal1,all,q2_dark,500.0,Z123_master,perzone_concat,ovp_pass_reach,cal1,234,318,1039,0.6097073607880255,9.470738075293863,61.111111111111114,64,104,66,0.7221551151981753,8.00556237953171,96,74,0.4403385976323726,8.221891928203776,94,76,0.23909684104364004,7.923530899885323,94,76,0.23909684104364004,7.923530899885323,0.41838105698115413,4.403845335033997,84.375,5,16.606970920636144,4,12.579151992424364,172,1.7170159941152896,11,7.082607719114531,False,,,1248,202
latest|q2_dark|r500|Z123_master|perzone_concat|ovp_pass_reach|cal1,latest,q2_dark,500.0,Z123_master,perzone_concat,ovp_pass_reach,cal1,234,318,1039,0.6097073607880255,9.470738075293863,61.111111111111114,64,104,66,0.7221551151981753,8.180805293565474,96,74,0.4403385976323726,8.425173857130694,94,76,0.23909684104364004,8.39631811175219,94,76,0.23909684104364004,8.39631811175219,0.41838105698115413,4.403845335033997,84.375,5,16.606970920636144,4,12.579151992424364,172,1.7170159941152896,11,7.082607719114531,False,,,1248,202
all|q1_dark|r200|Z14|perzone_concat|ovp_pass_reach|h24,all,q1_dark,200.0,Z14,perzone_concat,ovp_pass_reach,h24,185,248,1193,2.1151010931889758,6.779306578469008,70.27027027027027,62,73,50,2.7402347007603467,6.4737065295516745,68,55,2.8446588990592936,6.711027097711683,68,55,2.8446588990592936,6.711027097711683,68,55,2.8446588990592936,6.711027097711683,2.1097861665698936,3.1925651993318733,100.0,4,16.96358938036111,2,6.492167999217635,185,2.1151010931889758,7,3.5849776438485748,False,,,1283,153
latest|q1_dark|r200|Z14|perzone_concat|ovp_pass_reach|h24,latest,q1_dark,200.0,Z14,perzone_concat,ovp_pass_reach,h24,185,248,1193,2.1151010931889758,7.069577926248852,70.27027027027027,62,73,50,2.7402347007603467,6.50912371233965,68,55,2.8446588990592936,6.758111166685699,68,55,2.8446588990592936,6.758111166685699,68,55,2.8446588990592936,6.758111166685699,2.1097861665698936,3.1925651993318733,100.0,4,16.96358938036111,2,6.33421454518226,185,2.1151010931889758,7,3.5849776438485748,False,,,1283,153
all|q1_nodark|r200|Z14|perzone_concat|ovp_pass_reach|h24,all,q1_nodark,200.0,Z14,perzone_concat,ovp_pass_reach,h24,191,262,1236,2.1151010931889758,6.779306578469008,71.20418848167539,64,77,50,2.5582261383203075,6.412600734337139,72,55,1.998432342587364,7.537980706842654,72,55,1.998432342587364,7.537980706842654,72,55,1.998432342587364,7.537980706842654,2.1124436298794347,3.1469376574632504,100.0,4,16.96358938036111,2,6.492167999217635,191,2.1151010931889758,9,3.5849776438485748,False,,,1346,159
latest|q1_nodark|r200|Z14|perzone_concat|ovp_pass_reach|h24,latest,q1_nodark,200.0,Z14,perzone_concat,ovp_pass_reach,h24,191,262,1236,2.1151010931889758,6.779306578469008,71.20418848167539,64,77,50,2.5582261383203075,6.540905461295117,72,55,1.998432342587364,7.833410397794506,72,55,1.998432342587364,7.833410397794506,72,55,1.998432342587364,7.833410397794506,2.1124436298794347,3.1469376574632504,100.0,4,16.96358938036111,2,6.33421454518226,191,2.1151010931889758,9,3.5849776438485748,False,,,1346,159
all|q1_dark|r200|Z14|perzone_concat|ovp_pass_reach|sameday,all,q1_dark,200.0,Z14,perzone_concat,ovp_pass_reach,sameday,75,473,1145,3.020082489677023,6.888463256754511,64.0,30,21,24,2.5582261383203075,6.239277817666048,16,29,0.9793785554315093,6.38498057016866,16,29,0.9793785554315093,6.38498057016866,16,29,0.9793785554315093,6.38498057016866,0.4564349204063234,2.644031984283427,100.0,2,8.018949609555381,1,-8.002566554520385,75,3.020082489677023,6,3.5849776438485748,False,,,1350,43
latest|q1_dark|r200|Z14|perzone_concat|ovp_pass_reach|sameday,latest,q1_dark,200.0,Z14,perzone_concat,ovp_pass_reach,sameday,75,473,1145,3.020082489677023,6.888463256754511,64.0,30,21,24,2.5582261383203075,6.412600734337139,16,29,1.519084522247116,7.185148636569479,16,29,1.519084522247116,7.185148636569479,16,29,1.519084522247116,7.185148636569479,0.4564349204063234,2.644031984283427,100.0,2,7.860996155520006,1,-8.318473462591136,75,3.020082489677023,6,3.5849776438485748,False,,,1350,43
all|q1_dark|r200|Z14|perzone_concat|ovp_pass_reach|cal1,all,q1_dark,200.0,Z14,perzone_concat,ovp_pass_reach,cal1,238,310,1145,1.5644560360630777,7.221206784347311,71.42857142857143,90,94,54,2.649230419540327,6.390091639480583,83,65,2.7402347007603467,6.912930483083716,79,69,2.7402347007603467,7.243008407702746,79,69,2.7402347007603467,7.243008407702746,1.3923625212667545,3.826423665819192,93.33333333333333,4,16.96358938036111,2,6.492167999217635,238,1.5644560360630777,11,4.962851069643648,False,,,1350,206
latest|q1_dark|r200|Z14|perzone_concat|ovp_pass_reach|cal1,latest,q1_dark,200.0,Z14,perzone_concat,ovp_pass_reach,cal1,238,310,1145,1.5644560360630777,7.252416442953023,71.42857142857143,90,94,54,2.649230419540327,6.405982513958317,83,65,2.7402347007603467,6.9268006972077965,79,69,2.7402347007603467,7.243008407702746,79,69,2.7402347007603467,7.243008407702746,1.3923625212667545,3.826423665819192,93.33333333333333,4,16.96358938036111,2,6.33421454518226,238,1.5644560360630777,11,4.962851069643648,False,,,1350,206
all|q1_dark|r500|Z14|perzone_concat|ovp_pass_reach|h24,all,q1_dark,500.0,Z14,perzone_concat,ovp_pass_reach,h24,188,271,1266,2.362358346903193,6.891156187310751,67.02127659574468,62,74,52,3.8829911881247625,7.192452533848509,69,57,3.8829911881247625,7.735671085117232,69,57,3.8829911881247625,7.735671085117232,69,57,3.8829911881247625,7.735671085117232,2.051931316271194,2.3445844622093834,100.0,5,16.606970920636144,4,12.579151992424364,188,2.362358346903193,8,3.9377800296365617,False,,,1382,156
latest|q1_dark|r500|Z14|perzone_concat|ovp_pass_reach|h24,latest,q1_dark,500.0,Z14,perzone_concat,ovp_pass_reach,h24,188,271,1266,2.362358346903193,6.891156187310751,67.02127659574468,62,74,52,3.8829911881247625,7.192452533848509,69,57,3.8829911881247625,7.735671085117232,69,57,3.8829911881247625,7.735671085117232,69,57,3.8829911881247625,7.735671085117232,2.051931316271194,2.3445844622093834,100.0,5,16.606970920636144,4,12.579151992424364,188,2.362358346903193,8,3.9377800296365617,False,,,1382,156
all|q1_nodark|r200|Z14|perzone_concat|ovp_pass_reach|sameday,all,q1_nodark,200.0,Z14,perzone_concat,ovp_pass_reach,sameday,79,496,1185,2.827762533353706,6.60332968950956,65.82278481012658,30,25,24,1.2566299844143813,6.796033538778666,20,29,-0.1847952742855874,5.589065328425709,20,29,-0.1847952742855874,5.589065328425709,20,29,-0.1847952742855874,5.589065328425709,1.1593742437693066,2.75868604538278,100.0,2,8.018949609555381,1,-8.002566554520385,79,2.827762533353706,8,0.051781165724218425,False,,,1417,47
latest|q1_nodark|r200|Z14|perzone_concat|ovp_pass_reach|sameday,latest,q1_nodark,200.0,Z14,perzone_concat,ovp_pass_reach,sameday,79,496,1185,2.827762533353706,6.60332968950956,65.82278481012658,30,25,24,1.2566299844143813,6.796033538778666,20,29,0.3549106925300194,5.68773693490945,20,29,0.3549106925300194,5.68773693490945,20,29,0.3549106925300194,5.68773693490945,1.1593742437693066,2.75868604538278,100.0,2,7.860996155520006,1,-8.318473462591136,79,2.827762533353706,8,0.051781165724218425,False,,,1417,47
all|q1_nodark|r200|Z14|perzone_concat|ovp_pass_reach|cal1,all,q1_nodark,200.0,Z14,perzone_concat,ovp_pass_reach,cal1,250,325,1185,1.7658540369320797,7.397433667959488,70.39999999999999,98,98,54,1.9074280613673444,7.441626326706591,87,65,1.2566299844143813,7.208188991320265,83,69,1.2566299844143813,7.208188991320265,83,69,1.2566299844143813,7.208188991320265,1.6844466002822855,3.9596570036793843,87.75510204081633,4,16.96358938036111,2,6.492167999217635,250,1.7658540369320797,11,3.5849776438485748,False,,,1417,218
latest|q1_nodark|r200|Z14|perzone_concat|ovp_pass_reach|cal1,latest,q1_nodark,200.0,Z14,perzone_concat,ovp_pass_reach,cal1,250,325,1185,1.7658540369320797,7.488589801829981,70.39999999999999,98,98,54,1.9074280613673444,7.50577869018558,87,65,1.2566299844143813,7.488521477254277,83,69,1.2566299844143813,7.488521477254277,83,69,1.2566299844143813,7.488521477254277,1.6844466002822855,3.9596570036793843,87.75510204081633,4,16.96358938036111,2,6.33421454518226,250,1.7658540369320797,11,3.5849776438485748,False,,,1417,218
all|q1_nodark|r500|Z14|perzone_concat|ovp_pass_reach|h24,all,q1_nodark,500.0,Z14,perzone_concat,ovp_pass_reach,h24,196,281,1297,2.481153856150975,6.7962558770347155,66.3265306122449,66,78,52,3.6546905317258904,5.410150790311184,73,57,3.6546905317258904,5.410150790311184,73,57,3.6546905317258904,5.410150790311184,73,57,3.6546905317258904,5.410150790311184,2.093794815793082,2.765259947324225,93.93939393939394,5,16.606970920636144,4,12.579151992424364,196,2.481153856150975,10,3.6546905317258904,False,,,1431,164
latest|q1_nodark|r500|Z14|perzone_concat|ovp_pass_reach|h24,latest,q1_nodark,500.0,Z14,perzone_concat,ovp_pass_reach,h24,196,281,1297,2.481153856150975,6.7962558770347155,66.3265306122449,66,78,52,3.6546905317258904,5.410150790311184,73,57,3.6546905317258904,5.410150790311184,73,57,3.6546905317258904,5.410150790311184,73,57,3.6546905317258904,5.410150790311184,2.093794815793082,2.765259947324225,93.93939393939394,5,16.606970920636144,4,12.579151992424364,196,2.481153856150975,10,3.6546905317258904,False,,,1431,164
all|q1_dark|r500|Z14|perzone_concat|ovp_pass_reach|sameday,all,q1_dark,500.0,Z14,perzone_concat,ovp_pass_reach,sameday,77,511,1208,2.5789194275592564,6.818571524090622,61.038961038961034,30,21,26,2.5789194275592564,3.5513962866686017,16,31,2.5789194275592564,3.5513962866686017,16,31,2.5789194275592564,3.5513962866686017,16,31,2.5789194275592564,3.5513962866686017,1.028259454901459,1.9779350172817707,100.0,2,8.239860179611558,2,8.239860179611558,77,2.5789194275592564,6,3.6546905317258904,False,,,1453,45
latest|q1_dark|r500|Z14|perzone_concat|ovp_pass_reach|sameday,latest,q1_dark,500.0,Z14,perzone_concat,ovp_pass_reach,sameday,77,511,1208,2.5789194275592564,6.818571524090622,61.038961038961034,30,21,26,2.5789194275592564,3.5513962866686017,16,31,2.5789194275592564,3.6013749616136312,16,31,2.5789194275592564,3.6013749616136312,16,31,2.5789194275592564,3.6013749616136312,1.028259454901459,1.9779350172817707,100.0,2,8.08335640354887,2,8.08335640354887,77,2.5789194275592564,6,3.6546905317258904,False,,,1453,45
all|q1_dark|r500|Z14|perzone_concat|ovp_pass_reach|cal1,all,q1_dark,500.0,Z14,perzone_concat,ovp_pass_reach,cal1,251,337,1208,2.051931316271194,7.045005509147291,69.7211155378486,98,95,58,3.6546905317258904,7.6860423659484205,84,69,3.7688408599253265,7.336877450852588,80,73,3.7688408599253265,7.904910361705715,80,73,3.7688408599253265,7.904910361705715,1.4306664035583339,3.2656718217974703,93.87755102040816,5,16.606970920636144,4,12.579151992424364,251,2.051931316271194,14,6.411622472371903,False,,,1453,219
latest|q1_dark|r500|Z14|perzone_concat|ovp_pass_reach|cal1,latest,q1_dark,500.0,Z14,perzone_concat,ovp_pass_reach,cal1,251,337,1208,2.051931316271194,7.045005509147291,69.7211155378486,98,95,58,3.6546905317258904,7.6860423659484205,84,69,3.7688408599253265,7.336877450852588,80,73,3.7688408599253265,7.904910361705715,80,73,3.7688408599253265,7.904910361705715,1.4306664035583339,3.2656718217974703,93.87755102040816,5,16.606970920636144,4,12.579151992424364,251,2.051931316271194,14,6.411622472371903,False,,,1453,219
all|q1_nodark|r500|Z14|perzone_concat|ovp_pass_reach|sameday,all,q1_nodark,500.0,Z14,perzone_concat,ovp_pass_reach,sameday,83,524,1242,2.3833882847426935,6.297528252380959,61.44578313253012,32,25,26,1.7351104762136416,2.84596939030246,20,31,0.8929577436770586,4.370284920876108,20,31,0.8929577436770586,4.370284920876108,20,31,0.8929577436770586,4.370284920876108,1.1090915957946201,2.1719413152288047,93.75,2,8.239860179611558,2,8.239860179611558,83,2.3833882847426935,8,-0.17682769813429644,False,,,1506,51
latest|q1_nodark|r500|Z14|perzone_concat|ovp_pass_reach|sameday,latest,q1_nodark,500.0,Z14,perzone_concat,ovp_pass_reach,sameday,83,524,1242,2.3833882847426935,6.297528252380959,61.44578313253012,32,25,26,1.7351104762136416,2.84596939030246,20,31,0.8929577436770586,4.514253521163559,20,31,0.8929577436770586,4.514253521163559,20,31,0.8929577436770586,4.514253521163559,1.1090915957946201,2.1719413152288047,93.75,2,8.08335640354887,2,8.08335640354887,83,2.3833882847426935,8,-0.17682769813429644,False,,,1506,51
all|q1_nodark|r500|Z14|perzone_concat|ovp_pass_reach|cal1,all,q1_nodark,500.0,Z14,perzone_concat,ovp_pass_reach,cal1,265,342,1242,2.2025856220158957,7.383620170184803,67.54716981132076,106,101,58,3.6546905317258904,6.987712535756755,90,69,3.6546905317258904,6.5976156715195895,86,73,3.6546905317258904,7.88009600212131,86,73,3.6546905317258904,7.88009600212131,1.6408464583779647,4.192848804357857,86.79245283018868,5,16.606970920636144,4,12.579151992424364,265,2.2025856220158957,18,6.411622472371903,False,,,1506,233
latest|q1_nodark|r500|Z14|perzone_concat|ovp_pass_reach|cal1,latest,q1_nodark,500.0,Z14,perzone_concat,ovp_pass_reach,cal1,265,342,1242,2.2025856220158957,7.383620170184803,67.54716981132076,106,101,58,3.6546905317258904,6.987712535756755,90,69,3.6546905317258904,6.5976156715195895,86,73,3.6546905317258904,7.88009600212131,86,73,3.6546905317258904,7.88009600212131,1.6408464583779647,4.192848804357857,86.79245283018868,5,16.606970920636144,4,12.579151992424364,265,2.2025856220158957,18,6.411622472371903,False,,,1506,233
all|q2_dark|r200|Z14|perzone_concat|ovp_pass_reach|h24,all,q2_dark,200.0,Z14,perzone_concat,ovp_pass_reach,h24,215,337,1313,1.8472614735818738,6.991996424669869,67.44186046511628,73,92,50,2.649230419540327,6.390091639480583,86,56,1.90463151841902,6.906939596194316,86,56,1.90463151841902,6.906939596194316,86,56,1.90463151841902,6.906939596194316,1.6844466002822855,3.9596570036793843,87.67123287671232,4,16.96358938036111,2,6.492167999217635,215,1.8472614735818738,9,4.962851069643648,False,,,1522,183
latest|q2_dark|r200|Z14|perzone_concat|ovp_pass_reach|h24,latest,q2_dark,200.0,Z14,perzone_concat,ovp_pass_reach,h24,215,337,1313,1.8472614735818738,7.59498167323632,67.44186046511628,73,92,50,2.649230419540327,6.405982513958317,86,56,1.90463151841902,7.300640446038417,86,56,1.90463151841902,7.300640446038417,86,56,1.90463151841902,7.300640446038417,1.6844466002822855,3.9596570036793843,87.67123287671232,4,16.96358938036111,2,6.33421454518226,215,1.8472614735818738,9,4.962851069643648,False,,,1522,183
all|q2_dark|r200|Z14|perzone_concat|ovp_pass_reach|sameday,all,q2_dark,200.0,Z14,perzone_concat,ovp_pass_reach,sameday,95,578,1273,2.2415487130626133,7.515394017567951,57.89473684210527,41,30,24,0.3226562182230275,6.879552886716212,24,30,-1.2583509636423074,9.223554134549756,24,30,-1.2583509636423074,9.223554134549756,24,30,-1.2583509636423074,9.223554134549756,-1.1885248831708495,4.890075962345626,78.04878048780488,2,8.018949609555381,1,-8.002566554520385,95,2.2415487130626133,6,3.5849776438485748,False,,,1603,63
latest|q2_dark|r200|Z14|perzone_concat|ovp_pass_reach|sameday,latest,q2_dark,200.0,Z14,perzone_concat,ovp_pass_reach,sameday,95,578,1273,2.2415487130626133,7.666152542568456,57.89473684210527,41,30,24,0.5933752232273548,6.478184889896796,24,30,-1.1732987865026523,9.097455776722505,24,30,-1.1732987865026523,9.097455776722505,24,30,-1.1732987865026523,9.097455776722505,-1.1885248831708495,4.890075962345626,78.04878048780488,2,7.860996155520006,1,-8.318473462591136,95,2.2415487130626133,6,3.5849776438485748,False,,,1603,63
all|q2_dark|r200|Z14|perzone_concat|ovp_pass_reach|cal1,all,q2_dark,200.0,Z14,perzone_concat,ovp_pass_reach,cal1,299,374,1273,2.1151010931889758,8.480958257189478,62.54180602006689,104,119,76,2.7402347007603467,6.912930483083716,107,88,2.7402347007603467,7.596284383803003,103,92,2.7402347007603467,7.894816534538434,103,92,2.7402347007603467,7.894816534538434,0.9238527846774147,4.348067021504995,84.61538461538461,4,16.96358938036111,2,6.492167999217635,299,2.1151010931889758,13,6.606420518007816,False,,,1603,267
latest|q2_dark|r200|Z14|perzone_concat|ovp_pass_reach|cal1,latest,q2_dark,200.0,Z14,perzone_concat,ovp_pass_reach,cal1,299,374,1273,2.1151010931889758,8.480958257189478,62.54180602006689,104,119,76,2.7402347007603467,6.9268006972077965,107,88,2.7402347007603467,7.596284383803003,103,92,2.7402347007603467,7.894816534538434,103,92,2.7402347007603467,7.894816534538434,0.9238527846774147,4.348067021504995,84.61538461538461,4,16.96358938036111,2,6.33421454518226,299,2.1151010931889758,13,6.606420518007816,False,,,1603,267
all|q2_dark|r500|Z14|perzone_concat|ovp_pass_reach|h24,all,q2_dark,500.0,Z14,perzone_concat,ovp_pass_reach,h24,219,355,1385,1.9357740357300202,6.988045312357364,65.29680365296804,73,94,52,3.103465053241994,7.492210216411664,88,58,3.370432365028364,7.558132398065764,88,58,3.370432365028364,7.558132398065764,88,58,3.370432365028364,7.558132398065764,1.700472942421527,2.8656566472789,87.67123287671232,5,16.606970920636144,4,12.579151992424364,219,1.9357740357300202,14,4.220869527547233,False,,,1616,187
latest|q2_dark|r500|Z14|perzone_concat|ovp_pass_reach|h24,latest,q2_dark,500.0,Z14,perzone_concat,ovp_pass_reach,h24,219,355,1385,1.9357740357300202,6.988045312357364,65.29680365296804,73,94,52,3.103465053241994,7.492210216411664,88,58,3.370432365028364,7.558132398065764,88,58,3.370432365028364,7.558132398065764,88,58,3.370432365028364,7.558132398065764,1.700472942421527,2.8656566472789,87.67123287671232,5,16.606970920636144,4,12.579151992424364,219,1.9357740357300202,14,4.220869527547233,False,,,1616,187
all|q1_dark|r200|Z1234|perzone_concat|ovp_pass_reach|h24,all,q1_dark,200.0,Z1234,perzone_concat,ovp_pass_reach,h24,223,322,1477,2.1097861665698936,7.847633479874483,69.95515695067265,69,86,68,2.7402347007603467,6.702765096339566,81,73,2.7402347007603467,6.912930483083716,81,73,2.7402347007603467,6.912930483083716,81,73,2.7402347007603467,6.912930483083716,2.1097861665698936,3.329048562701377,98.55072463768117,4,16.96358938036111,2,6.492167999217635,187,2.1151010931889758,7,3.5849776438485748,False,,,1679,191
latest|q1_dark|r200|Z1234|perzone_concat|ovp_pass_reach|h24,latest,q1_dark,200.0,Z1234,perzone_concat,ovp_pass_reach,h24,223,322,1477,2.1097861665698936,7.847633479874483,69.95515695067265,69,86,68,2.7402347007603467,6.817137514356205,81,73,2.7402347007603467,6.9268006972077965,81,73,2.7402347007603467,6.9268006972077965,81,73,2.7402347007603467,6.9268006972077965,2.1097861665698936,3.329048562701377,98.55072463768117,4,16.96358938036111,2,6.33421454518226,187,2.1151010931889758,7,3.5849776438485748,False,,,1679,191
all|q2_dark|r500|Z14|perzone_concat|ovp_pass_reach|sameday,all,q2_dark,500.0,Z14,perzone_concat,ovp_pass_reach,sameday,98,611,1332,1.700472942421527,6.427711295911442,57.14285714285714,41,31,26,0.1835354489617913,5.146334525706053,25,32,-0.4105515942022464,6.578607754530874,25,32,-0.4105515942022464,6.578607754530874,25,32,-0.4105515942022464,6.578607754530874,-0.06316820187013406,2.9636317614659884,78.04878048780488,2,8.239860179611558,2,8.239860179611558,98,1.700472942421527,8,-4.964025594870636,False,,,1698,66
latest|q2_dark|r500|Z14|perzone_concat|ovp_pass_reach|sameday,latest,q2_dark,500.0,Z14,perzone_concat,ovp_pass_reach,sameday,98,611,1332,1.700472942421527,6.639187911418191,57.14285714285714,41,31,26,0.1835354489617913,5.146334525706053,25,32,-0.4105515942022464,6.866544955105777,25,32,-0.4105515942022464,6.866544955105777,25,32,-0.4105515942022464,6.866544955105777,-0.06316820187013406,2.9636317614659884,78.04878048780488,2,8.08335640354887,2,8.08335640354887,98,1.700472942421527,8,-4.964025594870636,False,,,1698,66
all|q2_dark|r500|Z14|perzone_concat|ovp_pass_reach|cal1,all,q2_dark,500.0,Z14,perzone_concat,ovp_pass_reach,cal1,309,400,1332,1.9357740357300202,8.586341065046946,61.48867313915858,110,121,78,2.8364977414556236,8.012201324164229,109,90,2.8364977414556236,8.06892080330325,105,94,2.8364977414556236,8.20076516661145,105,94,2.8364977414556236,8.20076516661145,1.028259454901459,3.8622803638761525,83.63636363636363,5,16.606970920636144,4,12.579151992424364,309,1.9357740357300202,20,6.747115095743217,False,,,1698,277
latest|q2_dark|r500|Z14|perzone_concat|ovp_pass_reach|cal1,latest,q2_dark,500.0,Z14,perzone_concat,ovp_pass_reach,cal1,309,400,1332,1.9357740357300202,8.586341065046946,61.48867313915858,110,121,78,2.8364977414556236,8.012201324164229,109,90,2.8364977414556236,8.06892080330325,105,94,2.8364977414556236,8.20076516661145,105,94,2.8364977414556236,8.20076516661145,1.028259454901459,3.8622803638761525,83.63636363636363,5,16.606970920636144,4,12.579151992424364,309,1.9357740357300202,20,6.747115095743217,False,,,1698,277
all|q1_nodark|r200|Z1234|perzone_concat|ovp_pass_reach|h24,all,q1_nodark,200.0,Z1234,perzone_concat,ovp_pass_reach,h24,230,337,1528,1.8472614735818738,7.764636445719315,70.0,71,90,69,2.5582261383203075,7.06840395974068,85,74,1.7005919191761976,7.682843921535075,85,74,1.7005919191761976,7.682843921535075,85,74,1.7005919191761976,7.682843921535075,2.1097861665698936,3.329048562701377,98.59154929577466,4,16.96358938036111,2,6.492167999217635,193,2.1097861665698936,9,3.5849776438485748,False,,,1752,198
latest|q1_nodark|r200|Z1234|perzone_concat|ovp_pass_reach|h24,latest,q1_nodark,200.0,Z1234,perzone_concat,ovp_pass_reach,h24,230,337,1528,1.8472614735818738,7.8575691068202405,70.0,71,90,69,2.5582261383203075,7.182776377757319,85,74,1.7005919191761976,7.684129227640196,85,74,1.7005919191761976,7.684129227640196,85,74,1.7005919191761976,7.684129227640196,2.1097861665698936,3.329048562701377,98.59154929577466,4,16.96358938036111,2,6.33421454518226,193,2.1097861665698936,9,3.5849776438485748,False,,,1752,198
all|q1_dark|r200|Z1234|perzone_concat|ovp_pass_reach|sameday,all,q1_dark,200.0,Z1234,perzone_concat,ovp_pass_reach,sameday,96,588,1427,2.1097861665698936,7.320042866137845,69.79166666666666,35,27,34,2.5582261383203075,6.412600734337139,22,39,-0.7832428475433417,7.497741271079543,22,39,-0.7832428475433417,7.497741271079543,22,39,-0.7832428475433417,7.497741271079543,-0.7626235018652672,3.0614082917158765,100.0,2,8.018949609555381,1,-8.002566554520385,77,2.827762533353706,6,3.5849776438485748,False,,,1768,64
latest|q1_dark|r200|Z1234|perzone_concat|ovp_pass_reach|sameday,latest,q1_dark,200.0,Z1234,perzone_concat,ovp_pass_reach,sameday,96,588,1427,2.1097861665698936,7.590773280068204,69.79166666666666,35,27,34,2.5582261383203075,6.4514986509550925,22,39,-0.24353688072773494,6.738297051729648,22,39,-0.24353688072773494,6.738297051729648,22,39,-0.24353688072773494,6.738297051729648,-0.7626235018652672,3.0614082917158765,100.0,2,7.860996155520006,1,-8.318473462591136,77,2.827762533353706,6,3.5849776438485748,False,,,1768,64
all|q1_dark|r200|Z1234|perzone_concat|ovp_pass_reach|cal1,all,q1_dark,200.0,Z1234,perzone_concat,ovp_pass_reach,cal1,296,388,1427,1.163963395651102,8.129225129222363,68.91891891891892,98,118,80,1.8391193518298543,7.607053182945863,107,91,1.3640601943350816,7.803412569387214,103,95,1.3640601943350816,7.89279981510979,103,95,1.3640601943350816,7.89279981510979,1.280457534399826,4.021447341845748,92.85714285714286,4,16.96358938036111,2,6.492167999217635,243,1.3923625212667545,11,4.962851069643648,False,,,1768,264
latest|q1_dark|r200|Z1234|perzone_concat|ovp_pass_reach|cal1,latest,q1_dark,200.0,Z1234,perzone_concat,ovp_pass_reach,cal1,296,388,1427,1.163963395651102,8.18946332883866,68.91891891891892,98,118,80,1.8391193518298543,7.633342728927355,107,91,1.3640601943350816,7.89279981510979,103,95,1.3640601943350816,8.141026751726816,103,95,1.3640601943350816,8.141026751726816,1.280457534399826,4.021447341845748,92.85714285714286,4,16.96358938036111,2,6.33421454518226,243,1.3923625212667545,11,4.962851069643648,False,,,1768,264
all|q1_dark|r500|Z1234|perzone_concat|ovp_pass_reach|h24,all,q1_dark,500.0,Z1234,perzone_concat,ovp_pass_reach,h24,231,356,1579,2.2025856220158957,8.41081858833303,67.09956709956711,69,91,71,3.8829911881247625,8.896718642447109,86,76,3.8996814306880623,9.99968520751521,86,76,3.8996814306880623,9.99968520751521,86,76,3.8996814306880623,9.99968520751521,1.8729245446685638,3.261672467452433,100.0,5,16.606970920636144,4,12.579151992424364,190,2.324792682183663,8,3.9377800296365617,False,,,1823,199
latest|q1_dark|r500|Z1234|perzone_concat|ovp_pass_reach|h24,latest,q1_dark,500.0,Z1234,perzone_concat,ovp_pass_reach,h24,231,356,1579,2.2025856220158957,8.41081858833303,67.09956709956711,69,91,71,3.8829911881247625,8.896718642447109,86,76,3.8996814306880623,9.99968520751521,86,76,3.8996814306880623,9.99968520751521,86,76,3.8996814306880623,9.99968520751521,1.8729245446685638,3.261672467452433,100.0,5,16.606970920636144,4,12.579151992424364,190,2.324792682183663,8,3.9377800296365617,False,,,1823,199
all|q1_nodark|r200|Z1234|perzone_concat|ovp_pass_reach|sameday,all,q1_nodark,200.0,Z1234,perzone_concat,ovp_pass_reach,sameday,101,612,1476,1.3175852353263906,7.1149982120593505,70.29702970297029,35,31,35,1.2566299844143813,6.796033538778666,26,40,-0.7832428475433417,5.716879481187761,26,40,-0.7832428475433417,5.716879481187761,26,40,-0.7832428475433417,5.716879481187761,0.4564349204063234,2.6466097089922154,100.0,2,8.018949609555381,1,-8.002566554520385,81,2.5582261383203075,8,0.051781165724218425,False,,,1846,69
latest|q1_nodark|r200|Z1234|perzone_concat|ovp_pass_reach|sameday,latest,q1_nodark,200.0,Z1234,perzone_concat,ovp_pass_reach,sameday,101,612,1476,1.3175852353263906,7.135360675902158,70.29702970297029,35,31,35,1.2566299844143813,6.796033538778666,26,40,-0.24353688072773494,5.676155634136836,26,40,-0.24353688072773494,5.676155634136836,26,40,-0.24353688072773494,5.676155634136836,0.4564349204063234,2.6466097089922154,100.0,2,7.860996155520006,1,-8.318473462591136,81,2.5582261383203075,8,0.051781165724218425,False,,,1846,69
all|q1_nodark|r200|Z1234|perzone_concat|ovp_pass_reach|cal1,all,q1_nodark,200.0,Z1234,perzone_concat,ovp_pass_reach,cal1,310,403,1476,1.287107609870386,8.192642681489186,67.41935483870968,106,123,81,1.2566299844143813,7.488521477254277,112,92,1.1628291602460372,7.735136099876332,108,96,1.1628291602460372,7.735136099876332,108,96,1.1628291602460372,7.735136099876332,1.5644560360630777,4.212169552273457,87.73584905660378,4,16.96358938036111,2,6.492167999217635,255,1.4444654718438699,11,3.5849776438485748,False,,,1846,278
latest|q1_nodark|r200|Z1234|perzone_concat|ovp_pass_reach|cal1,latest,q1_nodark,200.0,Z1234,perzone_concat,ovp_pass_reach,cal1,310,403,1476,1.287107609870386,8.244901873053088,67.41935483870968,106,123,81,1.2566299844143813,7.644136540158783,112,92,1.1628291602460372,7.922630653175256,108,96,1.1628291602460372,7.922630653175256,108,96,1.1628291602460372,7.922630653175256,1.5644560360630777,4.212169552273457,87.73584905660378,4,16.96358938036111,2,6.33421454518226,255,1.4444654718438699,11,3.5849776438485748,False,,,1846,278
all|q1_nodark|r500|Z1234|perzone_concat|ovp_pass_reach|h24,all,q1_nodark,500.0,Z1234,perzone_concat,ovp_pass_reach,h24,240,367,1617,2.324792682183663,8.411705784808092,65.83333333333333,73,96,71,3.7688408599253265,9.065957919035593,91,76,3.8829911881247625,9.473611836439737,91,76,3.8829911881247625,9.473611836439737,91,76,3.8829911881247625,9.473611836439737,2.051931316271194,3.5833743940453555,94.52054794520548,5,16.606970920636144,4,12.579151992424364,198,2.372873315822943,10,3.6546905317258904,False,,,1881,208
latest|q1_nodark|r500|Z1234|perzone_concat|ovp_pass_reach|h24,latest,q1_nodark,500.0,Z1234,perzone_concat,ovp_pass_reach,h24,240,367,1617,2.324792682183663,8.411705784808092,65.83333333333333,73,96,71,3.7688408599253265,9.065957919035593,91,76,3.8829911881247625,9.473611836439737,91,76,3.8829911881247625,9.473611836439737,91,76,3.8829911881247625,9.473611836439737,2.051931316271194,3.5833743940453555,94.52054794520548,5,16.606970920636144,4,12.579151992424364,198,2.372873315822943,10,3.6546905317258904,False,,,1881,208
all|q1_dark|r500|Z1234|perzone_concat|ovp_pass_reach|sameday,all,q1_dark,500.0,Z1234,perzone_concat,ovp_pass_reach,sameday,100,640,1521,1.7177917093175843,8.673407325450805,66.0,35,28,37,2.481153856150975,6.241737454564818,23,42,2.5789194275592564,9.122015744910811,23,42,2.5789194275592564,9.122015744910811,23,42,2.5789194275592564,9.122015744910811,0.22865253377215566,2.7031931229330737,100.0,2,8.239860179611558,2,8.239860179611558,79,2.3833882847426935,6,3.6546905317258904,False,,,1918,68
latest|q1_dark|r500|Z1234|perzone_concat|ovp_pass_reach|sameday,latest,q1_dark,500.0,Z1234,perzone_concat,ovp_pass_reach,sameday,100,640,1521,1.7177917093175843,8.673407325450805,66.0,35,28,37,2.481153856150975,7.264001282177322,23,42,2.5789194275592564,9.122015744910811,23,42,2.5789194275592564,9.122015744910811,23,42,2.5789194275592564,9.122015744910811,0.22865253377215566,2.7031931229330737,100.0,2,8.08335640354887,2,8.08335640354887,79,2.3833882847426935,6,3.6546905317258904,False,,,1918,68
all|q1_dark|r500|Z1234|perzone_concat|ovp_pass_reach|cal1,all,q1_dark,500.0,Z1234,perzone_concat,ovp_pass_reach,cal1,318,422,1521,1.4711842487058036,7.9121563250348235,67.9245283018868,106,127,85,2.8364977414556236,9.170359705684701,116,96,2.8364977414556236,9.2287809874168,112,100,2.8364977414556236,9.395551811121232,112,100,2.8364977414556236,9.395551811121232,1.1899237366877813,3.950478796498914,94.33962264150944,5,16.606970920636144,4,12.579151992424364,256,1.8040175104411027,14,6.411622472371903,False,,,1918,286
latest|q1_dark|r500|Z1234|perzone_concat|ovp_pass_reach|cal1,latest,q1_dark,500.0,Z1234,perzone_concat,ovp_pass_reach,cal1,318,422,1521,1.4711842487058036,7.9121563250348235,67.9245283018868,106,127,85,2.8364977414556236,9.170359705684701,116,96,2.8364977414556236,9.2287809874168,112,100,2.8364977414556236,9.395551811121232,112,100,2.8364977414556236,9.395551811121232,1.1899237366877813,3.950478796498914,94.33962264150944,5,16.606970920636144,4,12.579151992424364,256,1.8040175104411027,14,6.411622472371903,False,,,1918,286
all|q2_dark|r200|Z1234|perzone_concat|ovp_pass_reach|h24,all,q2_dark,200.0,Z1234,perzone_concat,ovp_pass_reach,h24,256,428,1625,1.6844466002822855,8.108388233662653,67.96875,80,108,68,2.5582261383203075,6.747468501509577,102,74,1.3848101276269453,6.989484999637447,102,74,1.3848101276269453,6.989484999637447,102,74,1.3848101276269453,6.989484999637447,1.6844466002822855,4.259467521367618,87.5,4,16.96358938036111,2,6.492167999217635,220,1.7090028230456689,9,4.962851069643648,False,,,1966,224
latest|q2_dark|r200|Z1234|perzone_concat|ovp_pass_reach|h24,latest,q2_dark,200.0,Z1234,perzone_concat,ovp_pass_reach,h24,256,428,1625,1.6844466002822855,8.183657557085155,67.96875,80,108,68,2.5582261383203075,6.954031541724039,102,74,1.3848101276269453,7.331850104644129,102,74,1.3848101276269453,7.331850104644129,102,74,1.3848101276269453,7.331850104644129,1.6844466002822855,4.259467521367618,87.5,4,16.96358938036111,2,6.33421454518226,220,1.7090028230456689,9,4.962851069643648,False,,,1966,224
all|q1_nodark|r500|Z1234|perzone_concat|ovp_pass_reach|sameday,all,q1_nodark,500.0,Z1234,perzone_concat,ovp_pass_reach,sameday,107,654,1563,1.700472942421527,8.463894857278778,65.42056074766354,37,33,37,1.7351104762136416,7.870984593645804,28,42,0.8929577436770586,6.891887526754855,28,42,0.8929577436770586,6.891887526754855,28,42,0.8929577436770586,6.891887526754855,1.028259454901459,3.3869846634566847,94.5945945945946,2,8.239860179611558,2,8.239860179611558,85,2.362358346903193,8,-0.17682769813429644,False,,,1981,75
latest|q1_nodark|r500|Z1234|perzone_concat|ovp_pass_reach|sameday,latest,q1_nodark,500.0,Z1234,perzone_concat,ovp_pass_reach,sameday,107,654,1563,1.700472942421527,8.463894857278778,65.42056074766354,37,33,37,1.7351104762136416,7.870984593645804,28,42,0.8929577436770586,7.214019462371437,28,42,0.8929577436770586,7.214019462371437,28,42,0.8929577436770586,7.214019462371437,1.028259454901459,3.3869846634566847,94.5945945945946,2,8.08335640354887,2,8.08335640354887,85,2.362358346903193,8,-0.17682769813429644,False,,,1981,75
all|q1_nodark|r500|Z1234|perzone_concat|ovp_pass_reach|cal1,all,q1_nodark,500.0,Z1234,perzone_concat,ovp_pass_reach,cal1,334,427,1563,1.700472942421527,8.333030961497514,65.5688622754491,114,135,85,2.8364977414556236,9.170359705684701,124,96,3.192788444517536,9.112925418021309,120,100,3.192788444517536,9.698596302044292,120,100,3.192788444517536,9.698596302044292,1.5117020938532733,4.582677959964218,87.71929824561403,5,16.606970920636144,4,12.579151992424364,270,2.093794815793082,18,6.411622472371903,False,,,1981,302
latest|q1_nodark|r500|Z1234|perzone_concat|ovp_pass_reach|cal1,latest,q1_nodark,500.0,Z1234,perzone_concat,ovp_pass_reach,cal1,334,427,1563,1.700472942421527,8.333030961497514,65.5688622754491,114,135,85,2.8364977414556236,9.170359705684701,124,96,3.192788444517536,9.112925418021309,120,100,3.192788444517536,9.698596302044292,120,100,3.192788444517536,9.698596302044292,1.5117020938532733,4.582677959964218,87.71929824561403,5,16.606970920636144,4,12.579151992424364,270,2.093794815793082,18,6.411622472371903,False,,,1981,302
all|q2_dark|r200|Z1234|perzone_concat|ovp_pass_reach|sameday,all,q2_dark,200.0,Z1234,perzone_concat,ovp_pass_reach,sameday,119,710,1586,0.4564349204063234,7.026886453076332,64.70588235294117,46,39,34,-1.0882466093629972,6.928522277811476,33,40,-1.2583509636423074,7.180718993465981,33,40,-1.2583509636423074,7.180718993465981,33,40,-1.2583509636423074,7.180718993465981,-1.2577325519621319,4.99268325209558,80.43478260869566,2,8.018949609555381,1,-8.002566554520385,100,2.1097861665698936,6,3.5849776438485748,False,,,2072,87
latest|q2_dark|r200|Z1234|perzone_concat|ovp_pass_reach|sameday,latest,q2_dark,200.0,Z1234,perzone_concat,ovp_pass_reach,sameday,119,710,1586,0.4564349204063234,7.026886453076332,64.70588235294117,46,39,34,-0.5468085993543426,6.125786284172645,33,40,-1.0882466093629972,6.928522277811476,33,40,-1.0882466093629972,6.928522277811476,33,40,-1.0882466093629972,6.928522277811476,-1.2577325519621319,4.99268325209558,80.43478260869566,2,7.860996155520006,1,-8.318473462591136,100,2.1097861665698936,6,3.5849776438485748,False,,,2072,87
all|q2_dark|r200|Z1234|perzone_concat|ovp_pass_reach|cal1,all,q2_dark,200.0,Z1234,perzone_concat,ovp_pass_reach,cal1,361,468,1586,1.4444654718438699,8.76649279536118,62.32686980609419,112,147,102,1.7335590458090522,7.503128565202405,135,114,1.069028336077693,7.863510583852125,131,118,1.069028336077693,7.863510583852125,131,118,1.069028336077693,7.863510583852125,0.6883313255855228,4.639837338780979,84.82142857142857,4,16.96358938036111,2,6.492167999217635,307,1.8472614735818738,13,6.606420518007816,False,,,2072,329
latest|q2_dark|r200|Z1234|perzone_concat|ovp_pass_reach|cal1,latest,q2_dark,200.0,Z1234,perzone_concat,ovp_pass_reach,cal1,361,468,1586,1.4444654718438699,8.76649279536118,62.32686980609419,112,147,102,1.7335590458090522,7.763556892652304,135,114,1.069028336077693,7.863510583852125,131,118,1.069028336077693,7.863510583852125,131,118,1.069028336077693,7.863510583852125,0.6883313255855228,4.639837338780979,84.82142857142857,4,16.96358938036111,2,6.33421454518226,307,1.8472614735818738,13,6.606420518007816,False,,,2072,329
all|q2_dark|r500|Z1234|perzone_concat|ovp_pass_reach|h24,all,q2_dark,500.0,Z1234,perzone_concat,ovp_pass_reach,h24,265,460,1731,1.7335590458090522,8.850799046868715,66.0377358490566,80,114,71,2.8364977414556236,9.170359705684701,108,77,3.103465053241994,9.2287809874168,108,77,3.103465053241994,9.2287809874168,108,77,3.103465053241994,9.2287809874168,1.6706597003997459,3.3514791341719676,88.75,5,16.606970920636144,4,12.579151992424364,224,1.8040175104411027,14,4.220869527547233,False,,,2113,233
latest|q2_dark|r500|Z1234|perzone_concat|ovp_pass_reach|h24,latest,q2_dark,500.0,Z1234,perzone_concat,ovp_pass_reach,h24,265,460,1731,1.7335590458090522,8.850799046868715,66.0377358490566,80,114,71,2.8364977414556236,9.170359705684701,108,77,3.103465053241994,9.2287809874168,108,77,3.103465053241994,9.2287809874168,108,77,3.103465053241994,9.2287809874168,1.6706597003997459,3.3514791341719676,88.75,5,16.606970920636144,4,12.579151992424364,224,1.8040175104411027,14,4.220869527547233,False,,,2113,233
all|q2_dark|r500|Z1234|perzone_concat|ovp_pass_reach|sameday,all,q2_dark,500.0,Z1234,perzone_concat,ovp_pass_reach,sameday,124,760,1681,0.6284559943368073,7.666015601311902,62.903225806451616,46,41,37,0.11611514011917734,5.797771654225931,35,43,-0.4105515942022464,6.05440849687223,35,43,-0.4105515942022464,6.05440849687223,35,43,-0.4105515942022464,6.05440849687223,-0.3153592747307421,3.3375302460891256,80.43478260869566,2,8.239860179611558,2,8.239860179611558,103,1.6408464583779647,8,-4.964025594870636,False,,,2222,92
latest|q2_dark|r500|Z1234|perzone_concat|ovp_pass_reach|sameday,latest,q2_dark,500.0,Z1234,perzone_concat,ovp_pass_reach,sameday,124,760,1681,0.6284559943368073,7.812229509200533,62.903225806451616,46,41,37,0.11611514011917734,6.0096192570877305,35,43,-0.4105515942022464,6.05440849687223,35,43,-0.4105515942022464,6.05440849687223,35,43,-0.4105515942022464,6.05440849687223,-0.3153592747307421,3.3375302460891256,80.43478260869566,2,8.08335640354887,2,8.08335640354887,103,1.6408464583779647,8,-4.964025594870636,False,,,2222,92
all|q2_dark|r500|Z1234|perzone_concat|ovp_pass_reach|cal1,all,q2_dark,500.0,Z1234,perzone_concat,ovp_pass_reach,cal1,379,505,1681,1.4306664035583339,9.47269775910869,61.74142480211082,118,156,105,1.2722367583843042,7.8402700464160775,144,117,0.6097073607880255,7.544580292284639,140,121,0.46402699628114163,7.328594583866732,140,121,0.46402699628114163,7.328594583866732,0.6629755675062299,3.960162016941476,84.7457627118644,5,16.606970920636144,4,12.579151992424364,317,1.7351104762136416,20,6.747115095743217,False,,,2222,347
latest|q2_dark|r500|Z1234|perzone_concat|ovp_pass_reach|cal1,latest,q2_dark,500.0,Z1234,perzone_concat,ovp_pass_reach,cal1,379,505,1681,1.4306664035583339,9.47269775910869,61.74142480211082,118,156,105,1.2722367583843042,7.8402700464160775,144,117,0.6097073607880255,7.604334571867582,140,121,0.46402699628114163,7.388348863449677,140,121,0.46402699628114163,7.388348863449677,0.6629755675062299,3.960162016941476,84.7457627118644,5,16.606970920636144,4,12.579151992424364,317,1.7351104762136416,20,6.747115095743217,False,,,2222,347
